trade_date,index_code,index_name,stock_count,coverage,total_vol,top5_vol,vol_concentration_pct,total_amount,top5_amount,amount_concentration_pct
20230809,000001,上证指数,419,96.8,63608669.86,23394583.29,36.77892234107472,86079777.692,32633957.356,37.91129372193174
20230809,399001,深证成指,391,93.1,49386122.95,17245001.42,34.91871884225324,92438020.103,37988277.003,41.0959440289517
20230809,000300,沪深300,285,99.0,97125985.86,26055092.96,26.82607824187907,186412981.261,55710743.349,29.885656552532915
20230809,000016,上证50,49,98.0,25005945.33,6016732.84,24.06120928682364,49760125.817,11093000.14,22.29295034501339
20230809,399006,创业板,95,95.0,15532387.84,5828262.100000001,37.52328463618895,54547228.612,18375766.929,33.68781035551541
20230809,000688,科创50,47,94.0,2402399.11,724835.32,30.171311543651047,11952802.95,2954089.539,24.71461757846514
20230809,STAR,科创板,82,94.3,1419161.61,477963.11,33.67925869978966,6915963.542,1813890.346,26.22758687179904
20230809,000905,中证500,410,95.6,86717075.99,36908316.41,42.56176305374523,98526526.567,30478878.358,30.93469283855628
20230809,000852,中证1000,724,93.8,84873833.92,27021960.43,31.837798744275226,104013483.868,29255689.372,28.126823834809155
20230809,399330,深证100,98,98.0,32065209.19,10934083.46,34.09952324093975,80696821.635,22291822.991,27.62416479279469
20230810,000001,上证指数,419,96.8,62420980.01,24646844.21,39.484872243357145,84490162.426,33019901.308,39.08135617199245
20230810,399001,深证成指,391,93.1,44513689.97,18217635.3,40.92591585257878,80098358.78,34770762.366,43.41008092500643
20230810,000300,沪深300,285,99.0,100874142.84,28938023.21,28.68725561901389,185468653.718,54416168.72,29.339819764227272
20230810,000016,上证50,49,98.0,25362353.98,7237006.83,28.534444538180047,47077301.176,11049449.274,23.47086387278506
20230810,399006,创业板,95,95.0,14728173.05,6864289.399999999,46.60652327139786,51082987.861,21325080.372,41.7459535257156
20230810,000688,科创50,47,94.0,2573802.5,1028220.66,39.94947786397752,12223013.241,3525091.316,28.83978971875516
20230810,STAR,科创板,82,94.3,1093824.85,334819.34,30.609959172165446,5157125.982,1191125.4109999998,23.09669019444947
20230810,000905,中证500,410,95.6,101144145.28,55956051.14,55.3230747910276,96050768.922,36068216.471,37.55120013697125
20230810,000852,中证1000,724,93.8,74813834.86,27368042.43,36.58152597205335,88778680.338,26521411.833,29.873627014985065
20230810,399330,深证100,98,98.0,30043234.52,10125613.46,33.703473083962734,74798830.622,20920867.744,27.96951178251001
20230811,000001,上证指数,419,96.8,77964215.25,30545098.81,39.17835729129589,99958886.429,39883983.227,39.90038770122681
20230811,399001,深证成指,391,93.1,54186889.36,23120938.61,42.66887965535729,92080226.569,39285138.885,42.66403368975402
20230811,000300,沪深300,285,99.0,128133608.87,40279926.99,31.435879583214305,211829940.686,61550024.941,29.05633865622278
20230811,000016,上证50,49,98.0,38573863.16,12600074.34,32.66479763184809,63501869.917,15551883.318,24.49043364916192
20230811,399006,创业板,95,95.0,17381281.44,8939120.42,51.42958216779211,53375056.036,24954140.576,46.75243911532219
20230811,000688,科创50,47,94.0,3024635.37,893209.3300000001,29.53114080656936,12604152.592,3616571.886,28.69349493829105
20230811,STAR,科创板,82,94.3,1231298.13,462072.42,37.52725751317433,5133203.73,1056031.209,20.57255594256338
20230811,000905,中证500,410,95.6,106893997.65,51370168.05,48.05711188592636,102195996.232,33842732.615,33.115517107120326
20230811,000852,中证1000,724,93.8,89123549.14,31586529.11,35.44128282007958,99250685.408,28058401.549,28.270234541612925
20230811,399330,深证100,98,98.0,38574048.28,14069528.92,36.47407919923928,84472705.62900001,25051397.087,29.65620303086361
20230814,000001,上证指数,419,96.8,72147039.21,26552253.11,36.80296988032145,92787479.598,35132094.591,37.862968951424406
20230814,399001,深证成指,391,93.1,52100056.52,20785193.08,39.89476109689256,92034119.731,40759543.724,44.28742714455593
20230814,000300,沪深300,285,99.0,121913831.52,35087249.54,28.78036815227477,213731267.854,62252844.845,29.12669047915112
20230814,000016,上证50,49,98.0,35159735.49,10693931.08,30.41527739320316,58328347.713,11846452.967,20.309940931791058
20230814,399006,创业板,94,94.0,16024341.66,7464903.42,46.58477445369197,54121406.341,24378206.608,45.04355717292612
20230814,000688,科创50,47,94.0,2996591.92,1130509.85,37.72651999942655,12217530.173,3800644.273,31.10812266622589
20230814,STAR,科创板,82,94.3,1511938.82,659762.0800000001,43.63682387624653,5750764.268,1174784.829,20.42832524951621
20230814,000905,中证500,409,95.3,95208413.43,43134014.95,45.3048353565028,96388509.293,29996320.453,31.1202244676466
20230814,000852,中证1000,724,93.8,80820114.68,24791211.5,30.674556201953656,93950145.284,24669876.7,26.258476371085887
20230814,399330,深证100,98,98.0,38269902.25,12464277.84,32.56940077499152,93988230.392,26909809.445,28.63104170891006
20230815,000001,上证指数,420,97.0,66730109.04,26531972.05,39.76012092846417,87985699.12,34914860.446,39.682426570687454
20230815,399001,深证成指,391,93.1,47581862.57,18792769.54,39.49565764129775,85128841.341,37951260.231,44.58096648934631
20230815,000300,沪深300,285,99.0,109250019.83,32443530.13,29.696589694431363,190898132.191,57405471.671,30.071258954783225
20230815,000016,上证50,49,98.0,30479929.4,8226983.03,26.99147666004765,51557535.549,9831659.552,19.069296946236005
20230815,399006,创业板,94,94.0,17445861.63,8299702.87,47.57404962863964,55167977.662,23517493.221,42.62888403320787
20230815,000688,科创50,47,94.0,3738697.05,1844676.13,49.34008038977109,13512751.348,3454611.327,25.565565724047097
20230815,STAR,科创板,83,95.4,3278765.7,2356450.83,71.87005860162562,8936609.132,4062972.204,45.46436063149953
20230815,000905,中证500,409,95.3,86313055.27,39673231.38,45.96434601451225,92783700.898,29990461.246,32.322984485140815
20230815,000852,中证1000,725,93.9,78561288.18,26147698.56,33.283184588432746,92766028.227,26229691.385,28.275104460455623
20230815,399330,深证100,98,98.0,33273082.28,11787733.5,35.42723634920185,81953605.66,25550608.462,31.17691803335844
20230816,000001,上证指数,420,97.0,62393871.82,24376293.55,39.06840982768811,80187686.561,30683181.934,38.26420645102267
20230816,399001,深证成指,391,93.1,47045894.48,19708901.69,41.892925850051775,80317711.922,33766538.418,42.04121059971447
20230816,000300,沪深300,285,99.0,100809294.44,27993889.94,27.76915570682969,185240811.328,53975919.886,29.138244158532945
20230816,000016,上证50,49,98.0,27165529.29,7010471.82,25.806498173332663,49082991.649,8611558.372000001,17.544893012191626
20230816,399006,创业板,95,95.0,15791489.7,6886531.55,43.609131759114526,51692413.708,20042842.779,38.77327704645012
20230816,000688,科创50,47,94.0,2883538.93,962011.08,33.362167231083646,13521187.525,3926899.985,29.042567287372933
20230816,STAR,科创板,83,95.4,2257779.6,1401060.15,62.05477939476466,7305552.383,2593507.605,35.500499743661884
20230816,000905,中证500,410,95.6,99482434.71,54336146.59,54.61883472031482,102359360.754,40594914.96,39.6592110980076
20230816,000852,中证1000,725,93.9,74935659.52,26359018.43,35.175534049933724,86700167.514,24732957.657,28.52700100378264
20230816,399330,深证100,98,98.0,31350332.99,9770769.68,31.16639840194565,77433282.801,23758693.323,30.68279228721163
20230817,000001,上证指数,420,97.0,64855957.06,23015033.66,35.486383523271684,85741536.139,32064053.186,37.396172998369565
20230817,399001,深证成指,391,93.1,48788893.08,18933874.18,38.807755176887895,81788415.409,31023985.714,37.93200486750856
20230817,000300,沪深300,285,99.0,104655677.58,27238996.29,26.02725138268605,189212608.718,54506510.894,28.807018339478525
20230817,000016,上证50,49,98.0,27894165.94,6675827.119999999,23.93270024405684,51144860.799,9166339.024,17.92230711121463
20230817,399006,创业板,95,95.0,15715544.59,7091099.48,45.121563808308345,52639748.859,22141373.139,42.06207973808449
20230817,000688,科创50,47,94.0,2878922.52,858840.2999999999,29.832004648739208,13389656.386,3734799.561,27.89316957308213
20230817,STAR,科创板,83,95.4,2107410.39,1178115.31,55.90345931624642,7249187.123,2226598.168,30.71514268041885
20230817,000905,中证500,410,95.6,104608648.44,55826033.09,53.36655613328178,108153331.443,42037723.709,38.86863506479698
20230817,000852,中证1000,725,93.9,80123627.31,25104800.39,31.33258095376661,94884548.082,25708196.943,27.09418705433762
20230817,399330,深证100,98,98.0,32740365.23,10200487.72,31.155693127861912,80348981.753,22873224.236,28.46734798247269
20230818,000001,上证指数,420,97.0,68414122.85,24631364.63,36.003333235748705,88741359.24,34186847.72,38.52414253374468
20230818,399001,深证成指,391,93.1,47741757.8,17545797.8,36.75147000976156,83814883.456,34590686.459,41.270338909626894
20230818,000300,沪深300,285,99.0,103359614.45,27769647.51,26.86701924902546,182126049.49,51454543.875,28.25216053337017
20230818,000016,上证50,49,98.0,28096521.01,7568340.27,26.936930260178144,49267556.678,10057867.775,20.41478906846471
20230818,399006,创业板,95,95.0,15687207.33,6684442.15,42.610784758462174,50579602.011,19227916.999,38.015160725895655
20230818,000688,科创50,47,94.0,2942252.31,834752.25,28.371198729724167,12604275.28,2815627.845,22.338673049038647
20230818,STAR,科创板,83,95.4,2581667.27,1609041.01,62.32565399490849,7695158.172,2743412.751,35.651154786945426
20230818,000905,中证500,410,95.6,90278022.6,40214954.5,44.54567495145823,96456420.449,31791833.733,32.95979011558851
20230818,000852,中证1000,725,93.9,85214372.99,27441283.0,32.20264614658406,98125350.65,27104058.264,27.621871498504547
20230818,399330,深证100,98,98.0,30599755.82,8939806.54,29.215287182641315,79007852.61,21632920.645,27.380722207177072
20230821,000001,上证指数,420,97.0,65489002.27,24555467.66,37.495559267740845,86540608.806,37376507.188,43.18955887147472
20230821,399001,深证成指,391,93.1,48461541.27,18672962.16,38.53150698605505,80926262.823,34510044.834,42.643813800569966
20230821,000300,沪深300,285,99.0,103113846.1,28789137.94,27.919759594730127,177648845.563,49056862.871,27.61451261646553
20230821,000016,上证50,49,98.0,30361437.04,8072735.06,26.588777894025533,52965667.261,11412222.819,21.54645340870296
20230821,399006,创业板,95,95.0,15166899.42,6936721.89,45.73592596554583,47395249.076,18700458.068,39.456397914510674
20230821,000688,科创50,47,94.0,2755122.26,998990.62,36.25939343976699,11107719.219,2338803.179,21.05565627729791
20230821,STAR,科创板,83,95.4,1837475.9,1066299.06,58.03064192569819,5808577.816,1757729.4640000002,30.26092650697133
20230821,000905,中证500,410,95.6,82180618.56,33127755.23,40.31091005455679,85672336.046,24721138.189,28.85545011370589
20230821,000852,中证1000,725,93.9,72636545.8,20915774.17,28.795111248255417,83482619.546,21592598.823,25.86478352072098
20230821,399330,深证100,98,98.0,30463248.99,9445578.07,31.00646970748474,73872544.015,19198883.016,25.989199738541046
20230822,000001,上证指数,420,97.0,73881313.6,28083615.63,38.011797925043936,99506783.476,41164025.423,41.36805952825149
20230822,399001,深证成指,391,93.1,55664634.05,20063078.55,36.0427745415134,97031099.123,40053437.865,41.27896955410849
20230822,000300,沪深300,285,99.0,126447780.39,41792735.2,33.05137905236424,216526216.846,60363137.261,27.877980846971568
20230822,000016,上证50,49,98.0,42841053.27,15846534.14,36.98913292380872,64628590.754,15826196.575,24.487918412518507
20230822,399006,创业板,95,95.0,16359577.29,6268032.48,38.31414692989296,54556964.432,20167696.67,36.966310131013785
20230822,000688,科创50,47,94.0,3530112.94,1010580.03,28.627413546717857,15596187.016,3944922.043,25.294144260728192
20230822,STAR,科创板,83,95.4,1961195.21,957104.53,48.80210420256941,7201069.3610000005,1909727.773,26.520058025587456
20230822,000905,中证500,410,95.6,94514649.6,39063700.49,41.33084199679454,105477565.003,33431306.606,31.69518238788423
20230822,000852,中证1000,725,93.9,87667701.94,23652169.32,26.97934221680364,102406863.008,24892936.767,24.307879409464352
20230822,399330,深证100,98,98.0,35716784.57,11446831.34,32.0488853568713,85496715.42999999,21569422.741,25.2283641921424
20230823,000001,上证指数,421,97.2,64133103.09,25696921.43,40.06810865511794,84955030.346,35797520.489,42.13702277923497
20230823,399001,深证成指,391,93.1,46313326.08,16938369.67,36.57342519675927,79650229.972,32673157.11,41.02079444276033
20230823,000300,沪深300,285,99.0,100596656.07,29659625.48,29.483709139756503,167441635.716,43561238.03,26.015774298744194
20230823,000016,上证50,49,98.0,31141557.39,9695466.48,31.133531180150143,46945843.479,9472654.31,20.17783387838658
20230823,399006,创业板,95,95.0,13858170.78,6055145.85,43.69368761668559,43177240.812,14506658.86,33.597929342368374
20230823,000688,科创50,47,94.0,2622809.26,812437.9299999999,30.975867837221223,11372604.903,2676950.76,23.53858929271201
20230823,STAR,科创板,83,95.4,1635573.4,765544.09,46.805853531244765,6125984.799,1866338.597,30.465935816632445
20230823,000905,中证500,410,95.6,85645792.46,38666776.16,45.14731552990059,91146075.261,33355402.646,36.59554462491735
20230823,000852,中证1000,725,93.9,80186667.16,25070584.05,31.26527755540152,94717892.488,27852241.078,29.40546959649536
20230823,399330,深证100,98,98.0,29715702.61,9054326.47,30.469838081341607,68539501.98,15698043.125,22.90364340490937
20230824,000001,上证指数,421,97.2,81259612.77,37550894.6,46.2110183890309,100598796.51,44165536.875,43.90264934293696
20230824,399001,深证成指,391,93.1,56291617.68,20549776.7,36.505926720420376,99115211.105,39949592.397,40.30621733194764
20230824,000300,沪深300,285,99.0,126641598.58,37989730.41,29.99782917774979,205266285.531,53379386.091,26.00494569915061
20230824,000016,上证50,49,98.0,34807636.26,10850431.87,31.17256164409252,54199499.898,12288369.367,22.672477403160407
20230824,399006,创业板,95,95.0,20764017.54,10760267.76,51.82170425001481,58290657.793,19697041.383,33.791077556454304
20230824,000688,科创50,47,94.0,3389812.02,1285004.28,37.90783301311203,13030388.581,2707213.144,20.77615051286704
20230824,STAR,科创板,83,95.4,1628258.41,641113.61,39.3741930680401,6459457.479,1554043.157,24.05841608296467
20230824,000905,中证500,410,95.6,91479735.52,38050702.41,41.59467907696461,103659658.007,36265672.548,34.985329148540146
20230824,000852,中证1000,725,93.9,89930215.01,28583976.27,31.78461907026636,107122710.226,32864688.382,30.67947806087465
20230824,399330,深证100,98,98.0,35248797.28,9440798.85,26.78332192445233,85296470.987,20162672.485,23.63834312450393
20230825,000001,上证指数,421,97.2,72149082.67,26978442.13,37.39263360200391,89937343.133,34177643.589,38.00161578984811
20230825,399001,深证成指,391,93.1,57914849.01,21286037.02,36.75402316308309,95519331.749,36185523.16,37.882931651036
20230825,000300,沪深300,285,99.0,110848679.94,31205798.76,28.151709859685315,188182076.756,49187508.953,26.13825386610933
20230825,000016,上证50,49,98.0,30894910.02,9176473.91,29.70221924601676,50120941.815,9160428.027,18.27664783477493
20230825,399006,创业板,95,95.0,19384812.03,8522883.58,43.966810546369786,55966960.635,18999924.982,33.94846667824595
20230825,000688,科创50,47,94.0,3167245.21,940810.03,29.704363496377344,13305164.043,3339007.122,25.09557275061701
20230825,STAR,科创板,83,95.4,1844165.79,767764.08,41.63205304876629,6658922.755,1472054.864,22.1065015793234
20230825,000905,中证500,410,95.6,86158043.16,32296711.57,37.48542838887754,94465280.114,27343386.424,28.945435181055096
20230825,000852,中证1000,725,93.9,93714771.55,28572028.72,30.48828722242134,104794717.305,28439142.697,27.13795449653176
20230825,399330,深证100,98,98.0,36146835.89,9874921.08,27.318908659255264,83725918.867,20953473.501,25.02626878814545
20230828,000001,上证指数,421,97.2,127818798.8,51838847.92,40.55651313161926,161635292.76,69386834.479,42.92802227421165
20230828,399001,深证成指,391,93.1,93386677.31,41038734.96,43.944956756273314,150441262.535,67557544.284,44.906259855591685
20230828,000300,沪深300,285,99.0,200982158.06,58974730.22,29.343266481591883,339842903.41,102907801.282,30.2809916727459
20230828,000016,上证50,49,98.0,56707074.15,14066299.98,24.80519439742599,99696243.072,25537161.394,25.614968635836384
20230828,399006,创业板,96,96.0,31933377.59,17404782.25,54.50341793926097,90497244.167,42384886.207,46.83555460405472
20230828,000688,科创50,47,94.0,4628749.55,1512535.16,32.67697125674039,18046885.331,3703841.7,20.52344009543704
20230828,STAR,科创板,83,95.4,2642258.97,1259635.22,47.6726632136289,8905268.57,2010104.132,22.572077598778133
20230828,000905,中证500,411,95.8,160422406.55,68339597.83,42.59978347145672,159871884.729,47036742.653,29.42152257273524
20230828,000852,中证1000,725,93.9,134923675.48,40630364.47,30.113591499382714,144250277.933,36400180.966,25.23404563761521
20230828,399330,深证100,98,98.0,61992652.16,23353316.87,37.67110464918686,138980250.177,44589146.996,32.08308154519289
20230829,000001,上证指数,421,97.2,104820815.96,38891895.43,37.10321759452941,130382973.315,48594831.842,37.27084189482077
20230829,399001,深证成指,391,93.1,83270274.5,34223435.72,41.09922289255813,136405800.922,55621262.298,40.776317372166254
20230829,000300,沪深300,285,99.0,156585001.35,43331629.53,27.6729119369133,269184239.375,73158308.948,27.177783185918
20230829,000016,上证50,49,98.0,42951774.42,11484881.84,26.739016012926804,71932630.084,14582826.045000002,20.272894273392712
20230829,399006,创业板,96,96.0,28136238.77,13568077.93,48.22278500304325,82199242.874,30815236.686,37.48846778702752
20230829,000688,科创50,47,94.0,5326783.25,1834718.6,34.44327493520597,20872338.377,4997158.025,23.941534171880583
20230829,STAR,科创板,83,95.4,3591616.89,1980173.22,55.13319712671248,10593017.278,2790531.671,26.34312394444487
20230829,000905,中证500,411,95.8,130443606.7,51322397.93,39.34451003645854,140770362.828,39159825.327,27.818231437569963
20230829,000852,中证1000,725,93.9,124663579.02,36441010.58,29.231481132234865,142993636.811,35988870.812,25.168162454367
20230829,399330,深证100,98,98.0,51853619.99,17004950.48,32.794143366035804,121598324.44,32455759.767,26.690959695760096
20230830,000001,上证指数,421,97.2,92692468.39,33605970.71,36.25534123075045,118278322.623,43378705.263,36.67511028311178
20230830,399001,深证成指,392,93.3,72585104.54,27484499.6,37.86520633149177,123346226.225,46728213.215,37.88378018940077
20230830,000300,沪深300,285,99.0,134193655.38,36691487.74,27.34219262162557,236790508.522,59469429.792,25.114786130236617
20230830,000016,上证50,49,98.0,36931047.79,9198788.33,24.90800797829192,64991820.608,12756879.907,19.628439067653574
20230830,399006,创业板,96,96.0,21997323.77,9758801.35,44.36358464346047,65013494.569,20839167.063,32.05360241154706
20230830,000688,科创50,47,94.0,6607980.89,2654485.92,40.170907939777656,26572050.351,8065843.323000001,30.35461402660053
20230830,STAR,科创板,83,95.4,4153855.74,2428569.04,58.46541603777506,12264258.21,3176068.858,25.89695033826265
20230830,000905,中证500,411,95.8,107122415.3,38748947.93,36.17258612166487,124209163.592,35618156.544,28.67594911193338
20230830,000852,中证1000,725,93.9,115959984.34,31291163.18,26.984449297830945,142123904.211,39247082.892,27.614695156230013
20230830,399330,深证100,98,98.0,44749099.06,14794780.12,33.06162678306221,101774813.032,23795285.815,23.380328694407225
20230831,000001,上证指数,421,97.2,83427820.07,30155779.09,36.14595115238279,102448875.849,35294077.018,34.450428787544865
20230831,399001,深证成指,392,93.3,58497485.79,22560169.72,38.56605017348729,98869650.061,38906060.824,39.35086328311668
20230831,000300,沪深300,285,99.0,120113629.84,31951186.78,26.600800277671468,198132615.152,43489955.815,21.94992267256762
20230831,000016,上证50,49,98.0,30574680.75,7280488.899999999,23.81215018900892,54971315.254,8945082.401999999,16.272272840241182
20230831,399006,创业板,96,96.0,17000236.24,6618270.38,38.930461239284526,48227496.887,13358387.656,27.698695802727485
20230831,000688,科创50,47,94.0,6344605.87,3009704.45,47.437216931490816,24343713.161,7414646.962,30.458159414557525
20230831,STAR,科创板,83,95.4,3714003.73,2258608.89,60.81331776153063,10685081.622,2880641.219,26.95946854602324
20230831,000905,中证500,411,95.8,94341981.35,35907608.81,38.06111372283576,103347083.846,27573959.212,26.68092623986239
20230831,000852,中证1000,725,93.9,95211709.57,27307525.54,28.680847831981644,115921952.012,35066972.657,30.25050221149652
20230831,399330,深证100,98,98.0,38769413.62,12855242.09,33.15820614673511,81444320.753,17673586.987,21.70020797472117
20230901,000001,上证指数,422,97.5,81948397.98,30865946.61,37.66510068632826,100073088.097,37160456.809,37.1333167744166
20230901,399001,深证成指,392,93.3,53417580.9,20350963.19,38.09787498257901,87982761.008,33478600.948,38.0513188770649
20230901,000300,沪深300,285,99.0,110169997.67,30702587.27,27.868374257359648,180101458.005,38989844.799,21.648822408710075
20230901,000016,上证50,49,98.0,32257757.7,7856790.390000001,24.356281868903743,54812862.758,8976541.258,16.376705770015384
20230901,399006,创业板,96,96.0,13374906.89,5075692.14,37.94936429647174,39899214.458,12415343.289,31.11676121360495
20230901,000688,科创50,47,94.0,4061282.02,1598216.43,39.352510417387855,18185464.469,5591012.795,30.744404711415346
20230901,STAR,科创板,83,95.4,2442087.06,1395116.61,57.12804563159186,7821996.914,2275077.726,29.08563824575296
20230901,000905,中证500,411,95.8,85052767.96,31534005.56,37.07581342306265,93262982.879,26353616.13,28.25731637191077
20230901,000852,中证1000,725,93.9,85716719.78,24017002.87,28.019041012817443,100686101.776,29581434.748,29.37985901352193
20230901,399330,深证100,98,98.0,33256683.94,10442032.64,31.39829773419076,71639497.992,15494108.855,21.627885858064264
20230904,000001,上证指数,422,97.5,100579803.88,38180267.98,37.960173421646566,125411392.727,47217274.12,37.64990810905374
20230904,399001,深证成指,392,93.3,67099846.09,23616664.21,35.19630161047363,114303781.113,44063183.451,38.54919148076073
20230904,000300,沪深300,285,99.0,147042453.41,37984058.2,25.832035115796565,237866370.761,53104539.701,22.32536677257233
20230904,000016,上证50,49,98.0,44109401.14,9086307.22,20.599479895817964,77866418.77600001,12858231.914,16.513192870715617
20230904,399006,创业板,96,96.0,15415756.67,5485976.029999999,35.58680995968263,46229069.728,12735291.281,27.548231785608472
20230904,000688,科创50,47,94.0,4370264.71,1609484.2,36.82807122225783,19487316.984,6434841.688999999,33.02066515510219
20230904,STAR,科创板,83,95.4,2272685.79,1024601.58,45.08329239828617,7982119.528,1660390.713,20.801376215623115
20230904,000905,中证500,411,95.8,104815199.21,34261197.35,32.687241552970576,114390815.798,26445938.061,23.118934747086904
20230904,000852,中证1000,725,93.9,106972488.59,29821705.79,27.87792093376408,120214250.972,31957982.287,26.584187838464818
20230904,399330,深证100,98,98.0,41959789.23,12322337.33,29.367014363336928,92072239.973,20605389.213,22.37958935184208
20230905,000001,上证指数,422,97.5,74272619.36,26086130.58,35.12213626607176,96425641.592,35993182.452,37.327397420175615
20230905,399001,深证成指,392,93.3,55964312.68,19231292.31,34.363492356214884,97770456.414,38073821.928,38.9420519494968
20230905,000300,沪深300,285,99.0,107887352.56,29726268.95,27.553061822949232,186310624.976,45359459.089,24.346147244604584
20230905,000016,上证50,49,98.0,28444844.74,6132779.26,21.560248670916103,59375080.16,14599008.103,24.5877699257998
20230905,399006,创业板,96,96.0,15904127.65,5484633.28,34.48559644829058,50811318.423,13266584.47,26.109506467745607
20230905,000688,科创50,47,94.0,4573321.69,1716826.52,37.54003405782724,21354761.938,7994519.193,37.43670482588735
20230905,STAR,科创板,83,95.4,1983405.25,872191.55,43.97445000208607,7616550.887,1964871.631,25.79739386174996
20230905,000905,中证500,411,95.8,84834042.15,28678353.87,33.80524273415162,97483258.661,26099856.194,26.773680478576097
20230905,000852,中证1000,725,93.9,93550446.5,27059504.33,28.925040277600388,113073516.971,31686851.735,28.02323000453478
20230905,399330,深证100,98,98.0,31816785.95,8977643.33,28.21668833586254,72208836.485,14620551.483,20.247593223631487
20230906,000001,上证指数,422,97.5,68811478.88,25464960.55,37.00684967751997,90757500.341,33630700.647,37.055560720205534
20230906,399001,深证成指,392,93.3,48116805.01,15984508.49,33.2202200180955,86927097.888,33066884.263,38.03978858882942
20230906,000300,沪深300,285,99.0,96941734.08,23718624.1,24.466886553139737,171301755.125,39254836.886,22.915606940136424
20230906,000016,上证50,49,98.0,26673330.71,5081071.3100000005,19.0492569722276,54667462.405,11794063.986,21.57419325342837
20230906,399006,创业板,96,96.0,16343171.39,5802263.85,35.50268005847548,53751693.287,12869239.893,23.94201764823744
20230906,000688,科创50,47,94.0,4359325.77,1397839.68,32.065501725511105,21666454.986,7699644.153,35.537166361433854
20230906,STAR,科创板,83,95.4,2362946.57,1097253.16,46.435800704541535,8965110.826,2728743.316,30.437362894458435
20230906,000905,中证500,411,95.8,73227830.82000001,24035080.82,32.82233073253282,91706660.356,23873468.285,26.03242577183005
20230906,000852,中证1000,725,93.9,88373517.72,25320494.81,28.65167695397697,113514553.999,33637658.55,29.63290376870646
20230906,399330,深证100,98,98.0,28494418.12,8792335.53,30.856343487950472,66558803.692,13277053.483,19.94785474877132
20230907,000001,上证指数,422,97.5,66302775.75,24463817.1,36.897123571783496,84823032.985,30815412.306,36.32906207379941
20230907,399001,深证成指,392,93.3,46764973.58,15191107.86,32.48394406555762,85184554.197,33325082.753,39.12103909815804
20230907,000300,沪深300,285,99.0,100543269.99,25525239.1,25.38731742317385,173526570.63,43927591.004,25.314619452524127
20230907,000016,上证50,49,98.0,27897991.77,5891892.649999999,21.11941496927325,53569898.545,10876758.149,20.303861766441955
20230907,399006,创业板,96,96.0,15765381.33,5502581.359999999,34.90293856406199,52523596.111,15136720.47,28.818895869222327
20230907,000688,科创50,47,94.0,4683889.25,1694134.51,36.16939725891256,21422719.176,8207797.996999999,38.313520938066745
20230907,STAR,科创板,83,95.4,2138020.44,1030316.32,48.19019971577073,7898908.01,2320925.459,29.38286477145592
20230907,000905,中证500,411,95.8,77683019.49,26657019.99,34.315118239490566,89537977.532,22793422.543,25.45670917667741
20230907,000852,中证1000,725,93.9,88001798.25,24818628.04,28.202410102454923,108898073.613,31315581.269,28.756781667496472
20230907,399330,深证100,98,98.0,29710853.95,9398716.31,31.63394874417603,68403133.59899999,16117546.753,23.562585374357216
20230908,000001,上证指数,422,97.5,54862980.25,20440911.19,37.2581130242191,68415905.743,23767562.906,34.73982058394628
20230908,399001,深证成指,392,93.3,40177873.48,13421566.12,33.405367077680395,74186371.602,29146243.409,39.28786754171739
20230908,000300,沪深300,285,99.0,79395121.33,21463306.92,27.033533749245542,139395702.917,34420069.835,24.692346402883487
20230908,000016,上证50,49,98.0,20106741.63,4457118.26,22.167282705566848,38397723.488,7721438.339,20.109104492648093
20230908,399006,创业板,96,96.0,15374817.02,6555911.2700000005,42.6405807722582,48920010.226,15899372.377,32.50075440202955
20230908,000688,科创50,47,94.0,2829735.64,903661.29,31.93447745528625,14372378.652,4959353.631,34.50614370161947
20230908,STAR,科创板,83,95.4,1773038.35,738597.97,41.657190889300274,7041493.622,1717904.157,24.39687159032124
20230908,000905,中证500,411,95.8,66562148.19,23602609.41,35.459506719384926,78888550.183,21068934.75,26.707215053548072
20230908,000852,中证1000,726,94.0,83539952.38,26995539.84,32.314526248716064,105871224.344,34253462.388,32.35389276004083
20230908,399330,深证100,98,98.0,23088339.2,6151264.78,26.64230080264933,57879810.984,13140869.116,22.70371808856217
20230911,000001,上证指数,422,97.5,72021549.26,25367237.33,35.22173237127056,94500172.402,34436801.329,36.4409931259249
20230911,399001,深证成指,392,93.3,54791133.12,18351580.95,33.493705833401094,103810753.895,41471546.917,39.9491819112947
20230911,000300,沪深300,285,99.0,115765556.91,30532074.8,26.374057720584936,201401554.488,49692091.054,24.673141764137068
20230911,000016,上证50,49,98.0,28058857.15,5734563.35,20.43762267060118,54797023.24,10366153.167,18.91736549556409
20230911,399006,创业板,96,96.0,19417089.82,6616870.63,34.077561011148475,61594772.949,17298909.857,28.085029019139927
20230911,000688,科创50,47,94.0,3457389.93,1181527.94,34.17398569214899,15570303.75,4401680.903,28.269717621918584
20230911,STAR,科创板,83,95.4,2193356.18,861919.48,39.29683139744317,8625802.971,1874337.445,21.72942566972064
20230911,000905,中证500,411,95.8,87354144.85,28555714.14,32.68959267935642,104881067.367,25865675.931,24.66191142057201
20230911,000852,中证1000,726,94.0,101539913.77,30015849.59,29.560641205575056,126376274.072,35057392.239,27.740485701474988
20230911,399330,深证100,98,98.0,35836678.01,10342368.74,28.85973062881004,88035271.224,21265751.199,24.155944433783457
20230912,000001,上证指数,422,97.5,55611958.28,21340738.52,38.37436979390613,77304291.371,30350600.678,39.26121065173589
20230912,399001,深证成指,392,93.3,44222156.79,15822051.24,35.77856076793128,85653272.063,37094469.156,43.30770823176043
20230912,000300,沪深300,285,99.0,88700850.35,22839903.1,25.749362052198187,155244985.753,40036993.804,25.78955681550978
20230912,000016,上证50,49,98.0,21096883.61,4781170.91,22.66292500060866,38506158.087,8026630.046,20.84505555673667
20230912,399006,创业板,96,96.0,15892026.2,5132399.95,32.29544103067236,49225138.204,13760415.883,27.954042152149484
20230912,000688,科创50,47,94.0,2552650.36,743859.86,29.14068732860069,11889110.644,2982990.1040000003,25.090102980119934
20230912,STAR,科创板,83,95.4,1627187.33,502860.98,30.90369318448417,7636996.694,1948485.976,25.5137726788703
20230912,000905,中证500,411,95.8,66181575.18,24875806.08,37.58720763648043,84081624.142,26168268.433,31.12245832550297
20230912,000852,中证1000,726,94.0,84654755.46,26758637.5,31.6091368460023,106596756.468,32350857.292,30.34881957380347
20230912,399330,深证100,98,98.0,30048615.23,7986212.95,26.57764056303902,73952583.17,18343262.569,24.80408632492668
20230913,000001,上证指数,422,97.5,60072190.38,22830217.08,38.00463564851287,78209433.802,29991276.014,38.34738925476411
20230913,399001,深证成指,392,93.3,43404955.95,14635154.78,33.71770448715315,79345816.259,32420072.265,40.859208202200165
20230913,000300,沪深300,285,99.0,88375198.39,23877255.96,27.01805075970478,147449706.079,33913683.116,23.00017003616804
20230913,000016,上证50,49,98.0,25461008.88,6047819.16,23.75325812305361,43905124.04,8705389.81,19.82773081809064
20230913,399006,创业板,96,96.0,15347078.48,5153383.63,33.57892276836783,45029821.58,11235538.986,24.951329123165493
20230913,000688,科创50,47,94.0,2892409.25,941774.91,32.56022328098972,12701292.523,3345069.1010000003,26.336446428130188
20230913,STAR,科创板,83,95.4,1643339.34,567439.98,34.52969001521012,7323402.891,1853542.492,25.30985280460108
20230913,000905,中证500,411,95.8,64720247.85,20612808.42,31.8490875804024,78924499.227,20921174.316,26.50783282872308
20230913,000852,中证1000,726,94.0,88059797.34,26992308.92,30.652249647795976,104933128.924,28772455.976,27.41980180238317
20230913,399330,深证100,98,98.0,26809890.99,7395897.729999999,27.58645207755095,63166479.402,13284651.507,21.031172914441985
20230914,000001,上证指数,422,97.5,71353434.37,31479543.37,44.117769029538586,81803706.36,32047553.221,39.1761628500863
20230914,399001,深证成指,392,93.3,40740626.81,12848855.57,31.53818823142452,75144144.156,29663678.98,39.475702748597286
20230914,000300,沪深300,285,99.0,105763820.23,32706778.21,30.924354036072053,156822690.542,34964258.658,22.295407977735167
20230914,000016,上证50,49,98.0,34939139.6,10817460.73,30.960867536646496,47375793.75,7696134.37,16.244866335352956
20230914,399006,创业板,96,96.0,14540118.4,5163381.09,35.51127265923776,44334721.262,12797073.687,28.86467608846472
20230914,000688,科创50,48,96.0,2724939.42,790593.04,29.013233622639586,12378732.287,3655774.099,29.532701848954684
20230914,STAR,科创板,83,95.4,1410080.54,527738.47,37.42612248233707,5834501.608,1300038.342,22.281909053164835
20230914,000905,中证500,412,96.0,70170566.05,25959954.27,36.995503572683525,80902974.969,24377537.211,30.13181804543141
20230914,000852,中证1000,726,94.0,84049103.18,27612409.94,32.85271215906388,96958291.265,29741761.417,30.67479947198304
20230914,399330,深证100,98,98.0,25402898.78,6487036.34,25.53659878024361,62278167.229,15192695.801,24.3948986891918
20230915,000001,上证指数,422,97.5,80492020.97,32728266.1,40.66026135956765,98672614.082,37810392.122,38.31903357762306
20230915,399001,深证成指,392,93.3,44603618.88,14016924.58,31.425532124894705,84133094.334,33738663.538,40.10153650602802
20230915,000300,沪深300,285,99.0,115843455.6,31512694.2,27.202826466789205,185947851.422,44542125.558,23.95409531079428
20230915,000016,上证50,49,98.0,37700386.41,8407506.969999999,22.30085092117229,62763666.177,13402826.106,21.354434695071262
20230915,399006,创业板,97,97.0,15728086.56,4748787.01,30.19303709884974,53675889.572,17201830.64,32.04759302018784
20230915,000688,科创50,48,96.0,3770710.42,1286647.96,34.12216311217025,15920483.833,4357228.483,27.368693870775022
20230915,STAR,科创板,83,95.4,1905696.23,830556.56,43.58284111209057,7357526.098,1694883.253,23.03604812846972
20230915,000905,中证500,412,96.0,75991434.04,23036706.79,30.314873091977773,89393070.457,21614958.006,24.17967958310288
20230915,000852,中证1000,727,94.2,88516259.86,26505374.59,29.944074266040733,104403786.716,28870615.794,27.65284354343782
20230915,399330,深证100,98,98.0,28848432.78,7614521.09,26.39492116632064,73809902.077,19263058.48,26.0982035444301
20230918,000001,上证指数,422,97.5,65141246.67,25031007.87,38.425742750679845,88891709.556,37395258.239,42.06833058536436
20230918,399001,深证成指,392,93.3,43329534.54,12365085.76,28.53731500066098,79197430.08,28725009.92,36.27012882991772
20230918,000300,沪深300,285,99.0,91775374.71,24777794.05,26.998303333868247,158024855.174,40805308.567,25.82208255914525
20230918,000016,上证50,49,98.0,26512832.26,6418997.58,24.21090857835043,48986733.348,12034347.369,24.56654393243253
20230918,399006,创业板,97,97.0,14987423.41,4611769.93,30.77093242673658,47213032.847,13885371.061,29.410038338348983
20230918,000688,科创50,48,96.0,3225971.27,1088563.3,33.74373820756315,13667713.444,3981323.14,29.12940160995081
20230918,STAR,科创板,83,95.4,1628157.04,591103.5499999999,36.30506981071064,6832014.649,1473519.956,21.56786880156469
20230918,000905,中证500,412,96.0,68562708.98,19679974.2,28.70361234667773,85789087.031,22254750.013,25.94123656422432
20230918,000852,中证1000,727,94.2,85440277.68,24532554.38,28.71310235189301,102986565.916,29560857.678,28.70360557716919
20230918,399330,深证100,98,98.0,26340966.28,7101187.99,26.958722449721765,65625939.077,15868137.431,24.179672937528025
20230919,000001,上证指数,422,97.5,63754347.79,26062221.12,40.87912750020778,76779624.181,29369826.273,38.25210996574258
20230919,399001,深证成指,392,93.3,39716863.53,12151274.92,30.594749534593973,69608360.971,24286664.163,34.890441068018
20230919,000300,沪深300,285,99.0,90780831.62,25471305.57,28.058021848291148,141710961.33,30617112.675,21.605324237200275
20230919,000016,上证50,49,98.0,26501480.58,7646343.529999999,28.8525145110968,43886147.058,10512058.238,23.953021494703663
20230919,399006,创业板,97,97.0,14349438.98,4966818.44,34.613328415993585,41108539.711,10346170.684,25.167935316446005
20230919,000688,科创50,48,96.0,2370449.96,617717.23,26.059070658466883,10840897.332,2670212.417,24.630916936350893
20230919,STAR,科创板,83,95.4,1396891.18,471614.04,33.76168786461949,5856185.21,1320099.39,22.54196789653789
20230919,000905,中证500,412,96.0,64098007.2,21876464.31,34.12971052554033,72424454.635,17417172.818,24.0487455594632
20230919,000852,中证1000,727,94.2,81022900.51,24696859.4,30.48133212282602,95073608.114,26898245.301,28.292021134558286
20230919,399330,深证100,98,98.0,24682569.06,6000231.0,24.30958862270069,58750817.433,12682522.135,21.58697136335724
20230920,000001,上证指数,422,97.5,57576902.09,24860677.93,43.17821388017647,68082775.166,26845636.279,39.4308783881749
20230920,399001,深证成指,392,93.3,37811605.84,13138658.93,34.747688277499506,66062493.161,25329931.129,38.34237843138734
20230920,000300,沪深300,285,99.0,83313982.64,25497131.63,30.603664381491868,126550290.078,27107796.996,21.42057278516861
20230920,000016,上证50,49,98.0,25264894.76,9338820.95,36.96362497731615,37862743.088,8049322.184,21.259215596957382
20230920,399006,创业板,97,97.0,12923376.81,4004050.17,30.983002576398604,38373027.332,9882157.866,25.752875269653487
20230920,000688,科创50,48,96.0,1946059.37,462692.64,23.775874833664503,9098866.244,2012667.827,22.119984765433813
20230920,STAR,科创板,83,95.4,1292307.35,435996.99,33.73787125794804,5355409.429,1225608.122,22.885423388232976
20230920,000905,中证500,412,96.0,56486879.29,20277520.15,35.897752548687485,63159881.271,15932712.538,25.22600140687019
20230920,000852,中证1000,727,94.2,74754555.87,24281041.99,32.48101966149772,86124162.44,24563654.235,28.521211166625545
20230920,399330,深证100,98,98.0,22972723.63,5836577.25,25.406553197627968,53848709.07,10797284.349,20.051147994957866
20230921,000001,上证指数,422,97.5,57907172.37,23465420.98,40.52247764761649,71715642.911,27510388.798,38.36037394538976
20230921,399001,深证成指,392,93.3,38319192.98,13576822.0,35.43086621653586,68874384.441,29982670.138,43.53239652353498
20230921,000300,沪深300,285,99.0,87589995.68,24794186.12,28.3070982336644,139466944.486,34125811.373,24.46874526345246
20230921,000016,上证50,49,98.0,25332432.37,7855827.720000001,31.01094914716237,41440683.15,9143145.501,22.063211332460867
20230921,399006,创业板,97,97.0,13264666.4,4943388.8100000005,37.26734364009336,39837348.048,11957071.248,30.01472696825333
20230921,000688,科创50,48,96.0,1947623.96,538230.5,27.63523714300578,8912204.783,2138882.167,23.99947284739137
20230921,STAR,科创板,83,95.4,1262671.81,497955.75,39.43667278039572,4996633.04,1212987.335,24.27609402750937
20230921,000905,中证500,412,96.0,59516647.12,20000803.49,33.60539354589906,65610983.676,15225664.698,23.205969252324184
20230921,000852,中证1000,728,94.3,71796246.64,23537742.63,32.78408514587497,81634040.566,24396296.235,29.884954935283314
20230921,399330,深证100,98,98.0,25123245.5,7349172.52,29.25248061600957,60184247.487,15158143.839,25.18623140095622
20230922,000001,上证指数,422,97.5,71347839.28,29634392.54,41.53509459999445,93245566.393,37929468.616,40.676967370372886
20230922,399001,深证成指,392,93.3,52276295.94,20160044.05,38.564407993134495,95197739.383,42680398.843,44.83341633910866
20230922,000300,沪深300,285,99.0,121007252.3,32091216.58,26.52007707805791,216609004.048,64229366.98,29.65221471853817
20230922,000016,上证50,49,98.0,34835038.76,8734306.67,25.07333702188767,63192597.821,13473084.144,21.320668256373946
20230922,399006,创业板,97,97.0,23271360.85,9219677.06,39.61812598509898,71272759.728,25448876.384,35.70631540173437
20230922,000688,科创50,48,96.0,3217656.21,839218.06,26.081657120230386,16101928.041,4543969.429,28.220033137831606
20230922,STAR,科创板,83,95.4,1739073.55,672406.58,38.66464302214245,7360483.487,2332996.259,31.696236573596163
20230922,000905,中证500,412,96.0,80436130.62,29726907.3,36.957157276047,91693515.972,25193415.664,27.47567851110998
20230922,000852,中证1000,728,94.3,90747714.1,30073258.96,33.13941211440389,105414852.064,31798903.633,30.165487130498548
20230922,399330,深证100,98,98.0,38947468.03,10866243.89,27.89974403889382,99648452.923,27362116.846,27.458646916619124
20230925,000001,上证指数,422,97.5,66088290.44,26425022.33,39.984424100046375,84424159.699,33393263.205,39.55415526083767
20230925,399001,深证成指,392,93.3,47578561.3,17388261.81,36.54642203315214,89848792.612,39080689.259,43.49606502534178
20230925,000300,沪深300,285,99.0,100221215.41,24913044.33,24.858054482857725,171937648.214,45091930.382,26.22574569932288
20230925,000016,上证50,49,98.0,28137487.53,7584301.640000001,26.95443803187356,49323803.055,9539465.348,19.340490305183344
20230925,399006,创业板,97,97.0,19888451.83,7165460.79,36.028248207794256,59984669.281,17879874.416,29.80740684297381
20230925,000688,科创50,48,96.0,2663080.54,760304.23,28.54980232779592,12488456.269,3003757.8260000004,24.05227484726199
20230925,STAR,科创板,83,95.4,1673591.93,651728.9400000001,38.941926542391975,7268558.751,2148347.602,29.556720604403623
20230925,000905,中证500,412,96.0,72995467.71,25131603.54,34.428991728423576,91886069.715,28175950.531,30.664006653448578
20230925,000852,中证1000,728,94.3,85136500.95,27193131.41,31.940626061165368,106081313.302,34474874.466,32.49853663467987
20230925,399330,深证100,98,98.0,31430998.69,7527350.26,23.948810326522903,78885665.841,19480523.247,24.694629929681348
20230926,000001,上证指数,422,97.5,55470999.14,22163646.54,39.9553764735019,75919091.292,31267190.984,41.18488571437208
20230926,399001,深证成指,392,93.3,39735059.85,13499690.45,33.974254728598325,77974825.207,33250594.619,42.6427305617288
20230926,000300,沪深300,285,99.0,85249461.45,23884626.5,28.01733417871345,155905876.977,46582955.667,29.878896530547177
20230926,000016,上证50,49,98.0,26401807.98,7657628.86,29.00418359909608,44479055.227,9921316.152,22.30559102788112
20230926,399006,创业板,97,97.0,17860207.96,6999820.26,39.192266269670014,55425018.42,20503537.613,36.99328966862615
20230926,000688,科创50,48,96.0,2504814.43,607738.04,24.262796984924748,13177574.4,3510270.894,26.63821722759539
20230926,STAR,科创板,83,95.4,1538575.43,511178.29,33.224129284321144,7686031.973,2830567.163,36.827418529397264
20230926,000905,中证500,412,96.0,59532476.91,21871878.76,36.7394066150909,79092892.133,27125822.443,34.296156976262935
20230926,000852,中证1000,728,94.3,78273497.84,26517945.3,33.8785745262154,100177452.386,36076720.655,36.01281505541839
20230926,399330,深证100,98,98.0,27310518.05,6559429.24,24.01795977648985,76333334.409,22927769.068,30.036378268439336
20230927,000001,上证指数,422,97.5,65348856.43,27438959.22,41.9884305846911,89567430.067,36818930.522,41.10749911486572
20230927,399001,深证成指,392,93.3,44033464.08,14827161.53,33.67248486982994,83912995.707,33466485.584,39.88236303808688
20230927,000300,沪深300,285,99.0,94395482.54,25579286.21,27.097998253423626,165513719.447,46934776.742,28.357031005535
20230927,000016,上证50,49,98.0,28008690.5,7810106.69,27.88458350096732,51952895.822,14111338.465,27.16179385524148
20230927,399006,创业板,97,97.0,17066874.01,5842913.41,34.235404834983015,56998306.535,17498534.195,30.700094895371965
20230927,000688,科创50,48,96.0,3294750.33,1382117.41,41.94907873338008,13031593.34,2512835.2290000003,19.282639992202213
20230927,STAR,科创板,83,95.4,1752729.1,584717.26,33.36038980581768,8715109.033,2760309.797,31.672693784415213
20230927,000905,中证500,412,96.0,63784884.07,19621789.8,30.76244487403362,87870047.216,26114280.33,29.719205983589053
20230927,000852,中证1000,728,94.3,81307399.22,23783210.86,29.25097972405666,105554126.692,33232844.417,31.48417353115076
20230927,399330,深证100,98,98.0,28450716.09,7314464.82,25.70924681425128,73082680.144,17788919.974,24.34081500425166
20230928,000001,上证指数,422,97.5,61310755.48,24394145.2,39.78770936521495,86026496.37,35464581.706,41.22518433561076
20230928,399001,深证成指,392,93.3,43775235.02,13796204.27,31.51600274378149,83211002.766,31597621.14,37.97288830763951
20230928,000300,沪深300,285,99.0,88585678.57,23697021.91,26.750398362952904,160176183.952,40807022.051,25.476335522657127
20230928,000016,上证50,49,98.0,26724428.02,5700677.86,21.33133721602473,51590756.697,12738154.996,24.69076984238288
20230928,399006,创业板,97,97.0,16919125.0,5205022.53,30.76413543844614,53924497.667,15184622.34,28.159042730021543
20230928,000688,科创50,48,96.0,2951561.71,832059.83,28.19049410964205,14381730.679,3476970.477,24.176300854229066
20230928,STAR,科创板,83,95.4,1616998.46,529685.7999999999,32.75734721478955,7777948.989,2333355.546,29.99962521353584
20230928,000905,中证500,412,96.0,64188415.94,19328692.66,30.112431311698764,90474646.359,27849459.431,30.78150681075269
20230928,000852,中证1000,728,94.3,88452276.55,29766003.21,33.65204873293904,108406270.278,33079101.202,30.514010967420106
20230928,399330,深证100,98,98.0,30382517.04,8926711.629999999,29.381079975196155,74454322.02,15640141.767,21.00635845263453
20231009,000001,上证指数,422,97.5,69392218.41,27984701.53,40.32829929813451,88168072.505,35033915.197000004,39.73537608527536
20231009,399001,深证成指,392,93.3,51118719.8,16719697.53,32.707582653507686,93528095.266,35714203.08,38.18553449466332
20231009,000300,沪深300,285,99.0,105358746.59,28275669.27,26.837514857721125,183741266.691,49386353.049,26.8782043023866
20231009,000016,上证50,49,98.0,28752068.02,7064906.19,24.57181926908922,49546329.909,10444141.201,21.07954558931486
20231009,399006,创业板,97,97.0,20331422.51,5736665.54,28.215760786921933,64417482.036,20884230.975,32.42012931105993
20231009,000688,科创50,48,96.0,2805036.8,883742.33,31.50555208402257,12545829.407,3201599.179,25.51923093433467
20231009,STAR,科创板,83,95.4,1774646.74,680420.07,38.34115571643289,7768689.185,2327497.038,29.95997114280226
20231009,000905,中证500,412,96.0,72063691.86,21126176.94,29.315979232707605,95093837.038,26706748.915,28.08462645621066
20231009,000852,中证1000,728,94.3,96255269.73,32121881.51,33.37155627957119,113036986.347,33146036.803,29.323178080180384
20231009,399330,深证100,98,98.0,35660235.4,10606039.44,29.7419221186633,85129796.445,20630035.831,24.233625231711315
20231010,000001,上证指数,422,97.5,74721966.33,35143343.9,47.03214546682821,88572231.992,36681024.278,41.413684010258535
20231010,399001,深证成指,392,93.3,46916721.15,15261758.68,32.52946562741629,85380881.631,31639494.126,37.05688383816403
20231010,000300,沪深300,285,99.0,104367488.17,31633291.71,30.309526716283337,166928074.901,41723196.934,24.9947152141692
20231010,000016,上证50,49,98.0,25437410.86,8084186.140000001,31.780695702455624,43370472.815,8639894.991,19.92114549420321
20231010,399006,创业板,97,97.0,20087887.97,7457365.55,37.12369145595151,61209745.961,19104711.897,31.21187908404755
20231010,000688,科创50,48,96.0,3297334.34,1279370.13,38.80013362551521,13063746.201,2904177.85,22.23081959275733
20231010,STAR,科创板,83,95.4,1801661.57,729806.93,40.50743725415645,7117559.973,1539988.573,21.63646781821082
20231010,000905,中证500,412,96.0,68231929.78,20115339.09,29.480829803374792,90660021.528,26888736.243,29.658868142553352
20231010,000852,中证1000,728,94.3,97127558.42,34352085.99,35.36801145711328,118663006.578,39928621.971,33.648752987523515
20231010,399330,深证100,98,98.0,32148218.5,10226858.92,31.81158831553916,75094428.774,17421285.985,23.1991723879146
20231011,000001,上证指数,422,97.5,68815968.11,27598487.79,40.10477298798551,86081164.879,29719066.913,34.52447112533225
20231011,399001,深证成指,392,93.3,49574118.48,15854418.84,31.9812420797684,96272566.793,37884504.337,39.35129767388169
20231011,000300,沪深300,285,99.0,106336755.46,28444112.48,26.749088174596068,189641359.365,52698438.771,27.78847343609896
20231011,000016,上证50,49,98.0,29005720.89,8269822.02,28.51100323057684,61020777.334,19575327.621,32.07977426091043
20231011,399006,创业板,97,97.0,22979475.74,7668723.149999999,33.37205442268284,69550564.224,19463183.163,27.9842203728432
20231011,000688,科创50,48,96.0,3866698.86,1354412.86,35.027627157911134,16111080.246,4667403.892,28.97014862277038
20231011,STAR,科创板,83,95.4,2094772.95,723795.49,34.552455434370586,9392983.702,2332606.891,24.833503016760584
20231011,000905,中证500,412,96.0,71955506.31,20653143.13,28.702658335863497,99308390.575,27865961.181,28.06002697219726
20231011,000852,中证1000,728,94.3,107196066.01,39603283.23,36.9447170069707,129834511.893,41620594.61,32.05664965591014
20231011,399330,深证100,98,98.0,35599863.81,9549171.93,26.82361927271653,90139402.058,24083003.728,26.71750996584584
20231012,000001,上证指数,422,97.5,79107165.68,38726554.78,48.95454722351519,95032591.268,40341859.501,42.45055192405785
20231012,399001,深证成指,392,93.3,49685321.05,15602204.35,31.402039918991324,92936833.045,33976353.568,36.55854461013177
20231012,000300,沪深300,285,99.0,119598697.72,40024676.74,33.465813176080125,197655413.142,50053479.52,25.323606737772707
20231012,000016,上证50,49,98.0,39839665.1,16341591.23,41.01839508184018,58688835.496,12634516.406,21.52797256790198
20231012,399006,创业板,97,97.0,20859062.07,6800826.38,32.60370172530965,64089350.632,17287872.817,26.974641881249013
20231012,000688,科创50,48,96.0,3285246.46,1027251.89,31.268640039870853,15101315.998,4789929.172,31.718620897903023
20231012,STAR,科创板,83,95.4,1779939.97,613650.8,34.47592673588874,8095266.941,2274118.135,28.09194744996365
20231012,000905,中证500,412,96.0,69247704.01,20149280.2,29.09739822866944,94644906.173,26765714.799,28.280142990553927
20231012,000852,中证1000,728,94.3,112648779.22,46944431.48,41.67327138833773,134310353.257,50396615.502,37.52250982883438
20231012,399330,深证100,98,98.0,35319499.33,10248993.27,29.01794607630413,92169099.257,22755759.223,24.68914137866196
20231013,000001,上证指数,422,97.5,70886726.83,33998616.08,47.9618930093009,87216775.834,37021096.618,42.44721988859389
20231013,399001,深证成指,392,93.3,47859678.63,15497652.59,32.38143889308435,89831818.162,33559993.151,37.35869298612983
20231013,000300,沪深300,285,99.0,102489289.44,33161038.23,32.35561336330014,173243458.261,45274036.94,26.133187015807763
20231013,000016,上证50,49,98.0,33267603.02,14007841.0,42.10655330827018,55457026.501,15478478.334,27.910761377948912
20231013,399006,创业板,97,97.0,22440288.65,7447119.57,33.18638047019953,66725829.068,21113892.329,31.64275757065967
20231013,000688,科创50,48,96.0,3028313.7,1003357.99,33.13256450281224,13776940.327,4800118.748,34.841689330632754
20231013,STAR,科创板,83,95.4,1933917.47,826439.47,42.73395751474337,7678034.666,1908671.586,24.85885606185149
20231013,000905,中证500,412,96.0,65750495.19,20743143.59,31.54826975836195,90362368.941,26269953.905,29.07178531602282
20231013,000852,中证1000,728,94.3,107517506.46,43275174.45,40.249421582428326,132486016.166,50217116.817,37.90371110116244
20231013,399330,深证100,98,98.0,32868713.5,10021104.56,30.48827743136341,79951700.976,18204119.595,22.76889593689137
20231016,000001,上证指数,422,97.5,66400884.6,26492570.54,39.89791807683237,86327600.521,32451671.959,37.591305403080014
20231016,399001,深证成指,392,93.3,49822331.52,16250614.69,32.61713009853136,89655077.938,31624620.557,35.27365240691628
20231016,000300,沪深300,285,99.0,95179336.24,26390386.08,27.727012104239908,160130978.964,36405858.872,22.73505046152539
20231016,000016,上证50,49,98.0,27048675.34,8745335.4,32.33184357485804,51077217.602,15464278.534,30.27627435483971
20231016,399006,创业板,97,97.0,19170184.12,6516407.37,33.992408884594475,57838356.716,18113308.796,31.317122104524213
20231016,000688,科创50,48,96.0,2889916.29,787349.35,27.244711299232826,12804160.626,3681794.428,28.754672293971268
20231016,STAR,科创板,83,95.4,2109504.98,859889.38,40.762614364626906,8008137.702,1643823.998,20.52691973053188
20231016,000905,中证500,412,96.0,70886920.09,22562825.9,31.82932178652085,93585333.119,27448475.864,29.32989064546837
20231016,000852,中证1000,728,94.3,121000534.32,54415316.3,44.971137198528695,140089639.764,55037155.234,39.28709883665741
20231016,399330,深证100,98,98.0,32020790.89,9746172.34,30.43701316897735,72137062.186,14609055.379,20.25180252188764
20231017,000001,上证指数,423,97.7,62046930.1,25193047.0,40.60321269625554,79740717.38,30290471.199,37.98620352843382
20231017,399001,深证成指,392,93.3,43468098.04,14607793.14,33.605779407596096,74651756.415,25235897.694,33.80482778423854
20231017,000300,沪深300,285,99.0,92731340.77,23690941.23,25.547933453006195,149700097.367,31593034.651,21.1042178373121
20231017,000016,上证50,49,98.0,24531897.7,5959160.11,24.29147627661924,45588562.601,12439758.155,27.287015525966872
20231017,399006,创业板,97,97.0,16155026.74,5459723.43,33.79581796965815,50134205.569,14834372.723,29.58932440364168
20231017,000688,科创50,48,96.0,2626524.97,857752.3899999999,32.65730955529428,11926270.799,3936346.156,33.005674802638694
20231017,STAR,科创板,83,95.4,1850095.42,771038.48,41.675606115494304,7205990.132,1959028.163,27.18610665729954
20231017,000905,中证500,412,96.0,68632581.07,23970920.75,34.926445102729694,85411291.645,26001553.456,30.44275874444306
20231017,000852,中证1000,729,94.4,101161186.99,42893486.1,42.40112969832997,117033344.18,45553808.639,38.92378617237253
20231017,399330,深证100,98,98.0,28756355.12,8693055.79,30.230033513371072,62682435.167,13191376.773,21.04477392726563
20231018,000001,上证指数,423,97.7,64390284.05,27202560.36,42.24637421831656,80557925.245,30793676.349,38.22550823565466
20231018,399001,深证成指,392,93.3,45927139.79,16441389.92,35.798854435912176,84722824.971,36843182.474,43.486725668804304
20231018,000300,沪深300,285,99.0,99371538.43,27639688.69,27.814492083636345,171231444.07,48715600.095,28.450148487379977
20231018,000016,上证50,49,98.0,26634782.75,8236140.83,30.922500503594307,53671803.036,16144784.091,30.08056964319048
20231018,399006,创业板,97,97.0,17645545.7,5672454.82,32.14666701976805,53023106.875,16204034.27,30.56032591262599
20231018,000688,科创50,48,96.0,3189755.91,1244673.8,39.02097323804316,17017235.636,7345507.517999999,43.16510433962941
20231018,STAR,科创板,83,95.4,1787450.0,722029.4299999999,40.39438473803463,7472686.749,2281301.192,30.528527002758217
20231018,000905,中证500,412,96.0,68735517.46,21717196.43,31.59530506573712,82610840.355,23689929.95,28.67653911786672
20231018,000852,中证1000,729,94.4,109133919.76,48922836.04,44.82825884710071,122807518.282,50718395.768,41.29909673081785
20231018,399330,深证100,98,98.0,30884252.44,8107551.59,26.25140953549336,77065852.403,22054756.479,28.61806596736152
20231019,000001,上证指数,423,97.7,71699334.18,31832296.55,44.39692071628662,95030955.549,43150708.596,45.40700274633203
20231019,399001,深证成指,392,93.3,45216925.13,15921598.26,35.21158993944177,82411811.759,35201286.149,42.71388457268778
20231019,000300,沪深300,285,99.0,115513004.85,33067629.97,28.62675939643345,198362982.37,58267428.321,29.37414411944849
20231019,000016,上证50,49,98.0,35249106.58,11369297.06,32.25414248215536,78138862.216,28712505.675,36.74548727831453
20231019,399006,创业板,97,97.0,17957107.63,6460447.930000001,35.977107578321075,54320125.238,15516789.143,28.56545170876213
20231019,000688,科创50,48,96.0,4416260.36,1930457.82,43.7125002294928,22055810.206,10671518.923,48.38416192073031
20231019,STAR,科创板,83,95.4,1796706.67,745921.09,41.51601941790531,7129001.888,2033316.251,28.521752174348705
20231019,000905,中证500,412,96.0,75798058.18,26703640.18,35.2299792648857,84839378.744,24201531.375,28.526294903723088
20231019,000852,中证1000,729,94.4,112815854.44,49952306.35,44.2777361373145,125539432.89,51822125.308,41.27955982835091
20231019,399330,深证100,98,98.0,33982460.23,9528365.2,28.03906820021312,79226663.702,17914083.14,22.611179498080737
20231020,000001,上证指数,423,97.7,61365324.12,25132853.09,40.95611560830781,80633964.266,33167230.605,41.13307699418822
20231020,399001,深证成指,392,93.3,44585770.25,13772372.6,30.88961460747669,77438081.699,28473062.822,36.76881218813519
20231020,000300,沪深300,285,99.0,99440988.43,27232630.83,27.38572017430217,172013603.502,47518168.804,27.62465749021269
20231020,000016,上证50,49,98.0,30991266.6,8989531.89,29.00666179935996,63333736.987,20074732.762,31.69674444778235
20231020,399006,创业板,97,97.0,16231606.14,4854950.97,29.91047791651258,51678437.707,14720198.987,28.48421825454314
20231020,000688,科创50,48,96.0,4119762.94,1805119.6,43.81610365182809,20689990.61,9811242.775,47.42023793020949
20231020,STAR,科创板,83,95.4,1706746.19,632208.62,37.04174784183933,7032585.678,1708003.54,24.28699227004284
20231020,000905,中证500,412,96.0,69955596.24,23428579.64,33.49064392164203,84093511.583,25389621.146,30.19212858169269
20231020,000852,中证1000,729,94.4,101335912.84,43014349.14,42.4472903381407,115862948.444,45998332.833,39.70064067136385
20231020,399330,深证100,98,98.0,30223365.97,8458904.87,27.987964273722486,72048761.494,16767577.895,23.272541466790308
20231023,000001,上证指数,423,97.7,63924810.68,25135209.34,39.31995898403809,76446285.813,28270371.112,36.98069933855768
20231023,399001,深证成指,392,93.3,47297083.14,14871238.56,31.44218960814335,77571129.782,29507716.949,38.03956063541455
20231023,000300,沪深300,285,99.0,100244540.5,27009877.09,26.94398812671499,162973793.757,40794412.795,25.031271503580506
20231023,000016,上证50,49,98.0,28742361.64,7789304.84,27.10043432603613,55796994.347,16680610.122,29.89517682308072
20231023,399006,创业板,97,97.0,17496312.19,5840070.04,33.37886279451441,51347483.981,14938644.088,29.093234818531155
20231023,000688,科创50,48,96.0,3577791.03,1235574.87,34.534573418056794,16986663.412,7758330.265000001,45.673067610907225
20231023,STAR,科创板,83,95.4,1633023.55,619965.79,37.96428961480684,6163404.314,1288519.257,20.905966757254017
20231023,000905,中证500,412,96.0,73818110.98,24209141.3,32.79566623773281,83753171.983,24489039.462,29.23953670312418
20231023,000852,中证1000,729,94.4,109186951.72,46101408.05,42.22245178913215,119762381.855,48036105.815,40.109511075989445
20231023,399330,深证100,98,98.0,31587246.49,8897513.16,28.1680556195894,71176273.711,15390671.793,21.62331770203564
20231024,000001,上证指数,423,97.7,69921336.8,28419607.55,40.64511471125078,83854182.161,31193046.336,37.19915397434723
20231024,399001,深证成指,392,93.3,53997070.67,18159285.68,33.63013114355672,91586114.489,35894363.566,39.19192747314453
20231024,000300,沪深300,285,99.0,119067609.96,35662772.22,29.951699065749853,197595738.603,54396461.732,27.529167438823563
20231024,000016,上证50,49,98.0,33201002.84,9763298.65,29.406637796606987,59527829.502,16053827.107,26.96860819771806
20231024,399006,创业板,97,97.0,20993775.93,7454037.88,35.505941879413015,63252457.785,20614415.335,32.59069458624042
20231024,000688,科创50,48,96.0,3462869.35,1117957.48,32.284136853156184,17202414.858,6332399.426,36.81110750014909
20231024,STAR,科创板,83,95.4,1749484.44,654220.6799999999,37.39505565422462,6850123.508,1681767.269,24.55090433093546
20231024,000905,中证500,412,96.0,87844457.91,33641353.68,38.29650097501524,98066542.876,29232532.581,29.808874386408217
20231024,000852,中证1000,730,94.6,112033997.16,45979872.07,41.040999371230505,127016761.419,50468144.648,39.73345256498615
20231024,399330,深证100,98,98.0,36067116.63,10330241.2,28.64171623691006,86495690.398,24367435.584,28.17184933940181
20231025,000001,上证指数,423,97.7,81019248.09,37151783.54,45.85550275501205,96144783.126,39261489.945,40.83579854098468
20231025,399001,深证成指,392,93.3,61237788.0,20985903.7,34.26953256378235,103124815.094,38104149.837,36.94954488138226
20231025,000300,沪深300,285,99.0,133020603.22,42249287.79,31.76146158360505,209273554.038,51650660.658,24.68093061038245
20231025,000016,上证50,49,98.0,40337876.28,12733075.13,31.566052316723503,66105858.103,16714018.528,25.28371767288425
20231025,399006,创业板,97,97.0,22078530.51,6947444.43,31.466969356739128,66248497.275,18514593.27,27.947189795332605
20231025,000688,科创50,48,96.0,3113481.65,992173.48,31.86700907647874,15898491.479,6410411.767,40.32088060346722
20231025,STAR,科创板,83,95.4,1598405.95,551225.47,34.485949579954955,6455323.136,1332702.419,20.64501483384766
20231025,000905,中证500,412,96.0,89258476.33,34260278.56,38.38322136861868,102608864.523,29534920.267,28.78398509163863
20231025,000852,中证1000,730,94.6,118004986.22,44321349.83,37.558878865822216,137195175.841,51607767.902,37.61631382856344
20231025,399330,深证100,98,98.0,42039161.21,12499168.55,29.732202523172084,91056061.523,21337191.732,23.433027274752494
20231026,000001,上证指数,423,97.7,66518573.33,27718141.16,41.669776984677256,80870363.34,30668567.291,37.92312291470904
20231026,399001,深证成指,392,93.3,60733211.29,22718053.01,37.40630954210819,98215849.664,36427307.631,37.08903171496163
20231026,000300,沪深300,285,99.0,108107467.57,30096540.1,27.83946454070102,179244902.468,49450647.357,27.588314465918085
20231026,000016,上证50,49,98.0,29977505.36,9556697.4,31.87956197566668,52012985.526,14155871.773,27.21603389969574
20231026,399006,创业板,97,97.0,25323663.01,7582567.16,29.94261595175128,71065233.568,23069409.816,32.4623007028122
20231026,000688,科创50,48,96.0,2995261.45,903879.92,30.17699573437904,14082769.65,4874738.708,34.61491474441606
20231026,STAR,科创板,83,95.4,1529523.57,499297.49,32.64398795763572,6121845.434,1253652.888,20.47834924151076
20231026,000905,中证500,412,96.0,81212346.92,29410797.42,36.21468721864638,99011570.809,31787327.66,32.10465948603108
20231026,000852,中证1000,730,94.6,114044075.11,44083671.51,38.65494236985092,135633695.743,52158236.645,38.45522040764112
20231026,399330,深证100,98,98.0,38128568.89,10465824.54,27.448773569744123,84754372.712,22000870.845,25.95839027652315
20231027,000001,上证指数,423,97.7,78592308.72,30567591.32,38.89387119152185,102990724.576,37132067.641,36.053797848173325
20231027,399001,深证成指,391,93.1,66564877.04,19507159.62,29.305484344660936,114273739.501,37435896.742,32.75984220475466
20231027,000300,沪深300,285,99.0,121989204.97,32907854.7,26.976038337238784,217277598.276,56019339.967,25.78238180626455
20231027,000016,上证50,49,98.0,33598793.77,9653311.06,28.731123879272523,65235951.982,14455480.197,22.15876331656596
20231027,399006,创业板,97,97.0,25279200.65,6743914.51,26.677720563130222,76520583.002,21358128.222000003,27.911611992608275
20231027,000688,科创50,48,96.0,3948127.49,1146012.28,29.026729326818167,18096148.048,6056385.998,33.46781857628179
20231027,STAR,科创板,83,95.4,2226845.02,793779.01,35.64590274001196,8689688.657,1894841.623,21.805633064581727
20231027,000905,中证500,412,96.0,88482079.17999999,26764056.58,30.24799691421537,116521373.11,31555821.987,27.081574087880227
20231027,000852,中证1000,730,94.6,126074685.95,41278946.96,32.74166153891577,154991613.619,48471593.284,31.27368775135973
20231027,399330,深证100,98,98.0,42234946.62,11701090.34,27.70475939102773,100358528.108,24898384.901,24.809436099148257
20231030,000001,上证指数,423,97.7,98052234.76,42119677.27,42.95636644396252,120927285.379,45371355.164000005,37.51953500138613
20231030,399001,深证成指,391,93.1,70348963.23,20729252.61,29.466322825863767,124901292.496,42661571.923,34.15622934755959
20231030,000300,沪深300,285,99.0,146190220.55,45495531.61,31.12077636851201,234437943.815,52336433.101,22.32421605877068
20231030,000016,上证50,49,98.0,46635110.82,14027968.23,30.080272102589163,76743044.558,14612484.702,19.04079358091708
20231030,399006,创业板,97,97.0,24801415.04,6489092.739999999,26.16420365343799,78304152.413,19435687.379,24.8207620925264
20231030,000688,科创50,48,96.0,5176539.44,1288690.14,24.89481930808973,23466482.699,7047070.145,30.03036388278292
20231030,STAR,科创板,83,95.4,2722594.97,918222.08,33.72598899644628,10704040.718,2083170.73,19.46153592724029
20231030,000905,中证500,412,96.0,93318137.57,27781170.8,29.77038711168097,127592392.537,34400034.89,26.96088238961776
20231030,000852,中证1000,729,94.4,132494915.41,39204055.77,29.58910207888709,166910678.685,47670488.127,28.560478276507105
20231030,399330,深证100,98,98.0,48372714.56,17347744.83,35.862665529101946,101575666.927,21314465.72,20.98383044368116
20231031,000001,上证指数,423,97.7,80198046.31,31905201.05,39.783015320189534,103208164.757,38653465.95,37.45194582328659
20231031,399001,深证成指,392,93.3,58045465.24,17759728.69,30.59623799476674,100232894.459,34657290.692,34.576763326111944
20231031,000300,沪深300,285,99.0,113954963.04,30236514.38,26.533740675591726,189224139.25,45177088.261,23.874907525045064
20231031,000016,上证50,49,98.0,33922211.01,7909123.800000001,23.31547256064309,63728932.797,13851003.582,21.734246870445045
20231031,399006,创业板,97,97.0,21106513.81,6432298.75,30.47542009023044,61928855.948,17236354.461,27.832509089902945
20231031,000688,科创50,48,96.0,3895828.74,1497454.8,38.43738777901208,16114265.783,4218808.011,26.18057854954024
20231031,STAR,科创板,83,95.4,2327171.42,791276.59,34.001646084154814,9436260.088,2142081.301,22.700532637120336
20231031,000905,中证500,412,96.0,78415269.84,24096445.28,30.72927674567319,105502760.878,30189768.032,28.615145026309293
20231031,000852,中证1000,730,94.6,125005154.21,43660169.62,34.926695539812656,152022295.577,50645517.042,33.314532483393414
20231031,399330,深证100,98,98.0,37651431.17,12530965.68,33.28151225758572,80949583.537,15425803.456,19.056062776344312
20231101,000001,上证指数,423,97.7,69259493.86,26502774.03,38.26590775204375,102129075.35,46029038.298,45.06947521091016
20231101,399001,深证成指,392,93.3,53479837.43,16611086.0,31.06046465033168,95471391.855,36995938.086,38.75081044402147
20231101,000300,沪深300,285,99.0,99586940.27,28394660.34,28.51243372174748,181433611.329,57402509.271,31.638299458698416
20231101,000016,上证50,49,98.0,28631752.7,6812416.640000001,23.79322255043088,70029975.248,26849061.894,38.33938509747908
20231101,399006,创业板,97,97.0,17140680.74,5030941.19,29.35088323685796,50662789.293,12421112.43,24.517229713043463
20231101,000688,科创50,48,96.0,3734392.72,1492870.71,39.9762644674393,16281920.85,6047104.216,37.13999270546755
20231101,STAR,科创板,83,95.4,1927707.85,607452.58,31.511651519186373,7585400.611,1563967.721,20.61812949908019
20231101,000905,中证500,412,96.0,68047304.1,20818962.32,30.59483780489696,89561863.078,25926403.792,28.94803982518824
20231101,000852,中证1000,730,94.6,110704697.14,39864486.9,36.00975200680631,129908464.952,43129011.581,33.199539073097185
20231101,399330,深证100,98,98.0,35240998.91,13065050.86,37.07344077665363,74922729.286,19835078.138,26.474046430268483
20231102,000001,上证指数,423,97.7,66000048.88,27101084.06,41.062218164829936,84461962.438,33423142.796,39.57182834880795
20231102,399001,深证成指,392,93.3,51253911.82,16680413.83,32.54466486105567,84343651.594,28687924.588,34.01314034409294
20231102,000300,沪深300,285,99.0,93163113.7,25740833.6,27.62985539844618,149542065.418,36977867.625,24.72740196655668
20231102,000016,上证50,49,98.0,27843285.21,6872539.720000001,24.682934029392865,55161303.123,18784903.18,34.05449493844076
20231102,399006,创业板,97,97.0,19397731.71,7152501.2,36.87287414287059,52445945.216,12080256.699,23.033728630968792
20231102,000688,科创50,48,96.0,3178687.19,1163943.56,36.61711550799058,13777370.791,4854680.905,35.236628081254054
20231102,STAR,科创板,83,95.4,1741384.45,570730.01,32.774497900219565,6889009.554,1489936.0629999998,21.627725311179034
20231102,000905,中证500,412,96.0,67371459.62,22615420.24,33.568250365302085,86402409.593,27345294.854,31.648764175455835
20231102,000852,中证1000,730,94.6,105290182.42,38707230.63,36.76243096967749,123876803.653,41776701.076,33.72439378806031
20231102,399330,深证100,98,98.0,30540420.14,9516237.37,31.1594841406134,63114149.964,12858787.008,20.37385755069915
20231103,000001,上证指数,423,97.7,68130697.97,27165538.14,39.87268433968166,88839449.226,33555569.031,37.77102325976548
20231103,399001,深证成指,392,93.3,53197971.02,16222844.89,30.4952323912898,89844010.402,29927080.877,33.31004564811123
20231103,000300,沪深300,285,99.0,98983678.65,25580630.95,25.84328173986288,167304915.295,41683943.118,24.914954258517085
20231103,000016,上证50,49,98.0,27300962.6,6659362.41,24.39240882297681,56256157.814,16396521.536,29.146180921583547
20231103,399006,创业板,97,97.0,20089978.36,6135433.819999999,30.539773164793,57540142.102,13957602.549,24.25715689797516
20231103,000688,科创50,48,96.0,3968259.26,1197097.13,30.16680744795893,17090672.024,5016113.211,29.35000568705548
20231103,STAR,科创板,83,95.4,2072428.19,701082.45,33.829034626285406,8649152.184,2099610.618,24.27533442970345
20231103,000905,中证500,412,96.0,70396269.9,21667712.35,30.7796313366882,92424946.901,24087584.094,26.061777584574823
20231103,000852,中证1000,730,94.6,114335510.96,41502011.66,36.29844421171948,138101920.377,45773905.753,33.14501755518191
20231103,399330,深证100,98,98.0,36226749.77,12234987.75,33.773352088384165,75227877.37,14876901.809,19.77578303297008
20231106,000001,上证指数,422,97.5,96571414.36,39703392.1,41.1129860353844,121293939.496,44198598.999,36.43924765132851
20231106,399001,深证成指,392,93.3,74161521.62,23146944.06,31.211527965410152,126167861.943,41204814.532,32.65872457331128
20231106,000300,沪深300,285,99.0,154739393.32,41563877.9,26.860566665171152,251539032.084,56215827.965,22.34874941644328
20231106,000016,上证50,49,98.0,43818117.54,9527761.5,21.74388594239004,79992610.481,19021480.315,23.779046840230347
20231106,399006,创业板,97,97.0,26705976.49,8106887.859999999,30.35608101817812,80324207.925,21544336.029,26.821722349402176
20231106,000688,科创50,48,96.0,5334951.64,2040543.58,38.24858626084941,21890727.881,6206959.687,28.354286439179184
20231106,STAR,科创板,83,95.4,2689920.06,994787.55,36.98204882713132,10902586.742,2376922.154,21.801451437606
20231106,000905,中证500,410,95.6,107977602.83,37806951.39,35.01369765498803,129974545.294,32883513.204,25.299964027277884
20231106,000852,中证1000,730,94.6,140782487.52,50131749.21,35.609364554577944,172158980.735,55280042.139,32.10988000915919
20231106,399330,深证100,98,98.0,54573244.14,19120817.59,35.0369817505227,109500084.241,22573185.736,20.61476563462584
20231107,000001,上证指数,422,97.5,74474315.76,29980630.78,40.25633599188102,98160061.499,38020560.328,38.7332279008274
20231107,399001,深证成指,392,93.3,62972826.93,19864559.22,31.544652175264822,107342697.307,38595649.913,35.95554321000197
20231107,000300,沪深300,285,99.0,119303764.59,32931445.0,27.603022514144783,205217918.844,51646560.577,25.16669151891168
20231107,000016,上证50,49,98.0,29887978.4,6138710.44,20.53906208658127,63906091.088,17898269.154,28.00714118057028
20231107,399006,创业板,97,97.0,22723480.65,7034081.359999999,30.9551228895913,70536502.306,21321168.146,30.22714119493046
20231107,000688,科创50,48,96.0,4651147.37,1717892.1,36.9348026054913,20503202.289,6198416.547,30.23145584592637
20231107,STAR,科创板,83,95.4,2495913.27,941915.0,37.73829048154386,10820622.655,3286328.472,30.370973804187244
20231107,000905,中证500,411,95.8,93683416.45,35821394.69,38.236644272167766,111106415.849,33165764.028,29.85044902634081
20231107,000852,中证1000,730,94.6,130313934.65,50483882.04,38.74020240091031,166294553.854,61565083.65,37.02170770069337
20231107,399330,深证100,98,98.0,44808320.62,15172106.1,33.860019500994184,94841092.629,23496949.794,24.775072853615804
20231108,000001,上证指数,422,97.5,77602084.2,31236067.36,40.251583036734985,103249906.439,40172724.787,38.90824328323632
20231108,399001,深证成指,392,93.3,63144654.26,20995541.89,33.249911866727835,110161246.927,38002632.849,34.49727913318103
20231108,000300,沪深300,285,99.0,115816260.41,31494209.61,27.19325377844844,203125273.3,50694381.43,24.95720035543209
20231108,000016,上证50,49,98.0,28794101.04,5826100.08,20.23365852577421,63042617.324,13176914.153,20.90159754199104
20231108,399006,创业板,97,97.0,25186816.46,8236108.68,32.70007820591392,71595371.771,19320898.314,26.98623924434457
20231108,000688,科创50,48,96.0,6063161.0,2553394.17,42.11325033262352,25828094.936,8353547.884,32.3428727697472
20231108,STAR,科创板,83,95.4,2532215.87,846006.87,33.40974519680267,11525246.143,3067971.872,26.619577872212048
20231108,000905,中证500,411,95.8,91568616.01,33979789.67,37.10855438318424,113712759.618,34523646.454,30.36039805029508
20231108,000852,中证1000,730,94.6,138436455.22,54901481.81,39.6582545563969,173478856.202,60969511.191,35.145211656230124
20231108,399330,深证100,98,98.0,39959896.56,11720120.08,29.32970575237144,85636984.971,19007949.339,22.195958142894487
20231109,000001,上证指数,422,97.5,80529815.91,36335879.29,45.12102614342112,105108773.122,45297350.099,43.09568911666703
20231109,399001,深证成指,392,93.3,58451940.01,20596952.51,35.2374147145095,105669674.794,44166491.973,41.79675205691823
20231109,000300,沪深300,285,99.0,112070552.35,36112166.36,32.22270757372599,192373713.156,60231164.093,31.30945652858364
20231109,000016,上证50,49,98.0,31541562.76,7723598.569999999,24.4870510341194,63289910.857,19995570.256,31.593614187858265
20231109,399006,创业板,97,97.0,20218588.31,5812634.09,28.748961108848057,59810253.784,15305699.055,25.59042653501408
20231109,000688,科创50,48,96.0,6127322.74,3396831.6100000003,55.43745211632185,20457803.782,7174185.745999999,35.068210754432386
20231109,STAR,科创板,83,95.4,2002900.92,610285.5800000001,30.470083362885475,9488489.607,2442365.517,25.740298173464605
20231109,000905,中证500,411,95.8,77889518.56,26683126.77,34.25766041864208,98169736.778,27844749.076,28.36388279105588
20231109,000852,中证1000,730,94.6,123629194.32,48013462.33,38.8366700875868,161779731.894,62538512.405,38.65658056966986
20231109,399330,深证100,98,98.0,35910859.64,12648175.78,35.22103315486101,82394566.899,26924513.535,32.67753511952349
20231110,000001,上证指数,423,97.7,75663862.57,34871489.27,46.087376569942926,93093292.253,39561887.975,42.497033908181606
20231110,399001,深证成指,392,93.3,47567693.39,15466422.19,32.514551553284804,86212049.875,34703476.579,40.25362652821391
20231110,000300,沪深300,285,99.0,106192638.47,34539623.02,32.52544010360722,178906802.423,56830931.171,31.765662569180154
20231110,000016,上证50,49,98.0,28187022.7,7151155.89,25.370383974608284,58314871.804,18235977.67,31.271572938190257
20231110,399006,创业板,97,97.0,18606557.95,5871131.76,31.554099236285666,55200427.387,17094277.235,30.967653774046312
20231110,000688,科创50,48,96.0,4548575.32,1784946.1,39.241871892318144,19037695.606,6823879.174000001,35.84403971586435
20231110,STAR,科创板,83,95.4,1782088.05,557968.56,31.30981996091608,8175002.728,2116772.876,25.89323754902116
20231110,000905,中证500,412,96.0,71104112.04,23063029.87,32.435578208227625,86365483.83,22575509.472,26.139504430308243
20231110,000852,中证1000,730,94.6,107445287.79,40135794.15,37.35463413569586,134117443.188,49308934.187,36.7654892718771
20231110,399330,深证100,98,98.0,33256480.1,10839511.04,32.59368101316291,74923661.324,22470639.087,29.99137881133162
20231113,000001,上证指数,423,97.7,70530338.16,27931003.78,39.60140346504189,87099275.461,31608312.286,36.28998303223899
20231113,399001,深证成指,392,93.3,52760405.28,16104487.25,30.523812629060227,96531047.086,35887683.773,37.1773484866765
20231113,000300,沪深300,285,99.0,103542406.56,27418833.51,26.4807767377046,180190432.189,51642130.514,28.659751734117084
20231113,000016,上证50,49,98.0,24957802.92,5374764.609999999,21.535407692849912,48344539.663,10524958.972,21.77072952885136
20231113,399006,创业板,97,97.0,20388036.7,6340309.94,31.098187791667065,63618038.388,21602063.616,33.955878180731055
20231113,000688,科创50,48,96.0,3805573.34,1292436.5699999998,33.961678163322425,16408006.847,4537344.973,27.653236711255992
20231113,STAR,科创板,83,95.4,1885593.0,580081.68,30.76388594993724,8541916.528,2152851.58,25.20337880782438
20231113,000905,中证500,412,96.0,75788367.61,23181566.34,30.58723531200753,93247260.912,23182839.69,24.86168436827145
20231113,000852,中证1000,730,94.6,109888487.59,36607400.06,33.31322585545469,138878306.517,44344554.378,31.93051203614138
20231113,399330,深证100,98,98.0,33174649.5,8010407.51,24.146170737990765,81642696.889,21721126.767,26.605106879959724
20231114,000001,上证指数,423,97.7,71147407.09,28612182.38,40.21535506389738,91566121.755,36879758.503,40.276641399837565
20231114,399001,深证成指,392,93.3,54206541.13,17903800.02,33.02885527608649,94291905.807,33960606.723,36.01646019597034
20231114,000300,沪深300,285,99.0,105473826.17,30343289.13,28.76854877824709,181535383.506,53643491.347,29.54988185277225
20231114,000016,上证50,49,98.0,26627584.9,6103746.14,22.92264267646744,51597321.399,10972111.523,21.264885900089865
20231114,399006,创业板,97,97.0,19769873.54,7311393.57,36.982500445473256,64171846.717,22862971.671,35.627729044212295
20231114,000688,科创50,48,96.0,4669575.22,1893780.19,40.55572725092541,19478010.386,6586572.738,33.81542882189939
20231114,STAR,科创板,83,95.4,1993343.7,654443.62,32.83144898694591,9159284.15,2321993.985,25.35126050216489
20231114,000905,中证500,412,96.0,80568588.51,27565431.19,34.21362059306604,95237749.209,24831716.429,26.07339698306666
20231114,000852,中证1000,730,94.6,115916756.31,41620825.17,35.90578833891112,146492627.355,49194918.269,33.5818390025762
20231114,399330,深证100,98,98.0,33918251.95,11012474.79,32.46769558240751,74100752.197,18502700.242,24.96965239004563
20231115,000001,上证指数,423,97.7,71252412.19,26717243.81,37.49661658998495,97799332.236,37328939.722,38.16891063419674
20231115,399001,深证成指,392,93.3,60493436.96,19207247.93,31.75096158398205,105706319.065,36410110.319,34.44459199890502
20231115,000300,沪深300,285,99.0,112360272.22,29551473.51,26.30064250123797,201695983.672,57444683.758,28.48082679297032
20231115,000016,上证50,49,98.0,28578329.44,5656483.96,19.7929132697408,59974267.822,16979346.765,28.31105302593052
20231115,399006,创业板,97,97.0,21047689.29,6354678.57,30.191810998555464,70496322.356,21711915.049,30.79864923925649
20231115,000688,科创50,48,96.0,4437641.9,1736612.52,39.133678632338494,19782917.299,6375976.083000001,32.229705996507896
20231115,STAR,科创板,83,95.4,1972969.36,509972.99,25.847993402188465,9719929.657,2264918.156,23.30179575290316
20231115,000905,中证500,412,96.0,85065529.85,26907326.51,31.63129243707403,109050099.537,27432569.471,25.15593253694584
20231115,000852,中证1000,730,94.6,120862694.34,40566473.93,33.56409862573646,161140587.218,52014696.093,32.27907815839818
20231115,399330,深证100,98,98.0,38483248.78,11381054.81,29.57404889348846,86571524.246,20436875.068,23.60692530944351
20231116,000001,上证指数,423,97.7,63306635.17,26601790.96,42.02054158867404,80767333.759,31875903.127,39.466330809079146
20231116,399001,深证成指,392,93.3,49632679.72,15882017.8,31.9991140708048,89996994.307,32994611.367,36.66190367919173
20231116,000300,沪深300,285,99.0,89240015.28,26101981.56,29.24918992685318,150077557.957,40858302.587,27.22479172982456
20231116,000016,上证50,49,98.0,24229732.38,6873382.87,28.36755586980198,42815264.867,10147641.893,23.700990580164145
20231116,399006,创业板,97,97.0,19069096.64,7115879.67,37.31629140246467,57871688.451,18009813.074,31.12024818361559
20231116,000688,科创50,48,96.0,3542980.29,1439816.48,40.6385687231695,14465448.865,4517446.305,31.229216232136604
20231116,STAR,科创板,83,95.4,1838545.51,631556.54,34.35087880963034,7881896.957,1780262.565,22.586727214429374
20231116,000905,中证500,411,95.8,71208655.23,24534229.36,34.45399899879558,87196602.962,24484926.968,28.080138602039867
20231116,000852,中证1000,730,94.6,105457566.52,37716367.01,35.76449585800664,138383050.562,46271623.028,33.43734860597602
20231116,399330,深证100,98,98.0,27631220.5,7647736.32,27.67788096801588,63159531.006,13913552.305,22.029220425462384
20231117,000001,上证指数,423,97.7,61269417.81,25297032.15,41.28818757254648,79499970.333,31838254.74,40.04813411456597
20231117,399001,深证成指,392,93.3,48051812.84,15492599.39,32.24144621054426,87592660.981,32137501.93,36.68971985788974
20231117,000300,沪深300,285,99.0,90662452.49,25647652.21,28.28916657954837,153379856.89000002,45245830.703,29.49919997346791
20231117,000016,上证50,49,98.0,23288327.45,6019349.67,25.847067304097017,42589585.349,10413361.907,24.45048906127588
20231117,399006,创业板,97,97.0,17225484.32,5778911.59,33.548616007796525,54495320.7,18269654.029,33.52517939948558
20231117,000688,科创50,48,96.0,2606567.33,790681.51,30.334206252788416,12242921.065,4004093.131,32.70537406670766
20231117,STAR,科创板,83,95.4,1644749.62,523893.25,31.85246213949573,7365260.95,2021563.033,27.447269644940413
20231117,000905,中证500,411,95.8,67572575.8,24262561.03,35.90592891088222,81572937.809,23432974.226,28.72640713378184
20231117,000852,中证1000,730,94.6,107551959.24,38381833.99,35.68678270597723,138194749.33,44508247.493,32.20690200516752
20231117,399330,深证100,98,98.0,28884402.35,8185043.73,28.33724454748845,67482341.472,18797447.752,27.85535792322722
20231120,000001,上证指数,423,97.7,65906488.77,25544029.89,38.75798933720073,87748585.684,30095644.448,34.29758350337448
20231120,399001,深证成指,392,93.3,54117979.49,15996465.44,29.558504568626493,100287513.565,35657854.082,35.555626831737975
20231120,000300,沪深300,285,99.0,94209256.83,24341888.41,25.83810681568668,170882691.691,47470485.987,27.7795752848035
20231120,000016,上证50,49,98.0,23161855.32,5376707.890000001,23.213632136615907,46974237.32,10197302.557,21.70828764612713
20231120,399006,创业板,97,97.0,19176219.84,5395693.56,28.13742022682193,61024432.997,17743629.8,29.076271467974617
20231120,000688,科创50,48,96.0,3615916.05,1151100.46,31.83426949306525,17497557.91,5754146.1620000005,32.88542430661971
20231120,STAR,科创板,83,95.4,2101101.66,629559.31,29.96329601681434,10322227.419,3041472.714,29.46527518277303
20231120,000905,中证500,411,95.8,76860903.94,26280705.92,34.19255378588253,97210101.719,24809024.874,25.52103581345292
20231120,000852,中证1000,730,94.6,120477147.28,39318036.71,32.635265357521504,156638583.852,45952401.149,29.336578522963496
20231120,399330,深证100,98,98.0,32520579.92,8798467.94,27.05507700552715,77596138.041,19484512.06,25.11015696387472
20231121,000001,上证指数,423,97.7,78112445.17,29308311.28,37.520668078197865,99379606.986,35505938.859,35.72759033349956
20231121,399001,深证成指,392,93.3,61795759.4,20141498.22,32.59365758356552,106879322.236,40554927.851,37.94459676816695
20231121,000300,沪深300,285,99.0,109275849.04,29247901.7,26.7652019700107,182601077.039,47557384.477,26.044416193034102
20231121,000016,上证50,49,98.0,28608486.81,6632014.369999999,23.181982374830817,52440298.663,11865602.366,22.62687793266125
20231121,399006,创业板,97,97.0,20533385.58,6804816.48,33.140255675265024,61133107.575,16644437.053,27.22655155813907
20231121,000688,科创50,48,96.0,3185789.48,1118436.4,35.10704040619784,13932988.1,3927463.004,28.188231955785565
20231121,STAR,科创板,83,95.4,1930014.79,605897.4299999999,31.39340864843839,9013921.116,2378766.574,26.38992002911599
20231121,000905,中证500,412,96.0,86100491.9,29505105.24,34.26821913429742,103156433.116,25412987.685,24.635388135631786
20231121,000852,中证1000,730,94.6,129423921.27,44046356.52,34.032624021730825,164279412.261,50797096.434,30.921157882702783
20231121,399330,深证100,98,98.0,35567993.94,9340756.79,26.261691355877463,79817286.978,17446877.031,21.858519240085013
20231122,000001,上证指数,423,97.7,61930395.62,21426318.8,34.59741954737412,77681334.306,26052300.497,33.53740088239931
20231122,399001,深证成指,392,93.3,52148488.57,16181817.83,31.030271967094137,88792095.494,31457892.395,35.42870817495879
20231122,000300,沪深300,285,99.0,85183730.01,25227230.43,29.615080751968115,142335182.885,38200097.177,26.83812702012253
20231122,000016,上证50,49,98.0,23698622.29,7464069.51,31.495795066321552,38807890.762,8600262.868999999,22.161119040824616
20231122,399006,创业板,97,97.0,18357148.63,7360708.13,40.09723012195277,51267331.256,15157101.613,29.564834450449595
20231122,000688,科创50,48,96.0,2800252.33,859424.98,30.690983480049454,12405386.232,4117535.127,33.19151092916975
20231122,STAR,科创板,83,95.4,1683870.79,620940.5900000001,36.87578605719505,7332109.244,1969051.427,26.855183978761787
20231122,000905,中证500,412,96.0,77395448.97,31187030.73,40.29569069634664,86987976.213,25845837.874,29.711965951148823
20231122,000852,中证1000,730,94.6,125299821.93,50915290.47,40.634766822289926,152432546.957,53935829.144,35.38340742887073
20231122,399330,深证100,98,98.0,28273633.04,7493965.18,26.505137027837723,65752159.273,16823184.702,25.58575244981825
20231123,000001,上证指数,423,97.7,61073942.91,21543694.79,35.27477310863537,75513409.564,25994339.714,34.42347506765534
20231123,399001,深证成指,392,93.3,49253903.32,15936994.92,32.35681610137208,81810407.384,27962334.55,34.179434431552174
20231123,000300,沪深300,285,99.0,83938621.22,27321809.75,32.549748081268284,143496105.134,45421652.620000005,31.653578734826432
20231123,000016,上证50,49,98.0,20125109.19,5343807.88,26.55293856818076,36701302.481,8251206.148,22.482052652686075
20231123,399006,创业板,97,97.0,15685653.97,5850709.81,37.29975059496993,44317365.802,12410605.366,28.003932863356063
20231123,000688,科创50,48,96.0,2816798.96,1178002.07,41.82059446656427,11506091.638,3395266.308,29.50842401417001
20231123,STAR,科创板,83,95.4,1501391.07,490222.92,32.65124788573573,6927366.454,1918304.561,27.69168592044576
20231123,000905,中证500,412,96.0,68080815.84,24296242.26,35.68735474189935,77575586.067,20371724.813,26.26048457488349
20231123,000852,中证1000,730,94.6,110647315.55,42264374.88,38.1973793669683,131982658.449,42650017.223,32.314864486140486
20231123,399330,深证100,98,98.0,32632690.81,13650633.55,41.831161363551686,71763646.499,26423353.493,36.81997053113543
20231124,000001,上证指数,423,97.7,60072715.82,21768728.04,36.23729632139012,72698023.593,24629560.176,33.87927065787735
20231124,399001,深证成指,392,93.3,46816458.55,14091220.51,30.098860414549662,81737973.406,29313057.02,35.862226329492366
20231124,000300,沪深300,285,99.0,84406798.23,26168068.44,31.00232325919372,142364763.49,43304971.913,30.418321817422072
20231124,000016,上证50,49,98.0,21210180.98,5885978.52,27.75072275691633,38334458.811,8463710.223000001,22.07859582609096
20231124,399006,创业板,97,97.0,14897856.23,5082822.44,34.11781105636297,42534603.706,11364781.936,26.7189087138406
20231124,000688,科创50,48,96.0,2705572.81,800725.3200000001,29.59540830098748,13181381.826,4515327.156,34.25533996059208
20231124,STAR,科创板,83,95.4,1413394.4,423984.37,29.99759798114384,6580770.735,1848122.812,28.08368330126911
20231124,000905,中证500,412,96.0,75215145.6,30912472.25,41.09873351092735,77867194.594,20116395.733,25.83423717508638
20231124,000852,中证1000,730,94.6,104622734.37,36843970.14,35.2160267668982,125953214.752,37477682.133,29.75524063184334
20231124,399330,深证100,98,98.0,30127258.1,10961184.99,36.3829491340269,69052491.841,24340305.449,35.248989283465534
20231127,000001,上证指数,423,97.7,74360690.88,29056206.84,39.07468649920107,90772402.982,34146120.918,37.61729313783961
20231127,399001,深证成指,392,93.3,47988166.12,13472789.21,28.07523249859084,84685881.343,29699720.906,35.07045145543016
20231127,000300,沪深300,285,99.0,98369053.48,26248089.21,26.68327922392448,157874840.668,39094046.856,24.76268333230632
20231127,000016,上证50,49,98.0,29056822.91,7550756.47,25.986173689351915,52740066.264,14351751.83,27.21223700812148
20231127,399006,创业板,97,97.0,14808013.57,4700781.13,31.74484617925698,46038868.813,12870527.157,27.955784946144785
20231127,000688,科创50,48,96.0,3954611.41,1403979.54,35.50233877467116,16692305.355,4782084.724,28.64843784185615
20231127,STAR,科创板,83,95.4,1864414.93,787187.23,42.22167594420626,7429173.089,2078212.165,27.97366732614029
20231127,000905,中证500,412,96.0,72779965.14,23948997.83,32.906030916518795,86959808.49,21475507.654,24.695900355472368
20231127,000852,中证1000,730,94.6,106660824.1,37535419.02,35.19138290625678,125745796.944,37860641.578,30.1088724220826
20231127,399330,深证100,98,98.0,28325935.33,7842772.58,27.687603211088742,66103294.664,16674649.396,25.22514116846441
20231128,000001,上证指数,423,97.7,60157579.32,22226309.75,36.94681534935139,78857371.983,29110658.917,36.91558339437897
20231128,399001,深证成指,393,93.6,42290693.2,10454112.55,24.71965285733363,75152128.111,23913263.951,31.81980943464437
20231128,000300,沪深300,285,99.0,88278144.67,28182078.67,31.92418551086434,148209591.897,47633609.041,32.1393564554874
20231128,000016,上证50,49,98.0,22078127.39,5153539.51,23.34228541653505,42201899.73,11894666.466,28.185144607470026
20231128,399006,创业板,97,97.0,13482689.2,3671692.35,27.232641022385952,41637928.524,10566447.213,25.37697620310176
20231128,000688,科创50,48,96.0,3741077.64,1362784.23,36.427584806820526,16339472.714,5022905.967,30.74093059744988
20231128,STAR,科创板,83,95.4,1710510.76,579601.31,33.88469242952906,7468849.749,1970596.793,26.38420719688252
20231128,000905,中证500,412,96.0,66981730.23,23633970.29,35.28420392970789,80532016.424,20363423.941,25.28612202355253
20231128,000852,中证1000,729,94.4,95072174.72,33014199.63,34.72540701549232,114633083.687,34261910.235,29.88832641766007
20231128,399330,深证100,98,98.0,34491028.37,16812748.07,48.74527917707315,72713058.283,29277629.707,40.26461050923089
20231129,000001,上证指数,424,97.9,66637308.56,24911816.97,37.384188389855936,83526279.506,30644116.802,36.6879944650219
20231129,399001,深证成指,393,93.6,47599142.61,14741032.2,30.96911286990932,79861308.815,27447050.228,34.36839520321603
20231129,000300,沪深300,285,99.0,97826897.12,30645978.4,31.32674070445872,156612046.033,47109497.989,30.08037962742245
20231129,000016,上证50,49,98.0,27945121.93,6676965.38,23.893133823946783,47059580.75,9952545.1,21.148818033190828
20231129,399006,创业板,97,97.0,12857045.59,3441237.59,26.76538374163142,41784070.83,10974031.781,26.26367312473752
20231129,000688,科创50,48,96.0,3899654.63,1155593.22,29.63321959616716,17322356.588,5724799.73,33.048619573885425
20231129,STAR,科创板,84,96.6,1910997.96,794881.57,41.59510301099432,8815898.532,3289454.292,37.31275127611689
20231129,000905,中证500,412,96.0,66380111.18,21818000.01,32.868278799408905,80624623.015,19503164.871,24.19008504061034
20231129,000852,中证1000,731,94.7,99109699.23,34707164.68,35.01893855964232,117159667.384,33545880.011,28.63261799903438
20231129,399330,深证100,98,98.0,33858072.99,14112232.2,41.68055342124183,69643416.661,26357038.126,37.84569940658845
20231130,000001,上证指数,424,97.9,64955136.75,24462048.06,37.65991310918147,79362932.389,27832198.978,35.06951940936302
20231130,399001,深证成指,393,93.6,43212847.38,10931232.27,25.296255472068825,74804852.329,22648905.171,30.277320876709464
20231130,000300,沪深300,285,99.0,101280567.05,30657273.39,30.269650223092825,158097918.353,43920709.002,27.780700378315
20231130,000016,上证50,49,98.0,28971403.81,6684018.53,23.071089595226628,47787392.803,10148442.525,21.23665245106844
20231130,399006,创业板,97,97.0,13315028.24,3654575.72,27.446999391418487,43739531.957,12227066.203,27.95426849793531
20231130,000688,科创50,48,96.0,4433829.07,1848645.58,41.69411023325714,17821202.372,6156998.359999999,34.54872590231982
20231130,STAR,科创板,84,96.6,2236097.54,1167439.57,52.208794523337296,7849681.813,2312795.438,29.46355652492484
20231130,000905,中证500,412,96.0,67581933.97,21931276.34,32.45138907941791,80429232.576,18755968.69,23.31984042279269
20231130,000852,中证1000,731,94.7,96159564.84,31551442.18,32.81154842214446,117430891.808,34935076.042,29.74947690861362
20231130,399330,深证100,98,98.0,31798633.96,12682801.11,39.88473569636323,66542403.367,22844990.07,34.33147724467281
20231201,000001,上证指数,424,97.9,70088673.87,26022151.95,37.1274708353959,86894253.67,30495567.957,35.09503410065942
20231201,399001,深证成指,393,93.6,52637277.9,17319566.24,32.90361304948864,91412633.124,32385045.422,35.42731930505724
20231201,000300,沪深300,285,99.0,109426868.27,32972125.62,30.131654264878104,187740845.696,56972860.534,30.34654516591104
20231201,000016,上证50,49,98.0,30697623.88,8104120.23,26.399829060645853,54007386.106,12585098.51,23.30255066464297
20231201,399006,创业板,97,97.0,19152008.7,7943715.48,41.4771923114258,57553301.836,19254405.616,33.454910494737646
20231201,000688,科创50,48,96.0,3817537.83,1276137.27,33.428280918960795,17623092.082,4960989.479,28.150505347850345
20231201,STAR,科创板,84,96.6,2047832.88,873744.25,42.6667751325489,8462612.014,2357916.047,27.862745486845142
20231201,000905,中证500,412,96.0,66746373.54,21054892.51,31.544623914859063,84801651.508,21930582.916,25.861032805394263
20231201,000852,中证1000,731,94.7,108670773.01,39945275.25,36.75806672169728,130161747.341,42807570.523,32.887980837297754
20231201,399330,深证100,98,98.0,38046224.38,13247862.35,34.8204389946354,89614447.735,29007903.051,32.36967228407146
20231204,000001,上证指数,424,97.9,67644631.43,23274288.62,34.406704756880366,85497655.352,27818792.72,32.537491941115846
20231204,399001,深证成指,393,93.6,58639666.99,20281232.44,34.58619989001407,96341196.81,31310821.081,32.49992953974805
20231204,000300,沪深300,285,99.0,100434470.17,27153699.93,27.036235551438065,177468936.27,53483597.396,30.13687832930402
20231204,000016,上证50,49,98.0,27043123.03,6654536.32,24.60712955607184,49102635.245,9461232.553,19.2682785878858
20231204,399006,创业板,97,97.0,19276340.42,6960002.5600000005,36.10645178676503,61401634.697,21073738.285,34.32113556746989
20231204,000688,科创50,48,96.0,3477692.19,1004684.15,28.889392594575767,18126104.28,5465787.327,30.154230840605088
20231204,STAR,科创板,84,96.6,1915292.95,651639.11,34.02294724679063,9117629.35,2902292.661,31.83165875239269
20231204,000905,中证500,412,96.0,70191640.69,20856353.86,29.7134440155227,90533659.537,24774473.667,27.364931224143184
20231204,000852,中证1000,731,94.7,112019379.2,40737542.33,36.36651320595784,136284565.323,44233021.139,32.456368800212935
20231204,399330,深证100,98,98.0,35436680.7,10820156.38,30.533775077867265,83650271.039,26144277.622,31.254265284819983
20231205,000001,上证指数,425,98.2,67167931.54,24907013.83,37.08170440706115,84392946.463,30169538.206,35.748885979738944
20231205,399001,深证成指,393,93.6,51773632.33,16351850.3,31.583355395609345,86871770.795,28191219.976,32.4515313985318
20231205,000300,沪深300,285,99.0,102196456.17,27111566.67,26.5288716322031,174342052.578,47427323.985,27.203605374429777
20231205,000016,上证50,49,98.0,27588626.4,6704350.09,24.301137696366062,49447349.334,10054102.731,20.332945782569578
20231205,399006,创业板,97,97.0,17757030.8,5884447.77,33.13869213990437,55184891.579,16376122.941,29.675011533830308
20231205,000688,科创50,48,96.0,3575686.18,972020.81,27.18417559787084,17081018.509,5490606.898,32.14449357985881
20231205,STAR,科创板,84,96.6,1675668.02,612522.04,36.5539016493255,7231533.109,2054360.326,28.40836507328228
20231205,000905,中证500,412,96.0,67589663.41,19652559.32,29.07627931328383,84832095.699,19357124.056,22.8181608582236
20231205,000852,中证1000,732,94.8,103586496.21,35873354.05,34.63130365687267,124510839.41,40376266.391,32.42791276833783
20231205,399330,深证100,98,98.0,35033869.85,10701159.34,30.54518209326509,79571143.997,20266775.654,25.47000663301272
20231206,000001,上证指数,425,98.2,69019821.12,28598731.65,41.43553429423898,79768717.454,27788858.914,34.83678790501417
20231206,399001,深证成指,392,93.3,49172576.4,15301441.18,31.117834980881742,83431708.224,28261903.779,33.87429597284712
20231206,000300,沪深300,285,99.0,105130332.15,32218635.52,30.64637470566576,176744756.833,52783620.729,29.864320546081835
20231206,000016,上证50,49,98.0,32311546.17,10315801.51,31.92605347861012,49305915.582,9977348.357,20.235601021152945
20231206,399006,创业板,97,97.0,18721606.89,6832574.5,36.49566268614242,56495357.419,16727792.318,29.60914503812708
20231206,000688,科创50,48,96.0,3893250.64,1231597.72,31.63417498340153,18657144.897,6559259.63,35.15682418832854
20231206,STAR,科创板,84,96.6,1731468.56,680023.37,39.27437007576967,7212650.768,1972420.267,27.34667642236245
20231206,000905,中证500,411,95.8,63601792.09,17696375.99,27.82370654738574,83062996.394,21166704.002,25.482711822239253
20231206,000852,中证1000,732,94.8,105626059.29,40426731.47,38.27344477465263,123039633.021,42488514.597,34.53238078965028
20231206,399330,深证100,98,98.0,34856322.58,11428837.81,32.788421049780176,84749752.542,27315626.625,32.230921985834726
20231207,000001,上证指数,425,98.2,68961524.04,25781757.65,37.385713278386525,81711576.789,28415775.723,34.77570356569759
20231207,399001,深证成指,392,93.3,49454889.95,15321340.06,30.98043504998235,84656549.782,28361297.24,33.501598296922666
20231207,000300,沪深300,285,99.0,101050452.55,27325995.72,27.041933044762008,176081170.21,49874856.779,28.32492351085449
20231207,000016,上证50,49,98.0,28436834.33,8208682.52,28.86637248274885,52371987.259,14303841.607,27.31200849084053
20231207,399006,创业板,97,97.0,19883428.67,6982621.83,35.11779555673584,60380637.55,18712212.705,30.9904192209047
20231207,000688,科创50,48,96.0,4530915.13,1557840.24,34.38246348260335,23297067.996,8340326.22,35.79989645663564
20231207,STAR,科创板,84,96.6,1908953.44,769592.12,40.31487116836124,8001366.36,2143387.301,26.78776604599817
20231207,000905,中证500,411,95.8,65061321.61,17695440.14,27.198095123355422,86577601.384,23102884.379,26.68459741282407
20231207,000852,中证1000,732,94.8,107382310.11,40621500.96,37.828857395960526,127325461.638,45641475.149,35.84630643536454
20231207,399330,深证100,98,98.0,31597841.34,8681566.89,27.475189828901144,81992669.224,22567308.076,27.523568008680392
20231208,000001,上证指数,425,98.2,82915600.9,30518094.15,36.80621477592162,93156298.44,28207967.9,30.28025841770447
20231208,399001,深证成指,392,93.3,59413279.71,18947059.76,31.89027748086254,106760515.725,40260938.445,37.711449941574365
20231208,000300,沪深300,285,99.0,136825451.24,42444996.2,31.021272588788285,238337560.526,71151172.869,29.853109477151925
20231208,000016,上证50,49,98.0,34377553.0,10026269.87,29.16516446065839,64867439.676,16006090.655,24.67507694915546
20231208,399006,创业板,97,97.0,25324167.03,7705145.04,30.42605520202178,84318579.837,26073679.063,30.92281572270808
20231208,000688,科创50,48,96.0,7516192.53,2683183.1,35.69870102835166,39717415.993,15201165.172,38.27329848114774
20231208,STAR,科创板,84,96.6,2549633.41,1038484.01,40.73071861730899,11046740.976,3391492.991,30.70129912856934
20231208,000905,中证500,411,95.8,85588437.78,23948872.29,27.98143407122251,113301902.609,28637886.137,25.27573277902324
20231208,000852,中证1000,732,94.8,118536071.77,42276994.74,35.665931989067126,140867067.462,45943183.599,32.61456664553163
20231208,399330,深证100,98,98.0,43141572.72,12838033.6,29.75791745776671,110165030.539,29912219.901,27.152191357502183
20231211,000001,上证指数,425,98.2,90005854.48,33792438.45,37.54471155818974,102023467.339,33244962.782,32.58560373324188
20231211,399001,深证成指,392,93.3,58563927.49,18821797.14,32.138891544140186,102129070.937,38552077.471,37.74838752306039
20231211,000300,沪深300,285,99.0,140999874.96,41441057.92,29.390847283911665,227306454.562,59533177.194,26.19071126190205
20231211,000016,上证50,49,98.0,36660962.24,9986214.26,27.239367572038937,61446680.44,13338004.744,21.70663190995969
20231211,399006,创业板,97,97.0,21917663.44,7414230.26,33.82764901147692,68242824.819,19783016.746,28.98915277682359
20231211,000688,科创50,48,96.0,4967663.99,1622153.4,32.65424962850597,23876985.577,7384125.836999999,30.92570380455777
20231211,STAR,科创板,84,96.6,2133546.26,728936.13,34.16547105943698,9337480.503,2355373.571,25.224936964990203
20231211,000905,中证500,411,95.8,89913325.93,24155445.48,26.8652563234127,107266976.465,24210577.874,22.57039274515176
20231211,000852,中证1000,732,94.8,112814480.91,35200391.58,31.20201528745393,131546214.147,37062842.581,28.17476946891309
20231211,399330,深证100,98,98.0,46211261.97,16113569.95,34.869357085423914,103204626.942,24130115.6,23.380846687775826
20231212,000001,上证指数,425,98.2,70364573.29,28149647.35,40.00542607426078,79086541.708,26117146.222,33.02350268194635
20231212,399001,深证成指,392,93.3,49630481.83,17570818.93,35.403280971934905,84503747.01099999,31096187.732,36.79859039617753
20231212,000300,沪深300,285,99.0,108150821.45,33265781.54,30.758695212850828,177135686.383,50326688.314,28.41137736931475
20231212,000016,上证50,49,98.0,30119652.22,9015494.33,29.93226569865089,49886983.268,10673171.022,21.39470122829877
20231212,399006,创业板,97,97.0,17967730.91,6010670.12,33.45258313421614,58943293.477,19572453.383,33.20556458325031
20231212,000688,科创50,48,96.0,3662726.37,951814.22,25.98649540942912,19262505.8,6666102.381,34.60662101916148
20231212,STAR,科创板,84,96.6,1507746.24,498670.82,33.0739223067139,6817241.913,1672694.706,24.53623807613881
20231212,000905,中证500,411,95.8,62710598.33,17072853.44,27.22482944614572,81686170.557,19342088.732,23.678535301765965
20231212,000852,中证1000,732,94.8,95451526.82,33026507.69,34.6002927247885,114588531.599,35486431.059,30.96857125561567
20231212,399330,深证100,98,98.0,34487253.64,10862754.26,31.497881430027373,78781137.812,21202826.794,26.913582848470067
20231213,000001,上证指数,425,98.2,65263023.77,23657879.2,36.25005069237232,80250804.342,28701247.843,35.764436354663346
20231213,399001,深证成指,393,93.6,46296741.54,15254984.77,32.95045021002141,81306046.656,30431584.721,37.42843979335736
20231213,000300,沪深300,285,99.0,94837562.81,27354338.24,28.84335850637829,166285326.63,45352125.221,27.27367840573968
20231213,000016,上证50,49,98.0,26342396.85,7096166.83,26.938197273419327,50241182.818,11923918.431,23.733355311706543
20231213,399006,创业板,97,97.0,15983987.39,5267379.97,32.954104889343256,49707914.002,13173584.089,26.501985354826925
20231213,000688,科创50,48,96.0,3451271.72,1063555.04,30.81632297557841,17282083.904,5465000.742000001,31.622348163320208
20231213,STAR,科创板,84,96.6,1454523.25,489179.8,33.63162465777017,6370292.798,1455420.487,22.846995156281352
20231213,000905,中证500,412,96.0,56667564.38,13820191.3,24.38818652470201,76944638.105,18748747.363,24.366541743188304
20231213,000852,中证1000,732,94.8,89575187.94,29543634.08,32.98193926178437,109147758.5,34137921.3,31.276795574322303
20231213,399330,深证100,98,98.0,29797279.66,9046582.68,30.360431499873368,71265295.86400001,18716063.605,26.26252143921079
20231214,000001,上证指数,425,98.2,56132767.55,19243940.4,34.28289970356184,71606819.096,25588960.932,35.735368858787105
20231214,399001,深证成指,393,93.6,43773238.67,14174095.05,32.38073188245544,75578444.328,28031706.101,37.08955159138533
20231214,000300,沪深300,285,99.0,84117586.63,22642695.75,26.91790938985954,152764570.819,45165175.804,29.56521630759074
20231214,000016,上证50,49,98.0,22470762.01,5037624.16,22.418572889331223,46847741.982,12678590.729,27.063397706278803
20231214,399006,创业板,97,97.0,14627837.16,4323100.58,29.553928805152218,47061496.064,14204913.51,30.18372703384188
20231214,000688,科创50,48,96.0,2858988.61,730449.05,25.54921161438276,14869999.583,4150274.011,27.91038417879153
20231214,STAR,科创板,84,96.6,1348113.03,438595.07,32.533998280544765,6019197.792,1282869.739,21.312968660126728
20231214,000905,中证500,412,96.0,54403186.88,15238622.33,28.010532477835604,69309766.368,16628068.44,23.99094573730536
20231214,000852,中证1000,732,94.8,90482241.72,31665381.53,34.99623896144115,106474878.928,34634489.917,32.52832054443602
20231214,399330,深证100,98,98.0,29552023.16,9188905.19,31.09399698372461,71086594.414,19011594.027,26.744274618472648
20231215,000001,上证指数,425,98.2,65399643.8,24327579.17,37.19833588757253,78563639.648,28571734.491,36.36763090281212
20231215,399001,深证成指,393,93.6,47866863.48,16277747.36,34.006296165198414,79733765.261,30016244.753,37.64558798238741
20231215,000300,沪深300,285,99.0,95791582.95,25050019.83,26.15054377280233,162435664.289,44630854.103,27.476019073985075
20231215,000016,上证50,49,98.0,28795082.49,6742607.32,23.41582915187544,53704651.855,15016717.446,27.96166985039661
20231215,399006,创业板,97,97.0,16955212.63,6236828.140000001,36.78413403654261,50536700.971,13362341.657,26.440866539087803
20231215,000688,科创50,48,96.0,2959808.83,848185.38,28.656762267987425,13351935.981,3384266.576,25.34663572994853
20231215,STAR,科创板,84,96.6,1321067.08,449432.97,34.020450346851426,5727847.318,1371724.377,23.948340464476043
20231215,000905,中证500,412,96.0,60471053.02,16841515.77,27.850541587939425,74599040.116,16874272.349,22.619959080922285
20231215,000852,中证1000,732,94.8,92044033.97,32898368.76,35.741989286043896,102684725.686,31819030.939,30.98711198421032
20231215,399330,深证100,98,98.0,30533910.61,8657371.5,28.35330073038424,70064865.635,15967382.146,22.789428055398567
20231218,000001,上证指数,424,97.9,66243631.27,25669486.19,38.75011936675796,71234785.237,24225894.3,34.00851735482856
20231218,399001,深证成指,393,93.6,44467140.31,13191053.35,29.66472154053389,68553393.808,20854456.72,30.420750252580987
20231218,000300,沪深300,285,99.0,93020131.36,27303665.82,29.352426642283767,146621005.012,38022552.762,25.932541356463968
20231218,000016,上证50,49,98.0,27167859.92,8150794.040000001,30.001605073057963,44667196.984,12097235.396,27.08304127597997
20231218,399006,创业板,97,97.0,14179701.69,4751761.13,33.51100914450902,46374967.987,16302739.435,35.15417938308883
20231218,000688,科创50,48,96.0,2661304.97,884453.5499999999,33.23382926685024,11667719.815,3210656.688,27.5174304740536
20231218,STAR,科创板,84,96.6,1358836.05,474589.67,34.92619069092257,5325651.5,1092844.469,20.520390209535865
20231218,000905,中证500,412,96.0,60097315.03,17699716.92,29.45175988505389,67154103.509,13564774.166,20.199471748114465
20231218,000852,中证1000,732,94.8,88072913.49,29254476.63,33.21620174779573,95614231.761,26193269.889,27.39473968108997
20231218,399330,深证100,98,98.0,26079505.54,6889546.32,26.417472944159204,62582893.131,17128188.776,27.36880306915001
20231219,000001,上证指数,424,97.9,58437766.28,22221457.21,38.02584976216856,64979712.714,22514344.434,34.648267118529816
20231219,399001,深证成指,393,93.6,39065766.6,11909987.75,30.487019164241868,60989842.343,19663784.62,32.24108124335376
20231219,000300,沪深300,285,99.0,85309297.06,24087985.93,28.23606190666225,138013123.389,36745244.505,26.62445686518583
20231219,000016,上证50,49,98.0,23161285.08,5807835.89,25.07562024274345,40579100.585,9857174.811,24.291259956224085
20231219,399006,创业板,97,97.0,14684251.93,5077079.08,34.57499302111197,45711510.11,14505604.152,31.732935790337645
20231219,000688,科创50,48,96.0,2639007.03,804673.05,30.491508391320966,11696537.219,3547686.385,30.33108276898477
20231219,STAR,科创板,84,96.6,1270467.9,414306.87,32.610573631966616,5131571.241,1033840.276,20.14666127481324
20231219,000905,中证500,412,96.0,59171314.61,20906806.95,35.33267274488901,63303303.398,14314391.111,22.61239199635867
20231219,000852,中证1000,731,94.7,76269298.35,25167088.89,32.99766673414008,86555495.278,26331599.242,30.421637768263988
20231219,399330,深证100,98,98.0,25400094.34,8262686.06,32.53013925616782,59573946.833,16213134.727,27.21514284163392
20231220,000001,上证指数,424,97.9,63364283.5,24057037.68,37.96624273357404,70996547.767,25499420.327,35.916422881131155
20231220,399001,深证成指,393,93.6,40985933.68,12275472.39,29.950451991264725,64680916.764,21167854.517,32.726583938559095
20231220,000300,沪深300,285,99.0,94057017.9,25732801.1,27.35872524404157,144635181.552,37137934.373,25.676971518612145
20231220,000016,上证50,49,98.0,26842376.13,6913400.869999999,25.755547260487628,45002924.347,12167144.141,27.03634112126558
20231220,399006,创业板,97,97.0,13691609.24,4515012.49,32.976492469631715,41815197.417,13072967.155,31.26367436372589
20231220,000688,科创50,48,96.0,2412584.93,745545.6000000001,30.90235666853809,10635794.892,2817663.622,26.49227115238356
20231220,STAR,科创板,84,96.6,1296635.16,422336.62,32.57173899248576,5030005.491,966956.291,19.22376213565052
20231220,000905,中证500,412,96.0,59897154.07,19044903.81,31.796007849960272,66300520.056,14734467.117,22.223757980412064
20231220,000852,中证1000,731,94.7,79907267.25,27894320.91,34.90836549663135,90554364.165,28820190.035,31.82639544846944
20231220,399330,深证100,98,98.0,27942384.2,8239413.34,29.48715213786231,62139211.545,15171926.605,24.416026897947983
20231221,000001,上证指数,425,98.2,69199182.83,26024759.63,37.60847825896212,84515573.157,33037385.521,39.09029340619656
20231221,399001,深证成指,392,93.3,47541762.2,15880248.4,33.40273407029915,75516041.576,27021780.649,35.782835123587674
20231221,000300,沪深300,285,99.0,101319920.7,27549318.23,27.19042616660872,168605625.338,48930646.975,29.020767769111977
20231221,000016,上证50,49,98.0,29385481.44,8152790.69,27.74428149712833,52339151.591,13793144.543,26.353397263267457
20231221,399006,创业板,97,97.0,16805302.68,5485031.09,32.63869264626658,54760543.456,19851774.813,36.25196822407519
20231221,000688,科创50,48,96.0,3367046.59,1266515.08,37.61501500340096,13673466.196,3582299.974,26.198916373142872
20231221,STAR,科创板,84,96.6,1618370.57,587137.63,36.2795543174021,6711653.588,1803573.077,26.87226111050593
20231221,000905,中证500,412,96.0,62220649.59,17237329.15,27.703550611548668,72671361.469,15760620.413,21.68752599980273
20231221,000852,中证1000,732,94.8,88375772.1,29347881.16,33.20806196385129,100773154.344,30199557.051,29.967859245440074
20231221,399330,深证100,98,98.0,31144857.52,8905074.14,28.59243820358309,74101768.276,19644706.622,26.51044243482988
20231222,000001,上证指数,425,98.2,73903198.25,26878885.51,36.37039552615032,85266021.455,29090056.411,34.1168215833227
20231222,399001,深证成指,392,93.3,53763660.1,19743941.24,36.72358095277818,81506890.785,27447103.418,33.67458033750834
20231222,000300,沪深300,285,99.0,106549988.83,29224320.48,27.42780248116897,166739974.688,41420674.627,24.841478298473668
20231222,000016,上证50,49,98.0,31466115.23,7487062.380000001,23.794047422993565,50057328.504,11013150.61,22.001075445166748
20231222,399006,创业板,97,97.0,19630766.76,7937282.17,40.43286880761656,54642827.953,17117670.056,31.3264717388409
20231222,000688,科创50,48,96.0,3467036.89,1362139.06,39.2882770855086,13346779.372,3377787.074,25.30788124876183
20231222,STAR,科创板,84,96.6,1714794.14,616298.8099999999,35.940104740502555,6582569.509,1546279.712,23.490518556406485
20231222,000905,中证500,412,96.0,67907585.3,19597697.73,28.85936474316073,80370073.232,18673221.649,23.23404831932529
20231222,000852,中证1000,733,94.9,109087946.54,44772454.6,41.04253129706038,118558660.618,40315546.681,34.00472514690264
20231222,399330,深证100,98,98.0,34012371.93,10440511.73,30.69621769245424,73582183.457,17475694.538000003,23.74989938727825
20231225,000001,上证指数,424,97.9,52360752.53,16960449.17,32.39153058444403,62352393.657,18737040.643,30.05023471283605
20231225,399001,深证成指,392,93.3,38331044.4,12329588.9,32.166065634256505,58531876.717,16665404.573,28.47235644532084
20231225,000300,沪深300,285,99.0,76256157.68,21638830.82,28.37650293213672,120823038.818,28407525.153,23.51167908944192
20231225,000016,上证50,49,98.0,21282302.5,4747747.44,22.30842945682216,38208836.531,8418242.883,22.03218848647752
20231225,399006,创业板,97,97.0,12460458.5,4518603.52,36.26354134560939,34825353.609,10212246.184,29.324170828694257
20231225,000688,科创50,48,96.0,2898132.38,853666.6599999999,29.455751086152937,13230765.97,4272682.723,32.29354016757656
20231225,STAR,科创板,83,95.4,1283876.01,429749.77,33.47284057437914,5390382.498,1456995.918,27.02954602091022
20231225,000905,中证500,412,96.0,51200340.34,14857757.42,29.0188645648366,62398584.821,14244521.255,22.82827614738797
20231225,000852,中证1000,733,94.9,84382676.73,34040231.77,40.340308092997375,93359751.055,31085131.974,33.29607418906586
20231225,399330,深证100,98,98.0,25474839.06,8885517.98,34.87958435801007,50132871.385,11303170.931,22.546426364044176
20231226,000001,上证指数,424,97.9,52556108.75,18502434.99,35.205108273926385,61919615.401,20160756.006,32.55956270954875
20231226,399001,深证成指,391,93.1,39571389.86,13639647.38,34.46845670130829,59369611.469,18670023.822,31.44710460459827
20231226,000300,沪深300,284,98.6,74758266.3,20069216.32,26.845481193295143,119087168.775,28240246.414,23.713928800638747
20231226,000016,上证50,49,98.0,20794429.53,5536115.55,26.623070096792407,33976896.155,6699976.528,19.71921301296981
20231226,399006,创业板,98,98.0,16289933.19,7085874.859999999,43.49848938821829,38350150.925,11246085.319,29.324748528352764
20231226,000688,科创50,48,96.0,2570346.0300000003,627844.22,24.426447360474647,11344656.744,2946184.981,25.96980276691217
20231226,STAR,科创板,83,95.4,1305738.92,401871.89,30.77735402112392,5168249.357,1133187.439,21.925943597616552
20231226,000905,中证500,413,96.3,56118701.56,18458891.93,32.89258556751255,65503766.3,16715969.598,25.519096904203508
20231226,000852,中证1000,734,95.1,78816495.94,28702675.08,36.41709103872146,88478742.982,27492361.551,31.072278633742584
20231226,399330,深证100,97,97.0,23533693.99,6656166.97,28.283562167623817,48617063.454,10460974.27,21.517083770182577
20231227,000001,上证指数,424,97.9,58050373.37,22520473.23,38.79470866872738,66943738.62,22071774.008,32.970632448970925
20231227,399001,深证成指,391,93.1,44378907.22,17070897.25,38.46624065206083,63292104.595,20192640.05,31.903884661776903
20231227,000300,沪深300,284,98.6,93257746.11,28669235.9,30.74193522346537,137758180.432,30443074.969,22.098923543801643
20231227,000016,上证50,49,98.0,29281906.58,7826161.58,26.72695358349852,44328048.393,9386176.583,21.174351055983337
20231227,399006,创业板,98,98.0,17270988.68,7666430.91,44.389068003256895,40440272.634,11253693.514,27.82793680905728
20231227,000688,科创50,48,96.0,2780681.44,857257.27,30.82903556187292,11962134.267,2883860.15,24.10824093452721
20231227,STAR,科创板,83,95.4,1509539.89,575575.03,38.12916994197484,6024368.256,1605398.652,26.64841496701493
20231227,000905,中证500,413,96.3,60738463.65,18978123.17,31.24564243073344,67788937.571,15960704.605,23.54470386600065
20231227,000852,中证1000,734,95.1,79175594.73,29191603.58,36.86944655047746,88676715.224,27394386.32,30.892423395252035
20231227,399330,深证100,97,97.0,30928383.57,12740679.69,41.194133735324726,56031180.786,12169886.621,21.71984678938049
20231228,000001,上证指数,424,97.9,91335223.65,37986657.73,41.59037029959689,111626062.611,43738288.724,39.18286437856484
20231228,399001,深证成指,392,93.3,62721021.0,22285551.07,35.531231339489835,104969128.213,40026034.196,38.13124380225437
20231228,000300,沪深300,284,98.6,144225261.61,39982206.46,27.72205507805977,230082960.254,59136861.591,25.702408177344328
20231228,000016,上证50,49,98.0,44276413.24,12239146.55,27.642588128486807,73072031.521,19636091.544,26.872239809504723
20231228,399006,创业板,98,98.0,21078055.77,7197825.61,34.14843232479027,61917249.37,16946491.587,27.369580786337185
20231228,000688,科创50,48,96.0,4735021.33,2088114.15,44.09936100541283,16013099.426,3552254.745,22.18343026854819
20231228,STAR,科创板,83,95.4,1971384.93,633028.52,32.11085315540076,8183477.658,1932095.964,23.60971758884467
20231228,000905,中证500,413,96.3,83894074.5,24504988.47,29.20943894553601,99869983.162,21548686.399,21.57673979382341
20231228,000852,中证1000,734,95.1,106812440.41,34669671.41,32.45845828156376,123162072.319,34569117.755,28.06798968554468
20231228,399330,深证100,97,97.0,42803993.11,12936261.09,30.222089459634528,95302014.057,22403277.021,23.507663759971148
20231229,000001,上证指数,424,97.9,73330734.05,27218750.69,37.11779384540336,93736949.262,32843732.8,35.038192578894304
20231229,399001,深证成指,392,93.3,54707290.09,17790846.39,32.52006516998364,92104353.542,30364867.716,32.9678962484151
20231229,000300,沪深300,284,98.6,111072667.71,30857055.84,27.78096220806076,185869266.32,47128883.077,25.35593108537967
20231229,000016,上证50,49,98.0,31266427.55,7689572.85,24.59370466198336,56811367.318,16068160.468000002,28.28335459356036
20231229,399006,创业板,98,98.0,19046123.21,6158151.23,32.33283310257447,55143557.384,14858641.873,26.94538143328283
20231229,000688,科创50,48,96.0,3590079.82,1215513.73,33.85756838130691,15255072.78,3974303.747,26.05234209180876
20231229,STAR,科创板,83,95.4,1818608.37,526414.84,28.94602536113918,8210134.927,2065650.363,25.159761457839924
20231229,000905,中证500,413,96.3,70967260.47,20202024.31,28.46668192657656,89560502.839,19343520.1,21.598270986456185
20231229,000852,中证1000,734,95.1,101168405.66,36609634.41,36.18682549276818,117180388.128,34319204.745,29.28749878137628
20231229,399330,深证100,97,97.0,40408004.25,14862302.18,36.78058952886791,81456132.499,16502431.18,20.25928640818123
20240102,000001,上证指数,424,97.9,79939095.21,30509128.84,38.16546679675636,92620377.565,30952364.903,33.41852594077147
20240102,399001,深证成指,392,93.3,52244750.13,16820940.63,32.196422775771055,83808037.291,28095449.62,33.52357426346402
20240102,000300,沪深300,284,98.6,111481346.46,29616500.84,26.56632861052368,175584498.88,43373266.912,24.702218697359307
20240102,000016,上证50,49,98.0,33460636.1,8075114.82,24.133177850734285,56789859.75,14029565.245,24.70434916860312
20240102,399006,创业板,98,98.0,16158594.28,5382361.07,33.309587311452695,45859781.394,11717589.138,25.55090491454688
20240102,000688,科创50,48,96.0,3085187.47,854058.45,27.68254630568689,14501491.739,3851431.331,26.55886304884099
20240102,STAR,科创板,83,95.4,1630094.24,448160.82,27.492939303926377,7225387.104,1941083.533,26.864768697657865
20240102,000905,中证500,413,96.3,78695168.19,24352653.26,30.945550813492705,90033247.929,18540362.716,20.592795597711728
20240102,000852,中证1000,734,95.1,97412309.61,31123817.97,31.950600591041667,110268007.577,28997445.455,26.29724259300788
20240102,399330,深证100,97,97.0,36465830.66,11739851.1,32.19411401720144,72691742.062,17251962.523000002,23.733043167799604
20240103,000001,上证指数,425,98.2,76098759.37,29837655.96,39.20912273342886,85504831.965,27032903.342,31.61564407619148
20240103,399001,深证成指,392,93.3,48593771.31,15522649.12,31.94370122247669,76169888.152,24090275.792,31.627033170807483
20240103,000300,沪深300,284,98.6,104976444.89,28648153.01,27.29007735022756,161946691.947,38486368.357,23.76483761063509
20240103,000016,上证50,49,98.0,31322395.31,9107493.54,29.076618980963875,48031515.284,8993587.952,18.72434775131047
20240103,399006,创业板,98,98.0,15682520.77,4856491.59,30.967544447894262,44457847.307,12732414.113,28.6392951621732
20240103,000688,科创50,48,96.0,2929446.26,794630.85,27.125633292894065,14685387.422,4595374.671,31.292158245111903
20240103,STAR,科创板,84,96.6,1646911.68,482086.07,29.27212648100231,8214538.659,2998862.006,36.50676112789842
20240103,000905,中证500,413,96.3,69041373.32,19765240.36,28.628110087541348,79168449.986,15037549.699,18.994371749932217
20240103,000852,中证1000,735,95.2,91292125.78,29799195.77,32.64158383365011,103501738.636,27948271.59,27.00270735382509
20240103,399330,深证100,97,97.0,34447295.39,10437348.17,30.2994706894462,69548120.161,14428225.736,20.74567321532123
20240104,000001,上证指数,425,98.2,71725469.53,28686701.43,39.99513926918451,79499629.525,26765898.146,33.667953304842776
20240104,399001,深证成指,392,93.3,44802212.71,14908826.61,33.276987247266696,72364284.268,24548878.868,33.92402635681935
20240104,000300,沪深300,284,98.6,104539368.03,28177190.21,26.953664194635174,161293076.571,36834033.307,22.83671071943744
20240104,000016,上证50,49,98.0,32978696.63,9314982.93,28.245455041805272,51660502.061,9474660.538,18.340240919092217
20240104,399006,创业板,98,98.0,16203442.77,5853954.89,36.127846242888296,45818471.262,14228895.11,31.05493203523984
20240104,000688,科创50,48,96.0,2758358.67,755012.36,27.37179788152786,12518700.85,3717278.158,29.693801318049708
20240104,STAR,科创板,84,96.6,1420370.13,449772.07,31.665835580476475,6320333.152,1770574.727,28.01394617053883
20240104,000905,中证500,413,96.3,64666553.86,20418766.88,31.57546778231859,73639231.573,15106430.563,20.514106734023567
20240104,000852,中证1000,735,95.2,76172650.01,25832998.14,33.91374481078002,85125091.163,24946910.245,29.30617741980556
20240104,399330,深证100,97,97.0,31696368.22,9673039.69,30.51781712927109,65036317.436,13383763.55,20.57890741303196
20240105,000001,上证指数,425,98.2,82491526.82000001,33498029.56,40.60784283105114,87602221.303,28413646.814,32.43484741753569
20240105,399001,深证成指,393,93.6,50437898.24,16170872.76,32.060956788987724,78946862.87,26459119.831,33.51509973812339
20240105,000300,沪深300,284,98.6,124160687.71,34234123.97,27.57243423937862,177300149.115,38512454.305,21.721614165152303
20240105,000016,上证50,49,98.0,37552715.06,10490703.49,27.935938781625875,54707865.71,9942735.08,18.174233176459992
20240105,399006,创业板,98,98.0,16564236.2,6035829.74,36.43892581053632,43649553.124,11659379.604,26.71133784778493
20240105,000688,科创50,48,96.0,2930909.73,744950.52,25.41704073567629,12200348.609,3011830.51,24.68642992527461
20240105,STAR,科创板,84,96.6,1568642.8,493316.32,31.448607675373896,6977407.671,2048019.108,29.3521491729962
20240105,000905,中证500,413,96.3,71486025.9,21067825.37,29.471249946767568,82072911.943,17706169.003,21.573706334797784
20240105,000852,中证1000,735,95.2,89447239.15,28293687.63,31.63170590715767,96733524.039,24666971.267,25.49992002468041
20240105,399330,深证100,97,97.0,35759531.35,10866223.22,30.38692849088472,71997752.758,13821732.59,19.19745000438809
20240108,000001,上证指数,425,98.2,72187585.69,27650789.7,38.304078790974735,79924410.979,27181502.961,34.009012550798644
20240108,399001,深证成指,393,93.6,46281247.47,15248326.24,32.94709428453528,70137534.092,24166568.996,34.455971839985864
20240108,000300,沪深300,284,98.6,114129677.95,32428545.53,28.413771170200697,166695216.195,37773347.019,22.660126595842293
20240108,000016,上证50,49,98.0,33009877.79,9048077.45,27.41021189948489,50709147.799,9747331.872,19.22203841925385
20240108,399006,创业板,98,98.0,15328288.32,5164336.109999999,33.69153816908371,43087391.797,12101563.546,28.086089784721164
20240108,000688,科创50,48,96.0,3124777.23,906744.12,29.01788042023079,12799280.072,3169356.361,24.76198929292403
20240108,STAR,科创板,84,96.6,1548301.13,578192.33,37.343661307022366,6068850.283,1640143.004,27.02559673607951
20240108,000905,中证500,413,96.3,65651428.57,17969096.23,27.37045730976087,73072656.538,12605746.317,17.25097582902933
20240108,000852,中证1000,735,95.2,81031392.66,25294818.12,31.216072301922104,85908567.553,21975361.903,25.579942174501547
20240108,399330,深证100,97,97.0,38628329.5,15171053.09,39.274421872165085,68481243.04,13227016.791,19.31480242447421
20240109,000001,上证指数,426,98.4,68696156.36,26772650.74,38.972559978026695,82061933.038,31425704.633,38.29510647579781
20240109,399001,深证成指,393,93.6,46018608.86,15121052.07,32.85855971005552,71662951.46,25228959.549,35.20502440243759
20240109,000300,沪深300,284,98.6,106447646.28,29575350.83,27.78394061640872,164045819.875,38223024.725,23.30021255898216
20240109,000016,上证50,49,98.0,31537199.46,8552559.04,27.11895534937267,51334352.765,13050534.985,25.42261523144773
20240109,399006,创业板,98,98.0,15188330.47,4485850.94,29.534852094905727,46045360.721,10929214.929,23.735756996720607
20240109,000688,科创50,48,96.0,3306382.47,1045850.12,31.63125045240153,13113502.58,2899213.977,22.10861636174704
20240109,STAR,科创板,85,97.7,1590848.4,503466.95,31.647701314594144,6931863.386,2107198.321,30.39872836005138
20240109,000905,中证500,413,96.3,61199017.32,16658929.89,27.22091075889844,71356991.03,14402306.542,20.18345551586524
20240109,000852,中证1000,735,95.2,77750902.01,24910205.99,32.03847845623212,84513145.265,22964277.076,27.17243217489192
20240109,399330,深证100,97,97.0,33854016.99,11779150.38,34.793951877200854,66697860.48,11998857.091,17.989868047713426
20240110,000001,上证指数,426,98.4,59931545.96,22378363.56,37.3398736867825,74593176.162,28615769.515,38.36244947239253
20240110,399001,深证成指,394,93.8,42714235.82,13645958.85,31.947098170045173,67119042.73,23319956.386,34.74417309527084
20240110,000300,沪深300,285,99.0,91789602.03,24419036.32,26.60327071907232,148829740.169,37435776.306,25.15342448591976
20240110,000016,上证50,49,98.0,26830117.56,6975332.67,25.99814426605144,45439163.183,11469460.014,25.241353956736223
20240110,399006,创业板,98,98.0,15908045.56,5590052.63,35.139782627074645,45205531.473,11759678.039,26.01380330197805
20240110,000688,科创50,48,96.0,3175791.12,1136095.76,35.77362984754488,11230030.343,2247563.8370000003,20.013871453169948
20240110,STAR,科创板,85,97.7,1545409.23,504810.95,32.6651957423601,6618483.141,2253957.832,34.055504622157954
20240110,000905,中证500,413,96.3,54431399.13,14060141.45,25.830938896903564,67305865.871,14740047.928,21.90009405161077
20240110,000852,中证1000,735,95.2,75381045.85,25373639.85,33.66050386259002,82947561.339,24202644.144,29.17824677820936
20240110,399330,深证100,98,98.0,30199788.75,8960877.53,29.67198745719703,62683425.425,12740819.938,20.325660015571813
20240111,000001,上证指数,426,98.4,71524731.5,28332487.18,39.612154545452576,82580925.844,28800645.125,34.87566266743731
20240111,399001,深证成指,394,93.8,48246568.5,15186259.18,31.47635086213437,79758605.846,29851589.065,37.42742083862176
20240111,000300,沪深300,285,99.0,107880416.26,28266893.8,26.20206222774914,172808946.294,45024419.883,26.0544496385042
20240111,000016,上证50,49,98.0,31568292.43,9100293.9,28.8273238730892,47560961.654,9107380.442,19.14885680456809
20240111,399006,创业板,97,97.0,18585970.85,6228997.66,33.51451323297432,54312951.877,15575526.777,28.677371121851685
20240111,000688,科创50,48,96.0,3257701.03,1142347.79,35.066072039152104,12291556.942,2621148.178,21.324785707525702
20240111,STAR,科创板,85,97.7,1579981.61,439357.21,27.807742015427632,7616426.668,2631817.602,34.554492765714365
20240111,000905,中证500,413,96.3,64344662.14,18372909.37,28.55389827057378,79305333.424,18661923.608,23.5317384118738
20240111,000852,中证1000,735,95.2,86222051.67,30314614.52,35.158771953170344,96308752.05,29332883.496,30.45713174724913
20240111,399330,深证100,97,97.0,34189233.71,9341933.23,27.32419600053096,76896091.149,18326857.724,23.83327611346124
20240112,000001,上证指数,425,98.2,63786314.07,24063870.04,37.72575730523003,73620337.091,24154631.838,32.80972730149706
20240112,399001,深证成指,394,93.8,45296229.94,13840998.47,30.5566235607996,74001938.529,26491548.813,35.79845249948209
20240112,000300,沪深300,285,99.0,94688537.98,22982383.39,24.27155797342052,144846567.005,32184168.839,22.21949025404864
20240112,000016,上证50,49,98.0,25955168.99,7162983.55,27.597522299930905,39672994.747,7895939.0,19.902553488471085
20240112,399006,创业板,97,97.0,15233621.83,5198642.34,34.126108669457494,44441711.998,12460975.491,28.03891868873273
20240112,000688,科创50,48,96.0,3362365.0,1324460.88,39.39075263988293,11809183.359,2857043.372,24.193403431428592
20240112,STAR,科创板,85,97.7,1450186.57,412964.49,28.476645594642346,6812811.81,2342715.182,34.38690583763535
20240112,000905,中证500,412,96.0,58021703.87,16024521.43,27.6181503836971,72634301.29,18308163.824,25.2059474639988
20240112,000852,中证1000,735,95.2,89133693.51,33378189.74,37.44733155959173,95298003.542,29347858.983,30.79588017818834
20240112,399330,深证100,97,97.0,29722843.89,7347222.38,24.719109676015595,62105020.269,12374425.615,19.9250005255642
20240115,000001,上证指数,426,98.4,61497369.8,21891177.03,35.59693219595223,72914381.627,23171375.815,31.778882708674992
20240115,399001,深证成指,394,93.8,39655940.52,11620203.57,29.302554466308745,62683481.902,20509837.966,32.719685224355096
20240115,000300,沪深300,285,99.0,87862861.7,21028985.5,23.933872734309084,138681290.241,29577279.427,21.32751964998356
20240115,000016,上证50,49,98.0,24548728.49,5527645.22,22.51703269377761,42909012.608,7767502.22,18.10226278325458
20240115,399006,创业板,97,97.0,14151763.91,4818159.2,34.04635090467673,39451927.202,10453410.839,26.4965784446395
20240115,000688,科创50,48,96.0,2982267.55,820739.33,27.52064716661656,13162784.606,3728479.62,28.32591834937757
20240115,STAR,科创板,85,97.7,1510731.24,464744.05,30.762854285054697,6842679.398,2003982.286,29.28651438186232
20240115,000905,中证500,413,96.3,58783808.62,17943228.55,30.52410003916484,70387670.438,15885136.404,22.56806668717954
20240115,000852,中证1000,735,95.2,80116723.49,28019656.13,34.973542238653025,86396441.571,25089330.134,29.039772562139337
20240115,399330,深证100,97,97.0,26187387.67,7255582.41,27.70640012448405,53869407.516,10608290.864,19.692607275937057
20240116,000001,上证指数,426,98.4,69703463.7,24962183.89,35.8119705463073,81360756.59,27992096.318,34.404911521484664
20240116,399001,深证成指,394,93.8,46801868.96,15400918.85,32.906632132923264,72590573.774,26618054.961,36.66874854009471
20240116,000300,沪深300,285,99.0,112648158.41,31105454.99,27.61292810201743,165865961.018,39652885.701,23.906584242861506
20240116,000016,上证50,49,98.0,30178058.2,7791314.39,25.817812194424093,49696250.173,9644348.09,19.40659115411444
20240116,399006,创业板,97,97.0,15496783.52,5062404.94,32.6674560141239,44739249.24,13736531.218,30.70353537743004
20240116,000688,科创50,48,96.0,3383822.74,1161652.99,34.32960527950114,12733363.933,3015001.732,23.677967172416007
20240116,STAR,科创板,85,97.7,1672407.12,584360.99,34.94131201737529,6978508.439,2114610.4590000003,30.30175398488188
20240116,000905,中证500,413,96.3,64742288.26,18022127.71,27.836717228196413,73646843.822,14744017.704,20.019890790751884
20240116,000852,中证1000,735,95.2,86663708.23,29088856.76,33.56521126790469,90832095.508,26136138.536,28.77412261583029
20240116,399330,深证100,97,97.0,34046881.67,11203622.46,32.906456951304115,68782773.94500001,16785913.486,24.40424036899461
20240117,000001,上证指数,426,98.4,64347462.05,24990622.72,38.83699826510873,78951359.72,30524133.437,38.66194774257651
20240117,399001,深证成指,394,93.8,45465522.85,15556623.19,34.21630768730948,72916294.026,30635360.06,42.01442279701743
20240117,000300,沪深300,285,99.0,108909786.8,28965464.41,26.59583244175445,169367184.334,45645713.173,26.950742171508573
20240117,000016,上证50,49,98.0,31747883.88,8277291.92,26.071948452647547,53967077.328,14602402.239,27.057982314383672
20240117,399006,创业板,97,97.0,15248580.65,5645660.94,37.0241733941316,42616993.441,12930128.301,30.340310887723188
20240117,000688,科创50,48,96.0,2677719.29,725220.77,27.08352487538005,11077264.367,2734507.449,24.685764990373457
20240117,STAR,科创板,85,97.7,1480995.28,444342.75,30.00298218371094,6257674.105,1862112.084,29.757255695245256
20240117,000905,中证500,413,96.3,59442262.19,16142756.91,27.15703661883128,67113134.33,12938902.579,19.27924050660264
20240117,000852,中证1000,735,95.2,76901368.59,25242799.92,32.82490335715884,80349937.677,22126799.002,27.53804127508832
20240117,399330,深证100,97,97.0,33114145.01,9738335.94,29.40838707162501,69625832.426,15394722.81,22.1106481223932
20240118,000001,上证指数,427,98.6,109469779.01,47295374.87,43.20404708744282,123845113.017,53362135.036,43.08780034677272
20240118,399001,深证成指,394,93.8,67621346.97,23275758.01,34.42072518952665,100503785.989,39738580.132,39.53938624396631
20240118,000300,沪深300,285,99.0,168951889.3,49935723.81,29.55617958277546,243204710.584,60486999.768,24.87081751942815
20240118,000016,上证50,49,98.0,55813281.61,16674945.83,29.876304257681152,84588572.19500001,20361598.793,24.07133524616173
20240118,399006,创业板,97,97.0,22062999.44,7630914.62,34.58693202958265,61992550.394,18446359.135,29.755767455544696
20240118,000688,科创50,48,96.0,4408149.31,1480224.75,33.57927887429022,16373291.873,4183238.08,25.549157203373824
20240118,STAR,科创板,85,97.7,2025438.54,671027.89,33.130005021036084,7970643.826,2286823.125,28.69056973215202
20240118,000905,中证500,413,96.3,93294215.71,24817693.76,26.60153533756525,95641983.925,17636265.462,18.439878323550783
20240118,000852,中证1000,736,95.3,109867604.13,29950997.82,27.26099113307387,112137238.879,29423338.121,26.23868610921373
20240118,399330,深证100,97,97.0,45700860.47,13728203.03,30.03926597621018,93002657.563,18681432.927,20.086988282399567
20240119,000001,上证指数,427,98.6,71448450.86,30777497.22,43.07650739735017,87359998.34200001,38433457.447,43.99434315067102
20240119,399001,深证成指,394,93.8,51223552.12,19542972.25,38.15231752030242,81998650.703,35447037.474,43.22880580363396
20240119,000300,沪深300,285,99.0,112403528.43,31095845.77,27.66447477613225,178147233.165,47489417.627,26.65739836835708
20240119,000016,上证50,49,98.0,35755796.08,10358388.23,28.96981570994573,60547926.247,14374497.047,23.740692601692896
20240119,399006,创业板,97,97.0,17799487.59,6275783.51,35.25822571165376,51550505.506,15384273.242,29.843108406006635
20240119,000688,科创50,48,96.0,3475954.76,1310697.81,37.70756239646802,13029713.942,3204080.707,24.590568306123448
20240119,STAR,科创板,85,97.7,1544338.9,478958.7,31.01383381588069,6390854.505,1945455.406,30.44124075235851
20240119,000905,中证500,413,96.3,60552974.27,16800735.69,27.74551686773816,68691024.14,15126352.44,22.02085735273185
20240119,000852,中证1000,736,95.3,80848637.13,28649806.61,35.43635072528526,88345156.578,29971319.998,33.92525539477459
20240119,399330,深证100,97,97.0,32557833.99,9243080.74,28.38972869890231,70909967.117,15722422.054,22.1723725073209
20240122,000001,上证指数,427,98.6,92918426.08,37191799.01,40.02629034846002,104891871.871,41485252.031,39.55049260825484
20240122,399001,深证成指,394,93.8,63759324.49,21427250.67,33.60645810066674,93142493.562,35141478.553,37.72872854172429
20240122,000300,沪深300,285,99.0,142629657.14,38883019.65,27.26152500796792,213764033.725,54113502.106,25.3145962690876
20240122,000016,上证50,49,98.0,45551124.19,12758543.989999998,28.009284549778307,71749251.008,16169860.367,22.536626013276525
20240122,399006,创业板,97,97.0,19995084.46,5613981.97,28.076810484250387,60066831.575,19362775.532,32.23538685875825
20240122,000688,科创50,48,96.0,3764916.74,1064236.28,28.267192968522327,14857513.054,3834246.117,25.80678275741261
20240122,STAR,科创板,85,97.7,1990955.91,553931.3300000001,27.822380556885367,7724172.467,1857153.071,24.043392077718607
20240122,000905,中证500,413,96.3,84093855.05,21888875.91,26.029102717416684,87666303.568,15638803.992,17.83901380063261
20240122,000852,中证1000,736,95.3,106512950.91,28020500.4,26.30712994110586,107442446.138,26571474.483,24.73089122419213
20240122,399330,深证100,97,97.0,39644519.36,11350820.0,28.631498586038106,84713952.323,19016599.829,22.448013942842515
20240123,000001,上证指数,427,98.6,78694135.36,29357874.87,37.30630590919806,90560540.848,34479076.832,38.07295816604154
20240123,399001,深证成指,394,93.8,59267640.91,20839791.26,35.16217440077624,87056867.791,35745196.334,41.05959385055588
20240123,000300,沪深300,285,99.0,120015679.51,30283608.36,25.23304328537897,186845965.592,49613837.748,26.553336375663367
20240123,000016,上证50,49,98.0,34668243.24,9330598.51,26.91396401428964,56978131.811,12243588.524,21.48822387615786
20240123,399006,创业板,97,97.0,18968298.06,6573066.74,34.65290728355415,56869427.287,18972069.679,33.36075389550634
20240123,000688,科创50,48,96.0,3953261.6,1315004.54,33.26378755203046,15053306.929,4134918.664,27.468506976590856
20240123,STAR,科创板,85,97.7,1844714.56,531985.6599999999,28.83837269653252,6903414.745,1928403.191,27.93404803610709
20240123,000905,中证500,413,96.3,76599337.62,20581641.85,26.86921648344144,81197124.944,17086597.84,21.0433532613184
20240123,000852,中证1000,736,95.3,97906575.76,29197583.82,29.821882333595774,97614574.123,28756367.101,29.459091902368307
20240123,399330,深证100,97,97.0,38417913.71,10995551.76,28.620897644262005,82858774.818,20518315.926,24.7629970043229
20240124,000001,上证指数,427,98.6,100008352.86,41468363.48,41.46489997495595,104759528.197,39173622.292,37.39385139109649
20240124,399001,深证成指,394,93.8,64498286.01,23401014.66,36.281607012583,90488932.772,35844468.415,39.6119915628968
20240124,000300,沪深300,285,99.0,150512981.21,40064226.82,26.61845277258926,210644686.805,47338004.756,22.472916584799588
20240124,000016,上证50,49,98.0,43645543.73,11963367.28,27.41028351945336,64155315.707,11992527.485,18.69295997196923
20240124,399006,创业板,97,97.0,20079169.62,7089254.07,35.306510200196215,55670455.362,17306093.282,31.08667455559011
20240124,000688,科创50,48,96.0,3852291.1,1093416.2,28.38352999855073,15150767.187,3854978.753,25.444115835320435
20240124,STAR,科创板,85,97.7,1927727.99,548662.47,28.461612470543624,7019941.377,1799563.55,25.63502247890638
20240124,000905,中证500,413,96.3,90514038.75,28765486.25,31.78013780762821,88598952.937,19690589.991,22.224404847088174
20240124,000852,中证1000,736,95.3,106855212.69,33287707.93,31.15216103361443,103347072.513,29635722.499,28.67591870613668
20240124,399330,深证100,97,97.0,42448271.89,12161032.16,28.64906300900534,83244102.14,17953332.736,21.567092772297634
20240125,000001,上证指数,427,98.6,128522196.13,56702783.96,44.11905932781076,133793181.008,50393109.537,37.664931170137
20240125,399001,深证成指,394,93.8,71411102.2,26388540.73,36.95299458632358,103286899.924,41309335.43,39.994748085571366
20240125,000300,沪深300,285,99.0,194417553.92,58475184.52,30.07711152669974,260896732.464,57330607.058,21.97444426250559
20240125,000016,上证50,49,98.0,60371009.51,18119424.86,30.01345348879524,82677545.623,13832742.994,16.73095504924118
20240125,399006,创业板,98,98.0,22446626.19,8053610.220000001,35.87893410720179,61554893.279,19594184.624,31.83205035412633
20240125,000688,科创50,48,96.0,4843910.72,1982773.01,40.93331038933765,15787738.307,3734814.741,23.65642670517316
20240125,STAR,科创板,85,97.7,2100293.54,594478.5299999999,28.304544992315687,7949469.296,1995154.167,25.09795424964932
20240125,000905,中证500,413,96.3,105496233.12,30112955.95,28.54410537648967,105561214.21,21131832.876,20.01855798471684
20240125,000852,中证1000,736,95.3,120797609.11,35093711.49,29.05166066494178,120359150.235,31810703.045,26.429816912872788
20240125,399330,深证100,98,98.0,50082049.42,13879648.13,27.713818205804564,98859820.612,19893631.375,20.123070476809293
20240126,000001,上证指数,427,98.6,121643995.56,56063500.92,46.0881777698161,121141756.358,46074547.132,38.03358025934492
20240126,399001,深证成指,394,93.8,66536625.81,24370088.37,36.62657682640911,95736019.766,36289014.358,37.9052883613695
20240126,000300,沪深300,285,99.0,179661403.2,54316718.18,30.23282531058401,231546406.925,49380652.68,21.326460356603523
20240126,000016,上证50,49,98.0,58038887.1,17601341.12,30.326806731619776,75622732.345,12451819.691,16.465709853213582
20240126,399006,创业板,98,98.0,20977055.02,8201362.56,39.0968253273905,54133970.506,16420730.921,30.333505500358584
20240126,000688,科创50,48,96.0,3681900.21,1300932.6800000002,35.333186827461574,12923149.264,3152534.724,24.39447738007648
20240126,STAR,科创板,85,97.7,1782413.47,557736.02,31.291057287622497,6537196.586,1541311.173,23.57755580275585
20240126,000905,中证500,413,96.3,92580967.28,28399786.3,30.67562063173121,93436689.495,18935712.47,20.265821244676363
20240126,000852,中证1000,736,95.3,117511783.06,39000856.14,33.1888897644304,116657848.59,34034514.327,29.17464597398504
20240126,399330,深证100,98,98.0,44557565.44,12550876.02,28.1677777860208,84703133.966,16782948.898000002,19.81384644485139
20240129,000001,上证指数,427,98.6,129177165.76,63124734.74,48.86679032521916,127639254.415,50725562.625,39.74134983590032
20240129,399001,深证成指,394,93.8,62827804.8,22959588.98,36.54367529326761,90792506.026,35618472.744,39.23063070183351
20240129,000300,沪深300,285,99.0,181732394.38,58369707.17,32.118493441488326,237120296.434,54805475.985,23.11294174695608
20240129,000016,上证50,49,98.0,56631471.86,18019724.57,31.819276416736948,77581627.07,16642276.96,21.45131210638839
20240129,399006,创业板,98,98.0,19725435.34,6811191.53,34.52999344550841,52789092.272,15435145.424,29.239270386520733
20240129,000688,科创50,48,96.0,4795972.63,2230056.99,46.4985345423041,15201535.855,3757146.067,24.71556889275909
20240129,STAR,科创板,85,97.7,1890335.03,543738.41,28.764129181904863,7056266.476,1686389.068,23.899169252405656
20240129,000905,中证500,413,96.3,89934607.26,26127751.79,29.05194405804757,91579790.885,17473796.937,19.08040711617529
20240129,000852,中证1000,736,95.3,115905792.12,38418913.67,33.14667279977173,111878189.219,30854843.274,27.57896198480838
20240129,399330,深证100,98,98.0,42398410.91,12257831.88,28.91106439347445,85270137.751,16164887.847,18.95726719030711
20240130,000001,上证指数,427,98.6,97160208.9,42855497.11,44.108074277720085,99709159.225,37115307.454,37.22356876989301
20240130,399001,深证成指,394,93.8,53046626.15,18899975.35,35.62898665139706,75401738.19,30089275.375,39.90528082944185
20240130,000300,沪深300,285,99.0,139776794.97,41545530.64,29.722766678772988,191553759.25,44231704.054,23.091013315104124
20240130,000016,上证50,49,98.0,42357192.61,11719562.7,27.668412323514467,62631907.71,13091362.679,20.90206598786036
20240130,399006,创业板,98,98.0,16799350.64,5572071.55,33.168374596174274,42396751.894,12723153.892,30.009737358678613
20240130,000688,科创50,48,96.0,3846492.08,1254398.79,32.61150065854289,13673236.561,3334778.549,24.389094228880285
20240130,STAR,科创板,85,97.7,1792054.43,475341.24,26.524933174044275,6651426.808,1718343.526,25.834209344877152
20240130,000905,中证500,413,96.3,78502951.12,23158165.23,29.49973841696768,76930528.155,12903597.969,16.77305262093323
20240130,000852,中证1000,736,95.3,96392677.2,30615687.31,31.76142441450936,90569277.045,23440236.958,25.88100261234673
20240130,399330,深证100,98,98.0,36590585.66,10858488.8,29.67563542408739,72148846.64,15500563.001,21.48414523983027
20240131,000001,上证指数,427,98.6,104434299.71,43160437.29,41.32783712808026,105061024.047,36660612.266,34.89458873882625
20240131,399001,深证成指,394,93.8,62345938.88,19706106.89,31.607683265351444,83630530.507,28631323.899,34.23549237990726
20240131,000300,沪深300,285,99.0,149515796.85,39808638.39,26.62503844322052,208759465.897,47548162.534,22.77653007478944
20240131,000016,上证50,49,98.0,42318001.73,10765928.76,25.44054142416616,63133779.097,11439757.537,18.11986816031356
20240131,399006,创业板,98,98.0,20333507.81,5699833.78,28.0317288746255,54741440.896,19314117.133,35.282441997998816
20240131,000688,科创50,48,96.0,4263169.84,1418315.4,33.269033447656405,13908502.743,3234001.529,23.251974628452643
20240131,STAR,科创板,85,97.7,2085130.79,556337.97,26.68120257338869,6909710.863,1513732.638,21.90732243378966
20240131,000905,中证500,413,96.3,91771911.69,24994413.05,27.23536274849501,89724811.46700001,15875236.594,17.693251548194976
20240131,000852,中证1000,736,95.3,117137299.77,33442247.15,28.549614184093464,104673644.631,23926782.721,22.858459553355303
20240131,399330,深证100,98,98.0,42688172.25,12165821.12,28.499278556017348,84098653.05,20331231.65,24.175454555630363
20240201,000001,上证指数,427,98.6,99364960.1,39573097.23,39.82600827311156,101598821.681,36226313.789,35.65623418620286
20240201,399001,深证成指,394,93.8,60204679.05,18871199.61,31.34507135953248,79200250.891,27016463.574,34.11158837259446
20240201,000300,沪深300,285,99.0,142050548.18,38558138.17,27.14395591148362,198643384.077,44386834.674,22.34498515027028
20240201,000016,上证50,49,98.0,39794957.5,10109709.5,25.40449879862292,60923750.119,10608242.475,17.412326808969134
20240201,399006,创业板,98,98.0,19268129.63,5768471.61,29.937890811252554,51095766.742,16089063.934,31.488056564918946
20240201,000688,科创50,48,96.0,3817206.49,1110951.75,29.103789719271912,14429557.011,3828558.268,26.532749862531453
20240201,STAR,科创板,85,97.7,2149586.62,525741.3300000001,24.45778760941488,7215797.302,1655430.138,22.941749452152223
20240201,000905,中证500,413,96.3,85057760.0,22113139.83,25.997792358980533,83910815.444,15647535.219,18.64781689488261
20240201,000852,中证1000,736,95.3,109172619.1,32058484.29,29.36494933829063,95856256.117,22204728.811,23.16461096070496
20240201,399330,深证100,98,98.0,42163086.89,13076725.58,31.014630437558075,78701173.786,17512607.847,22.2520287875494
20240202,000001,上证指数,426,98.4,117091910.96,46821583.86,39.98703537769984,117485227.207,42247213.07,35.95959600568643
20240202,399001,深证成指,394,93.8,71904550.95,22130528.77,30.777646863254628,92078675.363,31539101.583,34.252340684381046
20240202,000300,沪深300,285,99.0,169807852.74,45750559.9,26.942546626539475,226516448.08,46412687.819,20.489764965150865
20240202,000016,上证50,49,98.0,51150217.02,13662554.83,26.71064880263924,75340993.173,13151996.523,17.45662748671236
20240202,399006,创业板,98,98.0,21944835.4,6902189.24,31.452453910864147,53107733.943,15126096.785,28.481909624000696
20240202,000688,科创50,48,96.0,4410850.39,1351214.5499999998,30.63387851611081,14983829.539,3588279.1219999995,23.94767714528789
20240202,STAR,科创板,85,97.7,2571801.57,661874.9199999999,25.735847108919835,7732233.845,1589859.118,20.56144640566028
20240202,000905,中证500,413,96.3,105797238.91,27435381.81,25.93203952452752,98856489.521,18059367.934,18.26826748704612
20240202,000852,中证1000,736,95.3,130491046.7,34061981.39,26.10292602549873,111152381.115,22862630.044,20.568727196537484
20240202,399330,深证100,98,98.0,45359454.52,12594975.95,27.76703574432667,83682087.964,16139502.72,19.2866874054854
20240205,000001,上证指数,426,98.4,137875386.68,54632152.61,39.62429692893464,132415578.872,48549369.091,36.66439364957987
20240205,399001,深证成指,394,93.8,84541346.21,23562226.26,27.87065420211269,107535879.323,37139203.266,34.536569096577416
20240205,000300,沪深300,285,99.0,200666510.81,55697992.25,27.756496101503124,273553888.763,62921432.951,23.00147632173253
20240205,000016,上证50,49,98.0,61178796.54,17133573.45,28.005737966417342,90894183.227,19829695.383,21.816242446975
20240205,399006,创业板,98,98.0,27038686.3,7841589.27,29.00136930838981,67241193.816,19637984.746,29.205288650492623
20240205,000688,科创50,48,96.0,5654816.16,1783697.22,31.542974511128936,18083871.434,4012125.091,22.18620667395749
20240205,STAR,科创板,85,97.7,3303707.78,1086882.61,32.89887249047191,8569852.896,1860972.135,21.71533347869499
20240205,000905,中证500,413,96.3,127180388.45,30041622.37,23.621269549597763,113195970.747,16973494.039,14.994786410672525
20240205,000852,中证1000,736,95.3,153018310.14,33743992.16,22.0522577521127,121768876.599,21264424.881,17.462939196709833
20240205,399330,深证100,98,98.0,54704282.24,14696768.4,26.865846325379007,104365537.626,21638423.422,20.7333032667762
20240206,000001,上证指数,427,98.6,134324803.84,52700742.4,39.23381303632805,133867594.58,48769258.397,36.43096639631874
20240206,399001,深证成指,394,93.8,90500893.99,25850703.22,28.564030784995783,116563515.713,39424157.97,33.82203919369526
20240206,000300,沪深300,285,99.0,200932737.68,55712752.58,27.727065894422147,280855365.858,62658369.475,22.309835271824564
20240206,000016,上证50,49,98.0,59247591.29,16441227.19,27.750034781203,91520210.58,18571042.306,20.29173904682683
20240206,399006,创业板,98,98.0,28170270.19,8670988.82,30.780637748650573,71791292.13,21526429.584,29.98473623377588
20240206,000688,科创50,48,96.0,5292568.15,1647921.67,31.136522446102084,18683779.008,4502075.058,24.096169495862192
20240206,STAR,科创板,85,97.7,3287990.07,1000452.29,30.42747297591444,8885341.678,1840304.91,20.71169547206691
20240206,000905,中证500,413,96.3,129783807.34,30722580.38,23.672121360652323,120904678.852,17016549.987,14.07435191803457
20240206,000852,中证1000,736,95.3,153599090.97,34876646.31,22.706284320922112,124379967.387,21852541.687,17.569181071584676
20240206,399330,深证100,98,98.0,58190710.41,16679074.98,28.66277944105271,111733808.922,22817438.958,20.421248660670447
20240207,000001,上证指数,427,98.6,149871217.78,58131269.11,38.78748032549682,151509479.271,52208212.204,34.45871007887031
20240207,399001,深证成指,394,93.8,97896792.96,26317513.58,26.88291698253401,129187188.615,39722225.367,30.747805407685625
20240207,000300,沪深300,285,99.0,216768878.02,61916672.24,28.56345099239168,294925251.488,61983238.664,21.01659262856372
20240207,000016,上证50,49,98.0,66913034.19,19985985.37,29.86859826629542,99313921.414,19960095.36,20.097983319774823
20240207,399006,创业板,98,98.0,29247183.09,7929121.729999999,27.110719366033827,74426023.911,17781187.262000002,23.891088530086023
20240207,000688,科创50,48,96.0,6587207.94,2056273.01,31.216154533600463,22695727.222,5055355.762,22.27448238406573
20240207,STAR,科创板,85,97.7,4040586.63,1495392.23,37.00928520866783,10958247.13,2439033.591,22.257515842317016
20240207,000905,中证500,414,96.5,163851072.52,37643361.75,22.974132040182507,157616940.709,19011227.268,12.061664934291198
20240207,000852,中证1000,736,95.3,163446157.08,36590766.89,22.387046317699816,142519987.629,23945027.303,16.801171331373073
20240207,399330,深证100,98,98.0,59032000.44,16423765.39,27.8218004939424,112965447.115,20509238.841,18.155320378736143
20240208,000001,上证指数,427,98.6,136033662.69,46489725.32,34.17516253013272,144687323.842,43622304.946,30.14936193970661
20240208,399001,深证成指,395,94.0,96067358.76,25659397.13,26.70979764740229,129776788.768,38682029.369,29.806585396523623
20240208,000300,沪深300,285,99.0,191112427.42,48286470.02,25.26600214955294,270775500.153,55632296.093,20.54554273247222
20240208,000016,上证50,49,98.0,52420409.45,13105101.44,24.99999824018925,84358292.054,18403419.845,21.81578052009336
20240208,399006,创业板,98,98.0,27980633.47,7504609.03,26.82072597836721,73907732.942,19354151.285,26.18690969751217
20240208,000688,科创50,48,96.0,6073776.6,1881366.27,30.975229974708,21290458.33,4328782.61,20.332031104752645
20240208,STAR,科创板,85,97.7,3928264.47,1309556.91,33.336780657235124,11595352.934,2775521.336,23.936497248493325
20240208,000905,中证500,414,96.5,157864564.0,35904429.81,22.74381843540264,157166293.237,18391183.378,11.70173514893991
20240208,000852,中证1000,738,95.6,160718400.01,33504534.73,20.846732376576256,147389182.367,24227644.436,16.437871522804848
20240208,399330,深证100,98,98.0,54484603.62,14939098.6,27.41893600656794,107356616.15,19791375.099,18.43517037771313
20240219,000001,上证指数,427,98.6,122656400.14,47657317.37,38.85432583673085,128948477.458,42273219.238,32.78303092160888
20240219,399001,深证成指,395,94.0,84958343.31,24808379.74,29.20063971760609,121962447.806,42517228.282,34.86091747652538
20240219,000300,沪深300,285,99.0,186217124.41,47728030.08,25.63031205170784,277823993.231,64403346.128,23.18134779469932
20240219,000016,上证50,49,98.0,55386806.65,14221181.85,25.676118032704814,86956836.58,18032780.363,20.737622333362943
20240219,399006,创业板,98,98.0,27511412.82,8176319.12,29.719735491214223,74568101.794,22771002.022,30.53718879006282
20240219,000688,科创50,48,96.0,5574112.44,1535673.41,27.5500974644853,21831097.961,5769171.847999999,26.42639347918412
20240219,STAR,科创板,85,97.7,3501155.12,1202773.91,34.35363098108032,10753714.889,2498168.946,23.23075301685172
20240219,000905,中证500,414,96.5,121702538.23,27370865.23,22.48997073362025,128118729.962,19879801.869,15.516702261173169
20240219,000852,中证1000,738,95.6,143150966.92,33735014.45,23.56604022720492,134942446.857,26813055.391,19.8699934790823
20240219,399330,深证100,98,98.0,55743120.05,14330799.97,25.70864342926209,115665165.57,24461874.767,21.14886936481822
20240220,000001,上证指数,427,98.6,88075597.64,32646331.17,37.0662613081986,99225136.142,33251367.183,33.51103205886695
20240220,399001,深证成指,395,94.0,64271118.29,21325572.15,33.180645859896394,96315709.705,36617032.819,38.01771583384711
20240220,000300,沪深300,285,99.0,144670388.33,36540604.2,25.257832388373185,228226344.485,59466112.612,26.05576176851413
20240220,000016,上证50,49,98.0,39127422.15,10135905.87,25.904864959267453,66448148.762,14800912.563,22.27437910424416
20240220,399006,创业板,98,98.0,21971396.79,7485410.100000001,34.06888588624866,63836217.044,22376085.673,35.05233660318087
20240220,000688,科创50,48,96.0,4061278.67,1105767.08,27.227067380727167,16215686.293,4411731.328,27.20656559509578
20240220,STAR,科创板,85,97.7,2280391.63,695877.28,30.515691727916057,8204662.693,2371741.429,28.907238697618936
20240220,000905,中证500,414,96.5,93365078.95,25284081.39,27.08087614164653,103138631.899,22032971.424,21.36248175715197
20240220,000852,中证1000,738,95.6,111471155.12,31346588.89,28.120807446783008,112778822.845,31730304.37,28.13498453837316
20240220,399330,深证100,98,98.0,45054981.11,11550513.77,25.63648565693517,97988315.641,23504599.608,23.987145257311955
20240221,000001,上证指数,427,98.6,115714475.81,44586830.5,38.53176552708095,133788628.364,49949195.268,37.33441016534137
20240221,399001,深证成指,395,94.0,82613021.94,29716260.6,35.970431660982285,123186915.356,50030505.81,40.61349021153421
20240221,000300,沪深300,285,99.0,187708373.61,50890593.28,27.11152001441072,290603228.352,73428253.31199999,25.26752841955984
20240221,000016,上证50,49,98.0,49866484.91,11393728.37,22.84846904802619,89721068.109,18678833.226,20.81878160802492
20240221,399006,创业板,98,98.0,25993041.65,9098065.47,35.00192702534296,72404776.988,23350123.648,32.24942416695784
20240221,000688,科创50,48,96.0,4790899.55,1385969.87,28.92921998333278,17042945.923,4129921.23,24.23243756483754
20240221,STAR,科创板,85,97.7,2349428.02,604553.24,25.73193283018732,8309020.076,1923823.342,23.15343234705647
20240221,000905,中证500,414,96.5,114123402.52,29820735.69,26.13025464673992,121228160.237,21574483.504,17.796594010683716
20240221,000852,中证1000,738,95.6,139118624.95,38928618.56,27.982319818062585,133876611.477,31060487.366,23.20083173851184
20240221,399330,深证100,98,98.0,58328294.69,20196908.02,34.626261795139754,119961630.081,28469165.183,23.73189257579875
20240222,000001,上证指数,427,98.6,88019935.59,33494679.39,38.053514996897306,100486757.75,35244151.865,35.073429230032055
20240222,399001,深证成指,395,94.0,66684697.85,24571117.5,36.84671040314236,101075966.298,40695247.64,40.26204164105551
20240222,000300,沪深300,285,99.0,141190032.96,38970671.29,27.601573902203587,227924687.338,59257830.168,25.9988643003484
20240222,000016,上证50,49,98.0,39086845.31,10285018.25,26.3132472534658,67654609.565,12013238.55,17.756718466401217
20240222,399006,创业板,98,98.0,20974836.51,6494354.5,30.962598907046257,61462073.624,19604129.416,31.89630329742876
20240222,000688,科创50,48,96.0,4227878.94,1201961.61,28.42942352554683,16837731.763,5234262.827,31.086507973134523
20240222,STAR,科创板,85,97.7,2143414.5,644784.83,30.082134370183645,7413555.153,1796861.809,24.2375185982514
20240222,000905,中证500,414,96.5,92680209.23,26252043.49,28.325403781568475,100501043.173,21704837.234,21.59662879980045
20240222,000852,中证1000,738,95.6,110684177.65,30944001.12,27.95702310573204,112122498.097,28849946.701,25.7307384250761
20240222,399330,深证100,98,98.0,45210978.85,14643548.24,32.38936340791037,96565597.354,23702179.605,24.5451592021019
20240223,000001,上证指数,427,98.6,94875962.89,35876713.34,37.81433383879936,108661980.915,36726081.262,33.798464700113186
20240223,399001,深证成指,395,94.0,71578849.82,24504336.81,34.234046609607844,109387182.174,41404679.391,37.851490977378326
20240223,000300,沪深300,285,99.0,148126298.01,39698145.39,26.80020085786521,239460335.278,58215416.336,24.311089462233976
20240223,000016,上证50,49,98.0,42721797.87,10312210.59,24.1380538838264,72715125.056,14867236.823,20.44586571438929
20240223,399006,创业板,98,98.0,24019643.94,7007532.35,29.17417247110117,69564588.327,21492739.708,30.89609271741791
20240223,000688,科创50,48,96.0,4450658.87,1268013.59,28.49046909766868,17560147.988,4673692.59,26.61533714404822
20240223,STAR,科创板,85,97.7,2377485.43,653417.97,27.48357410543625,8544768.061,2164371.312,25.329784220576045
20240223,000905,中证500,414,96.5,100847872.88,26561549.6,26.338234849639203,110680623.845,21881943.285,19.7703468997826
20240223,000852,中证1000,738,95.6,125069399.82,35393262.67,28.29889862823202,126930923.844,33283112.833,26.221437475634733
20240223,399330,深证100,98,98.0,46341532.63,13609880.6,29.3686458509346,102064512.3,23777890.923,23.29692308048192
20240226,000001,上证指数,427,98.6,102167360.34,39505377.25,38.6673171534736,113006443.917,36363893.911,32.178602078398505
20240226,399001,深证成指,395,94.0,72067015.67,21777636.63,30.218590887294887,111431900.633,38957236.664,34.9605781133585
20240226,000300,沪深300,285,99.0,154519142.28,40055687.42,25.92279948552663,242496998.219,58567765.681,24.15195491537888
20240226,000016,上证50,49,98.0,43557516.09,10913387.65,25.05511936780416,73697867.894,15667032.829,21.25846144088452
20240226,399006,创业板,98,98.0,24245719.49,6595856.31,27.204209438785355,69268495.779,20034498.273,28.92295847872853
20240226,000688,科创50,48,96.0,6377744.01,2730521.3600000003,42.81327936208591,19916104.228,4932568.259000001,24.76673250215931
20240226,STAR,科创板,85,97.7,2783013.59,712113.52,25.587856364007195,10057052.055,2185980.771,21.73580050143233
20240226,000905,中证500,414,96.5,106346174.38,26373192.35,24.79938042318509,119622870.208,22059587.818,18.44094509657128
20240226,000852,中证1000,738,95.6,130889820.17,34556613.11,26.40129924933641,134682360.41,30420921.75,22.5871611229508
20240226,399330,深证100,98,98.0,47454543.95,13410093.17,28.25881792084949,103424449.32,23550914.885,22.77112910906819
20240227,000001,上证指数,427,98.6,86261484.02,29806205.73,34.55331897963793,101658756.523,32547594.535,32.016518446825785
20240227,399001,深证成指,395,94.0,75907536.38,27738251.59,36.54215762073979,125045603.56,51904523.071,41.50847498296485
20240227,000300,沪深300,285,99.0,144692434.99,38233904.61,26.42425957697265,254515150.704,71528389.539,28.10378452565569
20240227,000016,上证50,49,98.0,35754202.07,8694704.290000001,24.31799281376048,70718879.34,15991177.891,22.612318012164923
20240227,399006,创业板,98,98.0,29363742.49,10202672.58,34.74581819219598,81705677.119,24040550.614,29.42335399654813
20240227,000688,科创50,48,96.0,5714631.73,1578653.82,27.62476909426323,24506917.222,7674269.571,31.314708012767777
20240227,STAR,科创板,85,97.7,2529451.27,648742.3999999999,25.647554775783444,9872132.127,2538942.328,25.71827742313198
20240227,000905,中证500,414,96.5,101836943.08,26778017.22,26.294993162711105,118067838.475,25135993.596,21.28945013363852
20240227,000852,中证1000,738,95.6,129836886.6,39114548.19,30.12591353218724,136173538.471,34050828.956,25.00546680238584
20240227,399330,深证100,98,98.0,51151019.13,14214366.72,27.78901957725275,120461871.795,30624785.728,25.422804138488527
20240228,000001,上证指数,427,98.6,120768825.65,41911235.1,34.70368687815422,139986622.95,44109356.717,31.509694131813475
20240228,399001,深证成指,395,94.0,106402304.95,36285125.1,34.101822434251694,165778910.188,64123261.49,38.67998735018926
20240228,000300,沪深300,285,99.0,189929405.7,49275587.98,25.94415951463171,327008575.873,90298022.96,27.61335011442297
20240228,000016,上证50,49,98.0,47403613.63,10780889.0,22.74275772338413,98004097.229,27671834.196,28.23538502817997
20240228,399006,创业板,98,98.0,35790699.410000004,11969031.24,33.44173608592803,99566806.305,27833405.436,27.95450257863928
20240228,000688,科创50,48,96.0,6871948.12,2069932.51,30.1214804572768,27109354.134,7539721.126,27.812249191668627
20240228,STAR,科创板,85,97.7,3430017.29,824107.9299999999,24.026349149977605,12444912.935,2522658.06,20.270596292444047
20240228,000905,中证500,414,96.5,151972823.4,42215007.32,27.77799765480965,165566846.338,31382143.296,18.954364348967697
20240228,000852,中证1000,738,95.6,185928211.41,49895930.78,26.836126912430668,191327481.605,45283738.713,23.66818312409993
20240228,399330,深证100,98,98.0,65641222.99,18300741.58,27.879952180031736,146931575.252,35360185.101,24.06574967998152
20240229,000001,上证指数,427,98.6,94875993.42,31657946.36,33.36771001685918,112294938.462,34629786.885,30.838243788448693
20240229,399001,深证成指,395,94.0,83878051.36,28625360.14,34.1273547440218,139145518.301,57177201.688,41.09165885193234
20240229,000300,沪深300,285,99.0,155407884.62,37895671.73,24.384651925905608,282422974.611,77724827.24700001,27.520716880082297
20240229,000016,上证50,49,98.0,38335697.07,8014415.64,20.905882121736,85510807.153,24988457.978,29.22257292378197
20240229,399006,创业板,98,98.0,27347131.57,8260735.43,30.20695391344841,82277906.928,23851318.088,28.9887273249086
20240229,000688,科创50,48,96.0,6227305.15,1729350.15,27.77044176163424,26951891.376,7651235.114,28.38849046717826
20240229,STAR,科创板,85,97.7,2794858.72,751563.55,26.890931717650474,10394132.956,2573980.552,24.76378321208768
20240229,000905,中证500,414,96.5,119745623.29,31012144.44,25.898353182307776,137827689.648,26893371.137,19.512313676361654
20240229,000852,中证1000,738,95.6,137875097.3,38490714.21,27.91708942641667,143935291.283,36028936.638,25.031343124294164
20240229,399330,深证100,98,98.0,56824445.81,16935180.42,29.80263191061291,131144014.313,31440570.27,23.974079514571766
20240301,000001,上证指数,427,98.6,95600752.98,33776947.36,35.331256613707055,116009642.171,37976283.565,32.735454445262725
20240301,399001,深证成指,395,94.0,81919060.18,28207430.12,34.43329312863217,144722855.884,62059386.184,42.88153782270755
20240301,000300,沪深300,285,99.0,163221231.06,44100217.26,27.018677027248245,295270033.238,89001470.327,30.142398587147213
20240301,000016,上证50,49,98.0,36833248.29,8715049.4,23.66082223154368,78662323.498,22988986.232,29.2249010831526
20240301,399006,创业板,98,98.0,27117457.53,8155902.470000001,30.076206299861035,83988787.5,23925380.774,28.486398585049223
20240301,000688,科创50,48,96.0,5767769.75,1637441.42,28.389507400152368,24910156.791,6436665.909,25.839523865725152
20240301,STAR,科创板,85,97.7,2651841.72,708686.21,26.72430276117686,10820654.03,3194857.082,29.52554506541228
20240301,000905,中证500,415,96.7,108773990.0,29090135.58,26.743650370828536,135736122.28,33251818.966,24.49739863454128
20240301,000852,中证1000,738,95.6,131732042.18,36571521.62,27.762054709535512,145678869.984,39510298.494,27.12150258876901
20240301,399330,深证100,98,98.0,64961657.73,22177877.3,34.13994974108861,145706473.866,37268502.375,25.577794442595764
20240304,000001,上证指数,427,98.6,102794737.13,38174877.8,37.13699637338623,125675270.428,42689370.766,33.967995947505806
20240304,399001,深证成指,395,94.0,83210000.12,28505874.44,34.25775074977851,149822770.111,63287561.009,42.24161718683469
20240304,000300,沪深300,285,99.0,163444841.32,42431854.96,25.960963109826707,303281053.6,92315554.403,30.43894542939559
20240304,000016,上证50,49,98.0,42798293.83,9291398.15,21.70973961463641,87956439.40799999,23972315.193,27.25475855360696
20240304,399006,创业板,98,98.0,27719454.8,8197442.43,29.572884781269217,86200742.391,23890015.341,27.71439627820919
20240304,000688,科创50,48,96.0,5174711.25,1502019.79,29.026156580234307,23243593.877,6515657.066,28.03205519972267
20240304,STAR,科创板,85,97.7,2711323.83,703217.33,25.936309127633784,11226540.846,3341309.016,29.762587263827605
20240304,000905,中证500,415,96.7,107645150.78,28029997.53,26.039257065361326,139933368.378,34801171.475,24.869816169215696
20240304,000852,中证1000,738,95.6,137933865.96,41813368.84,30.31407011540272,153179227.458,42494537.759,27.74171045525837
20240304,399330,深证100,98,98.0,58242867.42,16733271.79,28.730164793112444,141787185.531,39204564.153,27.65028729936135
20240305,000001,上证指数,427,98.6,99923116.57,39843887.43,39.87454434739115,123598793.016,44222790.015,35.779305716420154
20240305,399001,深证成指,395,94.0,80073790.44,28623403.49,35.74628268840073,145028775.227,62055891.689,42.78867527624757
20240305,000300,沪深300,285,99.0,167276131.29,42844261.96,25.61289625100344,310907845.824,92083266.44,29.61754348654388
20240305,000016,上证50,49,98.0,45461123.16,11173607.2,24.57837911455596,93904543.316,24081312.151,25.64445904386491
20240305,399006,创业板,98,98.0,26794100.06,7807399.970000001,29.138504195016434,88251180.375,27248545.599,30.87612594326164
20240305,000688,科创50,48,96.0,5192946.34,1279464.51,24.63850820380324,25578104.313,8243700.005,32.22951906099688
20240305,STAR,科创板,85,97.7,2555343.49,706491.84,27.647627129767983,10605947.494,3423653.998,32.28051053370602
20240305,000905,中证500,415,96.7,101364566.84,26452684.74,26.09657947017573,133659911.683,35461850.581,26.53140357080629
20240305,000852,中证1000,738,95.6,136750046.28,44365522.07,32.44278395281871,152981813.615,47123770.186,30.803511262190625
20240305,399330,深证100,98,98.0,59183292.23,16809931.07,28.40316994308581,145171350.385,36687803.209,25.272068567043387
20240306,000001,上证指数,427,98.6,90776921.06,35143424.28,38.714051842286615,108317475.065,36116445.2,33.34313801011975
20240306,399001,深证成指,395,94.0,69433185.04,23533216.54,33.89332712656443,120288371.657,48920747.027,40.66955629468206
20240306,000300,沪深300,285,99.0,143159363.45,35741492.56,24.966227635178832,249176882.429,67647998.912,27.14858547573148
20240306,000016,上证50,49,98.0,38547574.71,9803585.34,25.43243099923679,78047313.07,22310864.864,28.5863330669559
20240306,399006,创业板,98,98.0,21019710.35,5733653.42,27.2775091784269,68386121.229,18558364.243,27.137617852100217
20240306,000688,科创50,47,94.0,4841526.29,1620898.86,33.479088264952914,20108152.118,5751505.596,28.60285501247768
20240306,STAR,科创板,85,97.7,2176984.06,569995.44,26.182802643029,9205885.138,2631336.139,28.583195418530536
20240306,000905,中证500,414,96.5,88977348.3,21805127.68,24.506380664976504,117221292.362,28477321.775,24.293642563722138
20240306,000852,中证1000,737,95.5,121099935.77,37307352.19,30.807078428890566,133236876.415,37824906.925,28.38921771716168
20240306,399330,深证100,98,98.0,48156448.3,13016115.93,27.02881211029843,110342351.602,25604886.478,23.20494905741696
20240307,000001,上证指数,427,98.6,94243874.58,34473243.1,36.578762549429136,111660301.189,36332633.446,32.53854150411269
20240307,399001,深证成指,395,94.0,80744380.88,29508242.4,36.54525810762523,124634854.923,47598336.555,38.19022903697885
20240307,000300,沪深300,285,99.0,157721383.89,45273774.05,28.704905405582416,260845915.241,70359379.404,26.97354081201301
20240307,000016,上证50,49,98.0,41052046.75,8722816.69,21.24818950714071,82895011.628,21994657.19,26.533149290940823
20240307,399006,创业板,98,98.0,22841430.62,6510380.02,28.50250550549797,68797236.417,19712615.283,28.653208049689848
20240307,000688,科创50,47,94.0,5325506.1,1943604.74,36.49615085409442,20805225.091,5839659.084,28.06823314075146
20240307,STAR,科创板,85,97.7,2223865.44,585719.87,26.33791862874581,9390336.018,2712020.659,28.88097565200462
20240307,000905,中证500,414,96.5,102309644.63,25993611.2,25.40680430863109,124865769.046,31491229.901,25.220066429414107
20240307,000852,中证1000,737,95.5,127183104.77,37082940.0,29.157127487225125,137438507.075,36360296.934,26.45568386024321
20240307,399330,深证100,98,98.0,53903424.83,17594736.41,32.64122171362966,111860385.873,25102442.241,22.44086862841677
20240308,000001,上证指数,427,98.6,81883257.33,31365491.06,38.30513353125787,98466532.699,32137563.98,32.638057925976284
20240308,399001,深证成指,395,94.0,73118789.05,29203448.95,39.939732768317775,120488342.381,52182005.087,43.308758387590416
20240308,000300,沪深300,285,99.0,134448563.87,39379942.23,29.289968666438824,232688650.104,67241569.604,28.897657695786386
20240308,000016,上证50,49,98.0,34983212.69,7856633.83,22.458297068427424,68977256.805,17449651.025,25.297687720940377
20240308,399006,创业板,98,98.0,19651200.43,4525237.52,23.027791793786104,66855754.04,19631743.419,29.364328771543384
20240308,000688,科创50,47,94.0,5540075.3,1883638.5,34.00023281272007,19831768.799,5399489.96,27.22646686095022
20240308,STAR,科创板,85,97.7,2148617.08,632853.71,29.454001640906625,8825910.607,2485242.733,28.15848521090737
20240308,000905,中证500,414,96.5,86129282.08,21807386.13,25.319363639586022,110945642.365,29375955.479,26.47779115321724
20240308,000852,中证1000,737,95.5,103756473.24,29764026.44,28.68642843242424,118128909.725,32816203.361,27.77999343039311
20240308,399330,深证100,98,98.0,47956166.45,16507162.52,34.42135546261955,105867085.496,27368569.417,25.85182097795076
20240311,000001,上证指数,427,98.6,96894228.27,35895120.37,37.04567445439235,120361209.355,41270244.757,34.28865909387406
20240311,399001,深证成指,395,94.0,79850170.41,29526494.32,36.97737170552395,138179859.151,59327318.275,42.934852184332
20240311,000300,沪深300,285,99.0,153198900.38,39264492.88,25.629748505117828,287624315.838,86707544.503,30.14611064797342
20240311,000016,上证50,49,98.0,38772140.04,8216225.6,21.191055204906352,82688049.999,22167522.528,26.80861687785368
20240311,399006,创业板,98,98.0,25771311.54,6056908.640000001,23.502523845552027,93788644.554,32929910.39,35.110764790976575
20240311,000688,科创50,47,94.0,5349647.28,1720067.43,32.15291289260476,20671757.81,6053000.009,29.28149635185765
20240311,STAR,科创板,85,97.7,2292100.72,498388.97,21.74376394768551,9906855.957,2588461.584,26.12798243191414
20240311,000905,中证500,414,96.5,103631185.86,26752793.69,25.81538893720809,131606724.455,30363414.324,23.0713243945085
20240311,000852,中证1000,736,95.3,122617057.6,34342864.22,28.00822731534866,139121521.328,37335095.954,26.83631949795665
20240311,399330,深证100,98,98.0,55176111.37,16659124.01,30.19263880030841,134613339.119,35030840.523,26.023305529946235
20240312,000001,上证指数,427,98.6,114132569.78,43268885.39,37.9110761050981,141881614.122,50837497.125,35.83092667756533
20240312,399001,深证成指,395,94.0,87995591.47,32455053.34,36.88259013642152,153521044.491,66122942.984,43.07093089630222
20240312,000300,沪深300,285,99.0,182012539.23,48817738.3,26.821085243094984,333779925.19,91413960.987,27.38749519910874
20240312,000016,上证50,49,98.0,51360189.41,12502076.59,24.34195966490304,104450771.933,23488875.662,22.48798666329336
20240312,399006,创业板,98,98.0,26230098.65,7368785.58,28.09286262444156,90996894.913,29735274.136,32.67724043158747
20240312,000688,科创50,48,96.0,5082278.27,1658404.79,32.63112922779807,21601489.334,6207935.945,28.73846265418803
20240312,STAR,科创板,85,97.7,2405381.77,588817.91,24.47918735161945,9839933.811,2048476.237,20.817987969695704
20240312,000905,中证500,415,96.7,110060833.28,27424004.52,24.91713328231128,143135059.954,32559619.441,22.74748021306858
20240312,000852,中证1000,737,95.5,139232519.15,41965173.06,30.14035321359766,155238982.971,39803384.049,25.64007009530308
20240312,399330,深证100,98,98.0,63170429.79,18445957.36,29.200303720143488,149114166.389,35250514.793,23.639950278795503
20240313,000001,上证指数,427,98.6,90729362.01,30982305.83,34.148047714239624,115157990.143,37722049.917,32.75678037638362
20240313,399001,深证成指,395,94.0,74488063.4,25634696.66,34.414502794014105,128141636.17,49234330.594,38.42180579673801
20240313,000300,沪深300,285,99.0,152196271.34,43011934.71,28.260833416814247,272597311.178,76768649.121,28.16192455796888
20240313,000016,上证50,49,98.0,40794378.14,9201083.23,22.55478242228207,81014843.82699999,17327473.564,21.38802316400348
20240313,399006,创业板,98,98.0,25461535.42,7250059.47,28.474557211129888,84108194.152,24459862.435,29.081426229168866
20240313,000688,科创50,48,96.0,4515427.08,1274113.51,28.216899252860927,19147367.569,5021663.88,26.2263930637138
20240313,STAR,科创板,85,97.7,2415853.24,602058.21,24.921141732930767,9870212.892,2150611.217,21.788904054370622
20240313,000905,中证500,415,96.7,94948172.91,25006054.45,26.33653042876652,127585238.939,32647397.817,25.58869512531077
20240313,000852,中证1000,737,95.5,134979079.75,44547671.63,33.00338964564618,153292593.385,42150139.253,27.49652695035197
20240313,399330,深证100,98,98.0,54640628.7,17306462.33,31.673248902423403,120770937.29,27193075.865,22.516241469338684
20240314,000001,上证指数,427,98.6,87976494.74,32011482.25,36.386403373542734,106375360.68,32276501.943,30.34208461120491
20240314,399001,深证成指,395,94.0,77279708.56,28459012.77,36.82598356061917,127020966.462,51228373.087,40.330643447218335
20240314,000300,沪深300,285,99.0,152295056.53,47902508.73,31.453751567152068,266358188.375,80848516.308,30.3533061255752
20240314,000016,上证50,49,98.0,38294560.8,8120157.859999999,21.204467920154343,81203001.668,22520934.94,27.73411632254343
20240314,399006,创业板,98,98.0,22062714.08,5391346.44,24.436460629688767,77632871.223,22882353.016,29.47508272658184
20240314,000688,科创50,48,96.0,4116805.06,1116813.41,27.128158698872173,17641585.269,4327130.096,24.52801168386881
20240314,STAR,科创板,85,97.7,2377384.94,622112.17,26.16791919275808,9930538.485,2240014.811,22.556831277412847
20240314,000905,中证500,415,96.7,91426114.03,23469808.13,25.670792616537064,120375523.544,30801275.618,25.58765661919753
20240314,000852,中证1000,737,95.5,124498887.7,37044178.6,29.75462615317808,140370086.685,36980601.758,26.345072964859657
20240314,399330,深证100,98,98.0,55976030.15,21008154.28,37.53062556187722,116355528.467,23910205.409,20.54926458933256
20240315,000001,上证指数,426,98.4,83718223.41,30327105.18,36.22521351352217,100356891.268,30463902.996,30.355566629347937
20240315,399001,深证成指,395,94.0,75868359.8,29477530.91,38.853523376157135,119405430.192,47650569.729,39.90653494768157
20240315,000300,沪深300,285,99.0,150607763.96,47560386.24,31.57897374575695,253838022.059,72619809.053,28.60872002702608
20240315,000016,上证50,49,98.0,35654412.29,8280922.76,23.22552028805297,73565158.223,19786302.678,26.89629595850424
20240315,399006,创业板,98,98.0,21931200.92,5805264.22,26.470343512771027,81016624.387,26509129.184,32.72060442480455
20240315,000688,科创50,48,96.0,4104785.15,1113780.44,27.133708569375425,17568600.121,4192487.11,23.863524020839087
20240315,STAR,科创板,85,97.7,2235290.77,661656.8300000001,29.60048146219474,8885873.14,2324708.761,26.1618495377259
20240315,000905,中证500,415,96.7,100276841.64,28339506.19,28.261267234303773,121965231.373,31586649.867,25.898077272858337
20240315,000852,中证1000,737,95.5,116352320.18,34309665.96,29.487736821167022,129294696.921,34060269.467,26.343129515830853
20240315,399330,深证100,98,98.0,52850830.67,19269482.3,36.46013138434556,117368679.356,27480972.202,23.41422971851404
20240318,000001,上证指数,426,98.4,98786938.03,37451156.57,37.91104099068916,123905819.543,39856473.317,32.166748473963565
20240318,399001,深证成指,395,94.0,84226745.87,29844796.96,35.433871570990085,139433324.646,53464548.055,38.34416785997061
20240318,000300,沪深300,285,99.0,169552314.92,47299075.63,27.896449336192887,306175720.866,88626354.468,28.946238525159856
20240318,000016,上证50,49,98.0,39036284.03,8402979.75,21.526074929524995,86456436.643,23954256.744,27.70673610215171
20240318,399006,创业板,98,98.0,26872543.02,7450758.880000001,27.726288779051327,92300570.758,29612707.524,32.082908351282725
20240318,000688,科创50,48,96.0,4808566.91,1190609.14,24.76016580998349,23272778.481,7302481.745999999,31.377782210069068
20240318,STAR,科创板,85,97.7,2747270.72,686822.3,25.00016816689984,11947863.523,3109154.086,26.022678280638072
20240318,000905,中证500,415,96.7,117847340.7,31755940.41,26.946675437369453,147776948.102,35623493.519,24.10625877482029
20240318,000852,中证1000,737,95.5,138638206.64,40705550.1,29.36099008096633,157813575.558,40557291.476,25.69949469340443
20240318,399330,深证100,98,98.0,59591231.21,18809827.44,31.564757193409903,136572728.672,33358749.197,24.42562986137303
20240319,000001,上证指数,426,98.4,88508537.08,33006978.23,37.29242321581484,113501536.399,37602642.248,33.129632814672014
20240319,399001,深证成指,395,94.0,75603134.66,27419794.78,36.26806600455315,129526339.577,50180098.168,38.741230804387286
20240319,000300,沪深300,285,99.0,150985696.57,48561094.82,32.16271204702235,264043141.498,77002513.254,29.162853016041417
20240319,000016,上证50,49,98.0,36405276.4,8003529.51,21.98453164333069,75546604.869,18279713.125,24.19660440955295
20240319,399006,创业板,98,98.0,24129325.01,5840338.3,24.204316936257303,82945685.601,22421099.096,27.031061270448635
20240319,000688,科创50,48,96.0,4254258.35,1050131.3,24.68423902840785,20356782.568,5771164.024,28.35007941319777
20240319,STAR,科创板,85,97.7,2582201.62,680128.96,26.33911135103385,11447871.035,2962324.011,25.87663681695205
20240319,000905,中证500,415,96.7,106818886.98,30670091.8,28.71223682169844,139817773.169,37718051.752,26.976578797610788
20240319,000852,中证1000,738,95.6,133313418.97,43300329.26,32.48009809855978,154959878.0,43938811.317,28.35495993162824
20240319,399330,深证100,98,98.0,49631350.78,13937950.37,28.082955936022174,117783235.529,28080540.326,23.840863430081395
20240320,000001,上证指数,426,98.4,77904444.14,27248065.99,34.97626649005187,102036257.26,31256316.681,30.632558974948825
20240320,399001,深证成指,395,94.0,70855792.59,25430013.48,35.8898158505519,118286428.036,43430524.796,36.71640569176888
20240320,000300,沪深300,284,98.6,135001346.35,40130366.11,29.72590066321216,231205429.593,67012402.912,28.983922665641792
20240320,000016,上证50,49,98.0,33537569.54,7851816.07,23.41200086260037,63918354.912,16163626.849,25.287926873670912
20240320,399006,创业板,98,98.0,23052793.42,6374325.5,27.650989551963807,75336217.061,20870071.211,27.702573908245785
20240320,000688,科创50,48,96.0,3531036.51,832454.02,23.575344453178708,17987524.3,4967606.782,27.616956614757704
20240320,STAR,科创板,85,97.7,2733810.03,803246.43,29.381940265981104,12704070.594,3515531.384,27.672479918840725
20240320,000905,中证500,415,96.7,89815604.9,25215315.98,28.074537835685163,121152691.202,33811465.506,27.9081423371979
20240320,000852,中证1000,738,95.6,129371899.36,45495867.27,35.166730561325195,152393642.182,47674258.194,31.283626738879168
20240320,399330,深证100,98,98.0,45571365.76,13336148.08,29.264315118915583,104428908.18,23362068.622,22.37126580097124
20240321,000001,上证指数,426,98.4,83211292.58,29005163.7,34.857244492523904,107754915.728,32955516.645,30.58377097912438
20240321,399001,深证成指,395,94.0,71553346.02,25622816.75,35.80939002187001,116658575.101,40591706.77,34.79530478994514
20240321,000300,沪深300,284,98.6,137692949.18,41274214.75,29.97554703839193,242750531.561,62017333.909,25.547764410730387
20240321,000016,上证50,49,98.0,31804349.88,7078413.48,22.256117501874243,65387293.93,13553609.242,20.728200277732466
20240321,399006,创业板,98,98.0,25934934.59,9259203.16,35.70166382285833,80793454.811,18751216.062,23.20883059879626
20240321,000688,科创50,48,96.0,4250533.34,1112509.17,26.173401806560115,22538751.916,7154290.226,31.742175665553383
20240321,STAR,科创板,85,97.7,2835004.94,799756.6799999999,28.210063013152983,13201813.195,3883519.131,29.41655872293987
20240321,000905,中证500,415,96.7,93009589.96,26540265.93,28.53497788928432,126737349.182,36210290.843,28.57112846111413
20240321,000852,中证1000,738,95.6,143157425.58,53911972.61,37.65922193108496,162898646.763,51065904.078,31.34826782956361
20240321,399330,深证100,98,98.0,49358333.51,16465770.18,33.359655825219534,109331446.631,23007585.73,21.04388667576305
20240322,000001,上证指数,426,98.4,87153773.19,31588966.97,36.245093945771366,110861077.361,37368954.267,33.70791188084384
20240322,399001,深证成指,395,94.0,78020115.81,29825880.47,38.228449368921794,127873895.452,49524033.153,38.72880620234943
20240322,000300,沪深300,284,98.6,144349931.8,38635619.37,26.76524947966757,257628313.126,70257128.432,27.27073262232589
20240322,000016,上证50,49,98.0,36258971.43,7792696.14,21.491773849802225,77360868.463,19150415.204,24.754653850815057
20240322,399006,创业板,98,98.0,26043888.46,8063171.77,30.959938191963825,78669237.811,18570671.961,23.606014851212063
20240322,000688,科创50,48,96.0,4316977.31,1136695.96,26.330830077955635,20983346.332,4812384.009,22.934301959554578
20240322,STAR,科创板,85,97.7,2749181.21,838591.43,30.50331593092767,12215402.914,3867831.044,31.663556832555244
20240322,000905,中证500,415,96.7,100661400.9,27622468.08,27.440973236048023,130171173.675,34486476.262,26.49317455499235
20240322,000852,中证1000,738,95.6,156021876.19,59068462.79,37.85909016891178,175370622.283,57153014.442,32.58984526483047
20240322,399330,深证100,98,98.0,49067694.02,14641873.62,29.84015025045189,112842101.94,24918749.648,22.082847819734614
20240325,000001,上证指数,426,98.4,91686420.03,32836439.13,35.81385238866982,114041365.893,38541292.677,33.795888338588995
20240325,399001,深证成指,395,94.0,73382650.92,25805959.44,35.16629491640066,120799522.606,44831380.05,37.11221624295828
20240325,000300,沪深300,284,98.6,142687020.38,37623841.24,26.36808950092395,245209172.833,61719550.712,25.170163904934405
20240325,000016,上证50,49,98.0,39171300.62,8848404.39,22.588998194974923,74685324.821,16498759.573,22.09103275983997
20240325,399006,创业板,98,98.0,23478962.98,6981371.68,29.73458276648298,71339394.925,17352441.213,24.32378523989843
20240325,000688,科创50,48,96.0,3867108.88,925030.79,23.92047440877848,20184647.695,5716689.404,28.32196771715812
20240325,STAR,科创板,85,97.7,2735388.71,766142.4,28.008538501279407,11850186.189,3433094.154,28.970803489879245
20240325,000905,中证500,415,96.7,99849100.11,27535761.9,27.577376130245423,126916934.569,33198373.233,26.157559939293428
20240325,000852,中证1000,738,95.6,151842144.55,56804318.99,37.41011374565705,173451679.258,58729679.987,33.85938968030559
20240325,399330,深证100,98,98.0,47596784.66,12446679.75,26.15025329738313,105012530.844,20547968.632,19.567158763676275
20240326,000001,上证指数,427,98.6,82477524.59,28794085.38,34.91143256679546,99051809.775,31795933.555,32.10030551407964
20240326,399001,深证成指,395,94.0,68805296.6,24367065.33,35.41451971591385,112479494.698,43138926.192,38.35270269289986
20240326,000300,沪深300,284,98.6,131074725.35,31529815.02,24.05483966173346,241425408.971,70884675.773,29.3609011889526
20240326,000016,上证50,49,98.0,34781291.41,8008523.850000001,23.02537808500539,73920286.217,19925675.834,26.955625923182023
20240326,399006,创业板,98,98.0,21808087.33,5272604.9,24.17729175518668,78542550.742,26056965.788000003,33.175604232148075
20240326,000688,科创50,48,96.0,3556558.0,892520.3,25.095058199528868,17629222.142,5291481.006,30.01539695499969
20240326,STAR,科创板,85,97.7,2390172.57,698668.44,29.23087850514493,10069323.884,2808907.87,27.8956949082084
20240326,000905,中证500,415,96.7,87433281.86,23079524.0,26.3967261768298,112825495.986,30616315.073,27.13598979152641
20240326,000852,中证1000,738,95.6,134012804.21,47813463.2,35.678279759802365,149827478.638,48224101.476,32.18641995071868
20240326,399330,深证100,98,98.0,44619766.24,10687438.5,23.95225121197318,111932029.152,27382535.522,24.463538925766656
20240327,000001,上证指数,427,98.6,80807975.38,27510574.47,34.044380323391785,95336575.768,27969889.358,29.33804694859637
20240327,399001,深证成指,395,94.0,67859397.32,23495521.1,34.62382813275478,109437106.563,42303427.529,38.6554696643474
20240327,000300,沪深300,285,99.0,131393616.99,33421140.28,25.43589334521752,222942743.075,57805493.803,25.92840341232982
20240327,000016,上证50,49,98.0,35814638.06,8987371.16,25.09412811862994,64345853.858,14963705.78,23.25512038898772
20240327,399006,创业板,98,98.0,19940514.86,5362242.51,26.891193871611,63456173.619,17006393.658,26.80021925070496
20240327,000688,科创50,48,96.0,3614111.49,1155225.43,31.964299751029536,15055313.831,3842326.712,25.52139898995906
20240327,STAR,科创板,85,97.7,2285953.77,661539.05,28.939301340289138,9225584.336,2573697.2800000003,27.89739041197575
20240327,000905,中证500,415,96.7,81248453.75,20351650.62,25.048662073769005,100825949.615,24043183.532,23.84622572245337
20240327,000852,中证1000,738,95.6,127691602.33,44842073.63,35.11748056392332,136446928.255,40183209.968,29.44969922144621
20240327,399330,深证100,98,98.0,45000582.96,13488199.15,29.973387593643743,101095001.295,21913957.362,21.67659832957916
20240328,000001,上证指数,427,98.6,85765252.65,32361695.12,37.73287446848092,102329577.906,33619914.652,32.854542489057536
20240328,399001,深证成指,395,94.0,69502832.67999999,25128043.02,36.153984019173365,116345493.91,48280906.527,41.49787405118422
20240328,000300,沪深300,285,99.0,149417638.66,44026843.66,29.46562671906704,246950032.825,64233437.884,26.01070230653451
20240328,000016,上证50,49,98.0,41455026.93,11234897.93,27.10141269229179,72130826.854,15562858.383,21.57587686399434
20240328,399006,创业板,99,99.0,20624197.64,5360291.21,25.9903017977479,68003123.635,18720780.743,27.52929533572888
20240328,000688,科创50,48,96.0,3606860.06,880441.75,24.41019987894956,17300890.001,4442804.475,25.67962963028609
20240328,STAR,科创板,85,97.7,2505505.98,724672.56,28.923202170924377,10547044.923,3299793.592,31.28642777280792
20240328,000905,中证500,416,97.0,85937883.01,21062692.38,24.50920553575782,109480820.733,27050768.126,24.7082255548403
20240328,000852,中证1000,739,95.7,128405877.21,45192000.59,35.19465118881687,140395611.231,44500223.41,31.69630661515589
20240328,399330,深证100,98,98.0,48480162.63,14265616.84,29.425678599461413,111460120.807,24688699.795,22.15025393499258
20240329,000001,上证指数,427,98.6,85501555.1,35332085.2,41.32332465611495,95871048.96,31228755.907,32.573708377833114
20240329,399001,深证成指,395,94.0,65571565.8,23216465.25,35.40629992093311,105502951.599,42468429.838,40.2533096888282
20240329,000300,沪深300,285,99.0,134579102.56,36467068.59,27.09712570251516,212644353.15,51816215.694,24.367548409549663
20240329,000016,上证50,49,98.0,38081158.46,8603433.48,22.592362805971213,63046064.806,12316946.760000002,19.536424355589304
20240329,399006,创业板,99,99.0,16446823.17,3898998.51,23.70669684776577,53190470.188,12610020.687,23.707293134334567
20240329,000688,科创50,48,96.0,2971735.67,755196.34,25.41263503425929,13537107.517,3214421.8,23.745263129241643
20240329,STAR,科创板,85,97.7,2081508.94,614067.22,29.501060898638272,8688892.803,2663566.829,30.654847394139274
20240329,000905,中证500,416,97.0,82262217.22,20974278.16,25.49685489743964,102221100.137,26303190.851,25.731664808681987
20240329,000852,中证1000,739,95.7,120570910.11,44309601.12,36.74982720091868,131047089.356,40533450.539,30.930447015795675
20240329,399330,深证100,98,98.0,40413390.23,10823482.94,26.781922720171654,90830808.352,21575217.077,23.753192852130923
20240401,000001,上证指数,427,98.6,95853639.15,35157260.99,36.67806595739459,116965865.238,36763798.533,31.431220089890065
20240401,399001,深证成指,395,94.0,77211753.39,26070351.7,33.76474507490782,125320078.231,47031194.845,37.52885851085118
20240401,000300,沪深300,285,99.0,161924073.46,47375873.25,29.25807894877548,262495914.031,66751068.496,25.429374298038365
20240401,000016,上证50,49,98.0,38931626.59,7602932.4,19.528935895919886,72529247.306,15189602.21,20.942726933198767
20240401,399006,创业板,99,99.0,19836401.69,4923245.03,24.819244472559376,67332899.888,20006028.578,29.712114896696225
20240401,000688,科创50,48,96.0,3432833.36,998223.59,29.078708032597305,15476301.896,3534034.702,22.835136751328207
20240401,STAR,科创板,85,97.7,2276360.19,619088.1599999999,27.196406030980537,9313267.158,2218419.243,23.819989326671475
20240401,000905,中证500,416,97.0,104508335.33,27200136.72,26.026762969778133,126867089.989,30176557.013,23.78596136761429
20240401,000852,中证1000,739,95.7,136310725.26,40833302.1,29.95604492758313,150521934.911,39052815.593,25.944933285697523
20240401,399330,深证100,98,98.0,67914607.46,30528080.55,44.95068394230251,128130365.975,27917530.241,21.788379381080592
20240402,000001,上证指数,427,98.6,92701616.83,34590037.45,37.31330545553765,107843285.882,33245731.43,30.82781756703596
20240402,399001,深证成指,395,94.0,74236361.73,25125598.97,33.845407270068804,113089508.763,40163197.219,35.5145208943912
20240402,000300,沪深300,285,99.0,143576374.74,39603523.02,27.583593116706933,231220306.29,54329706.224,23.496944146358352
20240402,000016,上证50,49,98.0,36424037.09,9091019.71,24.958847058982062,63566312.509,12350785.402,19.429765412696103
20240402,399006,创业板,99,99.0,18102759.43,3983742.78,22.006273659020835,62520940.672,17365188.818,27.77499607547812
20240402,000688,科创50,48,96.0,2927422.15,808973.5,27.634330087992264,13475345.849,3009232.313,22.331392060140068
20240402,STAR,科创板,85,97.7,2103611.8000000003,588056.53,27.95461263337656,8850337.263,2264315.592,25.58451191985948
20240402,000905,中证500,417,97.2,102569714.28,26896152.78,26.22231422676827,124113820.216,31908909.439,25.709392703784083
20240402,000852,中证1000,739,95.7,142399942.79,47447358.12,33.319787347085914,151996433.949,41199720.876,27.105715447129448
20240402,399330,深证100,98,98.0,54705433.27,21287371.6,38.912719135109775,106821703.506,21568265.379,20.19090191516048
20240403,000001,上证指数,427,98.6,88192697.32000001,32595261.8,36.95913923772027,105109791.452,33422256.846,31.79747232327331
20240403,399001,深证成指,395,94.0,74956984.86,27808763.61,37.09962942338127,108001424.859,35499623.551,32.86958815343976
20240403,000300,沪深300,285,99.0,140710607.39,44922569.99,31.92550357308212,223747383.176,49814298.193,22.263633874017646
20240403,000016,上证50,49,98.0,36228394.91,8625527.379999999,23.808748362790773,67231075.994,13034275.158,19.38727733461121
20240403,399006,创业板,99,99.0,17186042.23,3835690.49,22.318637640168305,57063646.387,14450382.258,25.32327177271312
20240403,000688,科创50,48,96.0,3275756.51,911311.9,27.81989128978332,15803485.455,4225374.019,26.73697540350601
20240403,STAR,科创板,85,97.7,1958253.45,508779.26,25.981277346913394,8370857.145,2411778.937,28.81161266072472
20240403,000905,中证500,417,97.2,106308961.54,32217094.97,30.305154432232825,124934447.212,33241406.274,26.60707836453864
20240403,000852,中证1000,739,95.7,133016478.32,42055641.16,31.61686558775525,145928219.257,39683900.772,27.19412391520457
20240403,399330,深证100,98,98.0,52871410.64,21689606.0,41.02331626383858,96664833.335,17263773.362,17.85941460445182
20240408,000001,上证指数,427,98.6,101042915.68,39136307.96,38.73236208260612,120628052.748,42785317.46,35.468795595483385
20240408,399001,深证成指,395,94.0,79082888.77,29883463.94,37.78752193399422,113973435.805,40022309.924,35.115471988117626
20240408,000300,沪深300,285,99.0,158801585.09,51106179.28,32.18241130970817,247930639.768,58766375.668,23.70274836663608
20240408,000016,上证50,49,98.0,43944312.83,10726163.65,24.40853653007276,80309227.263,20548537.803,25.58677066547633
20240408,399006,创业板,99,99.0,18142688.76,4381122.34,24.14814252702861,59995894.073,16153311.934,26.92402902496204
20240408,000688,科创50,48,96.0,3502518.98,969621.15,27.68353734945356,13533187.687,2718021.928,20.08412201813277
20240408,STAR,科创板,85,97.7,1907695.56,490291.38,25.70071400700854,7317436.257999999,1760173.7089999998,24.05451372501727
20240408,000905,中证500,417,97.2,121050404.54,41322438.47,34.13655545144864,130839870.372,34134801.678,26.088990749493224
20240408,000852,中证1000,739,95.7,135090228.32,39305870.43,29.09601302685844,142795984.785,35756741.432,25.0404389772142
20240408,399330,深证100,98,98.0,52330531.97,19964833.25,38.1514051136446,101377872.11,19373075.352,19.10976719947254
20240409,000001,上证指数,427,98.6,82640428.82,32910031.07,39.82316106040748,93846851.916,29811994.513,31.766643104538
20240409,399001,深证成指,395,94.0,62038839.57,21222175.67,34.207886248508046,91227740.5,29782752.863,32.64659707646711
20240409,000300,沪深300,285,99.0,130297153.42,39766660.5,30.51997642021856,195683527.186,42934944.094,21.94101093302029
20240409,000016,上证50,49,98.0,38056332.34,9486575.43,24.92771858634657,62215876.455,12788596.803,20.55519833791916
20240409,399006,创业板,99,99.0,17336360.81,4049394.32,23.357810583085115,54770692.501,14464054.851,26.40838410201937
20240409,000688,科创50,48,96.0,2740809.52,658856.77,24.038765379069467,11258489.042,2756638.562,24.484977972766234
20240409,STAR,科创板,85,97.7,1736625.21,483093.06,27.817922785999404,6670039.907,1569390.108,23.528946301400293
20240409,000905,中证500,417,97.2,99693592.36,32223925.06,32.32296509452415,115235345.178,32793409.929,28.45777038142696
20240409,000852,中证1000,739,95.7,116958996.13,35859122.93,30.659567982391504,124937999.697,33381885.015,26.718760582014955
20240409,399330,深证100,98,98.0,40056910.45,13132236.61,32.783947794456026,79990163.67,13499744.518,16.87675571423168
20240410,000001,上证指数,427,98.6,87016202.01,31642359.46,36.3637560926454,103126129.815,33914031.067,32.88597286433521
20240410,399001,深证成指,395,94.0,67058863.99,23503916.55,35.04967897085905,95152356.854,31311977.245,32.907200914680985
20240410,000300,沪深300,285,99.0,131654676.41,37614004.45,28.570200068596257,199961118.934,41870468.379,20.93930490197944
20240410,000016,上证50,49,98.0,36233259.67,7948560.130000001,21.93719307175986,65088199.123,12530789.999,19.252015216030205
20240410,399006,创业板,99,99.0,17291387.32,4214078.83,24.37097007899306,53633689.886,14004627.334,26.11162380169489
20240410,000688,科创50,48,96.0,2828846.75,735106.72,25.986092035561843,11986984.073,2906165.607,24.24434360888134
20240410,STAR,科创板,85,97.7,1969177.91,632087.22,32.099040761634384,7216814.318,2043479.35,28.31553175621
20240410,000905,中证500,417,97.2,100149480.48,30426412.41,30.380998747243822,112685838.022,29341784.897,26.0385736238404
20240410,000852,中证1000,739,95.7,122838935.53,37615690.07,30.621960299235425,127208971.272,32124842.873,25.253598509424474
20240410,399330,深证100,98,98.0,42141833.35,13936591.81,33.07068227016279,81546540.979,13536239.52,16.59940367487307
20240411,000001,上证指数,427,98.6,89797774.58,32748104.97,36.46872667298121,104601204.353,31327558.356,29.94951974957974
20240411,399001,深证成指,395,94.0,69392219.16,25670263.82,36.99300026824506,95144521.739,30010263.186,31.54176681693141
20240411,000300,沪深300,285,99.0,131450591.53,38068142.36,28.96003883809985,208450097.526,48884019.09,23.451185521226584
20240411,000016,上证50,49,98.0,34893565.4,7753259.16,22.219739000933394,66085864.258,14328882.088,21.682219410886223
20240411,399006,创业板,99,99.0,16821787.35,4174031.11,24.81324381977757,53161768.013,15496692.434,29.15006970838609
20240411,000688,科创50,48,96.0,3547469.4,1217286.6,34.31422410578087,15443400.296,4648304.752,30.09897213636273
20240411,STAR,科创板,85,97.7,2016429.51,620687.21,30.7814980351086,7932535.606,2319703.998,29.24290684866798
20240411,000905,中证500,417,97.2,108255844.93,36503860.48,33.719990365050485,115309672.373,29634342.356,25.69978887819557
20240411,000852,中证1000,740,95.9,122751466.15,38268211.6,31.175360099762035,127759204.913,32605755.768,25.52125757999472
20240411,399330,深证100,98,98.0,43405774.06,14906364.97,34.3418941208026,85648902.517,17784300.954,20.76419011962248
20240412,000001,上证指数,427,98.6,85356363.76,31523940.31,36.93215001360316,102876579.969,35796725.81,34.79579688670317
20240412,399001,深证成指,395,94.0,68035505.31,23673913.22,34.796409774765586,98596491.668,33691334.702,34.17092650258538
20240412,000300,沪深300,285,99.0,131494893.56,36813502.57,27.99614614175288,218443851.4,52988053.635,24.257058871376408
20240412,000016,上证50,49,98.0,36769902.88,7854651.96,21.36163368620788,71700686.456,15804179.855,22.04188081894924
20240412,399006,创业板,99,99.0,17409795.69,3948248.04,22.67831346388419,58095675.507,18378904.614,31.635581226326405
20240412,000688,科创50,48,96.0,4001733.65,1271603.69,31.77631999570985,16059692.706,5221496.565,32.513054020325164
20240412,STAR,科创板,85,97.7,1809540.96,578528.65,31.97101711364412,6930945.564,2147758.542,30.987958600564763
20240412,000905,中证500,417,97.2,98067547.48,31190307.38,31.8049224044896,110065339.89,29656347.31,26.9443108426674
20240412,000852,中证1000,740,95.9,117538018.87,37518762.39,31.920533245925043,122600929.483,30620847.183,24.976031839339296
20240412,399330,深证100,98,98.0,44486313.56,15488390.5,34.81607995931232,92640229.096,18762783.481,20.25338631401348
20240415,000001,上证指数,427,98.6,132404925.98,58660514.06,44.30387587608393,143552127.416,50569918.392,35.227564580393384
20240415,399001,深证成指,395,94.0,85038556.98,26436109.6,31.08720389765956,122589013.872,39249225.471,32.01691916045728
20240415,000300,沪深300,285,99.0,187147439.4,53131278.48,28.390064352651784,272669289.767,55330011.531,20.29198505569891
20240415,000016,上证50,49,98.0,51637844.08,11717231.56,22.691171114438983,83704975.59,14489735.759,17.310483226197903
20240415,399006,创业板,99,99.0,20843937.69,5553820.22,26.64477462271669,63176382.151,17446830.044,27.616063867506284
20240415,000688,科创50,48,96.0,4454946.26,1298614.72,29.1499525293937,17866122.502,4049058.472,22.66333095805614
20240415,STAR,科创板,85,97.7,2539714.71,677408.08,26.6726052864418,9319603.657,2517488.01,27.01282267630665
20240415,000905,中证500,417,97.2,130530110.77,36443172.17,27.919360487033167,140193055.653,32519870.879,23.19649195712791
20240415,000852,中证1000,740,95.9,146427631.32,37378767.78,25.52712725258336,145318454.476,26637536.206,18.33045658381903
20240415,399330,深证100,98,98.0,51999804.36,16135319.92,31.029578127435865,105780538.15,20158827.891,19.057218126848788
20240416,000001,上证指数,427,98.6,136721656.63,59613646.69,43.60219745678487,142689643.941,47853602.153,33.5368432013095
20240416,399001,深证成指,395,94.0,86424212.28,25714319.83,29.753606254101456,121963635.665,35784244.951,29.34009367291191
20240416,000300,沪深300,285,99.0,179491548.11,50517413.51,28.144731070591018,259577047.384,52565370.746,20.25039242712338
20240416,000016,上证50,49,98.0,49785843.06,12189344.34,24.483555145003503,77656640.99,13016153.89,16.761160055424128
20240416,399006,创业板,99,99.0,20494903.63,5089204.43,24.83156067418893,61814514.892,16178752.723,26.173064289620186
20240416,000688,科创50,48,96.0,3709212.47,998274.05,26.91336929534264,14949430.341,3210089.919,21.47299158414132
20240416,STAR,科创板,85,97.7,2604198.57,690484.4199999999,26.51427690477536,9013002.153,2301213.579,25.53215388097999
20240416,000905,中证500,417,97.2,133012000.82,36437163.59,27.39389180327346,139480342.441,30796250.741,22.07927669379416
20240416,000852,中证1000,740,95.9,152784330.04,38988005.57,25.51832740948805,144666214.885,26628402.998,18.406787665777948
20240416,399330,深证100,98,98.0,50291722.88,14468724.32,28.769593665588893,102899016.173,18554379.538,18.031639395662697
20240417,000001,上证指数,427,98.6,122844813.54,53576215.09,43.61292393720377,129461920.736,41780900.763,32.27273357715742
20240417,399001,深证成指,395,94.0,82821690.13,25735633.26,31.07354271520467,119212101.586,36113245.236,30.29327119944093
20240417,000300,沪深300,285,99.0,170933454.13,46720531.09,27.332584676179096,250671592.45,54169745.571,21.60984619021197
20240417,000016,上证50,49,98.0,48871364.38,11069279.03,22.649826069783234,81142344.368,14633624.173,18.03450995528673
20240417,399006,创业板,99,99.0,19971122.41,5486241.07,27.47086997600552,61243293.778,16387767.005,26.75846773428581
20240417,000688,科创50,48,96.0,3887525.5,957940.05,24.64138305973813,17226328.94,4176117.152,24.242641404013497
20240417,STAR,科创板,85,97.7,2532281.42,721280.0599999999,28.483408451498253,9497672.879,2898656.853,30.51965349753335
20240417,000905,中证500,416,97.0,118378664.92,32013348.52,27.043174157804987,129656931.531,27690394.352,21.35666333070626
20240417,000852,中证1000,740,95.9,140843344.39,37365595.95,26.52989824391943,137567694.302,27887080.438,20.27153292020725
20240417,399330,深证100,98,98.0,49747303.21,14220363.21,28.585194156095444,100084653.049,18147597.774,18.13224827298467
20240418,000001,上证指数,427,98.6,127864945.25,55018149.65,43.02832925977419,138954978.822,44334969.721,31.90599581019164
20240418,399001,深证成指,395,94.0,86196957.65,30029976.87,34.838789777170284,126538721.121,41159897.71,32.527512010052405
20240418,000300,沪深300,285,99.0,181659445.55,50205414.05,27.63710628863581,267476496.318,53803515.616,20.11523119101783
20240418,000016,上证50,49,98.0,50318523.54,12060214.57,23.967743330968176,87248842.69,17362274.084,19.89971849333192
20240418,399006,创业板,99,99.0,20745593.29,6459009.45,31.13436844013248,60855668.8,15662102.016,25.736471761526342
20240418,000688,科创50,48,96.0,3868385.39,1091155.71,28.207006282794385,16874817.136,4375072.421,25.926636038422075
20240418,STAR,科创板,85,97.7,2393660.91,709006.11,29.620156599373964,9467981.419,3459851.984,36.54265709749805
20240418,000905,中证500,416,97.0,125820581.03,36715997.66,29.18123359424452,142838463.676,34665526.806,24.26904204502766
20240418,000852,中证1000,740,95.9,138548744.1,39227910.89,28.31343664991042,142911115.666,33862353.815,23.69469558556962
20240418,399330,深证100,98,98.0,53878382.64,17455022.83,32.397080191937995,103536021.85,16689930.41,16.11992629403889
20240419,000001,上证指数,427,98.6,111754510.46,45751048.47,40.93888316604058,125151323.543,39919397.08,31.896903644238595
20240419,399001,深证成指,395,94.0,77523269.76,25014252.99,32.26676721381882,111809968.82,34563985.981,30.913152329595643
20240419,000300,沪深300,285,99.0,152091378.94,42350764.15,27.84560469183948,233199555.044,50278917.289,21.560468792281096
20240419,000016,上证50,49,98.0,41932547.35,9101635.81,21.70542069393264,74937876.871,14806725.571,19.75866703094442
20240419,399006,创业板,99,99.0,18388475.26,4643186.71,25.250525910107456,56492427.379,15397721.188,27.25625699299268
20240419,000688,科创50,48,96.0,3659976.96,1017318.91,27.795773610553,15092062.757,3597978.8039999995,23.84020568912083
20240419,STAR,科创板,85,97.7,2076050.12,588294.87,28.337219045559458,8108172.815,2443983.221,30.142219175184167
20240419,000905,中证500,416,97.0,116555120.04,33787661.06,28.98856871187175,132085668.155,33011395.637,24.9924129529797
20240419,000852,中证1000,740,95.9,130741836.73,40205640.7,30.751931979531705,133483109.834,34395228.907,25.76747646183401
20240419,399330,深证100,98,98.0,46043390.46,13878478.84,30.14217393929074,93517241.265,15607662.319,16.689609432310494
20240422,000001,上证指数,427,98.6,107811067.88,45457561.19,42.16409510069682,122911341.298,40534627.485,32.978752861156494
20240422,399001,深证成指,395,94.0,76935383.85,24883934.85,32.3439405963268,111502578.127,33506567.137,30.05003803484835
20240422,000300,沪深300,285,99.0,153661276.15,40237061.86,26.18555752506029,234772912.565,49054159.936,20.89430139110222
20240422,000016,上证50,49,98.0,44492552.9,9943209.48,22.348030921821977,73495174.177,13684710.56,18.61987635683782
20240422,399006,创业板,99,99.0,17700086.56,4257393.24,24.05295152409696,53863060.468,16070767.895,29.836343786197645
20240422,000688,科创50,48,96.0,3335436.83,994529.07,29.81705607657993,13962535.604,3117625.915,22.328508255383497
20240422,STAR,科创板,85,97.7,1990282.92,517268.14,25.989678894496063,8002473.529,2186297.004,27.320265366416063
20240422,000905,中证500,416,97.0,113149293.86,33236621.88,29.37413106715786,128606902.259,31415314.299,24.42739366797985
20240422,000852,中证1000,740,95.9,116950162.12,31112361.54,26.603093981243298,123863260.665,28190617.913,22.759466981290128
20240422,399330,深证100,98,98.0,45410708.08,12402873.22,27.31266202268829,92666717.772,15977994.277,17.242430358127866
20240423,000001,上证指数,427,98.6,99793920.39,41626632.75,41.71259390083172,111472715.23,35541974.22,31.88401228647456
20240423,399001,深证成指,395,94.0,71011431.1,22023123.78,31.01349098145412,103160665.759,29942509.126,29.02512203241354
20240423,000300,沪深300,285,99.0,144969502.92,41806080.68,28.837845090129257,216535213.297,46054284.954,21.26872772920859
20240423,000016,上证50,49,98.0,43388454.6,10445803.15,24.075075377310164,68890213.248,14341382.278,20.81773535287519
20240423,399006,创业板,99,99.0,16049271.36,4025309.83,25.08095065320149,50447994.055,14386792.275,28.51806606882142
20240423,000688,科创50,48,96.0,3024339.16,944740.13,31.237902894462405,12289113.463,2542687.925,20.690572453867496
20240423,STAR,科创板,85,97.7,1873803.97,558647.0,29.81352419698417,7323562.33,2195105.864,29.97319835741741
20240423,000905,中证500,416,97.0,100877429.52,28783726.91,28.53336672728495,115931917.901,26592425.106,22.93796703053648
20240423,000852,中证1000,740,95.9,111217387.18,30437966.94,27.367993181441687,116943433.239,26833260.149,22.945503997783483
20240423,399330,深证100,98,98.0,44033068.01,14159501.47,32.156518066795506,87263427.38,15147151.922,17.357961263703004
20240424,000001,上证指数,427,98.6,84113599.53,32624826.69,38.78662531659225,96990569.901,29115920.043,30.01933082022215
20240424,399001,深证成指,395,94.0,70796920.47,21711839.71,30.66777419958589,105906034.544,31762795.402,29.99148777381873
20240424,000300,沪深300,285,99.0,125166683.24,30635718.85,24.47593725181465,208716701.089,49338475.77,23.63896876127863
20240424,000016,上证50,49,98.0,31891537.64,7271877.539999999,22.80190319478117,58572931.659,11224486.985,19.163266490307738
20240424,399006,创业板,99,99.0,19811434.39,4899950.77,24.73294297394889,62954660.104,19900710.86,31.611179898556152
20240424,000688,科创50,48,96.0,3292164.78,825245.36,25.066951843157742,15337864.501,4022845.664,26.228199262926843
20240424,STAR,科创板,85,97.7,1876268.62,487620.57,25.98884641581865,8065756.752,2776656.103,34.4252397930485
20240424,000905,中证500,416,97.0,94709513.88,28008071.67,29.572606301714448,113911026.242,27585639.881,24.21683026750657
20240424,000852,中证1000,740,95.9,115532742.67,34391060.13,29.7673709938942,122209965.538,30044210.964,24.5840924933884
20240424,399330,深证100,98,98.0,42922321.27,11536316.3,26.87719573093816,93477013.564,20110485.962,21.51383018695944
20240425,000001,上证指数,427,98.6,78792794.9,29028348.34,36.84137410894152,95044158.365,28854151.773,30.35867986982516
20240425,399001,深证成指,395,94.0,71102372.87,23785978.98,33.45314371362695,104480581.179,30551856.219,29.241659908703443
20240425,000300,沪深300,285,99.0,116502317.69,28575529.16,24.527863244778,187900792.369,40842758.836,21.73634199253024
20240425,000016,上证50,49,98.0,30648138.57,6705571.0,21.87921130898228,53588332.987,9458452.055,17.6502076623554
20240425,399006,创业板,99,99.0,19197860.33,4845640.88,25.24052574977766,56917342.518,14162187.165,24.882024596494883
20240425,000688,科创50,48,96.0,3486935.35,947670.64,27.17775194770961,15490271.427,4386161.82,28.315590470253422
20240425,STAR,科创板,85,97.7,1944722.99,549562.38,28.25915993310697,9123213.575,3790648.858,41.54949160005826
20240425,000905,中证500,416,97.0,88690365.03,24467134.46,27.587139202464503,108874120.728,25679316.082,23.586244288626297
20240425,000852,中证1000,740,95.9,112540985.1,33200997.79,29.501250376028565,122122742.385,31194482.178,25.54354870254824
20240425,399330,深证100,98,98.0,39719999.6,11530371.21,29.02913224097817,81909597.621,15643259.584,19.098200990294423
20240426,000001,上证指数,426,98.4,122710465.07,48556847.08,39.57025755896274,146303027.916,49918338.717,34.11982610890367
20240426,399001,深证成指,395,94.0,101229252.43,37556721.9,37.10066112161646,149477336.958,54009315.204,36.13210959141952
20240426,000300,沪深300,284,98.6,203293484.83,56725451.86,27.90323158040972,321315845.812,78798766.945,24.523772472492592
20240426,000016,上证50,49,98.0,52644502.59,12937250.17,24.57474101475787,93091464.526,16303502.34,17.513423408916843
20240426,399006,创业板,99,99.0,29400464.45,9591441.29,32.62343459339467,88026700.926,27144177.037,30.836299385818016
20240426,000688,科创50,48,96.0,5390180.75,1481027.1800000002,27.47639177035019,24689912.247,5367051.461,21.73783125394516
20240426,STAR,科创板,84,96.6,2790374.8,834970.02,29.923221066933376,12006928.597,4221348.534,35.157605043597314
20240426,000905,中证500,416,97.0,140741355.73,38880109.92,27.625220546111624,161268659.843,33289653.05,20.64235734482354
20240426,000852,中证1000,740,95.9,150361348.79,40901865.63,27.20238010575777,159290259.381,36222668.428,22.7400398296549
20240426,399330,深证100,98,98.0,63205655.11,18740403.54,29.64988418739609,129805608.927,28232945.018,21.75017339495524
20240429,000001,上证指数,426,98.4,144778825.54,56440259.28,38.98378030729811,173512800.665,57246642.296,32.99274870591577
20240429,399001,深证成指,395,94.0,107025833.01,37347841.25,34.89609956739172,163048306.626,55601672.136,34.10134903365727
20240429,000300,沪深300,284,98.6,222627318.44,56914751.98,25.565035045480737,361247841.895,74574109.57800001,20.643475456297857
20240429,000016,上证50,49,98.0,54911427.51,11030572.87,20.087936828798,103031874.296,19037375.811,18.477171206560385
20240429,399006,创业板,99,99.0,29101680.66,8436019.65,28.98808405108793,93014667.06,26000001.376,27.952582316107687
20240429,000688,科创50,48,96.0,6443086.82,2117905.73,32.8709792242098,26644777.177,5328735.444,19.999174354514064
20240429,STAR,科创板,84,96.6,2860849.68,850987.01,29.74595330713077,12663885.509,4213424.596,33.271183579523
20240429,000905,中证500,416,97.0,159769788.36,47751870.94,29.88792276071836,181630932.143,34130339.245,18.79103897244155
20240429,000852,中证1000,740,95.9,170288882.62,44090132.46,25.89137457574797,181287341.766,38384435.675,21.173257493369515
20240429,399330,深证100,98,98.0,68094793.88,20524113.7,30.140503451950533,146023100.786,28373761.997,19.43100909669242
20240430,000001,上证指数,426,98.4,127862208.35,50778776.97,39.71367116623088,146095214.517,44695381.784,30.593323629227527
20240430,399001,深证成指,395,94.0,92651700.59,34011142.33,36.70860018048158,133459643.937,45772407.446,34.29681519876301
20240430,000300,沪深300,284,98.6,191245257.0,51270173.31,26.80859861010828,287717187.14,65749710.988,22.852201372317367
20240430,000016,上证50,49,98.0,46629582.34,8553487.25,18.34347815434453,86469776.17300001,17896525.256,20.69685622892609
20240430,399006,创业板,99,99.0,19543242.84,5168458.04,26.446266273791032,60096998.919,14835675.634,24.68621711709072
20240430,000688,科创50,48,96.0,4679803.91,1448015.3,30.941794311206515,19558821.801,3672944.87,18.778967912127563
20240430,STAR,科创板,84,96.6,2439038.4,694501.63,28.4744032730276,10120433.189,2885418.16,28.51081674187811
20240430,000905,中证500,416,97.0,131672948.6,39968569.37,30.354427234266403,146970000.79,27812016.229,18.92360078893893
20240430,000852,中证1000,739,95.7,146769570.21,37924867.24,25.8397344802036,152776421.097,33384098.501,21.85160397218884
20240430,399330,深证100,98,98.0,64211743.65,24696983.16,38.46178558024565,118618239.595,27862678.168,23.489370827902988
20240506,000001,上证指数,426,98.4,133401007.34,52076882.42,39.03784795812772,164252221.104,54563934.548,33.219602256368645
20240506,399001,深证成指,395,94.0,97998137.54,32630400.05,33.29695938015272,153476893.913,52465586.646,34.18468103461924
20240506,000300,沪深300,284,98.6,206670526.78,56696958.57,27.43349980926584,332894661.477,72632910.889,21.81858686671017
20240506,000016,上证50,49,98.0,56853986.32,12762592.92,22.448017713597675,104390165.367,23065963.669,22.09591639969913
20240506,399006,创业板,99,99.0,23796319.23,7074308.29,29.728582061890584,74004758.324,18920402.262,25.56646719818292
20240506,000688,科创50,48,96.0,4860399.51,1457101.36,29.979045076481786,21296030.903,3969122.377,18.6378503819736
20240506,STAR,科创板,84,96.6,2471070.63,634205.86,25.66522592678785,11010427.92,3122936.272,28.363441409278124
20240506,000905,中证500,417,97.2,133746254.74,36114912.16,27.002559608272144,159879990.007,30520521.329,19.089644256084657
20240506,000852,中证1000,740,95.9,150528609.7,36424345.17,24.197622792499622,161562626.115,31793513.233,19.6787549184608
20240506,399330,深证100,98,98.0,70008881.11,23205793.57,33.14692822120436,139801661.006,23734244.205,16.977083129206434
20240507,000001,上证指数,427,98.6,105588116.78,40794517.46,38.63551951115687,123777497.022,35654527.96,28.805339272341907
20240507,399001,深证成指,395,94.0,81525789.0,26047119.46,31.949546001940565,124726161.645,38812197.444,31.11792821338369
20240507,000300,沪深300,284,98.6,160357075.87,45725630.17,28.514881505490504,252713761.668,55712178.703,22.04556583514881
20240507,000016,上证50,49,98.0,40674964.54,9460353.45,23.258418432538846,73192419.081,14324164.646,19.57055775154508
20240507,399006,创业板,99,99.0,19734827.55,5873344.19,29.76131499056347,63295533.106,19205099.095,30.341950138625943
20240507,000688,科创50,48,96.0,3923129.31,1161478.38,29.6059163035847,18512790.809,4311718.183,23.29048184838699
20240507,STAR,科创板,85,97.7,2424066.41,683037.37,28.177337352733662,10069016.459,2975863.321,29.55465742972424
20240507,000905,中证500,417,97.2,111163305.36,31235275.88,28.09854904803813,135775728.453,29185715.857,21.49553251493171
20240507,000852,中证1000,739,95.7,131978947.2,37253774.95,28.227058739562366,147125530.939,34812579.459,23.661820784479417
20240507,399330,深证100,98,98.0,57204081.08,23442701.270000003,40.98081959784538,109354921.73,21462730.219,19.626670550770463
20240508,000001,上证指数,427,98.6,88683819.73,32800040.13,36.98537143512819,105717925.444,29358910.334,27.770986056240528
20240508,399001,深证成指,395,94.0,71590430.12,24023327.0,33.55661777661073,105823530.019,31686146.493,29.942439538079046
20240508,000300,沪深300,284,98.6,128399713.85,34866333.53,27.15452588214628,203043831.799,40972872.507,20.17932391443461
20240508,000016,上证50,49,98.0,34092480.13,8895637.77,26.09266834234274,57593017.948,9620171.376,16.70371117673661
20240508,399006,创业板,99,99.0,19124113.84,5928747.859999999,31.00142526656284,54935137.073,13466204.576,24.51291703906294
20240508,000688,科创50,48,96.0,3367410.25,1043099.02,30.976297586550377,15447937.078,3034845.914,19.645638758601887
20240508,STAR,科创板,85,97.7,2019108.58,503771.05,24.95017132758656,8569817.051,2258746.094,26.35699316050661
20240508,000905,中证500,417,97.2,97877289.33,26233953.97,26.80290203128779,119317366.884,26762555.37,22.429723408176176
20240508,000852,中证1000,739,95.7,128860199.54,38537609.89,29.906526629300608,139877126.528,33936624.633,24.26173991085434
20240508,399330,深证100,98,98.0,45612525.55,17080638.11,37.44725358668503,87658604.724,15767588.336,17.98749636233144
20240509,000001,上证指数,427,98.6,95537836.77,35391064.79,37.04402986975858,115482045.999,33186897.478,28.737711729048662
20240509,399001,深证成指,395,94.0,75220654.72,25540554.8,33.954177738909216,113927506.062,32629980.795,28.64100332121953
20240509,000300,沪深300,284,98.6,142844184.84,36091658.26,25.266452603881863,229669652.257,44560912.66,19.402177093095613
20240509,000016,上证50,49,98.0,38735665.09,9512012.35,24.55621280259267,69179941.359,11503826.254,16.628846495116903
20240509,399006,创业板,99,99.0,19284321.95,4795341.2,24.866527391698103,61697426.238,15716673.868,25.47379173869
20240509,000688,科创50,48,96.0,5004579.27,1594815.94,31.867133158628143,21048244.492,5046249.726,23.97468220172934
20240509,STAR,科创板,85,97.7,2227035.84,711440.32,31.94561610647452,9041189.758,2557340.036,28.28543703263351
20240509,000905,中证500,417,97.2,107060126.57,31045135.71,28.99785074483497,132341903.411,28037774.299,21.18586296278821
20240509,000852,中证1000,739,95.7,125535129.36,35331835.14,28.144978477441224,140815355.061,32846778.447,23.32613402336064
20240509,399330,深证100,98,98.0,46394836.26,15289362.41,32.954879556675905,93414130.763,15494295.407,16.586671931156125
20240510,000001,上证指数,427,98.6,101859684.63,40686709.96,39.94387976734108,119246452.227,37562133.924,31.49958193514718
20240510,399001,深证成指,395,94.0,79753373.96,28020134.16,35.1334780821353,114205454.753,32714253.494,28.645088419597265
20240510,000300,沪深300,284,98.6,149060430.05,38933312.43,26.119146722534225,234742177.631,48388375.234,20.613413287007795
20240510,000016,上证50,49,98.0,41638743.67,8102416.21,19.45883928250614,72852744.608,11625209.47,15.95713316300156
20240510,399006,创业板,99,99.0,18994041.72,5062909.99,26.655253603391586,56691276.989,14556750.222,25.677231128211304
20240510,000688,科创50,48,96.0,4555529.31,1330229.88,29.200336327108385,18983754.249,4002428.832,21.08344208159371
20240510,STAR,科创板,85,97.7,1944464.33,554941.66,28.539564929946543,8441555.062,2293949.886,27.17449414416909
20240510,000905,中证500,417,97.2,110747054.64,36386320.99,32.855339682196714,126896481.336,28032638.536,22.090950230349105
20240510,000852,中证1000,739,95.7,135648424.21,43236179.84,31.87370593635885,146176613.1,37211707.732,25.456676648092348
20240510,399330,深证100,98,98.0,45910286.76,14534684.64,31.658884458686405,92670026.896,17516913.478,18.90245861011625
20240513,000001,上证指数,427,98.6,110754847.25,45179332.28,40.79219411320167,131446191.346,43489206.591,33.085178159727185
20240513,399001,深证成指,395,94.0,77658544.38,23538494.95,30.31024485190074,118915041.353,34936782.347,29.37961585808977
20240513,000300,沪深300,284,98.6,157175122.84,38820475.36,24.69886751704224,248979199.465,53805891.072,21.610596864162424
20240513,000016,上证50,49,98.0,40541054.37,8586803.74,21.18051410708784,77417972.78299999,19207257.367,24.809816992802567
20240513,399006,创业板,99,99.0,18534283.47,4968207.0,26.805498081658502,57915541.948,14708844.15,25.39705863964197
20240513,000688,科创50,48,96.0,4576018.3,1730633.17,37.81962956747791,17676186.468,2941702.824,16.64218031035992
20240513,STAR,科创板,85,97.7,2108029.01,491931.46,23.33608587293588,9270234.896,2472620.381,26.672683149236136
20240513,000905,中证500,417,97.2,115074424.11,36790161.54,31.970754426571947,129925535.436,27007074.978,20.78657970303568
20240513,000852,中证1000,739,95.7,137756245.65,39582454.5,28.733691393251178,145290659.757,33333955.564,22.942944591036586
20240513,399330,深证100,98,98.0,44764711.55,12408372.15,27.719093277615457,95411484.929,16080884.732,16.854244270452885
20240514,000001,上证指数,427,98.6,90849823.17,34453266.93,37.92331754518703,109205347.616,32778060.528,30.01506908183459
20240514,399001,深证成指,395,94.0,73399574.29,24599842.55,33.514966248723184,109266060.904,34153859.326,31.257518614135105
20240514,000300,沪深300,284,98.6,134289891.26,33119327.64,24.6625619614788,216806081.308,47062790.268,21.707320193265915
20240514,000016,上证50,49,98.0,34936952.06,7540323.79,21.582660608316385,64921859.129,13945028.305,21.479711906110342
20240514,399006,创业板,99,99.0,17947577.76,5593645.34,31.166575316177926,51691425.767,13392004.762,25.907594080234304
20240514,000688,科创50,48,96.0,3821643.02,1435733.22,37.56848068975317,15659160.87,3887790.628,24.82757958919928
20240514,STAR,科创板,85,97.7,1711801.02,470899.58,27.50901386891334,7473697.109,2227440.518,29.80373014204261
20240514,000905,中证500,417,97.2,104049309.97,32014406.46,30.768494735073737,116990421.028,24285184.514,20.75826747233236
20240514,000852,中证1000,740,95.9,131265654.23,44512975.82,33.91060371512384,138910165.945,37746124.3,27.17304672643266
20240514,399330,深证100,98,98.0,43049554.21,11953586.13,27.767038124690487,88317131.796,15979155.491,18.09292847950449
20240515,000001,上证指数,427,98.6,82474522.3,32273018.97,39.13089529952936,95910180.558,28872281.974,30.10345909685781
20240515,399001,深证成指,395,94.0,75038196.68,29302255.02,39.04978573107149,105711707.612,37442154.034,35.419117598049006
20240515,000300,沪深300,285,99.0,122242845.67,33785246.26,27.63781068317468,191218857.625,43442651.807,22.718811495148422
20240515,000016,上证50,49,98.0,29252565.81,6068482.949999999,20.74513049356336,53748593.272,10500740.259,19.53677225720119
20240515,399006,创业板,99,99.0,16375127.19,5398986.359999999,32.97065297481821,47221167.02,12272053.67,25.988459084042347
20240515,000688,科创50,48,96.0,3281741.87,1014096.66,30.90117078586684,13189572.227,3172946.309,24.05647624041022
20240515,STAR,科创板,85,97.7,1436791.41,395233.28,27.508048645697293,6000910.333,1701422.141,28.35273394510826
20240515,000905,中证500,417,97.2,98492687.41,34785999.51,35.318357560084365,105532989.777,24713546.953,23.417840246184426
20240515,000852,中证1000,740,95.9,121649979.54,43186291.87,35.50045140435047,125536828.409,34540750.065,27.51443580561552
20240515,399330,深证100,98,98.0,39780650.78,13691593.28,34.41772070476923,75688699.147,14000311.125999998,18.49722783424917
20240516,000001,上证指数,427,98.6,101671487.25,39266257.16,38.62071680278287,117896880.262,37647475.205,31.932545730927508
20240516,399001,深证成指,395,94.0,84102219.98,33435879.61,39.756239036200526,120811319.62,46707504.93,38.66153029112985
20240516,000300,沪深300,285,99.0,156771488.03,44942018.8,28.66721453291292,245669163.863,62119128.891,25.28568417550417
20240516,000016,上证50,49,98.0,42298772.81,11091445.08,26.221671086821303,75000462.16,14076490.004,18.768537684434985
20240516,399006,创业板,99,99.0,17089198.75,4774275.9,27.93738881408937,52085369.215,14940627.596,28.68488372296547
20240516,000688,科创50,48,96.0,4311056.86,1593002.48,36.951553452718784,16334794.804,4452702.139,27.259002591876087
20240516,STAR,科创板,85,97.7,1797366.63,581776.4099999999,32.36826590020757,7789384.958,2648857.842,34.005994777283675
20240516,000905,中证500,417,97.2,100589698.75,32430038.73,32.23992032285513,110748678.646,23264888.263,21.006921750610232
20240516,000852,中证1000,740,95.9,122823812.0,40310302.8,32.81961546674679,124869094.767,31722987.327,25.40499503595636
20240516,399330,深证100,98,98.0,50988823.97,17942886.04,35.18984091603476,98293687.511,20336488.056,20.68951584884244
20240517,000001,上证指数,427,98.6,110146375.38,45853340.07,41.62945890121945,126234457.121,45859932.767,36.32917177521641
20240517,399001,深证成指,395,94.0,90564249.68,39476158.75,43.58911920485753,124670040.039,48194071.315,38.657299941448365
20240517,000300,沪深300,285,99.0,160503225.03,51715767.53,32.22101457483717,246480303.529,63468390.336,25.74988322688938
20240517,000016,上证50,49,98.0,44615011.72,11852170.41,26.565431573532265,80655300.829,17396773.474,21.56928719525017
20240517,399006,创业板,99,99.0,17492364.74,4684135.33,26.77817093127913,55233391.675,15894448.936,28.776883790741792
20240517,000688,科创50,48,96.0,4758853.09,1781047.0499999998,37.42597252566164,15782498.766,4012189.469,25.421763235891387
20240517,STAR,科创板,85,97.7,1750410.92,591298.61,33.78055993846291,7177340.1620000005,2174950.29,30.30301254934446
20240517,000905,中证500,417,97.2,100946104.16,33109080.84,32.798770309671355,113235737.19,26794058.323,23.66219268572592
20240517,000852,中证1000,740,95.9,127456858.08,42477262.85,33.32677698938615,131294458.123,36076049.349,27.47720647523678
20240517,399330,深证100,98,98.0,53407404.14,21676344.37,40.58677765573199,100379330.745,22042110.957,21.95881442265736
20240520,000001,上证指数,426,98.4,124486983.53,50699241.03,40.7265399099192,146677716.291,50172893.984,34.20621431305892
20240520,399001,深证成指,395,94.0,98618719.94,41589535.92,42.172050038069074,137932112.016,50444669.693,36.57209982193883
20240520,000300,沪深300,285,99.0,184483239.14,55364578.1,30.0106277177761,282647452.164,65314750.729,23.10820431209921
20240520,000016,上证50,49,98.0,50358581.74,11694483.45,23.22242415479114,88079880.834,17282103.595,19.620943433802736
20240520,399006,创业板,99,99.0,18607191.23,5507675.12,29.599712562313467,57163583.945,17586450.068,30.765128521194228
20240520,000688,科创50,48,96.0,4751072.25,1421030.99,29.909690175728223,19666036.507,4999113.516000001,25.420035777013823
20240520,STAR,科创板,85,97.7,2014142.37,572285.6,28.413363847760177,9093932.444,3086277.945,33.9377707499495
20240520,000905,中证500,417,97.2,119021521.57,36799139.56,30.91805504969735,136562784.01,31497998.125,23.06484768404657
20240520,000852,中证1000,739,95.7,145756130.24,48789330.49,33.47326140565352,150064317.398,37584029.041,25.04528037889233
20240520,399330,深证100,98,98.0,63444948.23,26607436.97,41.937833842251685,112849079.922,22800113.66,20.2040758114813
20240521,000001,上证指数,426,98.4,93428894.71,41573998.7,44.49800977421839,103630033.448,34648614.121,33.434915504862936
20240521,399001,深证成指,395,94.0,74271793.88,28901711.44,38.91344200827589,105228248.813,35351926.904,33.595472036053295
20240521,000300,沪深300,285,99.0,132609822.67,40416751.98,30.477947384468813,200883437.336,43730630.738,21.769156938934508
20240521,000016,上证50,49,98.0,37096858.9,9998705.02,26.95296937930236,62230606.589,10821777.3,17.389798835598814
20240521,399006,创业板,99,99.0,14518569.75,3645479.9,25.109084178212527,42016419.754,10721260.67,25.516835400948995
20240521,000688,科创50,48,96.0,3273230.47,809012.64,24.71603046026881,14824273.214,3978591.521,26.83835803324665
20240521,STAR,科创板,85,97.7,1604137.11,528082.18,32.92001517251851,7408158.492,2969361.655,40.082318138935406
20240521,000905,中证500,417,97.2,92061489.61,30581588.94,33.21865534606572,105581304.021,25838431.328,24.47254423269935
20240521,000852,中证1000,739,95.7,121735181.77,40366777.92,33.159500263668114,127268174.358,33968622.702,26.69058692273506
20240521,399330,深证100,98,98.0,42911160.68,16109381.82,37.5412400054428,79960563.973,14623488.83,18.288376298768803
20240522,000001,上证指数,427,98.6,106531882.28,46314792.03,43.47505276239262,120961587.974,45682688.781,37.76627733327975
20240522,399001,深证成指,395,94.0,80130248.34,34857355.94,43.50087097209163,112416163.064,42509250.057,37.81417982821467
20240522,000300,沪深300,285,99.0,143564925.34,41081249.2,28.615101566562068,219205977.887,51775686.408,23.619650753635103
20240522,000016,上证50,49,98.0,37105180.88,8527600.34,22.98223627470968,64076390.689,12642229.075,19.729933192336148
20240522,399006,创业板,99,99.0,15863268.67,3689272.22,23.2566963136482,52322113.412,13791301.737,26.35845694611599
20240522,000688,科创50,48,96.0,5725477.17,2879127.79,50.28625046460539,16066645.537,4094764.487,25.48611953609193
20240522,STAR,科创板,85,97.7,1659874.24,467191.34,28.146188954652366,7261118.721,2203174.442,30.342079873011347
20240522,000905,中证500,417,97.2,90625664.34,29928596.61,33.024416237895906,102410731.569,22961465.228,22.420956159784424
20240522,000852,中证1000,740,95.9,115878144.12,38915539.06,33.583156992659646,122606790.225,33428617.303,27.26489882138989
20240522,399330,深证100,98,98.0,45952323.79,18476166.58,40.2072518996759,88060061.608,20626145.344,23.4228150280174
20240523,000001,上证指数,427,98.6,97966021.94,38264558.82,39.05901052452187,108912784.749,36182666.817,33.22168917118999
20240523,399001,深证成指,395,94.0,80102889.17,32948043.77,41.1321540476216,110585257.842,39963306.227,36.138005197852
20240523,000300,沪深300,285,99.0,138203015.07,38123181.25,27.58491284049813,210039033.854,48835511.692,23.250683835246548
20240523,000016,上证50,49,98.0,35247793.11,7624789.16,21.63196185419281,61653595.813,10373885.495,16.82608347202453
20240523,399006,创业板,99,99.0,16434138.73,4168794.23,25.366672987797028,51537958.889,14536764.934,28.20593839447269
20240523,000688,科创50,48,96.0,4592934.75,1577015.06,34.33567306829256,15407325.179,3104327.818,20.148389041799167
20240523,STAR,科创板,85,97.7,1863518.87,625963.4,33.59039771891336,7758734.1,2372460.086,30.57792747401925
20240523,000905,中证500,417,97.2,99240819.89,29911108.57,30.139924884895063,106944365.226,23137858.7,21.63541636915976
20240523,000852,中证1000,740,95.9,122101727.37,34699589.19,28.41858992285278,126571405.922,30833628.995,24.360659321427867
20240523,399330,深证100,98,98.0,44290492.43,16058888.59,36.25809447790779,85040984.42,19022996.441,22.369210058822127
20240524,000001,上证指数,427,98.6,86848257.39,37096311.27,42.71393852315959,99007831.491,32613513.617,32.94033727015285
20240524,399001,深证成指,395,94.0,65426198.32,26040492.34,39.80132272493622,96220950.402,36194454.672,37.61598126061296
20240524,000300,沪深300,285,99.0,121675294.78,31067715.46,25.53329787790796,196491392.802,47472662.816,24.1601742137566
20240524,000016,上证50,49,98.0,31767857.31,6877444.08,21.649065005826166,57107074.459,8850299.707,15.497729118226973
20240524,399006,创业板,99,99.0,14899102.11,3566044.2,23.93462487653224,49590307.588,16060751.916,32.38687698699902
20240524,000688,科创50,48,96.0,4433993.45,1787611.34,40.31605730044549,15808134.875,4337009.773,27.435303451635058
20240524,STAR,科创板,85,97.7,1871162.79,666295.06,35.6086099809627,8514634.572,3355037.043,39.403183009555
20240524,000905,中证500,417,97.2,83178536.39,26134626.05,31.41991574300169,95748570.902,21791693.89,22.759288921715715
20240524,000852,中证1000,740,95.9,109199054.57,34567833.95,31.65579966431023,116927233.113,33137697.339,28.34044427184495
20240524,399330,深证100,98,98.0,39212921.94,13551241.94,34.55810296599387,81763714.858,19192123.589,23.47266586692054
20240527,000001,上证指数,427,98.6,91818796.37,37388366.91,40.71973102254248,105876354.564,33872862.034,31.992848803199564
20240527,399001,深证成指,395,94.0,66467099.45,22725294.08,34.19029003529053,98033179.108,31419637.855,32.05000403015187
20240527,000300,沪深300,285,99.0,128577856.31,32707935.74,25.43823382864735,206125967.362,41851790.982,20.30398766231116
20240527,000016,上证50,49,98.0,38487625.63,8738772.940000001,22.70540932820854,67589739.565,10577128.761,15.649015411323106
20240527,399006,创业板,99,99.0,15381030.85,3336090.18,21.689639742189325,46633301.848,12207986.983,26.178688832267564
20240527,000688,科创50,48,96.0,4927187.6,1593045.27,32.3317356538241,20094826.041,4757344.953,23.674476919051024
20240527,STAR,科创板,85,97.7,2002590.22,668717.66,33.392635863367,8178485.905,2716387.341,33.21381698951525
20240527,000905,中证500,417,97.2,86246315.17,23955630.61,27.775830843069745,101683126.804,20991253.566,20.64379236337001
20240527,000852,中证1000,740,95.9,110131197.0,32997958.68,29.962408090416016,115979179.455,29084866.216,25.077661656750166
20240527,399330,深证100,98,98.0,36196368.04,11155054.36,30.81815929065794,76405403.355,14538997.455,19.02875558086896
20240528,000001,上证指数,427,98.6,84796682.42,35693139.63,42.09261330910451,97481573.762,32566822.551,33.40818299724159
20240528,399001,深证成指,395,94.0,63579415.21,23123669.5,36.36974235076485,92812926.402,31731064.803,34.18819558125283
20240528,000300,沪深300,285,99.0,121236653.46,35855941.07,29.57516563407128,186536498.098,41934793.751,22.4807446149058
20240528,000016,上证50,49,98.0,33054193.86,7411821.53,22.42324093999248,58813359.767,10620540.503,18.05804080072153
20240528,399006,创业板,99,99.0,13465574.13,2746530.75,20.396685083638538,45028007.84,12918394.526,28.68968703191023
20240528,000688,科创50,48,96.0,4353835.08,1239771.75,28.475395305970107,17050765.014,4138745.5,24.27307805017411
20240528,STAR,科创板,85,97.7,1762681.86,585254.72,33.2025156258203,6978527.279,2362317.4620000003,33.851232037291865
20240528,000905,中证500,417,97.2,86523959.52,26391308.45,30.50173454429077,98654958.408,23321484.009,23.63944436786549
20240528,000852,中证1000,740,95.9,112019405.19,37127052.52,33.143411587508005,116716285.882,31570316.768,27.04876747013484
20240528,399330,深证100,98,98.0,40985929.49,18170497.66,44.33350148721978,73727724.106,15727693.218,21.33212900399305
20240529,000001,上证指数,427,98.6,75726125.79,30907499.48,40.814843170124895,87907269.176,30866790.777,35.11289915649785
20240529,399001,深证成指,395,94.0,63587085.18,25483000.37,40.07574855470046,95235841.619,37835082.371,39.72777656794679
20240529,000300,沪深300,285,99.0,113047781.23,32128583.28,28.42035724224713,173797819.544,41007425.725,23.594902302337715
20240529,000016,上证50,49,98.0,33148431.19,7889738.63,23.80124291486869,54430816.192,9848935.178,18.09441023860221
20240529,399006,创业板,99,99.0,12420701.41,2400421.95,19.325977420787225,41066154.935,10516718.789,25.609212271385008
20240529,000688,科创50,48,96.0,4665865.07,2137256.73,45.80622666827354,14355601.363,3339948.986,23.265824269879456
20240529,STAR,科创板,85,97.7,1506084.21,433730.84,28.79857826807706,5866587.788,1568584.349,26.73759271460168
20240529,000905,中证500,417,97.2,79993078.48,24258591.04,30.32586256330311,89634785.63,21592388.58,24.0892957217864
20240529,000852,中证1000,740,95.9,105818747.62,34143033.56,32.26558084263972,111040992.253,30843367.473,27.7765596715178
20240529,399330,深证100,98,98.0,35532427.9,13441854.52,37.8298228250257,69482193.679,16446658.71,23.67032161647304
20240530,000001,上证指数,427,98.6,80662590.05,33089356.13,41.02193607902874,93755550.519,33129784.56,35.3363447567684
20240530,399001,深证成指,395,94.0,63917538.98,25219057.17,39.45561354903092,96684750.855,37620483.672,38.91046244554136
20240530,000300,沪深300,285,99.0,120895553.04,33391908.68,27.62046067066819,189331596.064,43184000.408,22.80866020555938
20240530,000016,上证50,49,98.0,34637086.09,8136610.54,23.49103651172637,62297816.123,12192721.011,19.5716668252493
20240530,399006,创业板,99,99.0,13465699.98,3162122.02,23.48278978958805,40044545.563,8883083.454,22.18300477408267
20240530,000688,科创50,48,96.0,4903453.46,1807972.41,36.87140960444641,17397212.885,5167282.397,29.701782872676503
20240530,STAR,科创板,85,97.7,1587244.96,438457.47,27.62380609480719,5911944.777,1456968.773,24.644492260283503
20240530,000905,中证500,417,97.2,85722535.53,25820855.74,30.12143257354254,96450256.401,22141962.456,22.956872570605665
20240530,000852,中证1000,740,95.9,103440658.4,31009601.4,29.97815547546824,112825127.573,32534251.936,28.835998359452088
20240530,399330,深证100,98,98.0,36110397.04,12231208.5,33.87170871162484,70471904.776,15140489.442,21.48443339246347
20240531,000001,上证指数,427,98.6,72505028.29,27272027.12,37.61398038618709,86985859.821,26999405.053,31.03884367937448
20240531,399001,深证成指,395,94.0,57799188.74,18877801.23,32.66101417948725,90800998.099,30981974.462,34.12074218415581
20240531,000300,沪深300,285,99.0,111196923.51,25874501.1,23.26908000981977,179288708.202,38185055.296,21.29808155736048
20240531,000016,上证50,49,98.0,29304873.34,6174658.22,21.07041429034888,55418217.8,11172926.248,20.16110710799509
20240531,399006,创业板,99,99.0,16002379.43,3596369.79,22.47396898524859,48754147.991,12027021.897,24.66871516085192
20240531,000688,科创50,48,96.0,4561137.42,1408383.87,30.877909177312183,15733993.003,3540450.028,22.50191688355869
20240531,STAR,科创板,85,97.7,1899161.32,604245.95,31.816462542529035,6931607.955,1675741.081,24.17535861633998
20240531,000905,中证500,417,97.2,78684761.02,19048542.58,24.208680731912324,96104622.432,20465980.552,21.295521520289988
20240531,000852,中证1000,740,95.9,98708238.01,29957128.17,30.34916717585931,110482756.343,31432257.554,28.44992159357137
20240531,399330,深证100,98,98.0,35909823.7,11044111.32,30.755125428254328,72865501.527,13928338.097,19.115133780886577
20240603,000001,上证指数,427,98.6,86662061.33,32211999.32,37.16966666340892,100313678.831,31141462.618,31.044083898532428
20240603,399001,深证成指,395,94.0,66989556.52,20439503.35,30.51147732840672,106077379.48,37881368.258,35.71107095942374
20240603,000300,沪深300,285,99.0,143827066.14,35650753.99,24.787235773340377,227779332.923,52638279.892,23.10933095488263
20240603,000016,上证50,49,98.0,36287778.22,7966130.54,21.952654394281623,68133669.21,14329814.397,21.03191353577771
20240603,399006,创业板,99,99.0,18233325.11,3995086.71,21.9109059148455,60531289.206,18124025.409,29.94158169557621
20240603,000688,科创50,48,96.0,9377044.54,5019077.03,53.525148660539465,25548787.873,5855431.952,22.91862917766064
20240603,STAR,科创板,85,97.7,2226050.5,669436.83,30.07285009931266,8279653.133,2292135.51,27.683955754913143
20240603,000905,中证500,417,97.2,102548386.26,29190624.19,28.465220423840144,114228963.3,23379898.585,20.467574868553505
20240603,000852,中证1000,740,95.9,115771522.49,28694736.28,24.785660292649748,123377049.74,29121844.96,23.603940134222896
20240603,399330,深证100,98,98.0,41286637.32,11021829.37,26.69587567660984,93800832.155,21780688.415,23.22014412303803
20240604,000001,上证指数,427,98.6,84129250.59,33307145.95,39.59044650512914,97598896.998,30977542.825,31.739644379008496
20240604,399001,深证成指,395,94.0,62768268.68,20104508.51,32.029732431358184,95663193.93,31477924.368,32.904948157003275
20240604,000300,沪深300,285,99.0,123324406.86,31631952.32,25.649385328817463,196590342.087,41916237.791,21.32161597869858
20240604,000016,上证50,49,98.0,33955561.57,7253078.65,21.36050271189787,61285057.542,11029600.924,17.99721068458028
20240604,399006,创业板,99,99.0,16729798.22,4153848.53,24.82904142283194,53932945.616,14352575.025,26.611887893514385
20240604,000688,科创50,48,96.0,5742614.21,2531596.54,44.08439166245159,17697817.844,3835721.848,21.67341692524203
20240604,STAR,科创板,85,97.7,1910088.52,523439.01,27.40391372018717,6790069.3,1679560.141,24.73553754451372
20240604,000905,中证500,417,97.2,88194592.37,25054659.14,28.40838476228676,104527427.25,23001172.217,22.004915668676805
20240604,000852,中证1000,740,95.9,106385470.04,30706043.91,28.863005350688205,110747006.169,26890168.666,24.280718365393632
20240604,399330,深证100,98,98.0,38890899.56,13545814.56,34.830293753174374,78522384.484,16645952.038,21.198989495016978
20240605,000001,上证指数,427,98.6,75311918.38,30850625.75,40.96380282644979,86531565.687,27958873.922,32.310606771096914
20240605,399001,深证成指,396,94.3,57231357.69,17648864.65,30.837752872467284,93549512.648,32857528.257,35.123142095494885
20240605,000300,沪深300,285,99.0,110638587.94,28577122.59,25.82925462271585,181369565.149,37057716.131,20.432158008735417
20240605,000016,上证50,49,98.0,32191512.4,7705456.6,23.936298811484235,56573938.63,9235506.886,16.324666639176858
20240605,399006,创业板,99,99.0,15406061.72,3527565.45,22.897256379419463,47719189.79,9932576.769,20.814638330430043
20240605,000688,科创50,48,96.0,5040861.18,1770381.14,35.12060889564112,17855803.941,4254279.978,23.82575431527584
20240605,STAR,科创板,85,97.7,1744812.6,528624.3,30.2969098228658,6762052.253,1996557.129,29.525905069932328
20240605,000905,中证500,417,97.2,81920627.89,22046930.19,26.912550303696165,101540378.653,24158778.529,23.79228721566938
20240605,000852,中证1000,740,95.9,96070016.83,27993197.89,29.13832932863451,102972899.855,25313778.626,24.58295207928035
20240605,399330,深证100,98,98.0,33984550.65,9690496.44,28.51441685900296,74032663.362,14093430.973,19.03677421962638
20240606,000001,上证指数,427,98.6,93048190.27,37209911.79,39.98993605574399,106004887.126,35519349.874,33.50727578416345
20240606,399001,深证成指,396,94.3,69237774.66,20506504.59,29.617509648020224,109550130.605,40776470.166,37.22174491331817
20240606,000300,沪深300,285,99.0,136223921.69,36549762.55,26.830649196236628,227640449.284,55421717.519,24.34616417834288
20240606,000016,上证50,49,98.0,39013827.6,9828378.0,25.192037297053112,70235723.744,13205497.607,18.801682253794816
20240606,399006,创业板,99,99.0,18160893.17,3728746.46,20.531735003868206,57956089.227,15472482.073,26.69690498335391
20240606,000688,科创50,48,96.0,6172479.45,2248748.64,36.43185300519712,20615527.601,5321382.798,25.812498719372456
20240606,STAR,科创板,85,97.7,2267183.91,658430.01,29.04175559361657,7888566.712,1999520.927,25.34707507712841
20240606,000905,中证500,417,97.2,102858649.96,29069452.11,28.26155322989814,116408239.24,25893386.726,22.243603111816984
20240606,000852,中证1000,740,95.9,123562831.73,31751873.17,25.69694521033781,123324712.902,26380245.522,21.39088338520039
20240606,399330,深证100,98,98.0,40331132.77,10966484.56,27.19111467198197,91502037.218,18247998.497,19.94272373796975
20240607,000001,上证指数,427,98.6,85075888.38,36043868.33,42.36672577429511,96356418.245,34554066.25,35.8606794226632
20240607,399001,深证成指,396,94.3,60800729.0,20499590.66,33.71602774696994,97689777.708,38766272.152,39.6830385548368
20240607,000300,沪深300,285,99.0,130139121.57,35040965.41,26.925773731423224,214243985.347,56765131.477,26.495554302287843
20240607,000016,上证50,49,98.0,38319076.06,10457893.66,27.29161226023569,63453949.158,11868321.324,18.70383401109984
20240607,399006,创业板,99,99.0,15855672.98,3583302.91,22.599500598428715,56820414.762,19951652.872,35.11352909965581
20240607,000688,科创50,48,96.0,4817264.36,1512152.61,31.390276659012333,17880728.819,4195080.045,23.46146003032227
20240607,STAR,科创板,85,97.7,1781410.53,591522.45,33.20528536451393,6364578.253,1804297.577,28.34905166182109
20240607,000905,中证500,417,97.2,92384230.89,28562222.21,30.916772196770737,102669720.968,24767364.707,24.12333887097976
20240607,000852,中证1000,740,95.9,93551258.24,24157409.67,25.82264538658118,97536754.224,24730017.022,25.35456220452628
20240607,399330,深证100,98,98.0,38749777.36,10923967.53,28.19104592140552,90848340.736,23414961.369,25.77368081717917
20240611,000001,上证指数,427,98.6,87552886.08,38095662.69,43.51160126827882,102445714.258,39267669.708,38.33022200334123
20240611,399001,深证成指,396,94.3,58003743.96,19401289.45,33.44833992678013,94742798.574,37705891.59,39.798161081920505
20240611,000300,沪深300,285,99.0,134197671.58,36155535.74,26.941999301713963,220759454.357,59873701.392,27.12169296050876
20240611,000016,上证50,49,98.0,42675763.74,12732405.72,29.83521466088236,75284287.823,20491757.023,27.2191683225827
20240611,399006,创业板,99,99.0,15144258.23,3767732.24,24.878948726166826,51374336.052,15701184.474,30.562311225020206
20240611,000688,科创50,48,96.0,6303771.35,1951981.31,30.96529365710576,23764662.861,6358012.555,26.75406165948217
20240611,STAR,科创板,85,97.7,1955237.79,622733.74,31.84951432429096,6895908.756,1866399.123,27.06531059269138
20240611,000905,中证500,417,97.2,93243967.58,30452378.95,32.65881937496165,106124758.785,26693511.678,25.15295392291901
20240611,000852,中证1000,740,95.9,90444676.68,23206563.93,25.658297184373325,97143770.999,25146781.635,25.88614933968217
20240611,399330,深证100,98,98.0,34752056.35,9651739.89,27.773147559367377,82110455.608,21317592.228,25.962092245318185
20240612,000001,上证指数,427,98.6,74762883.4,30644438.08,40.98883922927991,88103708.163,29077616.241,33.003850629310314
20240612,399001,深证成指,396,94.3,55817447.8,19211254.18,34.41800895095744,92871569.689,36698780.341,39.51562406438654
20240612,000300,沪深300,285,99.0,124087279.52,34417393.58,27.73643979716125,203328948.545,54375762.788,26.742755115347368
20240612,000016,上证50,49,98.0,38957648.73,12197498.11,31.309636252783164,66525658.545,19208990.959,28.87455964980256
20240612,399006,创业板,99,99.0,16411585.0,4308964.09,26.2556242434841,49104601.808,10622592.753,21.632580984027843
20240612,000688,科创50,48,96.0,5745109.61,1752426.09,30.502918289839208,21024514.614,4736965.8,22.53067852917615
20240612,STAR,科创板,85,97.7,1839570.28,546617.59,29.714417325768057,7324210.92,2348672.272,32.06723970204834
20240612,000905,中证500,418,97.4,80940343.46,23744999.08,29.336419966805018,102988305.77,26975011.084,26.19230492464096
20240612,000852,中证1000,740,95.9,91059016.18,25143883.85,27.612733922247827,100406676.32,26894813.201,26.78588136438775
20240612,399330,深证100,98,98.0,35869251.22,9815835.16,27.36559818267653,78855626.787,17296919.151,21.93492063378227
20240613,000001,上证指数,427,98.6,75542698.49,28166451.21,37.28547135992044,91570735.159,28552530.032,31.18084613214305
20240613,399001,深证成指,396,94.3,62310521.38,21768469.95,34.93546429702495,104116981.058,41553845.81,39.910728670524726
20240613,000300,沪深300,285,99.0,125079462.51,32315949.32,25.836335295585688,220122730.299,56517777.744,25.675575469752733
20240613,000016,上证50,49,98.0,32793513.6,7873282.06,24.00865657774469,64055305.819,13636132.103,21.288060260818035
20240613,399006,创业板,99,99.0,18312197.96,4657564.19,25.43421712769645,57603056.048,14878532.856,25.829415792804262
20240613,000688,科创50,48,96.0,7158501.49,2509000.35,35.049239753668054,24292292.306,5895522.863,24.26910885451454
20240613,STAR,科创板,85,97.7,2487617.18,734479.92,29.525440083992343,8751328.169,2292848.67,26.200007881340824
20240613,000905,中证500,418,97.4,88700946.46,26147969.0,29.478793680957533,108807475.132,26077619.172,23.966753332309093
20240613,000852,中证1000,740,95.9,99126605.13,27897410.55,28.14321191915513,110194629.207,29156117.888,26.45874676272144
20240613,399330,深证100,98,98.0,42791828.95,13036508.32,30.46494772455852,96246637.642,21641733.002,22.48570291099292
20240614,000001,上证指数,427,98.6,91568762.1,36807155.79,40.19619239780026,110885492.479,39365023.025,35.500607108233865
20240614,399001,深证成指,396,94.3,73369944.89,26629094.41,36.294281602533175,122343548.416,48140831.314,39.34889247311073
20240614,000300,沪深300,285,99.0,168944364.06,44872162.41,26.560319226786284,293354870.928,74129826.564,25.269676392110828
20240614,000016,上证50,49,98.0,49486147.5,12922648.48,26.113668436202275,90049380.097,20821523.314,23.12233942262715
20240614,399006,创业板,99,99.0,25256804.83,7371327.75,29.185511784310687,85574026.016,27896285.117,32.59900978806836
20240614,000688,科创50,48,96.0,11310569.68,5506087.65,48.680904726984544,32766588.763,6968940.497,21.268434585626807
20240614,STAR,科创板,85,97.7,2810492.95,1148425.31,40.862059803423456,9433428.79,3321926.728,35.21441463067428
20240614,000905,中证500,418,97.4,107043472.46,32010809.57,29.90449472008842,128131596.755,27173073.493,21.2071605920572
20240614,000852,中证1000,740,95.9,100747174.07,26739922.55,26.541610518445783,108943214.019,25365273.212,23.28302266497868
20240614,399330,深证100,98,98.0,51736327.84,11640943.67,22.50052169531791,127325168.889,30101595.669,23.641512461092496
20240617,000001,上证指数,427,98.6,86543653.63,36897077.37,42.63406480126901,101691387.873,34193396.116,33.624672483281806
20240617,399001,深证成指,396,94.3,61446107.77,20126584.31,32.75485631300874,104487017.328,41277822.094,39.505216197743394
20240617,000300,沪深300,285,99.0,138632382.6,36067641.9,26.01675108193661,236033696.805,62003914.104,26.269094177355846
20240617,000016,上证50,49,98.0,37388965.92,9367083.63,25.053069534050376,70274205.235,16662443.034,23.710610427083544
20240617,399006,创业板,99,99.0,19799257.6,5168542.26,26.104727583321104,65065713.406,18949575.375,29.12374948808688
20240617,000688,科创50,48,96.0,6701065.03,2498241.75,37.28126407989806,23865255.838,5419015.565,22.706714739556443
20240617,STAR,科创板,85,97.7,2364844.35,744583.78,31.48553011533296,8427178.511,2432277.099,28.86229472681927
20240617,000905,中证500,418,97.4,90338243.21,25051320.23,27.730581578574405,112977955.081,23775143.525,21.04405546015974
20240617,000852,中证1000,740,95.9,95625537.11,26592803.13,27.80931112513361,105225155.021,27083084.826,25.738222785792026
20240617,399330,深证100,98,98.0,47071529.55,13979941.18,29.699356094112733,106415503.587,25834240.069,24.27676343971742
20240618,000001,上证指数,427,98.6,76002158.75,32345837.47,42.5591035859886,88725846.069,29483205.119,33.22955646551018
20240618,399001,深证成指,396,94.3,57330446.57,17650611.66,30.787500736539265,98133754.211,38784233.3,39.52180736569905
20240618,000300,沪深300,285,99.0,126543139.98,36276144.52,28.66701784524503,217831472.034,59146114.172,27.15223545051756
20240618,000016,上证50,49,98.0,33360207.37,7619025.01,22.838662018784685,68581913.626,18528885.023,27.017159544488912
20240618,399006,创业板,99,99.0,17323681.64,3949747.46,22.799700098852657,58057686.993,17555390.825,30.23784055867856
20240618,000688,科创50,48,96.0,5158825.77,1551128.08,30.0674639764002,19384901.789,4851845.426,25.0289915255242
20240618,STAR,科创板,85,97.7,2158119.77,677515.18,31.39377106952688,7901407.581,2114051.944,26.755384054399663
20240618,000905,中证500,418,97.4,79221710.84,22284402.01,28.129160268965475,100658479.782,23220632.922,23.068729998992463
20240618,000852,中证1000,740,95.9,99557681.43,29125059.76,29.25445765877756,106484862.334,27211113.183,25.55397320010588
20240618,399330,深证100,98,98.0,45671141.31,14782442.74,32.36714107856833,98449695.943,22315113.42,22.666513295195863
20240619,000001,上证指数,427,98.6,67762177.0,27870576.71,41.12999012708816,84230889.935,29380692.557,34.881137525286434
20240619,399001,深证成指,396,94.3,53823717.77,17526780.19,32.56330278947953,92520467.955,36913049.212,39.897170894070406
20240619,000300,沪深300,285,99.0,109171048.01,28176350.95,25.809361972433443,192630869.73,47197409.159,24.50147747614596
20240619,000016,上证50,49,98.0,32954275.92,7324566.59,22.22645282142191,64434314.534,14597372.09,22.654655668444203
20240619,399006,创业板,99,99.0,15345093.42,3499820.95,22.80742680548634,49871558.061,13494423.244,27.05835503974912
20240619,000688,科创50,48,96.0,5110838.19,1365052.43,26.708973738806623,21174418.463,6210012.442,29.32790080091844
20240619,STAR,科创板,85,97.7,2043153.38,550970.71,26.966683724938942,7733726.21,2150235.536,27.80335736762525
20240619,000905,中证500,418,97.4,72183633.66,21730099.0,30.10391400127252,91705810.208,23606564.321,25.74162342326775
20240619,000852,中证1000,740,95.9,95998882.94,29749305.71,30.98922070644669,104210064.484,29498641.214,28.306902370767755
20240619,399330,深证100,98,98.0,35075036.69,9491966.6,27.061886446169247,80463392.316,18274355.386,22.711390683395507
20240620,000001,上证指数,427,98.6,71288985.28,28556982.4,40.058057058657006,85146069.932,27901940.503,32.76949896252788
20240620,399001,深证成指,396,94.3,57365617.27,17746272.23,30.93538093815756,91359377.031,33369030.293,36.525019518989545
20240620,000300,沪深300,285,99.0,114142002.18,30069658.95,26.3440787577746,190408313.097,41061937.53,21.565202097600515
20240620,000016,上证50,49,98.0,32203250.45,6928115.84,21.513715985772485,63488393.672,11954956.107,18.83014424457307
20240620,399006,创业板,99,99.0,16698625.35,4119470.09,24.669516224579528,50355631.852,11860627.31,23.55372551944044
20240620,000688,科创50,48,96.0,6350906.24,1961417.38,30.884055060463307,24129353.432,7056341.422,29.24380647780633
20240620,STAR,科创板,85,97.7,2413300.08,664617.55,27.53978071388453,8799033.336,2548252.705,28.96059837134819
20240620,000905,中证500,418,97.4,79503464.27,24110104.66,30.32585420192533,94836929.322,20950352.764,22.09092271731745
20240620,000852,中证1000,741,96.0,104044486.27,29944661.31,28.780632577003928,111612270.727,31208999.846,27.961979128922305
20240620,399330,深证100,98,98.0,38820998.92,12859214.81,33.12437899009117,78435850.561,14414451.316,18.377376177988666
20240621,000001,上证指数,427,98.6,66943175.25,27707716.84,41.389905298822825,81078401.222,29445977.214,36.31790559531909
20240621,399001,深证成指,396,94.3,48268142.6,14834681.35,30.733897247581265,79643564.572,30617789.165,38.44351935971005
20240621,000300,沪深300,285,99.0,110218059.6,27904160.87,25.31723110647105,184646930.666,42262843.212,22.888462353293843
20240621,000016,上证50,49,98.0,32567255.77,7656739.56,23.51054572750696,62344597.268,13539063.006,21.71649765865001
20240621,399006,创业板,99,99.0,14201460.15,3430435.04,24.155509389645403,45087538.693,12629300.934,28.01062399966566
20240621,000688,科创50,48,96.0,4667879.3,1243460.69,26.638664157404413,18096366.444,5019356.618,27.736820170682435
20240621,STAR,科创板,85,97.7,1874667.06,569059.0800000001,30.35520771352328,6310518.135,1768250.79,28.02069104583914
20240621,000905,中证500,418,97.4,67338824.19,17967269.53,26.68188782047102,81411698.104,18974650.026,23.30703138234592
20240621,000852,中证1000,741,96.0,79233290.06,22959646.93,28.977273205004657,84865342.23,23424192.446,27.60160017091114
20240621,399330,深证100,98,98.0,36181529.79,10125430.04,27.98507995313816,76322569.912,15024836.731,19.68596805417277
20240624,000001,上证指数,427,98.6,75514353.23,28966264.39,38.35862078004585,91097344.084,31913071.829,35.031835614848724
20240624,399001,深证成指,396,94.3,55733264.69,15987937.82,28.68652663526573,89818766.933,34884209.026,38.83844124916762
20240624,000300,沪深300,285,99.0,118844925.62,29222081.29,24.58841312538321,197601740.985,46007848.465,23.28311898248532
20240624,000016,上证50,49,98.0,33985104.7,8638561.05,25.418668343840643,68221761.911,17805082.117,26.098830663781385
20240624,399006,创业板,99,99.0,16528726.43,3808967.82,23.04453302032176,48940465.586,12122508.578,24.76990856717102
20240624,000688,科创50,48,96.0,6225626.39,2385051.25,38.310221343044645,21635678.765,6002177.978,27.74203686047379
20240624,STAR,科创板,85,97.7,2141265.34,576023.78,26.901092977108576,7598138.518,2139346.185,28.15618825495069
20240624,000905,中证500,418,97.4,83160570.07,22598794.54,27.17489132286801,93373289.727,18603044.302,19.92330393026809
20240624,000852,中证1000,741,96.0,99763754.02,26833539.3,26.89708257632385,100774102.108,25082959.363,24.890283156399143
20240624,399330,深证100,98,98.0,37849517.54,10551984.89,27.878783075236,80804013.709,16078772.546,19.89848252328725
20240625,000001,上证指数,427,98.6,72794984.32,29824130.71,40.97003521409647,85388221.134,30508025.343,35.7286109698007
20240625,399001,深证成指,396,94.3,54142696.39,17281243.95,31.917959581325533,87471215.024,34823657.471,39.81156253682451
20240625,000300,沪深300,285,99.0,120023265.73,29926609.15,24.93400672609744,194733431.495,43984788.332,22.587178788111355
20240625,000016,上证50,49,98.0,35080832.910000004,8264978.050000001,23.559811339724547,69641925.168,18305920.31,26.285775796461536
20240625,399006,创业板,99,99.0,16014861.18,3807598.13,23.775405151529387,48886936.204,13385707.023,27.380948904514828
20240625,000688,科创50,48,96.0,5637725.67,1932856.97,34.28433881210825,20473961.949,5338838.142,26.076233585365056
20240625,STAR,科创板,85,97.7,2019047.5,567244.65,28.09466592539304,7024286.122,2000373.917,28.47796747252148
20240625,000905,中证500,418,97.4,74911581.96,19956608.39,26.640217530923444,85077684.917,17649897.981,20.745625598791115
20240625,000852,中证1000,740,95.9,87697780.8,23595149.55,26.905070270603705,89969010.984,23021455.386,25.58820546565096
20240625,399330,深证100,98,98.0,39786193.4,11440797.71,28.755698226711985,82140147.458,17402093.291,21.18585591765349
20240626,000001,上证指数,427,98.6,65871832.46,26485338.71,40.20738109279554,73616176.285,23805335.218,32.33709820222022
20240626,399001,深证成指,396,94.3,53328526.1,16443338.23,30.834038426574857,81383810.044,29282372.992,35.9805875101799
20240626,000300,沪深300,285,99.0,113619361.26,30981790.02,27.268055088870863,178081469.304,41287717.343,23.18473533735192
20240626,000016,上证50,49,98.0,30437084.29,7286182.39,23.938503177828537,55431036.304,12753031.852,23.00702404706751
20240626,399006,创业板,99,99.0,17493967.36,4379042.44,25.031728651859105,48776611.211,13756851.807,28.20378756426929
20240626,000688,科创50,48,96.0,4920062.44,1621833.7999999998,32.963683282035745,16937481.037,4412636.68,26.052496651424
20240626,STAR,科创板,85,97.7,1760834.78,467004.8000000001,26.521784173299896,6071994.453,1510741.519,24.880482528332774
20240626,000905,中证500,418,97.4,74360726.31,20101191.79,27.032000341417856,81812401.596,16879870.254,20.632410153847992
20240626,000852,中证1000,741,96.0,95420995.75,26714713.53,27.99668282648371,95097281.153,23678030.851,24.89874638256473
20240626,399330,深证100,98,98.0,37915532.88,10752264.13,28.358467660286244,80205668.651,16708672.544,20.832283833583723
20240627,000001,上证指数,427,98.6,69385039.84,30521207.25,43.98816707518085,77328627.46,28228068.344,36.50403385033779
20240627,399001,深证成指,396,94.3,50751277.66,15926726.39,31.381922040856857,79902561.57,30395494.964,38.040701532918334
20240627,000300,沪深300,285,99.0,122783305.93,37076759.55,30.19690606077819,182707147.207,41249733.877,22.57696784585317
20240627,000016,上证50,49,98.0,35229607.46,9318662.85,26.45122532398492,56033788.028,10162907.072,18.137105181826385
20240627,399006,创业板,99,99.0,15578751.75,4505514.03,28.92089239434732,43075082.872,10938393.297,25.393783523305206
20240627,000688,科创50,48,96.0,3828976.92,1169912.92,30.55419096127641,14132649.209,3431547.792,24.28099460513539
20240627,STAR,科创板,85,97.7,1742624.21,550246.34,31.57573140797809,6429168.672,2193461.125,34.117336733641075
20240627,000905,中证500,418,97.4,69896919.87,20248615.61,28.96925307675936,76906500.176,16620672.449,21.611531419273668
20240627,000852,中证1000,741,96.0,89099556.56,26790029.53,30.067522852326977,88828280.894,23942485.954,26.9536747903192
20240627,399330,深证100,98,98.0,41646054.63,13859735.260000002,33.27982778473342,79905914.978,16545414.641,20.70611999819456
20240628,000001,上证指数,427,98.6,87861119.31,40971250.45,46.63183302439082,94096636.971,33789066.296,35.90889896140877
20240628,399001,深证成指,396,94.3,59441755.29,20271704.87,34.10347620304939,93539348.423,35862279.49,38.3392444940123
20240628,000300,沪深300,285,99.0,145777619.42,46335163.25,31.78482639128832,213986939.615,50289673.925,23.50128190789584
20240628,000016,上证50,49,98.0,38875433.56,9115839.51,23.44884333169093,69421097.76,15892859.427,22.893414163435143
20240628,399006,创业板,99,99.0,19387871.43,6939062.63,35.7907398708183,51461159.422,15575106.666,30.265751570574867
20240628,000688,科创50,48,96.0,4420530.36,1327865.88,30.03861011826644,16860364.962,4990672.284,29.60002523817253
20240628,STAR,科创板,85,97.7,2145119.94,788045.43,36.73666051512253,6949346.009,1965687.451,28.2859343664032
20240628,000905,中证500,418,97.4,88390156.81,26086806.04,29.51324783377765,94124144.138,21159160.25,22.48005593440247
20240628,000852,中证1000,741,96.0,96906051.67,26516737.14,27.36334489232833,97612531.538,23875927.582,24.4598999798558
20240628,399330,深证100,98,98.0,48002170.86,17945308.4,37.384368411874775,91780345.12,19462760.362,21.205804289091564
20240701,000001,上证指数,427,98.6,83684913.96,37596317.13,44.92603905641872,88473354.699,29806530.698,33.689838934452546
20240701,399001,深证成指,396,94.3,58704527.33,18585452.43,31.659317049815005,90915931.527,33039063.906,36.340235810253056
20240701,000300,沪深300,285,99.0,130104310.58,40151570.31,30.861060737346712,195895678.043,44997515.205,22.97014189109513
20240701,000016,上证50,49,98.0,34164096.6,8632803.7,25.26864328091146,59881241.139,11683919.192,19.511818676033403
20240701,399006,创业板,99,99.0,16396457.36,4608329.38,28.105640619919864,49526570.296,17248969.381,34.8277081936221
20240701,000688,科创50,48,96.0,3792836.24,1009658.85,26.620154051259544,15727261.441,4803881.614,30.544933916317923
20240701,STAR,科创板,85,97.7,1907578.56,514222.96,26.95684312996263,6683865.543,1827769.673,27.345997031825693
20240701,000905,中证500,418,97.4,82539113.01,22872349.95,27.710922877531896,90113550.737,19442406.935,21.575453165466136
20240701,000852,中证1000,740,95.9,91272768.0,23543893.47,25.79509089721044,91492416.164,20075562.828,21.942324478582563
20240701,399330,深证100,98,98.0,41974715.73,13969570.94,33.28091851737241,87244971.777,18568673.946,21.283374351317256
20240702,000001,上证指数,427,98.6,80960846.31,34235693.71,42.286729042963735,93354128.166,35160567.822,37.66364542495469
20240702,399001,深证成指,396,94.3,55530301.57,17410150.36,31.3525226187602,84497112.755,29719342.249,35.1720210075952
20240702,000300,沪深300,285,99.0,130093898.28,37983915.58,29.19730754646735,194593027.691,45536499.893,23.400889761224512
20240702,000016,上证50,49,98.0,35435071.65,10115440.3,28.54640848454444,62653032.014,14503973.874,23.14967593389422
20240702,399006,创业板,99,99.0,16474031.27,4699553.2,28.52703823962087,46228335.785,13436965.082,29.06651267848577
20240702,000688,科创50,48,96.0,3437013.81,879639.52,25.59313312738769,14361220.207,4247319.909,29.57492363308903
20240702,STAR,科创板,85,97.7,1690906.29,494216.91,29.227930188845647,6088793.599,1999281.66,32.83543164163677
20240702,000905,中证500,418,97.4,76067916.44,20867270.9,27.43242075844085,82763193.071,16902754.43,20.42303323833778
20240702,000852,中证1000,740,95.9,87756140.49,23988183.94,27.33504892769698,88332861.096,21867334.691,24.755605580616955
20240702,399330,深证100,98,98.0,41868827.34,12830698.17,30.64499052196288,82925415.51099999,15495144.295,18.68563961906779
20240703,000001,上证指数,427,98.6,68133075.04,29456709.26,43.234081600905824,77979959.242,29907648.907,38.35299376623904
20240703,399001,深证成指,396,94.3,47544160.48,15475214.05,32.54913725211286,71725846.04,25700091.729,35.83100534592174
20240703,000300,沪深300,285,99.0,107659307.11,30974893.41,28.771217502218978,168994325.654,38833082.128,22.97892664603845
20240703,000016,上证50,49,98.0,31319387.74,8364447.76,26.7069325538482,57785038.678,13156458.287,22.76793195607732
20240703,399006,创业板,99,99.0,16304679.48,5036663.79,30.89090954641692,43135243.311,11780923.917,27.311597229348937
20240703,000688,科创50,48,96.0,3798874.93,1071532.16,28.20656588449465,15086348.607,4143775.519,27.46705400322849
20240703,STAR,科创板,85,97.7,1831568.7,588571.06,32.134806627783064,6145368.655,1494043.779,24.311703054371115
20240703,000905,中证500,418,97.4,65388450.14,16129655.84,24.66743867680849,76215211.348,16390451.159,21.505485413090188
20240703,000852,中证1000,741,96.0,77216870.72,21586686.83,27.95592029140441,77618593.342,19325215.49,24.897662606239194
20240703,399330,深证100,98,98.0,35227483.44,11993161.44,34.04489980224372,68777092.719,12464920.859,18.123651882069897
20240704,000001,上证指数,427,98.6,68889987.86,28042821.33,40.70667189982577,76635643.666,26687494.834,34.82386727292553
20240704,399001,深证成指,396,94.3,48862816.03,14089799.84,28.835423302965943,72755390.318,24438286.653,33.58965781942051
20240704,000300,沪深300,285,99.0,107577151.3,28440160.11,26.436989422306816,165795438.43,37048006.356,22.34561258550061
20240704,000016,上证50,49,98.0,30410203.55,7425733.5,24.41855901355846,52433505.813,9712880.573,18.524186819855668
20240704,399006,创业板,99,99.0,14966081.17,3871075.72,25.86566032903589,40793557.491,10916040.249,26.75922601604024
20240704,000688,科创50,48,96.0,3370820.35,894199.45,26.52765075421477,12419472.596,2998463.779,24.14324566379517
20240704,STAR,科创板,85,97.7,1673121.48,520388.54,31.102854527933022,5409984.404,1382662.209,25.55760064627351
20240704,000905,中证500,418,97.4,72670072.94,19341382.62,26.61533398482922,77788666.096,15290552.077,19.656529471953835
20240704,000852,中证1000,741,96.0,85303952.96,23048309.91,27.019040865324985,82994433.106,20231481.366,24.37691373849192
20240704,399330,深证100,98,98.0,35426462.16,11200276.98,31.61556728248814,70180767.957,13195314.017,18.80189459466276
20240705,000001,上证指数,427,98.6,73026723.17,31933859.12,43.72900458050225,83473530.946,33672834.446,40.33953525673108
20240705,399001,深证成指,396,94.3,48359555.16,15499942.4,32.051457770274496,74465943.907,28372670.955,38.10153939690126
20240705,000300,沪深300,285,99.0,119471006.77,33427457.66,27.9795563490588,185270074.167,41356961.644,22.32252663035121
20240705,000016,上证50,49,98.0,38690456.9,10440160.2,26.98381212448282,66558708.876,12810464.78,19.24686490518636
20240705,399006,创业板,99,99.0,15241520.5,4323579.21,28.36711212637873,41642535.968,10313842.694,24.767566273883084
20240705,000688,科创50,48,96.0,3436355.9,804438.16,23.40962878728597,14125948.379,3466936.9960000003,24.54303883167263
20240705,STAR,科创板,85,97.7,1620861.07,483835.89,29.850546660362443,5644552.444,1478819.85,26.19906298455857
20240705,000905,中证500,418,97.4,66073824.54,16870320.98,25.5325328864337,74197860.66,15122225.094,20.380944894483164
20240705,000852,中证1000,741,96.0,78034852.86,20918367.86,26.80644236944872,76501756.773,18413848.413,24.06983733411316
20240705,399330,深证100,98,98.0,35933389.05,10919989.97,30.38953535611471,72650318.29,13054817.173,17.969387444234965
20240708,000001,上证指数,427,98.6,75832553.07,31778047.53,41.9055487959981,84363070.056,29887156.031,35.42682362218561
20240708,399001,深证成指,396,94.3,51171074.84,15774356.58,30.826705574043007,75277530.809,26404833.399,35.07664653081727
20240708,000300,沪深300,285,99.0,119176413.81,33589938.48,28.18505558788805,181795399.221,41085491.116,22.59985197208117
20240708,000016,上证50,49,98.0,34389880.52,8707759.91,25.32070416742466,61642040.005,12429282.816,20.16364613337232
20240708,399006,创业板,99,99.0,14894179.67,3862286.29,25.93151402476669,41125283.947,10606015.066,25.78952422472864
20240708,000688,科创50,48,96.0,4091489.06,1135109.45,27.743186731140863,15415419.161,4416562.567,28.65029176873512
20240708,STAR,科创板,85,97.7,1751664.27,558837.97,31.90325792282102,5988583.689,1819277.98,30.37910254709642
20240708,000905,中证500,418,97.4,76041610.11,21200598.05,27.880259267697934,80465146.099,16605168.294,20.63647318003983
20240708,000852,中证1000,740,95.9,83959482.37,21307247.61,25.378012117918203,81181091.008,19316575.29,23.79442681805846
20240708,399330,深证100,98,98.0,40127014.26,14633148.67,36.467075709111086,74167151.92999999,14860737.433,20.036818249439825
20240709,000001,上证指数,427,98.6,85822515.68,34813849.69,40.56493731762396,95633771.891,31307366.292,32.73672644396274
20240709,399001,深证成指,396,94.3,64766296.68,21241205.03,32.79669537838396,103589359.089,43031628.536,41.54058767660573
20240709,000300,沪深300,285,99.0,135066674.22,34513111.6,25.552647830644126,225241600.622,54971375.693,24.40551636163022
20240709,000016,上证50,49,98.0,36981665.81,8721495.49,23.58329539509729,68556769.075,11762050.246,17.156657766547468
20240709,399006,创业板,99,99.0,20803184.63,6091570.21,29.281911968494605,58034460.919,15383353.199,26.5072733603417
20240709,000688,科创50,48,96.0,5359493.29,1450555.26,27.065156751040544,19819824.555,5337501.62,26.93011537608941
20240709,STAR,科创板,85,97.7,2160423.65,700416.99,32.42035375793076,7102992.796,1937410.462,27.275973911884567
20240709,000905,中证500,418,97.4,93036044.52,26089790.08,28.042669069396503,104398331.062,24661733.645,23.622727867511507
20240709,000852,中证1000,741,96.0,101467305.43,25682690.77,25.31129673855181,99454829.242,23730924.7,23.86100793784117
20240709,399330,深证100,98,98.0,49183983.77,15924557.82,32.377527396862185,102193020.387,22907194.639,22.415615618612275
20240710,000001,上证指数,427,98.6,86992746.1,38863190.62,44.6740588868478,97081168.798,35293452.345,36.35458120455498
20240710,399001,深证成指,396,94.3,56623687.72,18415980.21,32.52345608619785,88996496.89299999,34057506.414,38.26836741107592
20240710,000300,沪深300,285,99.0,125776891.91,32428956.99,25.782921248526826,205602285.523,46125241.691,22.434206688738453
20240710,000016,上证50,49,98.0,35169950.3,7906869.95,22.48189116718769,63540985.035,12385887.85,19.49275391808537
20240710,399006,创业板,99,99.0,16962825.74,4302319.54,25.36322429967969,50798468.999,14009344.546,27.578281042831787
20240710,000688,科创50,48,96.0,4069847.72,921552.24,22.64340838777132,16059593.264,3890671.619,24.226464238801903
20240710,STAR,科创板,85,97.7,1860642.57,605904.46,32.56425870122922,7074583.182,2719254.4050000003,38.43695571943592
20240710,000905,中证500,417,97.2,84040616.94,24774770.29,29.47951977516741,94929590.107,22591654.443,23.798327178633965
20240710,000852,中证1000,741,96.0,96639155.68,29582444.57,30.61124071484645,96900578.614,27106915.102,27.973945552976964
20240710,399330,深证100,98,98.0,44999815.07,14733148.22,32.740463926533195,91885332.174,17055500.077,18.561722174223195
20240711,000001,上证指数,427,98.6,91284748.87,38926974.09,42.64345859726962,103682367.776,35433132.144,34.17469421662063
20240711,399001,深证成指,396,94.3,70502248.25,23537472.29,33.385420854291695,110314140.749,43616317.803,39.53828358436938
20240711,000300,沪深300,285,99.0,146525470.72,42067278.94,28.70987462677233,245041159.47,58667989.996,23.94209614535497
20240711,000016,上证50,49,98.0,38332553.7,9017986.69,23.525661140598626,69228906.794,11152590.839,16.10973126036216
20240711,399006,创业板,99,99.0,22762959.54,7587218.18,33.331422334022214,62860537.491,16827129.148000002,26.76898706188952
20240711,000688,科创50,48,96.0,4877799.44,1074687.75,22.03222504777688,20181575.332,4696979.688,23.27360283194765
20240711,STAR,科创板,85,97.7,2200250.69,681845.24,30.9894342085174,7985553.872,2509538.087,31.42597404294363
20240711,000905,中证500,417,97.2,97754909.41,28425730.49,29.078570745514025,109640134.464,25586613.055,23.336904118264545
20240711,000852,中证1000,741,96.0,112471615.71,30977354.71,27.54237548242651,112364455.709,28591552.239,25.445370654440783
20240711,399330,深证100,98,98.0,57285251.56,19821881.32,34.602067338813654,117296663.008,23997487.645,20.45879825529504
20240712,000001,上证指数,427,98.6,84669742.03,37740487.3,44.57375963969262,93918728.698,36289353.885,38.63910253905809
20240712,399001,深证成指,396,94.3,60830406.94,21623810.41,35.547699740573194,92542158.74,35042006.872,37.86599248289807
20240712,000300,沪深300,285,99.0,131072479.0,38344308.53,29.254278871158,210334425.639,47692901.662,22.67479587191115
20240712,000016,上证50,49,98.0,39102458.06,11089574.2,28.360299454790844,66481604.731,12171401.685,18.307924025372607
20240712,399006,创业板,99,99.0,17158705.94,4213114.05,24.55379831516595,53084880.93,13792516.954,25.982006010689567
20240712,000688,科创50,48,96.0,3902741.86,940204.93,24.09088183967156,15588401.027,3741766.635,24.00353075674052
20240712,STAR,科创板,85,97.7,1815453.73,559981.86,30.8452840602002,6671650.149,2039440.693,30.56875956401412
20240712,000905,中证500,417,97.2,83492718.35,26266044.62,31.459084263963245,94658985.807,25779305.759,27.23387065604249
20240712,000852,中证1000,741,96.0,92534216.85,27112263.84,29.299717188885467,94648568.029,26209055.79,27.69091634008624
20240712,399330,深证100,98,98.0,45636654.34,14382667.6,31.51560474360576,95403727.582,18097270.61,18.969144150521057
20240715,000001,上证指数,427,98.6,72375882.62,32152698.7,44.42460324637903,80091942.416,30090110.757,37.56946060904735
20240715,399001,深证成指,396,94.3,49689639.16,14850796.65,29.887109065494776,74493027.565,25309721.913,33.975960892334015
20240715,000300,沪深300,285,99.0,117620111.52,41656140.3,35.41583132482988,175577771.211,40526333.213,23.08169931391692
20240715,000016,上证50,49,98.0,35559583.94,10535036.99,29.626434909294385,57705640.878,11368527.975,19.7008954445807
20240715,399006,创业板,99,99.0,14367969.56,3778232.55,26.296217668211707,42140190.244,10116115.977,24.005862143539684
20240715,000688,科创50,48,96.0,3667654.85,817208.5,22.28149958003818,16879126.4,4315015.892,25.564213394361456
20240715,STAR,科创板,85,97.7,1857173.19,755707.36,40.691270155585215,6309214.282,2295878.045,36.38928624678467
20240715,000905,中证500,418,97.4,75460077.32,22350232.38,29.618618445380623,86311099.823,22592885.402,26.17610648958444
20240715,000852,中证1000,741,96.0,85941351.25,27004387.55,31.4218791736766,84052075.816,22334400.718,26.57209890555548
20240715,399330,深证100,98,98.0,45621812.71,21326011.46,46.74520847201119,79463027.528,17941343.225,22.578227614947213
20240716,000001,上证指数,427,98.6,72576075.15,32782184.38,45.16940921956152,84959625.297,33764022.195,39.741256010685625
20240716,399001,深证成指,396,94.3,53168488.34,18504270.4,34.80307787136909,89105376.90799999,37365152.636,41.93366767819071
20240716,000300,沪深300,285,99.0,123609087.21,39313215.12,31.80447004936669,210217210.737,53653428.327,25.522852357757287
20240716,000016,上证50,49,98.0,36071429.93,11950349.7,33.12968108885835,65787323.968,12186956.281,18.52477885698456
20240716,399006,创业板,99,99.0,19044473.58,6175621.94,32.42737014524504,58588099.662,16792995.887,28.66281033841394
20240716,000688,科创50,48,96.0,4755688.89,998296.61,20.99162987930441,24439178.708,9006478.949,36.852625272762495
20240716,STAR,科创板,85,97.7,2023722.53,815759.23,40.30983585481948,6782152.058,2404006.745,35.44607558841613
20240716,000905,中证500,418,97.4,74566973.96,23182700.28,31.089769436581825,92955740.678,27312931.95,29.38272746877719
20240716,000852,中证1000,741,96.0,83762162.08,26204964.62,31.284966826634715,85525853.565,24387122.941,28.5143286204863
20240716,399330,深证100,98,98.0,48197682.68,18167582.96,37.69389304589696,100093482.22,20497971.195,20.478827132766327
20240717,000001,上证指数,427,98.6,79914512.49,35384088.93,44.27742574845557,94594113.828,38183618.453,40.36574466190263
20240717,399001,深证成指,396,94.3,58981388.93,20767785.29,35.2107430271734,95775443.565,38837538.766,40.5506227070012
20240717,000300,沪深300,285,99.0,130655246.48,36409586.29,27.86691485486837,224640382.715,53270891.718,23.71385370438248
20240717,000016,上证50,49,98.0,39412409.21,8864926.26,22.492728654991044,73851629.929,13642354.671,18.472652105465485
20240717,399006,创业板,99,99.0,19307226.16,6176767.47,31.99199832649601,58382442.04,16304019.377,27.926237422253603
20240717,000688,科创50,48,96.0,4646270.59,1124281.41,24.19750180757337,21071110.693,6170766.974,29.28543760177759
20240717,STAR,科创板,85,97.7,1938782.46,764808.79,39.44789092016028,6799161.088,2402015.733,35.32811918869483
20240717,000905,中证500,418,97.4,80693863.05,24584312.78,30.466149284198885,96697729.914,26201589.357,27.09638517915869
20240717,000852,中证1000,741,96.0,88815663.52,27003590.94,30.404086249852973,89303723.835,23618184.783,26.447032406663805
20240717,399330,深证100,98,98.0,45858312.55,13356567.86,29.125729049530847,100128326.909,19306470.713,19.281727068650984
20240718,000001,上证指数,427,98.6,72674724.07,29806463.19,41.01352096127746,86072965.54,31674539.465,36.7996376867951
20240718,399001,深证成指,396,94.3,54188166.15,17558958.81,32.403677883090715,88739183.315,35771800.728,40.31116739154543
20240718,000300,沪深300,285,99.0,123297414.56,30186962.54,24.48304585114408,220696630.828,54444194.554,24.66924590091776
20240718,000016,上证50,49,98.0,34640439.81,7450186.38,21.50719338687288,67658114.377,11504087.997,17.00326428386356
20240718,399006,创业板,99,99.0,19296398.19,5355144.86,27.752043709251424,63714622.13,20872175.968,32.758847608659586
20240718,000688,科创50,48,96.0,5391479.59,1553346.94,28.81114384409642,22977787.373,6752535.111,29.387229507287337
20240718,STAR,科创板,85,97.7,2068019.62,720343.56,34.83253026390533,6995093.653,2220744.988,31.747180211770065
20240718,000905,中证500,418,97.4,77180684.9,21477430.42,27.827468035334828,93363476.997,23107993.585,24.750570917300475
20240718,000852,中证1000,741,96.0,88956833.8,23955571.91,26.92943407120229,92043871.488,24239353.016,26.334564837551568
20240718,399330,深证100,98,98.0,45089615.08,13002668.61,28.83739101992796,103891547.08,21974445.122,21.15133111366504
20240719,000001,上证指数,426,98.4,76282013.68,33814235.61,44.32792735630887,92268864.789,38896444.204,42.15554650308985
20240719,399001,深证成指,396,94.3,51885916.34,17685389.26,34.08514392250589,85828893.821,35068844.969000004,40.85902008959553
20240719,000300,沪深300,284,98.6,131053854.17,34714065.55,26.488397285111297,227344519.035,55318280.81,24.33235736001345
20240719,000016,上证50,49,98.0,41792860.43,10075325.82,24.107767968826728,80337414.191,14203761.47,17.68013274142848
20240719,399006,创业板,99,99.0,17434832.68,4725451.09,27.10350696637715,54628434.635,13628416.574,24.947477746815
20240719,000688,科创50,48,96.0,5902340.47,1566335.74,26.53753621908565,26347707.336,9334961.893,35.42988304050744
20240719,STAR,科创板,85,97.7,2052840.04,713675.85,34.76529276971819,7208241.476,2298039.978,31.880729657176097
20240719,000905,中证500,418,97.4,74590943.47,20541562.65,27.53895003119472,90798924.88,22992316.888,25.32223472732379
20240719,000852,中证1000,741,96.0,83246979.55,22279461.93,26.76308744225183,88393823.492,24082711.509,27.24478991586961
20240719,399330,深证100,98,98.0,42024489.4,12011172.54,28.581364607846965,93527998.394,19362741.954,20.70261556590968
20240722,000001,上证指数,426,98.4,79935151.29,36687947.2,45.89713862790889,95649833.971,41231024.295,43.10621627163598
20240722,399001,深证成指,396,94.3,51455752.53,16513304.95,32.09224263190462,82508844.841,30941242.226,37.500515593965495
20240722,000300,沪深300,284,98.6,132210844.15,36655291.17,27.724874919044225,218934369.592,51804986.421,23.662336122712173
20240722,000016,上证50,49,98.0,42256199.61,11506448.59,27.23020218618283,78303505.029,16287214.861,20.80010959275446
20240722,399006,创业板,99,99.0,16881887.65,4725598.8100000005,27.9921233215884,50042197.236,12327873.325,24.63495610886449
20240722,000688,科创50,48,96.0,4776785.74,1110542.0,23.248729594474128,21754299.862,5977075.51,27.475375203596613
20240722,STAR,科创板,85,97.7,2014542.65,699735.8300000001,34.73422764218966,7211341.427,2342982.921,32.490250873819846
20240722,000905,中证500,418,97.4,75827502.26,19247803.18,25.383670312655767,92190174.644,22483755.045,24.388450430669955
20240722,000852,中证1000,741,96.0,83847939.2,23687805.28,28.250909331830066,88058643.128,24672958.592,28.01878125255229
20240722,399330,深证100,98,98.0,39890129.4,12001191.92,30.08561792231238,84965360.004,16658313.232,19.606005590061365
20240723,000001,上证指数,426,98.4,80513311.28,37054105.26,46.02233428350433,89942374.788,36347296.302,40.411759626842105
20240723,399001,深证成指,396,94.3,55403530.82,18149439.69,32.75863364911803,84083056.986,31433342.864,37.383682266968144
20240723,000300,沪深300,284,98.6,129993733.96,39681015.82,30.525329653358625,205071041.385,47623149.671,23.222757025743284
20240723,000016,上证50,49,98.0,43497647.1,12776871.08,29.37370623892896,72697393.855,13556316.095,18.6475957061666
20240723,399006,创业板,99,99.0,16290122.43,4081114.79,25.05269562912672,46754471.579,10462225.884,22.37695247249711
20240723,000688,科创50,48,96.0,4367362.08,1116290.49,25.55983382078548,20417025.385,7067960.654999999,34.6179745664258
20240723,STAR,科创板,85,97.7,1875651.33,588316.26,31.365971414313982,6480430.249,1733283.514,26.746426508756333
20240723,000905,中证500,418,97.4,81972284.98,24450857.05,29.828199928751086,91411305.245,20652796.817,22.59326323111404
20240723,000852,中证1000,741,96.0,95046481.96,28959113.71,30.468369909985043,93808313.86,27007316.927,28.789896988561008
20240723,399330,深证100,98,98.0,39605492.78,12727392.65,32.13542303512781,81493037.151,15553340.05,19.085483366119885
20240724,000001,上证指数,425,98.2,80366922.26,37464636.54,46.616985553827526,84817549.446,32328185.661,38.11497251707571
20240724,399001,深证成指,396,94.3,53866202.88,16825195.87,31.235162254674226,78116124.823,27869647.081,35.67720127457506
20240724,000300,沪深300,284,98.6,125739630.26,39567003.38,31.46740872244076,187199287.5,41129476.443,21.97095779170634
20240724,000016,上证50,49,98.0,38963816.94,11407422.33,29.27696315678256,61696021.7,10117276.323,16.398587857407993
20240724,399006,创业板,99,99.0,15646379.57,4229934.7700000005,27.034591300024307,43937244.33,11488414.206,26.147325307235537
20240724,000688,科创50,48,96.0,3861427.41,948045.18,24.551676862935,17259837.819,5929232.139,34.35276855540887
20240724,STAR,科创板,85,97.7,1864113.82,651415.9,34.94507111159124,6079613.821,1908434.016,31.390711189713244
20240724,000905,中证500,418,97.4,94635267.37,38567600.55,40.75394049367495,85817780.413,20276761.824,23.62769314985499
20240724,000852,中证1000,741,96.0,94079877.87,28364472.77,30.149351181337792,90363086.669,27306056.116,30.21815336612182
20240724,399330,深证100,98,98.0,41950995.03,15862714.99,37.8124880676996,78072845.818,14650972.259,18.765772024185853
20240725,000001,上证指数,425,98.2,75759959.93,34660998.66,45.75107839553472,82100245.096,32860642.535,40.02502367267719
20240725,399001,深证成指,396,94.3,49370124.92,16378751.03,33.17542958730679,71186759.93,25684646.729,36.08065145015232
20240725,000300,沪深300,284,98.6,131183839.94,41827141.75,31.88437064285557,192916702.737,46443049.226,24.07414628546446
20240725,000016,上证50,49,98.0,41210314.04,11246336.16,27.29010060220352,64500524.663,11566258.008,17.932037093389493
20240725,399006,创业板,99,99.0,14283005.62,3684983.94,25.799779388450595,45250982.056,15335426.696,33.88971023219289
20240725,000688,科创50,48,96.0,3904435.98,1159999.08,29.70977334349839,14606117.495,4172327.264,28.56561482151763
20240725,STAR,科创板,85,97.7,1649468.86,504022.82,30.556673861669623,5416548.68,1458308.478,26.923204500767085
20240725,000905,中证500,417,97.2,73269146.93,21464770.31,29.2957830265269,78535605.154,18486220.38,23.538648927133725
20240725,000852,中证1000,741,96.0,81703411.03,24932599.98,30.515984174571614,76306166.514,21353318.577,27.983739129500467
20240725,399330,深证100,98,98.0,37514612.08,12002936.29,31.995362938589665,76415372.023,17559122.968000002,22.978521864311467
20240726,000001,上证指数,426,98.4,74203777.65,33409221.68,45.02361299930395,82508836.338,33157780.964,40.18694534506356
20240726,399001,深证成指,397,94.5,49620266.4,16254282.84,32.757346985948466,75531941.198,28569034.312,37.82377873370012
20240726,000300,沪深300,284,98.6,124538157.64,36955628.86,29.67414129156054,189715916.561,44669008.788,23.54520885633622
20240726,000016,上证50,49,98.0,39131181.21,11437709.18,29.229143681144706,59121269.1,10828431.969,18.315628425845144
20240726,399006,创业板,99,99.0,13256582.63,3471090.01,26.18389751627867,40618057.527,12580718.341,30.97321513377943
20240726,000688,科创50,48,96.0,3256299.0,701801.14,21.552109926023377,13660038.095,3775423.07,27.63845198485883
20240726,STAR,科创板,85,97.7,1669149.16,491227.75,29.42982938684761,5427528.393,1529386.926,28.178331189800552
20240726,000905,中证500,418,97.4,72952401.04,22208042.53,30.441825372989804,79600793.015,18427264.195,23.149598762825843
20240726,000852,中证1000,741,96.0,85033285.13,26737305.97,31.44334119177409,82163532.828,24908873.967,30.31621585593684
20240726,399330,深证100,98,98.0,39016050.13,11982039.88,30.71054050852482,80774611.325,17749681.812,21.9743326781028
20240729,000001,上证指数,426,98.4,69066740.81,29639949.48,42.914938698987385,76066348.221,27470744.318,36.11418841639097
20240729,399001,深证成指,397,94.5,46575404.48,14369142.69,30.851353521084867,69800691.464,24681210.869,35.35955067397783
20240729,000300,沪深300,284,98.6,108757213.43,30480197.7,28.02590903050135,170395230.714,38449408.385,22.56483836072585
20240729,000016,上证50,49,98.0,32042395.15,8761842.86,27.34453157756529,53417893.24,10491347.181,19.64013656222583
20240729,399006,创业板,99,99.0,12366357.42,2561458.24,20.713118285400487,41416120.696,14020519.505,33.85280723878639
20240729,000688,科创50,48,96.0,3477427.86,1031974.06,29.676361424216573,13623255.584,4440258.458000001,32.5932258307986
20240729,STAR,科创板,85,97.7,1747197.48,601908.07,34.44991633115222,5250255.227,1537942.292,29.292714839670403
20240729,000905,中证500,418,97.4,66985758.64,19087842.49,28.495374057914823,75391442.096,18525744.837,24.57274237228433
20240729,000852,中证1000,741,96.0,84007468.98,28014849.68,33.34804633462961,81368507.384,25959003.629,31.903010714566065
20240729,399330,深证100,98,98.0,32996667.39,9629933.47,29.184563871800144,71821679.326,15398801.56,21.440325128161568
20240730,000001,上证指数,426,98.4,68196549.55,28290200.96,41.483331849888295,77655476.538,30812191.026,39.67806573297163
20240730,399001,深证成指,397,94.5,45677454.61,14371796.27,31.46365399015389,69237158.501,27386039.335,39.55396195903167
20240730,000300,沪深300,284,98.6,104264623.07,28099700.54,26.9503688908315,167570776.76,41499009.334,24.765063536965133
20240730,000016,上证50,49,98.0,30318920.52,7585755.229999999,25.019872409362414,55303077.711,13566872.357,24.53185775283081
20240730,399006,创业板,99,99.0,11733748.5,2808067.34,23.931545319895,35806949.398,10549322.368,29.46166189904252
20240730,000688,科创50,48,96.0,3365721.7,909006.37,27.00776983432706,13820824.232,3592847.445,25.99589854186346
20240730,STAR,科创板,85,97.7,1601385.1,502347.6,31.36956875644715,5392104.0430000005,1740128.875,32.27179707815589
20240730,000905,中证500,418,97.4,67499333.52,20656545.24,30.60259140763143,76142462.096,19452351.971,25.547311494175982
20240730,000852,中证1000,741,96.0,82481125.76,26860666.38,32.56583385895823,82972698.06,28287014.158,34.0919541239274
20240730,399330,深证100,98,98.0,32408656.49,9631959.28,29.720328835513538,66320995.723,12296191.91,18.540421138061568
20240731,000001,上证指数,426,98.4,102926846.15,42405387.68,41.19954051462986,115766025.855,42655561.467,36.84635552785341
20240731,399001,深证成指,397,94.5,75311806.56,24664739.94,32.75016370819614,108210890.632,39401410.994,36.41168718220332
20240731,000300,沪深300,284,98.6,172270671.8,46501145.21,26.99307126635353,262860456.765,56008213.447,21.30720388159104
20240731,000016,上证50,49,98.0,47374373.98,12215279.4,25.78457164448636,81855704.01,15040059.322,18.373868386939307
20240731,399006,创业板,99,99.0,24394348.83,8653846.99,35.47480217777964,64384100.288,18204591.859,28.27498058925737
20240731,000688,科创50,48,96.0,5036646.68,1275784.65,25.33004062139217,21271695.94,5752668.855,27.04377155082633
20240731,STAR,科创板,85,97.7,2458265.99,731062.74,29.738960021978738,8264219.59,2219275.281,26.85402120347095
20240731,000905,中证500,417,97.2,116170901.85,35226809.25,30.32326399211818,123036517.12,27445899.236,22.3071165199121
20240731,000852,中证1000,741,96.0,130746436.1,37320820.84,28.54442687176236,127889858.244,34611841.101,27.063788775935897
20240731,399330,深证100,98,98.0,55066315.2,17702410.56,32.14743985629893,104871740.783,19671274.137,18.757459340456347
20240801,000001,上证指数,426,98.4,86173304.33,37148825.0,43.109435443880464,94357764.961,32945743.029,34.91577300778283
20240801,399001,深证成指,397,94.5,59825953.04,18812454.16,31.4453062660312,88769054.319,31101624.614,35.036561843087085
20240801,000300,沪深300,284,98.6,137787714.34,37584360.71,27.277004259797927,212465311.905,44785944.474,21.07917950108732
20240801,000016,上证50,49,98.0,37684995.42,11159879.55,29.613588712491342,62167570.105,9487265.106,15.260794478497658
20240801,399006,创业板,99,99.0,17046342.53,4885745.68,28.66154819663828,51421903.23,16112412.563,31.333753810963326
20240801,000688,科创50,48,96.0,4408710.55,1093401.4,24.800934141616533,18952338.218,4905233.82,25.88194534931447
20240801,STAR,科创板,85,97.7,2203389.79,659478.23,29.93016637333152,7505630.577,2060034.221,27.446517649199244
20240801,000905,中证500,417,97.2,94171887.04,31797342.93,33.76521797475919,102985881.18,26101539.708,25.34477484576687
20240801,000852,中证1000,739,95.7,110291100.46,32783325.71,29.724361778301184,115318563.729,35558731.582,30.83521892066176
20240801,399330,深证100,98,98.0,40385191.15,11561665.02,28.62847665387366,84582774.666,16719379.719,19.766884906556207
20240802,000001,上证指数,427,98.6,73595070.12,31225901.95,42.42933921944064,78962907.21,27228046.879,34.482072457879056
20240802,399001,深证成指,397,94.5,52279150.24,15464207.04,29.58006579871295,76530061.075,27412043.547,35.81866153240882
20240802,000300,沪深300,285,99.0,119326494.58,32802072.41,27.48934553508444,189970863.42,46702259.345,24.58390644977361
20240802,000016,上证50,49,98.0,32506356.18,8161752.46,25.10817396697829,55233766.777,9737936.518,17.630404526484316
20240802,399006,创业板,99,99.0,16927781.36,4803432.17,28.376029131321435,50923759.148,17124734.046,33.6281812900542
20240802,000688,科创50,48,96.0,3798082.05,905299.57,23.83570333874172,17123627.657,4894457.3440000005,28.58306336741202
20240802,STAR,科创板,85,97.7,1967082.38,590116.32,29.99957327664132,6728801.749,1813355.095,26.949153246631045
20240802,000905,中证500,417,97.2,80169510.95,26515022.91,33.07369921033552,89158256.669,23271910.586,26.101800837579137
20240802,000852,中证1000,740,95.9,103891963.75,34071044.63,32.79468728879427,107923322.146,35795867.942,33.167870697655985
20240802,399330,深证100,98,98.0,35499611.12,9997962.73,28.16358380998513,77540615.056,18038139.843,23.262827912794886
20240805,000001,上证指数,427,98.6,90049950.47,37196391.45,41.30639856641778,97264260.044,34258821.842,35.222415537322895
20240805,399001,深证成指,397,94.5,63663466.01,20263226.33,31.82865715607933,93891832.473,35003586.686,37.28075782956499
20240805,000300,沪深300,285,99.0,145780537.66,37061427.17,25.422753794774284,229504788.082,51359741.018,22.37850523608668
20240805,000016,上证50,49,98.0,38672929.17,10246288.04,26.494729672425272,67662779.794,10956270.717,16.192463198166664
20240805,399006,创业板,99,99.0,20061416.09,5645638.1,28.141772618006645,56420730.921,17047661.343000002,30.21524369627548
20240805,000688,科创50,48,96.0,4763663.36,1113718.81,23.379460844185264,19955616.876,5536224.473,27.74268772246397
20240805,STAR,科创板,85,97.7,2327833.08,738233.66,31.71334174871336,7211652.344,1912200.662,26.515430455974847
20240805,000905,中证500,418,97.4,93806975.49,28105632.56,29.96113286159206,103032784.558,24601925.458,23.87776430923392
20240805,000852,中证1000,740,95.9,112866624.09,34197836.92,30.29933534002984,112925065.353,34505238.522,30.55587208573913
20240805,399330,深证100,98,98.0,47116866.64,12688379.23,26.929590473293835,97461647.804,20110536.159,20.634307558028613
20240806,000001,上证指数,427,98.6,76421408.84,29838987.04,39.04532446198751,82997295.071,28290619.989,34.086195176359425
20240806,399001,深证成指,397,94.5,53399126.66,17559319.63,32.88315882355668,74433890.955,26033508.959,34.975343388590154
20240806,000300,沪深300,285,99.0,117645915.93,29216962.2,24.8346591286554,178635293.593,38939595.812,21.79837759313084
20240806,000016,上证50,49,98.0,33071441.25,8214790.970000001,24.83953120730716,56113345.51,9312885.535,16.59656085438774
20240806,399006,创业板,99,99.0,15677323.49,4787161.46,30.5355787488442,43731252.005,13409060.554,30.662420898598736
20240806,000688,科创50,48,96.0,3907441.9,1167510.05,29.8791403654652,14582903.337,3438786.15,23.58094318073858
20240806,STAR,科创板,85,97.7,1744573.75,473598.15,27.146926290734346,5474261.091,1376490.004,25.144763487131232
20240806,000905,中证500,418,97.4,81324153.29,26840696.14,33.00458111661699,86676168.888,22236581.224,25.65478090377224
20240806,000852,中证1000,740,95.9,92092723.83,29385501.94,31.90860332706048,91746183.255,29612479.011,32.27652416743579
20240806,399330,深证100,98,98.0,35223894.01,9471666.19,26.889889537230072,72977382.606,14658708.906,20.08664655067363
20240807,000001,上证指数,427,98.6,65496724.67,25887930.4,39.52553433844862,72686696.068,25752946.629,35.4300690801898
20240807,399001,深证成指,397,94.5,46027149.27,13795594.35,29.9727325476397,66197220.074,21443148.866,32.392823810470155
20240807,000300,沪深300,285,99.0,94272942.39,24592721.63,26.08672330207089,145026366.814,29876803.486,20.600945981304047
20240807,000016,上证50,49,98.0,25603313.31,6419725.94,25.07380924597997,45105350.011,7391438.502,16.387054972852276
20240807,399006,创业板,99,99.0,13000664.08,3904768.25,30.035144558553966,35645262.646,9779027.143,27.43429678192418
20240807,000688,科创50,48,96.0,2978108.06,714597.73,23.995023538534728,12710717.704,3470255.817,27.30180858243691
20240807,STAR,科创板,85,97.7,1504514.66,360853.38,23.98470347906082,4788074.605,1137878.878,23.764852719958817
20240807,000905,中证500,418,97.4,70380921.07,22736735.12,32.305253716964465,76812330.655,20466921.788,26.645359688311625
20240807,000852,中证1000,740,95.9,83832800.41,27899648.93,33.280110879693325,86019532.661,29598558.479,34.40911332969791
20240807,399330,深证100,98,98.0,29167761.94,8443612.71,28.948442212909807,59331898.88,11400186.492,19.214261985878984
20240808,000001,上证指数,427,98.6,65990473.04,23910197.86,36.23280264335562,72356816.729,23417703.005,32.3641974089421
20240808,399001,深证成指,397,94.5,52380591.63,17698380.04,33.78804914044458,72650158.106,25659611.321,35.31941566260794
20240808,000300,沪深300,285,99.0,93350613.19,24214444.09,25.93924481322413,149872905.659,32657176.764,21.78991367412573
20240808,000016,上证50,49,98.0,21778438.32,5014404.26,23.024627323232234,43070482.353,7371642.281,17.11530003444817
20240808,399006,创业板,99,99.0,12953699.15,3604151.75,27.82333994533137,34431863.351,9270911.702,26.92538480270991
20240808,000688,科创50,48,96.0,3282116.31,790708.0,24.09140704705861,12888173.064,3288154.165,25.51295787751846
20240808,STAR,科创板,85,97.7,1589255.84,502712.37,31.63193472990478,4763119.478,1007284.583,21.147581698348485
20240808,000905,中证500,419,97.7,83770458.35,33362976.78,39.82666137578798,80543684.113,19432983.853,24.127259718758577
20240808,000852,中证1000,740,95.9,88966721.51,28759402.92,32.32602307006154,90708545.632,30742991.16,33.89205608556747
20240808,399330,深证100,98,98.0,32997575.63,9935454.11,30.109648725123627,64280836.017,12760161.928,19.85064712696859
20240809,000001,上证指数,427,98.6,66479478.7,26978658.75,40.58193487308437,68410333.25,24324248.764,35.55639566190828
20240809,399001,深证成指,397,94.5,50761715.17,20095575.09,39.58805375803459,66188017.683,24979725.123,37.74055485788615
20240809,000300,沪深300,285,99.0,93022515.37,26952743.36,28.974429741869063,146238112.049,37911212.044,25.924303529915026
20240809,000016,上证50,49,98.0,25232684.02,5836860.62,23.1321432764488,44493546.486,9244719.962,20.777664834851663
20240809,399006,创业板,99,99.0,11749124.41,3316731.76,28.22960796276052,33761853.741,11178684.269,33.11039836484078
20240809,000688,科创50,48,96.0,3127626.26,805461.21,25.753115719139664,13955663.163,4816217.2190000005,34.510844542085344
20240809,STAR,科创板,85,97.7,1364385.33,391602.93,28.701783974766133,4214297.462,921152.205,21.857788001581746
20240809,000905,中证500,419,97.7,81373723.57,35856319.92,44.06375712812917,71530944.095,18011067.080000002,25.17940635045941
20240809,000852,中证1000,740,95.9,78087411.81,23026176.33,29.487693081730782,76362331.027,22980972.753,30.09464541473261
20240809,399330,深证100,98,98.0,32024138.67,10746450.86,33.557345509708284,61182391.154,13563427.472,22.168841747064093
20240812,000001,上证指数,427,98.6,61538644.09,25088748.3,40.76909504750839,60239176.537,19031155.419,31.5926553333788
20240812,399001,深证成指,397,94.5,42104259.04,13489852.25,32.03916315730515,54383860.448,17528005.375,32.230160254547734
20240812,000300,沪深300,285,99.0,78972760.19,22064322.71,27.939156054461822,116025640.247,23870943.712,20.573852177141696
20240812,000016,上证50,49,98.0,21142205.51,6072151.39,28.72052013271722,34220392.308,6202376.177,18.12479565159753
20240812,399006,创业板,99,99.0,10700380.83,2886721.54,26.97774580047353,29772204.4,9521677.159,31.981767393078897
20240812,000688,科创50,48,96.0,2821906.51,708350.3200000001,25.10183514194452,11027217.054,2769326.782,25.11356009806171
20240812,STAR,科创板,85,97.7,1400705.82,452722.72,32.32104225853791,4366961.655,1305110.675,29.88601178821205
20240812,000905,中证500,419,97.7,68777797.55,25645836.11,37.28795777642635,63741034.964,14357243.363,22.524333611948347
20240812,000852,中证1000,740,95.9,73992577.25,22730791.69,30.720367548759764,69847912.764,20917768.86,29.947593324193267
20240812,399330,深证100,98,98.0,25399893.48,8184665.130000001,32.2232261975612,49424239.932,9629384.16,19.48312037423038
20240813,000001,上证指数,427,98.6,55911503.94,22788990.34,40.75903657403926,58261154.415,19528992.329,33.5197483213138
20240813,399001,深证成指,397,94.5,39436104.9,12948900.29,32.83514009011574,53728204.458,18577512.074,34.57683401372974
20240813,000300,沪深300,285,99.0,83265989.57,22753923.33,27.32679146372391,125230166.386,28614534.498,22.84955400426501
20240813,000016,上证50,49,98.0,24455686.39,6826807.25,27.915009790080976,38012348.157,6226860.575,16.38115211741614
20240813,399006,创业板,99,99.0,11076611.14,3390672.94,30.61110385788988,32179510.401,11419494.154,35.48684865523973
20240813,000688,科创50,48,96.0,2739594.68,697759.74,25.469451561352862,10240414.52,2611480.92,25.50171103815825
20240813,STAR,科创板,85,97.7,1180945.69,377487.99,31.964889934946967,3484234.787,875484.835,25.127033294843223
20240813,000905,中证500,419,97.7,66629493.21,26163496.37,39.26713998489979,60762785.976,14782995.34,24.32902820788857
20240813,000852,中证1000,740,95.9,70452076.08,22616010.6,32.101269200809625,67704894.83,22460066.26,33.17347485199543
20240813,399330,深证100,98,98.0,25954130.17,7337044.51,28.26927530201256,53457673.996,11497656.482,21.507962510415844
20240814,000001,上证指数,427,98.6,53350637.12,19851698.65,37.20986237774099,55958318.926,17346981.787,30.99982651362324
20240814,399001,深证成指,397,94.5,37148981.09,10915100.49,29.38196464542656,50396465.272,15837711.048,31.42623388866788
20240814,000300,沪深300,285,99.0,78631908.23,21527705.1,27.377823563725563,119296959.528,27080986.203,22.70048315577051
20240814,000016,上证50,49,98.0,20178341.05,5137970.14,25.4627975970304,34645335.254,5533255.838,15.971142427785148
20240814,399006,创业板,99,99.0,11155847.21,3426987.79,30.7192069368616,29896055.73,9055796.123,30.290939396104744
20240814,000688,科创50,48,96.0,2564940.14,719658.24,28.05750624652004,10947634.407,3297213.152,30.118042212770067
20240814,STAR,科创板,85,97.7,1242322.54,441576.77,35.54445450212953,3698900.148,1104305.22,29.85496163223274
20240814,000905,中证500,419,97.7,60460380.35,20882284.76,34.538791584032765,59703991.36,14639524.903,24.520177913612777
20240814,000852,中证1000,740,95.9,71998360.24,24677277.95,34.274777741799305,69148915.925,22909583.886,33.13079255045458
20240814,399330,深证100,98,98.0,23940626.5,6941050.98,28.99277084499021,47577963.998,9409947.885,19.77795410790499
20240815,000001,上证指数,427,98.6,69490912.15,29337985.66,42.218449509875946,72586798.525,26770434.585,36.88058314871106
20240815,399001,深证成指,397,94.5,48925420.59,16074876.6,32.855878204316525,63124705.624,19921513.322,31.558980156932165
20240815,000300,沪深300,285,99.0,102506347.17,27020243.3,26.359580695221453,146532703.991,30132874.582,20.56392447644367
20240815,000016,上证50,49,98.0,27664944.94,6917605.59,25.00494978393404,47494125.729,8268250.950999999,17.40899705824333
20240815,399006,创业板,99,99.0,13982006.85,4603232.91,32.92254795312162,33937825.379,9351431.958,27.5545997823021
20240815,000688,科创50,48,96.0,3502138.7,993172.27,28.359021588722342,13005063.628,3527056.939,27.12064346541312
20240815,STAR,科创板,85,97.7,1770592.57,710069.12,40.10347338123078,4556440.004,1260677.738,27.668042087534968
20240815,000905,中证500,419,97.7,74487829.1,24549546.55,32.957795718602846,72566331.179,17078659.316,23.53523877881041
20240815,000852,中证1000,741,96.0,95092484.86,32985590.37,34.687904536896966,90221224.065,31074504.047,34.44256533763312
20240815,399330,深证100,98,98.0,33743953.56,11711365.79,34.706560892979134,57685369.32,10635040.695,18.43628778036226
20240816,000001,上证指数,427,98.6,64480165.95,27957392.78,43.35812783372652,66401130.53,22843444.363,34.40219192153564
20240816,399001,深证成指,397,94.5,47333083.93,14400524.85,30.42380435489195,64120202.453,20921090.702,32.627923652198575
20240816,000300,沪深300,285,99.0,97283129.53,28747069.27,29.549901826642028,139008249.987,31024243.105,22.31827471240116
20240816,000016,上证50,49,98.0,30776577.77,9665921.99,31.406747242125228,45347324.911,10168372.457,22.42331268042106
20240816,399006,创业板,100,100.0,12195138.75,2972334.14,24.373106374045967,35553347.044,11531871.297,32.435402727986265
20240816,000688,科创50,48,96.0,2826810.26,717557.95,25.384015338900035,11401881.678,3041920.635,26.67911070213441
20240816,STAR,科创板,85,97.7,1699113.77,591950.27,34.8387659762183,5064243.683,1561604.861,30.835894928241743
20240816,000905,中证500,420,97.9,68955572.28,23335269.61,33.84102087536181,71257152.431,18654635.481,26.179316524139423
20240816,000852,中证1000,741,96.0,90660476.41,31770691.73,35.04359671167098,86755323.68,28718494.811,33.102861695184444
20240816,399330,深证100,98,98.0,28916604.56,8337392.6,28.83254353982147,57845609.667,12268186.432,21.20850052860417
20240819,000001,上证指数,427,98.6,68865147.58,31361692.54,45.54073234732768,70312568.408,25220205.113,35.86870126355746
20240819,399001,深证成指,397,94.5,46851503.72,14437888.44,30.816275452513903,63452634.796,21429040.388,33.771710909868894
20240819,000300,沪深300,285,99.0,104751408.42,31180352.91,29.76604647164514,143998952.984,29803588.547,20.6970869783418
20240819,000016,上证50,49,98.0,30068309.93,9483103.67,31.538532401977275,45786575.215,9680852.822,21.143430746985604
20240819,399006,创业板,100,100.0,12370170.77,3381211.25,27.333585872557848,34439255.638000004,9613062.066,27.913094774885383
20240819,000688,科创50,48,96.0,2784405.05,719032.19,25.82354855303829,12126723.883,3415505.926,28.165116637875048
20240819,STAR,科创板,85,97.7,1647537.99,571305.01,34.676287494894126,4836844.779,1458973.953,30.163753844952566
20240819,000905,中证500,420,97.9,65814123.19,22305770.37,33.89207253525974,66208539.396,15047347.405,22.72720036157313
20240819,000852,中证1000,741,96.0,88213783.34,30253473.4,34.29563074445504,84350310.117,27955937.235,33.14266088200872
20240819,399330,深证100,98,98.0,31044930.65,7951027.7,25.611355971896817,58458238.355,10090842.714,17.261626415632346
20240820,000001,上证指数,427,98.6,67392640.94,29241639.18,43.38995886217603,67633324.981,23881845.275,35.310766226130454
20240820,399001,深证成指,397,94.5,48502122.31,15280877.0,31.505584234711808,62588906.936,19655963.767,31.40486825740401
20240820,000300,沪深300,285,99.0,100637762.07,31091532.15,30.89449875522257,137439597.45,28806684.651,20.95952344554833
20240820,000016,上证50,49,98.0,28331382.29,9979003.02,35.22243608820401,43168015.078,8987834.221,20.820587198090863
20240820,399006,创业板,100,100.0,12491306.12,3194965.67,25.57751478754089,32483545.094,7940556.278,24.444857404023587
20240820,000688,科创50,48,96.0,2551464.34,604966.97,23.710579078679185,10937756.661,2668943.274,24.401194474516565
20240820,STAR,科创板,85,97.7,1522598.24,465931.92,30.60110722313721,4929838.241,1651410.791,33.49827540517875
20240820,000905,中证500,420,97.9,69484590.88,21109705.02,30.380412049135465,65340037.212,12107823.547,18.53048156020386
20240820,000852,中证1000,741,96.0,94005923.31,33434659.28,35.56654528007103,85681918.827,28684390.42,33.4777638184277
20240820,399330,深证100,98,98.0,32129788.79,10013077.45,31.164467078963327,56643458.385,10250200.923,18.096001224590484
20240821,000001,上证指数,427,98.6,59516610.43,26164178.92,43.96113745552226,60198106.67,21594473.144,35.872346056294994
20240821,399001,深证成指,397,94.5,40023574.74,12373421.04,30.91533207710671,55427434.038,19337766.331,34.888438670537035
20240821,000300,沪深300,285,99.0,92264716.18,26701279.35,28.93985962944735,131968533.921,29977882.129,22.715931774270967
20240821,000016,上证50,49,98.0,24905521.29,8632283.59,34.66012009740994,39601367.337,6958209.075999999,17.57062834923598
20240821,399006,创业板,100,100.0,12572815.37,2884689.33,22.943861379553525,32973011.759,7392595.568,22.420140513801226
20240821,000688,科创50,48,96.0,2572891.77,481250.6,18.7046577555806,12300312.842,3677241.16,29.89550922187837
20240821,STAR,科创板,85,97.7,1212776.26,402442.02,33.18353378718017,4079993.704,1539693.063,37.73763330787728
20240821,000905,中证500,420,97.9,64468865.33,23161479.2,35.926612142841634,61661324.229,15927284.485,25.83026667712923
20240821,000852,中证1000,742,96.1,80115575.41,27931535.25,34.864051224817885,75984342.803,24772002.24,32.60145620292442
20240821,399330,深证100,98,98.0,32508253.48,10174300.2,31.29759095258537,58192821.666,11077036.776,19.035057003382807
20240822,000001,上证指数,427,98.6,63536610.17,28152582.71,44.309229961551786,64745848.271,23753623.032,36.68748447402669
20240822,399001,深证成指,397,94.5,44816471.79,13705566.1,30.581537440567004,62599918.0,23484089.275,37.51456874911561
20240822,000300,沪深300,284,98.6,102718051.52,29255569.54,28.481429609579106,149081137.482,32121674.123,21.54643750748036
20240822,000016,上证50,49,98.0,29763641.44,9672169.24,32.496592392762004,48749320.858,9626689.542,19.74733057316061
20240822,399006,创业板,100,100.0,14774757.3,4152276.24,28.103854132345035,36931844.992,9000457.068,24.370450677320985
20240822,000688,科创50,48,96.0,2942387.32,740329.25,25.160836065593163,11723472.547,3278916.8880000003,27.96881960404356
20240822,STAR,科创板,85,97.7,1326183.73,470752.29,35.496762579043256,4129278.429,1532848.511,37.12146171192468
20240822,000905,中证500,420,97.9,66290677.66,22488019.56,33.923351448207235,64058998.458,15044792.123,23.48583725183286
20240822,000852,中证1000,742,96.1,82385826.38,26844525.93,32.58391292475618,77755994.211,24401659.273,31.382351316585627
20240822,399330,深证100,97,97.0,33379221.98,10078387.12,30.193595063535987,63449449.857,12246523.26,19.301228438703184
20240823,000001,上证指数,427,98.6,58515175.59,24690027.72,42.1942299088297,61937517.96,24162994.461,39.01188690932813
20240823,399001,深证成指,397,94.5,42114431.18,12157623.38,28.868069778830623,55347018.954,18987731.786,34.3066928352204
20240823,000300,沪深300,284,98.6,91029705.8,25250669.83,27.73893379978385,134778555.854,30674913.816,22.75949139062512
20240823,000016,上证50,49,98.0,26976313.04,7634784.65,28.30180921565996,47309195.388,10293101.25,21.75708372459628
20240823,399006,创业板,100,100.0,12138956.5,3291475.7,27.11498059985633,32893182.428,9074547.716,27.58792870183148
20240823,000688,科创50,48,96.0,2591006.2,619662.27,23.91589298396893,12520885.247,4635645.373,37.02330371656987
20240823,STAR,科创板,85,97.7,1339378.08,493951.31,36.87915439081995,3777023.344,1150669.778,30.46498983989335
20240823,000905,中证500,420,97.9,56561236.32,15942485.57,28.18623956485681,56358237.884,11498281.364,20.40213071896689
20240823,000852,中证1000,742,96.1,79062612.84,26887021.53,34.00725142288379,73064209.303,24250079.848,33.1900941368352
20240823,399330,深证100,97,97.0,28943438.76,9189365.32,31.74939023727808,54351138.99,10405367.29,19.144708801621384
20240826,000001,上证指数,427,98.6,64074053.44,28016235.99,43.72477545257047,65590699.625,23876248.769,36.40188152513551
20240826,399001,深证成指,397,94.5,45542748.38,14116057.33,30.995181081779062,62292165.003,22521220.143,36.15417788403305
20240826,000300,沪深300,284,98.6,95706507.99,26909223.27,28.1163985972737,140092480.411,31652776.16,22.59420067882147
20240826,000016,上证50,49,98.0,26750829.78,7076020.640000001,26.451593084003395,43545767.146,8262701.378,18.974752127564688
20240826,399006,创业板,100,100.0,14481949.31,4413244.0600000005,30.47410238449454,37888984.89,11216922.328,29.60470532679927
20240826,000688,科创50,48,96.0,2671274.34,770566.85,28.846413805629563,10764759.397,2629910.351,24.430739731469725
20240826,STAR,科创板,85,97.7,1466606.55,426690.51,29.09372728493541,4652815.815,1501697.6,32.275027847840995
20240826,000905,中证500,420,97.9,61236940.61,16428799.35,26.828249723692394,63135232.377,13344168.296,21.135850449267128
20240826,000852,中证1000,742,96.1,77480204.91,22816767.8,29.4485124639302,74028344.374,22539351.923,30.44692153201281
20240826,399330,深证100,97,97.0,30577517.8,9596300.59,31.383517304337893,60657060.866,13110603.066,21.61430652725356
20240827,000001,上证指数,426,98.4,66687419.14,30043369.59,45.05103058033863,68067687.112,25967976.861,38.15022658000961
20240827,399001,深证成指,397,94.5,46104857.87,15648396.82,33.94088506708589,59496752.029,21520172.257,36.17033119137428
20240827,000300,沪深300,284,98.6,96376624.75,29241242.26,30.34059590263873,129523352.12,25656639.032,19.80850449904184
20240827,000016,上证50,49,98.0,29821874.970000003,9224022.42,30.93039062526792,42428001.436,7257138.838,17.104597417691107
20240827,399006,创业板,100,100.0,13764351.24,3969269.28,28.83731467462901,32652787.907,7548194.975,23.1165406044298
20240827,000688,科创50,48,96.0,2789510.02,849472.55,30.45239285428342,9921415.818,2370862.624,23.896414256709665
20240827,STAR,科创板,85,97.7,1389615.18,465987.37,33.533554951522625,4175079.748,1394408.417,33.39836604721065
20240827,000905,中证500,420,97.9,59305800.37,15910841.47,26.828474400032785,59864962.186,12421380.861,20.748999761173927
20240827,000852,中证1000,742,96.1,79949630.45,25863477.97,32.349715470135735,74759172.558,23308208.611,31.177724168786007
20240827,399330,深证100,97,97.0,28649173.81,9454457.03,33.000801673030864,50256705.026,8724738.300999999,17.36034683628047
20240828,000001,上证指数,426,98.4,63265648.81,28817306.97,45.54969009571752,66644811.658,26964556.787,40.460099017720296
20240828,399001,深证成指,397,94.5,45624950.68,15161504.74,33.23073124251321,61031281.645,23153990.655,37.93790664544712
20240828,000300,沪深300,284,98.6,93449881.01,26682659.29,28.552908790910823,135551363.273,31461472.688,23.21000093863807
20240828,000016,上证50,49,98.0,28922156.97,8784315.02,30.372267978185995,47609211.644,10740912.542,22.56057634878656
20240828,399006,创业板,100,100.0,11493053.53,2887646.95,25.12515009577268,29745710.606,7890177.233,26.525428615608444
20240828,000688,科创50,48,96.0,2462069.47,711165.66,28.88487382933188,9318961.837,2548823.594,27.35093928467604
20240828,STAR,科创板,85,97.7,1512223.47,538773.86,35.62792607629612,4558436.229,1735082.807,38.06311462605744
20240828,000905,中证500,420,97.9,56847787.14,15160166.12,26.667996913696573,55383008.919,9813751.161,17.719786903151157
20240828,000852,中证1000,742,96.1,77676229.14,23795391.75,30.63407172754524,71233423.862,20512607.036,28.79632330426644
20240828,399330,深证100,97,97.0,27173258.63,8320090.83,30.618671625987464,53443038.05,10453503.726,19.560085106351845
20240829,000001,上证指数,426,98.4,87844584.44,44318364.28,50.45087817595692,85462999.297,34830237.325,40.754756574782
20240829,399001,深证成指,397,94.5,52588109.6,16603874.44,31.57343849454516,74938930.696,28304579.604,37.770194131567465
20240829,000300,沪深300,284,98.6,131873057.19,44069799.77,33.41834997159817,174775903.009,40020029.59,22.897910353201947
20240829,000016,上证50,49,98.0,40684668.61,15158086.81,37.25749115792048,54720893.607,10460695.035,19.116455060342524
20240829,399006,创业板,100,100.0,16373538.85,3668691.39,22.406221548129164,45324367.849,14318820.239,31.59188074437958
20240829,000688,科创50,48,96.0,2995293.03,841028.92,28.078351986817136,10626925.567,2267229.649,21.334765494551625
20240829,STAR,科创板,85,97.7,1701277.81,448805.35,26.38048573618908,5088834.254,1335203.288,26.23790088958948
20240829,000905,中证500,420,97.9,70315013.35,18329683.53,26.06795143273624,71899719.124,13526450.703,18.81293956054537
20240829,000852,中证1000,742,96.1,91553321.24,23647368.26,25.82906653709508,89409747.382,23602158.646,26.39774670781767
20240829,399330,深证100,97,97.0,38697019.53,13404019.41,34.638376734953674,73147640.163,16176525.539,22.11489735410837
20240830,000001,上证指数,426,98.4,123460691.38,57685575.04,46.723839300761256,126481748.677,51598044.009,40.794853446221225
20240830,399001,深证成指,397,94.5,79763129.54,26006610.71,32.60480231904401,114659705.144,43077573.921,37.56993258172023
20240830,000300,沪深300,284,98.6,192263525.64,60635996.37,31.53796133102056,272395102.218,62399152.202,22.90758963502268
20240830,000016,上证50,49,98.0,59574751.79,21476659.08,36.04993463624466,87631898.21700001,15727979.369,17.94777893553477
20240830,399006,创业板,100,100.0,23801356.11,6804894.87,28.590366189853206,61996533.385,17626095.46,28.43077587990528
20240830,000688,科创50,48,96.0,4758413.58,1363440.91,28.653266200539047,18333485.551,5031852.434,27.44623994167622
20240830,STAR,科创板,85,97.7,2621090.88,914766.78,34.900231311323324,7395744.972,1980261.903,26.775692110763604
20240830,000905,中证500,420,97.9,109829884.43,29273370.6,26.65337467295376,110740840.003,19807878.772,17.886697239666415
20240830,000852,中证1000,742,96.1,128118520.15,35175728.58,27.4556157367542,122910383.174,30379403.192,24.71671018142782
20240830,399330,深证100,97,97.0,57430434.49,18578196.31,32.349043629880434,110348550.764,21620676.838,19.593077288563272
20240902,000001,上证指数,426,98.4,103961233.26,46539567.91,44.76627147506772,100571008.108,35378052.185,35.17718759168511
20240902,399001,深证成指,397,94.5,62525714.18,19157373.65,30.63919205280799,85641271.437,29244024.656,34.14711641397417
20240902,000300,沪深300,284,98.6,152812718.93,45632427.75,29.861668629103555,199941368.595,42147150.481,21.079754918739702
20240902,000016,上证50,49,98.0,42578058.52,15155661.05,35.59500263000719,63334071.158,11441079.992,18.064652694531272
20240902,399006,创业板,100,100.0,16585462.7,4348817.02,26.22065539359357,41349293.99,10606228.467,25.65032541925633
20240902,000688,科创50,48,96.0,4109874.72,1205723.72,29.33723780271336,15110886.65,4097667.456,27.11731979009981
20240902,STAR,科创板,85,97.7,2208476.2,757204.76,34.28629930447065,6177885.385,1725574.635,27.93147699356356
20240902,000905,中证500,420,97.9,92902442.75,24783141.31,26.676522787125528,89370688.122,15893570.762,17.783874216458617
20240902,000852,中证1000,742,96.1,109311357.73,29934967.83,27.385048042253423,102135852.885,26001409.872,25.45767146163289
20240902,399330,深证100,97,97.0,44086961.78,14599280.45,33.11473474369229,76953613.553,13956394.709,18.13611351647296
20240903,000001,上证指数,426,98.4,87348978.78,43032273.86,49.26477041979219,81013993.355,31448367.497,38.8184388827675
20240903,399001,深证成指,397,94.5,49726757.68,14982667.98,30.129991736875294,69581988.457,23601896.049,33.91954810774832
20240903,000300,沪深300,283,98.3,125852702.88,43763401.37,34.773509323616366,158406881.708,33353216.264,21.055408644102844
20240903,000016,上证50,48,96.0,40441879.8,16436740.65,40.64287004285098,49717705.596,9420361.301,18.947699191005928
20240903,399006,创业板,100,100.0,12921661.51,3187759.74,24.669890459001817,34077477.032,9123838.274,26.773808006480003
20240903,000688,科创50,48,96.0,3071571.37,877433.34,28.56626899735688,12104218.995,3682947.267,30.42697152555938
20240903,STAR,科创板,85,97.7,1638242.95,503480.73,30.73297095525423,4749196.03,1398717.024,29.451659084285048
20240903,000905,中证500,420,97.9,68597129.98,17386488.3,25.345795523907714,69761307.863,12472520.093,17.878850719791586
20240903,000852,中证1000,742,96.1,87720520.47,25232230.02,28.76434143893309,81710246.935,21683225.319,26.53672719438588
20240903,399330,深证100,97,97.0,35481960.97,11966980.39,33.726941980794365,61890534.395,11573599.322,18.7001121175244
20240904,000001,上证指数,426,98.4,74734649.51,35733398.84,47.81369695889004,69622294.846,25891437.719,37.18842904599767
20240904,399001,深证成指,397,94.5,49874077.14,18144447.11,36.380516994965696,69694702.733,27049545.391,38.811479682504206
20240904,000300,沪深300,283,98.3,110869771.16,35210408.49,31.75834866582944,146422982.394,35762110.462,24.42383693959332
20240904,000016,上证50,48,96.0,33878149.58,11217425.71,33.11109328303521,42897552.983,7958060.079,18.55131476183204
20240904,399006,创业板,100,100.0,12935749.97,3133818.19,24.226026301279845,36696188.669,11745983.952,32.00873000176911
20240904,000688,科创50,48,96.0,2469170.29,652872.08,26.44094992735393,9687103.182,2514224.973,25.954353182402183
20240904,STAR,科创板,85,97.7,1399583.64,392340.16,28.032634048223088,4270363.559,1216819.187,28.494510366347946
20240904,000905,中证500,420,97.9,61593292.27,15327958.91,24.88576003180419,63442631.043,11631884.099,18.33449197766745
20240904,000852,中证1000,742,96.1,82082666.3,24734030.55,30.133073966677426,76572344.825,21417669.744,27.97050265725619
20240904,399330,深证100,97,97.0,33404060.13,11555411.83,34.59283627507948,61342126.671,13858367.716,22.591925758178284
20240905,000001,上证指数,426,98.4,68421384.19,31175412.36,45.56384342273565,66534429.476,24465057.703,36.77052301444161
20240905,399001,深证成指,397,94.5,45785389.01,14962840.6,32.6803832478784,63163602.659,23729490.214,37.56829758762795
20240905,000300,沪深300,284,98.6,100172118.73,28718633.3,28.669288085447285,137147921.484,30842980.237,22.488842633023943
20240905,000016,上证50,48,96.0,30104775.56,8994461.29,29.87719098610679,43704156.155,8079085.207,18.48585104434217
20240905,399006,创业板,100,100.0,12517703.26,3747487.21,29.93749837460199,32721693.072,9332438.565,28.520646974058263
20240905,000688,科创50,48,96.0,2411949.37,551839.22,22.87938656025769,11662849.725,4735488.396,40.60318453601613
20240905,STAR,科创板,85,97.7,1374070.12,399908.83,29.10396086627661,4253595.993,1292776.731,30.39256039190085
20240905,000905,中证500,420,97.9,56010484.04,13516569.76,24.132213801878795,58997281.74,10928570.216,18.52385380086157
20240905,000852,中证1000,742,96.1,84332872.94,29717183.52,35.23795939116503,77811344.562,23782878.662,30.56479591231048
20240905,399330,深证100,98,98.0,30722552.74,9213606.46,29.98971647301988,56535571.036,11523762.104,20.383206347490585
20240906,000001,上证指数,426,98.4,61623661.03,26080606.7,42.322390887005696,63741776.81,24645496.521,38.66458977832188
20240906,399001,深证成指,397,94.5,45225631.97,14893861.03,32.93234473733768,61843513.141,24328139.584,39.33822376573773
20240906,000300,沪深300,283,98.3,92971204.59,26312634.12,28.301918035845468,126592911.426,28804518.162,22.75365803466627
20240906,000016,上证50,47,94.0,25024187.98,7491735.600000001,29.9379768326053,38273245.488,7280864.159,19.023377992030504
20240906,399006,创业板,100,100.0,12243078.28,3913759.9,31.96712305918541,29032886.965,7924339.629,27.29435635716498
20240906,000688,科创50,48,96.0,2512021.51,633765.73,25.229311432130213,10267075.873,3624143.056,35.29868777468223
20240906,STAR,科创板,85,97.7,1447128.43,492106.11,34.00569706173211,3905358.321,1092093.82,27.96398512596304
20240906,000905,中证500,420,97.9,71762842.01,27628628.83,38.49990894472937,65403158.427,17591621.668,26.89720510613408
20240906,000852,中证1000,742,96.1,90780500.75,34957141.85,38.50732432757593,82492113.78299999,29274121.374,35.48717572082972
20240906,399330,深证100,98,98.0,28411472.99,9166159.02,32.262174591321674,49755549.671,10035307.041,20.16922153881676
20240909,000001,上证指数,427,98.6,69876798.65,29904303.87,42.79575545494742,70959884.113,27764794.32,39.12745161165424
20240909,399001,深证成指,397,94.5,43531483.54,13926611.93,31.992045291089568,60601043.011,24149775.417,39.85042866773176
20240909,000300,沪深300,283,98.3,111410144.47,30064153.28,26.985112911414934,148709541.601,33341371.715,22.420465664844595
20240909,000016,上证50,47,94.0,33144852.46,8788662.14,26.51591872555888,48786426.717,9881915.369,20.255460450758065
20240909,399006,创业板,100,100.0,11982427.07,3657839.66,30.526700798021217,29756235.048,8667830.677000001,29.12946030644623
20240909,000688,科创50,48,96.0,2459919.35,739291.8,30.053497485598463,10062380.097,3374657.2,33.53736558814868
20240909,STAR,科创板,85,97.7,1367580.32,521609.72,38.141066551762016,4177979.276,1570764.561,37.59627459195659
20240909,000905,中证500,420,97.9,72400494.18,24973701.02,34.49382673813125,63641976.377,14576959.529,22.90463049520892
20240909,000852,中证1000,742,96.1,79256957.23,26602402.61,33.56475385851751,71509954.334,23328650.901,32.622941964190574
20240909,399330,深证100,98,98.0,31824204.13,8713079.65,27.37878255936137,57739887.526,11352759.992,19.661901812482583
20240910,000001,上证指数,427,98.6,68146711.22,28282913.1,41.50297584969794,66528166.692,23085332.79,34.7000886058927
20240910,399001,深证成指,397,94.5,45675952.81,13870003.28,30.36609512601867,62369938.913,23947915.534,38.39656724276259
20240910,000300,沪深300,283,98.3,102022450.2,28753189.54,28.18319838783876,139236910.87,32522313.457,23.357537346806552
20240910,000016,上证50,47,94.0,28810524.38,9544355.76,33.128018199577106,41574751.811,7553164.123,18.167670987759347
20240910,399006,创业板,100,100.0,12775808.87,3036555.0,23.76800585308068,34838744.576,11709478.541,33.61050658830722
20240910,000688,科创50,48,96.0,2513923.3,641442.81,25.515607815083303,10167664.829,3123165.4170000004,30.716644082249577
20240910,STAR,科创板,85,97.7,1384555.88,468393.4,33.829866079511355,4036585.574,1220894.83,30.24573138902072
20240910,000905,中证500,420,97.9,74375915.16,25583280.47,34.397264779820695,65265275.934,13660880.333,20.93131475735224
20240910,000852,中证1000,742,96.1,87799042.28,28876302.04,32.889085450283794,76718331.24,22463583.067,29.28059396485903
20240910,399330,深证100,98,98.0,30873552.55,9325733.02,30.20621940055939,59081028.591,13139429.352,22.23967602690244
20240911,000001,上证指数,427,98.6,67716708.35,29957637.66,44.239654274335386,67047381.74,24445460.884,36.45997837588341
20240911,399001,深证成指,397,94.5,40625792.14,12626788.61,31.08071977153576,59015871.212,23431325.958,39.70343142750317
20240911,000300,沪深300,283,98.3,103851821.67,31957601.14,30.77230675986466,139933201.508,33905275.137,24.22961439573841
20240911,000016,上证50,47,94.0,33032429.31,10204683.36,30.892924235853,44073377.785,9001739.050999999,20.42443648161604
20240911,399006,创业板,100,100.0,11818641.95,2948330.33,24.94643921419416,33636051.294,11369287.547,33.80089846939927
20240911,000688,科创50,48,96.0,2912671.67,897247.49,30.804965051210186,11063385.515,2955290.194,26.71234939786874
20240911,STAR,科创板,85,97.7,1413581.91,534664.22,37.82336320362221,4216592.373,1448556.618,34.353726655569226
20240911,000905,中证500,420,97.9,66544368.15,23630487.96,35.51087585163283,63392624.091,16147990.456,25.472979999722977
20240911,000852,中证1000,743,96.2,75052176.03,25238865.43,33.62842593652644,69714821.182,23103290.403,33.139711199553574
20240911,399330,深证100,98,98.0,30846310.34,9395780.24,30.45998090674724,59831843.027,14937334.81,24.965526806953463
20240912,000001,上证指数,427,98.6,60843707.11,25133680.54,41.30859497854157,64781299.84,25571327.281,39.4733161331392
20240912,399001,深证成指,397,94.5,42987736.25,14378949.91,33.44895815489702,61367270.251,24208755.508,39.4489691475327
20240912,000300,沪深300,283,98.3,95486481.4,27220603.64,28.50728526268641,138888782.911,35993400.246,25.915267951526783
20240912,000016,上证50,47,94.0,27511296.02,7961320.21,28.938368458586343,43177054.317,10567824.245,24.475556316122184
20240912,399006,创业板,100,100.0,12843995.83,3099623.05,24.132856246808668,35718924.566,11072414.392,30.99873393875797
20240912,000688,科创50,48,96.0,3092842.26,919584.35,29.7326624733846,10793472.112,2385513.024,22.10144242044066
20240912,STAR,科创板,85,97.7,1336321.85,501313.0,37.51439071358445,3955721.659,1396261.148,35.29725466965672
20240912,000905,中证500,420,97.9,66196203.09,22269935.86,33.64231605507935,61205081.539,13879758.479,22.67746097218381
20240912,000852,中证1000,743,96.2,78905847.46,25843698.89,32.7525775616326,72701088.488,22522334.307,30.97936327420672
20240912,399330,深证100,98,98.0,31958548.32,9865932.24,30.871027498535643,61696108.868,13098017.125,21.22989174734416
20240913,000001,上证指数,427,98.6,58899766.85,23823583.82,40.44767083827599,63229644.547,25445140.398,40.24242201628393
20240913,399001,深证成指,397,94.5,43298143.55,13857070.97,32.00384550898372,62204875.104,25939099.875,41.69946460246493
20240913,000300,沪深300,283,98.3,91411783.41,26482799.07,28.97088108566856,144571844.05,43407582.601,30.024921440434515
20240913,000016,上证50,47,94.0,27328117.31,7895479.52,28.89141403499047,45872688.602,12903766.266,28.129518149580207
20240913,399006,创业板,100,100.0,12286579.51,3080321.66,25.070620000407256,36711721.193,14949090.833,40.72021236599066
20240913,000688,科创50,48,96.0,3701673.87,1118721.01,30.22203060800707,14772665.712,4991293.597999999,33.78735900011273
20240913,STAR,科创板,85,97.7,1512088.82,581334.27,38.44577529513114,4173169.09,1439860.655,34.50281126758753
20240913,000905,中证500,420,97.9,73461773.52,29919408.65,40.72786051354236,64698828.215,18100596.995,27.97669987909224
20240913,000852,中证1000,743,96.2,77426394.73,24775087.54,31.998245077011862,69420000.557,21229740.439,30.58159070679997
20240913,399330,深证100,98,98.0,30204144.25,9097562.52,30.120245899699672,64169082.064,16946820.585,26.40963535694313
20240918,000001,上证指数,427,98.6,61456664.95,24659901.29,40.1256744245117,64458279.095,24989288.295,38.76815925875131
20240918,399001,深证成指,397,94.5,43844238.77,13295341.4,30.324032924246385,58292949.328,22319356.728,38.2882612482249
20240918,000300,沪深300,283,98.3,88179756.59,24043316.66,27.266254285313625,128132200.549,30617480.517,23.89522726201158
20240918,000016,上证50,47,94.0,25961503.6,6987428.9,26.914577089441,42435577.024,10338748.913,24.363398916792825
20240918,399006,创业板,100,100.0,10502122.13,2435188.04,23.1875806609002,27058606.949,7521467.461999999,27.796950065376404
20240918,000688,科创50,48,96.0,3116317.85,870231.35,27.92498685588185,11311112.264,2770855.96,24.496759428503186
20240918,STAR,科创板,85,97.7,1561828.42,584769.78,37.441358635284665,4199901.187,1347978.479,32.09548079779621
20240918,000905,中证500,420,97.9,72104073.81,26386025.32,36.59436135263215,60790222.299,14022027.381,23.06625449078291
20240918,000852,中证1000,743,96.2,75214813.13,23003991.56,30.58438970025797,65603826.321,19282884.177,29.39292608124518
20240918,399330,深证100,98,98.0,28598065.03,8257017.81,28.872645059510862,53072621.436,9905990.479,18.664973033121388
20240919,000001,上证指数,427,98.6,81711228.48,33801933.66,41.36755044415163,86756921.67300001,35999226.08,41.4943561687061
20240919,399001,深证成指,397,94.5,62040650.94,22074032.53,35.57994991275635,83361289.95,33567171.26,40.26709673054909
20240919,000300,沪深300,284,98.6,124687047.8,35366392.78,28.36412715194625,182373562.56,44924155.538,24.63304160284755
20240919,000016,上证50,48,96.0,35243060.55,9011156.34,25.568597617155586,60230292.37,14482748.037,24.045621342880427
20240919,399006,创业板,100,100.0,17141117.92,6130511.9,35.76494793753802,42249110.121,13455929.857,31.84902550246072
20240919,000688,科创50,48,96.0,3558781.84,1052932.69,29.58688498871288,11822176.324,2448867.451,20.71418479885633
20240919,STAR,科创板,85,97.7,1719123.16,676851.23,39.37188711947782,4508025.61,1350192.967,29.95087170766982
20240919,000905,中证500,420,97.9,89613939.91,29212628.97,32.598308923074335,80595603.562,15971320.477,19.81661501512759
20240919,000852,中证1000,743,96.2,97297540.48,27583965.03,28.35011542318485,86632759.402,23100422.419,26.66476582121509
20240919,399330,深证100,98,98.0,43643149.09,14119400.01,32.351927632177194,76949612.905,16250088.638,21.11783025869401
20240920,000001,上证指数,428,98.8,73489093.99,32659991.3,44.441956658826406,77959159.723,33510351.682,42.98449572964492
20240920,399001,深证成指,397,94.5,51153035.64,18298254.58,35.77159077865433,70202591.395,28429664.047,40.496602022906
20240920,000300,沪深300,284,98.6,118084529.8,32953806.65,27.906963516570656,165399533.276,38132710.876,23.05490839104634
20240920,000016,上证50,48,96.0,35659315.09,9241526.61,25.91616408412627,55357949.717,10979743.822,19.834086844130727
20240920,399006,创业板,100,100.0,13616822.69,4378378.34,32.154184861461246,35225972.239,11002788.241,31.23487455888697
20240920,000688,科创50,48,96.0,2933263.31,829882.9199999999,28.29213856017583,10314117.16,2428797.746,23.54828540652334
20240920,STAR,科创板,85,97.7,1442835.94,534038.52,37.013114602620725,4170201.491,1477758.758,35.436147658314674
20240920,000905,中证500,420,97.9,68362425.12,21797681.64,31.885471590186327,65774764.241,15451788.514,23.49197095923347
20240920,000852,中证1000,743,96.2,86676389.87,28250590.61,32.59317866419117,77345801.277,23291346.164,30.113265076388902
20240920,399330,深证100,98,98.0,37564297.95,12030702.68,32.026960003388,65687130.259,12147312.597,18.492682735726085
20240923,000001,上证指数,428,98.8,64435342.29,25556652.28,39.66247616871316,70532760.806,27529688.873,39.03106663968573
20240923,399001,深证成指,397,94.5,48583921.78,17167997.21,35.33678752353697,72403388.342,32118261.513,44.36016358970418
20240923,000300,沪深300,284,98.6,95429241.4,24629889.86,25.80958362307593,144679531.738,37413105.945,25.85929432834449
20240923,000016,上证50,48,96.0,26427979.76,6778428.55,25.64868223586077,48100813.741,13137039.44,27.31147026064197
20240923,399006,创业板,100,100.0,12083750.51,3519844.25,29.128739848502548,33310427.036,10734778.613,32.22648152003115
20240923,000688,科创50,48,96.0,2827050.51,805422.69,28.48985849920312,10894390.654,3019010.064,27.711600950270093
20240923,STAR,科创板,85,97.7,1583986.91,634091.2000000001,40.031340915563504,4646757.015,1803705.305,38.816432604019
20240923,000905,中证500,420,97.9,64248357.69,19069996.13,29.681686529659213,63498855.346,14519334.396,22.86550571169409
20240923,000852,中证1000,743,96.2,84401049.36,28954946.27,34.30638183951603,76283700.328,23157053.175,30.35648909980863
20240923,399330,深证100,98,98.0,30593001.08,8711054.75,28.47401184088083,58722207.048,12967276.164,22.08240598552511
20240924,000001,上证指数,428,98.8,127307728.71,51861045.63,40.73676135416461,141959374.475,61326784.166,43.200235555278574
20240924,399001,深证成指,397,94.5,91909198.59,33390773.87,36.33017628513303,126963346.708,52771601.791,41.564438209374046
20240924,000300,沪深300,284,98.6,204532334.62,56029867.63,27.394136841051424,309986239.744,81940403.925,26.433561693793216
20240924,000016,上证50,48,96.0,58433020.67,15324689.17,26.226077300617494,104597901.087,24628086.726,23.54548845632708
20240924,399006,创业板,100,100.0,29534132.4,11653113.19,39.456426321160535,75147777.385,26830902.519,35.70418640798766
20240924,000688,科创50,48,96.0,5197403.79,1568083.55,30.170516153027243,18301860.65,4213195.797,23.020587237396548
20240924,STAR,科创板,85,97.7,2450616.25,865404.13,35.3137350656187,7114283.872,2269769.824,31.90440337829691
20240924,000905,中证500,420,97.9,136375133.99,41801651.85,30.651960241568084,122508488.839,23030827.733,18.79937296693537
20240924,000852,中证1000,743,96.2,151167763.75,42857429.05,28.350904972621848,134392175.797,33267358.378,24.75393986347129
20240924,399330,深证100,98,98.0,66703125.53,21742434.78,32.59582606848198,126681117.929,30003257.385,23.6840800551
20240925,000001,上证指数,428,98.8,151992356.13,61602451.190000005,40.52996661049918,162356306.239,64249660.708,39.57324614999552
20240925,399001,深证成指,397,94.5,108855359.97,41090130.45,37.747457232537045,151812281.98499998,63590420.725,41.88753366561155
20240925,000300,沪深300,284,98.6,242487230.44,65310262.73,26.933485368071818,357568351.807,91089319.288,25.47465927218472
20240925,000016,上证50,48,96.0,65785036.190000005,17234713.51,26.19853162385256,116045673.788,23455092.407,20.211949003673613
20240925,399006,创业板,100,100.0,32498031.11,12974376.07,39.92357575781766,84375901.282,30086580.894,35.65778905690741
20240925,000688,科创50,48,96.0,5379658.58,1467566.76,27.27992377538576,20046545.633,4609387.775,22.993426694982148
20240925,STAR,科创板,85,97.7,2552674.41,812346.62,31.82335423654754,7430382.018,1913758.924,25.75586180312055
20240925,000905,中证500,420,97.9,166669609.04,58820873.89,35.291901282304714,144235877.445,29347155.957,20.34664084751774
20240925,000852,中证1000,743,96.2,183244207.78,54533669.45,29.76010544108016,163008866.187,39882053.817,24.46618687062594
20240925,399330,深证100,98,98.0,76061306.05,24942229.05,32.792270268937884,143985962.203,35072082.512,24.35798738668238
20240926,000001,上证指数,428,98.8,149841050.45,60097413.120000005,40.10744247955852,169473199.30900002,69917212.539,41.25561612342029
20240926,399001,深证成指,397,94.5,117921840.02,47796782.62,40.5325956683626,165087657.762,72006735.37,43.617273602493725
20240926,000300,沪深300,284,98.6,242571570.55,67693380.61,27.906559889320054,371768500.61,96789997.402,26.03501836309057
20240926,000016,上证50,48,96.0,64114456.25,15316769.420000002,23.889728332524072,120825239.099,29034670.537,24.03030257048364
20240926,399006,创业板,100,100.0,35509240.41,16460726.43,46.35617726524047,89444699.415,32699335.134,36.558158669954985
20240926,000688,科创50,48,96.0,5365933.99,1414397.17,26.35882537198337,19744480.864,4387415.0540000005,22.220969415304047
20240926,STAR,科创板,85,97.7,2579994.84,870642.38,33.74589617396289,7555069.508,2101122.049,27.81075735670121
20240926,000905,中证500,421,98.1,180837049.55,73002230.47,40.36906742930213,156052050.434,35797585.825,22.939516478920016
20240926,000852,中证1000,743,96.2,177346141.43,53752783.55,30.30953090750873,158878755.739,39031815.522,24.56704506555929
20240926,399330,深证100,98,98.0,81188609.56,29299684.98,36.08841823845616,153938469.466,38187821.402,24.80719831402147
20240927,000001,上证指数,428,98.8,136351452.22,59194766.45,43.41337439845568,159420275.715,71177256.316,44.6475556492234
20240927,399001,深证成指,397,94.5,161593330.78,62279514.71,38.54089423702143,258103999.127,116651160.26,45.19540985593247
20240927,000300,沪深300,284,98.6,265458971.41,86213072.71,32.47698589807476,461748780.164,138568502.51,30.00950050388533
20240927,000016,上证50,48,96.0,60004559.77,18708548.54,31.178544783447546,113373029.648,27839179.729,24.55538130667844
20240927,399006,创业板,100,100.0,57972015.09,26724947.94,46.09973950105104,160918068.745,62920296.754,39.10082767256368
20240927,000688,科创50,48,96.0,4945450.57,1530496.85,30.947571476788617,17771028.395,4569423.866,25.712771171338844
20240927,STAR,科创板,85,97.7,2138907.56,631287.25,29.5144709292626,6313575.8,1523957.302,24.137784201466307
20240927,000905,中证500,421,98.1,182013742.39,59594628.33,32.74182902206739,185061071.8,38345267.236,20.72033132794165
20240927,000852,中证1000,743,96.2,202520691.76,56296444.95,27.797873126324745,196117789.693,43565238.492,22.213812709288845
20240927,399330,深证100,98,98.0,119565811.56,42763357.14,35.76553914706687,255026159.808,71362853.404,27.98256204686081
20240930,000001,上证指数,427,98.6,307913595.66,126822887.85,41.18781685432253,370183882.141,145141431.137,39.20792831323672
20240930,399001,深证成指,397,94.5,214061671.46,73722120.21,34.43966390955508,359417837.798,148354615.951,41.27636426169206
20240930,000300,沪深300,284,98.6,506388886.04,142380587.18,28.116846776284355,840982267.573,206859032.304,24.59731201003521
20240930,000016,上证50,48,96.0,146382148.27,41866417.36,28.6007671391582,273387344.376,53705936.471,19.64463153683376
20240930,399006,创业板,100,100.0,71278656.73,26786545.76,37.58003726342108,221236374.28,75385220.87099999,34.074514697836875
20240930,000688,科创50,48,96.0,16178015.83,5666130.73,35.02364436739459,60868950.891,15053380.978,24.73080405962077
20240930,STAR,科创板,85,97.7,7017595.4,2472437.65,35.2319777512394,21331950.013,4758948.826,22.30901920874476
20240930,000905,中证500,420,97.9,306986076.36,78359962.61,25.52557547206405,343449766.131,51696946.917,15.052258587732318
20240930,000852,中证1000,743,96.2,349597013.63,82411487.94,23.573281443193657,362684059.459,63610552.526,17.53883328119937
20240930,399330,深证100,98,98.0,155059074.21,49549356.79,31.95514808949148,348998553.6,89581229.052,25.66808031951683
20241008,000001,上证指数,427,98.6,368742357.66,146541425.7,39.74087127661068,480838003.098,179207412.516,37.26981048947489
20241008,399001,深证成指,397,94.5,268028942.32,88171821.08,32.89638063591341,493314784.57,199327062.848,40.40565356697029
20241008,000300,沪深300,284,98.6,583318509.48,160072113.33,27.441631069224343,1093693188.96,274753854.957,25.121657310334463
20241008,000016,上证50,48,96.0,159707967.84,41752856.13,26.143251770524813,339331417.274,73487478.367,21.656550094110813
20241008,399006,创业板,100,100.0,86529518.43,28412496.77,32.835611806836674,330505648.643,107761691.082,32.60509813507006
20241008,000688,科创50,48,96.0,22853596.27,9360323.99,40.95777259479871,92882453.869,20421335.027,21.986213947148663
20241008,STAR,科创板,85,97.7,10606051.39,4732184.4,44.6177773988704,34478509.498,8516505.037,24.70090836581557
20241008,000905,中证500,420,97.9,386690943.19,101072849.8,26.137889076532627,476215623.739,68196432.191,14.320494496916483
20241008,000852,中证1000,741,96.0,412697021.38,94246894.27,22.83682444686705,484822551.335,84732947.894,17.47710531630194
20241008,399330,深证100,98,98.0,188860348.54,61660144.11,32.64853876775547,487044715.946,122375193.225,25.12606937687588
20241009,000001,上证指数,427,98.6,272122663.71,112394582.27,41.30291124512086,387131793.291,171276179.539,44.24234395294286
20241009,399001,深证成指,397,94.5,237697140.83,100197883.97,42.1535924328434,443114394.711,217882402.5,49.170689352600085
20241009,000300,沪深300,284,98.6,482485826.54,142188880.52,29.47006371972918,1034219580.619,332446934.15,32.14471475690145
20241009,000016,上证50,48,96.0,126583926.36,34003140.45,26.86213125772093,326602468.902,90160802.297,27.605670771598955
20241009,399006,创业板,100,100.0,99419128.25,46527279.73,46.79912261250389,377905823.789,159005604.156,42.07545746762008
20241009,000688,科创50,48,96.0,23796460.6,7972837.42,33.50429945871866,133492227.562,49540438.564,37.11110337191063
20241009,STAR,科创板,85,97.7,8092796.14,2773607.64,34.27255045127085,31568563.858,8197643.183999999,25.96774189942309
20241009,000905,中证500,420,97.9,345374148.3,109190325.23,31.61508345875232,430155864.111,94304050.565,21.92322793504105
20241009,000852,中证1000,741,96.0,327556396.25,81875209.85,24.99575974926485,389933912.543,86100343.316,22.08075280102889
20241009,399330,深证100,98,98.0,172164004.39,67748009.37,39.35085595275286,455175238.139,157227978.156,34.54229601742663
20241010,000001,上证指数,427,98.6,241941040.64,114209484.56,47.20550273648687,292724246.155,120584812.206,41.19399530100739
20241010,399001,深证成指,397,94.5,175363151.87,73124242.35,41.69875003399139,300884879.467,140470263.437,46.68571703763741
20241010,000300,沪深300,285,99.0,400634879.62,125193884.92,31.248873048384034,730316542.24,201453759.907,27.58444431357237
20241010,000016,上证50,49,98.0,110468903.56,30211664.62,27.348569277317807,233242122.127,51307828.957,21.99766855536624
20241010,399006,创业板,100,100.0,68615983.61,33695420.99,49.10724763710781,244529473.662,103798559.892,42.4482817296189
20241010,000688,科创50,48,96.0,15452554.49,4626407.71,29.939436311283963,81088661.426,30206612.561,37.25133949654107
20241010,STAR,科创板,85,97.7,5591235.95,2171178.9,38.83182393688823,20394768.237,5512074.01,27.02690192870173
20241010,000905,中证500,420,97.9,288968732.09,113548558.5,39.29441004870903,318538955.239,81423135.218,25.56143726813826
20241010,000852,中证1000,741,96.0,250162239.93,65364463.33,26.12882877459451,283813900.84,66701365.931,23.501796682116314
20241010,399330,深证100,98,98.0,124274484.36,46854369.31,37.70232445646013,300008473.948,92978302.003,30.991891922064767
20241011,000001,上证指数,427,98.6,168263334.18,76805172.17,45.64581615138895,202886830.625,83006854.134,40.91288423122116
20241011,399001,深证成指,397,94.5,128949140.38,50996171.78,39.54750813360948,211390044.26,91967957.5,43.50628612711943
20241011,000300,沪深300,285,99.0,277822155.31,84528364.0,30.42535031293001,493726819.202,129565369.818,26.24231959434849
20241011,000016,上证50,49,98.0,71680769.94,18717330.26,26.112066424045445,151738598.384,30676768.179,20.21685220880141
20241011,399006,创业板,100,100.0,51601139.82,22924414.91,44.42617932465664,175778266.938,69106009.228,39.31430798118796
20241011,000688,科创50,48,96.0,10673992.33,3304899.98,30.96217308224353,52580055.78,19053501.317,36.2371264814204
20241011,STAR,科创板,85,97.7,4514235.01,1672779.01,37.05564744180211,15372239.531,3640623.243,23.683102489121627
20241011,000905,中证500,420,97.9,200875915.59,76499161.96,38.08279441331307,222264327.762,56977128.361,25.634850600952458
20241011,000852,中证1000,741,96.0,200492817.35,53280600.96,26.57481782351741,220446183.19,52412082.754,23.775454850505003
20241011,399330,深证100,98,98.0,90890561.92,35631868.489999995,39.20304565985898,204747679.793,58994613.695,28.8133246514166
20241014,000001,上证指数,427,98.6,178686351.82,78512719.32,43.9388450882303,214768202.286,86190710.324,40.13196991294948
20241014,399001,深证成指,397,94.5,135832865.38,57461454.81,42.303057252932405,223411993.656,97575444.299,43.67511461772388
20241014,000300,沪深300,285,99.0,304923941.71,96144840.88,31.53076152066774,537378262.402,143450841.525,26.694574671442112
20241014,000016,上证50,49,98.0,85663004.55,24487919.37,28.58634190878377,168784767.588,33180752.46,19.658617856436848
20241014,399006,创业板,100,100.0,51445847.61,23742323.83,46.15012665353576,180656044.949,73563129.386,40.71999329265024
20241014,000688,科创50,48,96.0,10844589.92,3241651.18,29.89187423326746,53652879.649,19884100.331,37.06063954271018
20241014,STAR,科创板,85,97.7,4429767.77,1691749.5,38.19047832387837,15257637.736,3630155.953,23.792385268361308
20241014,000905,中证500,420,97.9,200909941.26,69535877.14,34.610471091628455,230325961.306,56982314.133,24.739857291769223
20241014,000852,中证1000,741,96.0,204064725.58,59940868.21,29.373458857053286,222072825.832,57224312.627,25.76826426763745
20241014,399330,深证100,98,98.0,97585270.34,40461670.2,41.46288682608163,219987850.417,66611675.546,30.27970654730869
20241015,000001,上证指数,427,98.6,147050406.86,60864713.04,41.39037377703178,177925439.856,63857606.143,35.89009317311888
20241015,399001,深证成指,397,94.5,128068276.15,52858937.45,41.2740290094082,212187829.896,92854095.599,43.76033047913764
20241015,000300,沪深300,285,99.0,244892036.41,72536102.2,29.61962473886229,450805408.123,123207044.355,27.33042730520739
20241015,000016,上证50,49,98.0,60481829.7,15315982.260000002,25.32327863751781,131571144.239,25265443.647,19.202875974921312
20241015,399006,创业板,100,100.0,47501358.54,20426445.77,43.00181383822797,184345101.029,77293595.026,41.92874917453904
20241015,000688,科创50,48,96.0,9371229.51,3054183.76,32.5910677648103,49220821.079,19165708.102,38.93821289823429
20241015,STAR,科创板,85,97.7,4283365.5200000005,1727224.83,40.32401208664536,15218889.366,4180502.065,27.46916653681389
20241015,000905,中证500,420,97.9,188753248.37,71177571.97,37.70932293068435,223077151.659,70077037.571,31.413812239328344
20241015,000852,中证1000,742,96.1,213446746.13,72059602.26,33.759990989092906,242148731.644,75824450.16,31.313172546976165
20241015,399330,深证100,98,98.0,83733955.35,33200873.96,39.65043072577128,193927647.997,53146180.035,27.405158874418024
20241016,000001,上证指数,427,98.6,134307296.55,55677710.23,41.455461959412055,160855966.01,64499862.333,40.09789871827956
20241016,399001,深证成指,397,94.5,113436262.27,49288076.42,43.45001803980896,178554486.679,79167283.72399999,44.33788542447808
20241016,000300,沪深300,285,99.0,218526669.17,69473273.48,31.791668149187856,383163532.175,101312150.215,26.440968857320247
20241016,000016,上证50,49,98.0,56533877.08,16156737.07,28.578859092110232,113863457.864,20350935.213,17.87310485275041
20241016,399006,创业板,100,100.0,39060192.32,17633695.25,45.14492684914666,140279359.549,58536299.881,41.72837691104021
20241016,000688,科创50,48,96.0,7284481.14,2201401.26,30.22042637891983,34421025.971,11999825.963,34.86190671106071
20241016,STAR,科创板,85,97.7,3062086.86,1249171.11,40.7947640649227,10807669.308,3292730.7410000004,30.466612617048444
20241016,000905,中证500,420,97.9,163160910.67,63116019.43,38.6832968575757,176078149.32299998,51588370.382,29.29856463187016
20241016,000852,中证1000,744,96.4,176864289.88,56960071.16,32.20552390685911,197186681.34,64570077.098,32.745658408168424
20241016,399330,深证100,98,98.0,76845894.48,30310448.71,39.44315947534273,168293625.503,46932669.91599999,27.887372308800472
20241017,000001,上证指数,428,98.8,127510330.36,53089791.83,41.63567899174252,154233213.924,57542243.481,37.30859392540087
20241017,399001,深证成指,398,94.8,115752982.23,50468792.14,43.60042494604504,184938268.409,80823705.722,43.70307260758732
20241017,000300,沪深300,285,99.0,211577318.87,64156274.79,30.322850829497327,381657994.732,105984451.423,27.769482857924206
20241017,000016,上证50,49,98.0,50844741.42,12579540.43,24.741084483226,112529769.312,20115086.631,17.875346900631172
20241017,399006,创业板,100,100.0,42961162.42,19618890.5,45.66657277147297,155741898.303,69061173.272,44.343348851212575
20241017,000688,科创50,48,96.0,7584617.42,2098136.97,27.66305607541112,40376409.145,14325783.849,35.480579259916745
20241017,STAR,科创板,85,97.7,3609165.21,1508322.48,41.79145016196141,12756868.508,3925204.241,30.769339971941022
20241017,000905,中证500,420,97.9,159464603.5,61196414.1,38.37617424609218,183933501.856,56608274.325,30.77648919516476
20241017,000852,中证1000,746,96.6,193009493.73,68110190.47,35.28851827634914,222366814.696,75665376.064,34.027278830900606
20241017,399330,深证100,98,98.0,76111415.59,29140058.28,38.28605479757836,162084094.697,43835335.978,27.044810325125223
20241018,000001,上证指数,428,98.8,167745401.99,65386829.14,38.97980413430228,226466530.122,88828311.763,39.22359375363203
20241018,399001,深证成指,398,94.8,161739978.34,68214072.67999999,42.17514641717368,290259314.315,138275043.962,47.638451943677815
20241018,000300,沪深300,285,99.0,310866331.57,92983622.84,29.91112687256781,635938442.839,198651716.175,31.23756998997661
20241018,000016,上证50,49,98.0,74620294.98,17850949.15,23.92237816104113,185243076.153,43737219.044,23.61071730847074
20241018,399006,创业板,100,100.0,74473892.68,34772584.8,46.6909725659314,271489723.939,110968918.35,40.87407683059606
20241018,000688,科创50,48,96.0,15417250.64,4913008.69,31.86695737600073,81919941.873,31086323.231,37.94719883858431
20241018,STAR,科创板,85,97.7,5902824.08,2393380.32,40.54636031097847,21583532.284,6373248.727,29.52829334485036
20241018,000905,中证500,420,97.9,234768079.88,82693277.85,35.223390629709144,289597662.326,82210390.498,28.387794928211747
20241018,000852,中证1000,746,96.6,251888326.95,75196947.16,29.85328779246156,300837521.187,84935011.669,28.23285185101781
20241018,399330,深证100,98,98.0,119813974.4,48832283.27,40.75675105056861,292350244.631,96738157.478,33.089815813255576
20241021,000001,上证指数,428,98.8,161694912.72,63131972.48,39.04388296329574,221181426.921,79279015.571,35.84343254974854
20241021,399001,深证成指,398,94.8,150920211.88,57333623.4,37.98936052752645,279062453.775,117114703.439,41.96720191295466
20241021,000300,沪深300,285,99.0,287118810.53,81566956.16,28.40878171981608,614277617.183,181035772.576,29.47132819297687
20241021,000016,上证50,49,98.0,76185004.72,18728166.47,24.58248383501577,190781570.902,47829443.196,25.07026384669453
20241021,399006,创业板,100,100.0,66684937.03,25518765.89,38.26766137384175,261899164.414,91866494.58,35.07704760553608
20241021,000688,科创50,48,96.0,18790476.86,6244263.51,33.231000769822934,108453873.873,46965186.81,43.30429622550548
20241021,STAR,科创板,85,97.7,6399057.97,2362782.61,36.92391319280391,25325687.795,7590467.44,29.97141677430996
20241021,000905,中证500,421,98.1,217311960.14,76696826.37,35.29342164167551,294281662.331,87789065.54,29.83164660843096
20241021,000852,中证1000,745,96.5,257078711.04,77019465.83,29.959488095463577,331839517.004,94783820.917,28.56315057734895
20241021,399330,深证100,98,98.0,107755812.11,42720865.86,39.64599683624434,267071683.579,75971348.894,28.44605159031306
20241022,000001,上证指数,428,98.8,131769107.09,48121939.99,36.519895332623065,182950363.682,65362403.665,35.72685090618972
20241022,399001,深证成指,398,94.8,138297999.85999998,53021217.81,38.33838368137916,247866204.848,100438485.32,40.52125031792548
20241022,000300,沪深300,285,99.0,223243555.75,66683740.98,29.870399060780056,463948210.468,132685266.91,28.599154801385257
20241022,000016,上证50,49,98.0,52771010.29,12685485.4,24.038738940732152,131776912.507,30634274.094,23.247072276316008
20241022,399006,创业板,100,100.0,55292924.68,21662085.66,39.17695760418944,199646522.23,64425689.038,32.26987794146461
20241022,000688,科创50,48,96.0,13343436.29,4355464.890000001,32.64125368713399,70936904.343,29235490.276,41.213372005406576
20241022,STAR,科创板,85,97.7,4755103.5,1653436.71,34.77183430392209,19055075.913,6080012.561,31.907574594609805
20241022,000905,中证500,421,98.1,191995239.99,71067207.59,37.01508828744999,253766617.138,75486190.424,29.746304409673435
20241022,000852,中证1000,745,96.5,246459678.7,83608454.15,33.92378606959533,313334025.776,101316613.048,32.33501781272565
20241022,399330,深证100,98,98.0,92854327.38,37087197.04,39.94126939094952,215606822.884,57599555.02,26.715089183884267
20241023,000001,上证指数,428,98.8,139573110.36,50048511.51,35.858276268910394,198721712.756,75289385.7,37.88684419827032
20241023,399001,深证成指,398,94.8,139617939.77,53476561.95,38.30207066376624,248207418.729,100128079.423,40.3404861690789
20241023,000300,沪深300,285,99.0,250770189.92,81036506.06,32.315047528516864,481916920.559,135232798.122,28.06143390133233
20241023,000016,上证50,49,98.0,56355901.77,12635384.43,22.42069425411308,136896566.276,30193947.518,22.056029847472843
20241023,399006,创业板,100,100.0,52868709.53,21423699.96,40.522456762148245,198120528.024,70536993.116,35.60307143309009
20241023,000688,科创50,48,96.0,12753592.48,4205809.14,32.97744652414988,60721861.679,22031244.617,36.28222852169117
20241023,STAR,科创板,85,97.7,4880969.36,1538668.5,31.52383034012735,19057766.512,5602855.868,29.39933105210456
20241023,000905,中证500,421,98.1,214741615.91,86838850.77,40.43876190556137,273397116.022,87506493.072,32.00710173729793
20241023,000852,中证1000,745,96.5,236102587.25,72684119.97,30.78497394568471,289500253.554,82044299.08,28.339974861091584
20241023,399330,深证100,98,98.0,95376196.08,40536744.09,42.50195096478626,218420385.184,62737605.372,28.723328785978048
20241024,000001,上证指数,428,98.8,102171044.48,36706561.52,35.92657949893555,139791841.065,50688081.419,36.25968513815568
20241024,399001,深证成指,399,95.0,103840259.89,39676816.16,38.209473090716855,188576678.809,78348182.747,41.547121967480926
20241024,000300,沪深300,285,99.0,179479394.6,55912347.96,31.15251646831664,354028665.136,102959018.116,29.08211347136208
20241024,000016,上证50,49,98.0,42308763.49,9166771.49,21.666365863343263,102498971.88,25271684.661,24.655549414277694
20241024,399006,创业板,100,100.0,39469220.21,14719489.919999998,37.29359192222054,151485480.942,51460181.644,33.9703721597602
20241024,000688,科创50,48,96.0,8891187.43,2754174.84,30.976456875794373,46437490.083,17580190.008,37.85775238191829
20241024,STAR,科创板,85,97.7,3629327.14,1084064.48,29.86957191188888,14732651.027,4126838.426,28.011512785016706
20241024,000905,中证500,421,98.1,164165957.07,72314315.17,44.0495194379218,213390439.142,77628639.55499999,36.378686817989184
20241024,000852,中证1000,747,96.8,182115463.62,58172925.03,31.942880562511128,229563128.992,72905858.829,31.758522873044075
20241024,399330,深证100,98,98.0,65660698.55,23757772.26,36.18263707917862,160206428.393,47606817.457,29.71592209784269
20241025,000001,上证指数,428,98.8,123663552.86,45544886.52,36.82967654306484,163749808.191,56944951.323,34.77558352714443
20241025,399001,深证成指,399,95.0,124368014.75,40701183.57,32.72640771167411,223966915.747,87757701.115,39.1833324231396
20241025,000300,沪深300,285,99.0,208257181.64,65448437.18,31.42673720281889,414797512.675,119649119.451,28.84518730100169
20241025,000016,上证50,49,98.0,48732825.82,11478794.66,23.554543507077096,116037548.937,26101497.676000003,22.49400984001414
20241025,399006,创业板,100,100.0,48548662.3,17634509.650000002,36.32336879032813,187888376.075,65236241.896,34.720743911246245
20241025,000688,科创50,48,96.0,11648741.85,4225094.42,36.27082198580956,54029797.233,17892563.663000003,33.11610366746238
20241025,STAR,科创板,85,97.7,4588331.82,1398820.71,30.48647667334573,17228105.987,3861492.891,22.41391418136044
20241025,000905,中证500,421,98.1,190736570.67,74843507.74,39.23920173100384,252258896.903,79176967.464,31.38718532272246
20241025,000852,中证1000,747,96.8,217092417.14,61299435.67,28.23656232565176,268455126.776,72958716.402,27.17724830894253
20241025,399330,深证100,98,98.0,81341624.55,32099933.82,39.46310882968467,200012172.492,60336289.049,30.166308528753817
20241028,000001,上证指数,428,98.8,150051626.88,53890213.35,35.914447894055385,188883549.271,66660581.614,35.29189379979247
20241028,399001,深证成指,399,95.0,141303959.14,49110135.9,34.75496100667856,239511393.833,88346999.922,36.8863453667679
20241028,000300,沪深300,284,98.6,214388544.78,69382108.14,32.36278701886714,393804678.216,99884665.129,25.36401181963961
20241028,000016,上证50,49,98.0,52216561.45,15332842.06,29.36394437745958,113124974.8,23738438.487,20.9842596906373
20241028,399006,创业板,100,100.0,41572666.92,13404028.42,32.24240688189171,152455160.482,46591419.606,30.56073632318988
20241028,000688,科创50,48,96.0,8946585.03,2521918.01,28.188610531766216,42121178.1,13002636.526,30.869593664095547
20241028,STAR,科创板,85,97.7,4422273.14,1468291.1,33.20218027057461,16221266.548,3738131.172,23.0446319400435
20241028,000905,中证500,421,98.1,214963820.74,80815140.15,37.59476356151409,258158640.721,75365459.058,29.19346756998529
20241028,000852,中证1000,747,96.8,243576996.31,69657535.48,28.59774795455109,290091066.61,77505349.086,26.71759251042315
20241028,399330,深证100,98,98.0,73577082.69,26719284.92,36.31468378893945,176067632.245,44232444.399,25.12241678666416
20241029,000001,上证指数,428,98.8,147126485.98,47799694.29,32.488843848617286,195027985.612,65745848.169,33.71098151000678
20241029,399001,深证成指,398,94.8,149763963.34,54677928.1,36.50940244941837,253290022.462,94780405.149,37.41971524489066
20241029,000300,沪深300,284,98.6,221246554.74,65772168.13,29.727996536394784,434825771.111,116595620.218,26.814330696198795
20241029,000016,上证50,49,98.0,53310792.51,10992009.34,20.618731822338088,137573722.464,34241155.643,24.88931391091795
20241029,399006,创业板,100,100.0,44365176.55,15709224.56,35.40890802563481,167190018.19,55596261.543,33.25333781578913
20241029,000688,科创50,48,96.0,10653232.23,3042296.96,28.557501557440467,56263222.387,20650764.904,36.70384316411194
20241029,STAR,科创板,85,97.7,4690521.34,1589616.49,33.88997458436038,18190231.988,5148277.098,28.30242682664131
20241029,000905,中证500,420,97.9,213485853.73,76724687.58,35.93900309527549,280379881.988,88299692.204,31.49287729844296
20241029,000852,中证1000,747,96.8,273569989.62,77916853.93,28.48150633709119,331475590.718,89675867.686,27.053535824992608
20241029,399330,深证100,98,98.0,82503412.46,28542376.54,34.59538907416485,192096266.453,46963258.63,24.447772722064045
20241030,000001,上证指数,428,98.8,137789094.89,46906644.98,34.042349300172546,177078589.372,59912394.641,33.83378806747681
20241030,399001,深证成指,398,94.8,129611809.27,47959943.65,37.00275763460145,227720489.125,93117255.167,40.89103072138854
20241030,000300,沪深300,284,98.6,225936119.72,84145932.17,37.24324037886508,404192100.216,116982298.031,28.942252450872925
20241030,000016,上证50,49,98.0,48740588.65,12159418.02,24.94721208091113,118912359.712,30473862.701,25.62716169690537
20241030,399006,创业板,100,100.0,40688508.25,15575446.21,38.27971798400842,155500247.546,59643363.306,38.355799586979
20241030,000688,科创50,48,96.0,9692279.64,3659681.99,37.75873299091069,50387377.684,21955792.006,43.5739921686217
20241030,STAR,科创板,85,97.7,4204002.01,1543560.06,36.716444386286106,16569611.495,5394312.1850000005,32.55545361837707
20241030,000905,中证500,420,97.9,196244852.49,75070151.88,38.253310049916,257697734.741,88717623.913,34.42700961347835
20241030,000852,中证1000,746,96.6,230500315.56,68702793.6,29.805943403195226,275471212.88,75322777.955,27.343248380661795
20241030,399330,深证100,98,98.0,99655901.24,54818356.53,55.00763712726021,180341659.027,46908378.974,26.010839218783648
20241031,000001,上证指数,428,98.8,161412384.8,54842495.62,33.97663425142579,205780403.423,71336764.446,34.66645183864321
20241031,399001,深证成指,398,94.8,162227457.64,66825066.84,41.19220495231574,288524664.01,135066622.922,46.81285164491821
20241031,000300,沪深300,284,98.6,284946295.64,101366619.66,35.57393839155789,518825165.796,156664757.502,30.196059834846167
20241031,000016,上证50,49,98.0,59059008.16,10943920.85,18.53048534162853,150783869.442,34147609.723,22.646725972326305
20241031,399006,创业板,100,100.0,55443401.67,27250787.2,49.15064079617105,202929456.978,94616295.579,46.62521498259248
20241031,000688,科创50,48,96.0,10801789.66,3236851.19,29.965878728284736,58342040.151,20641268.528,35.37975099015492
20241031,STAR,科创板,85,97.7,4947370.04,1842566.11,37.24334535526273,18032722.717,4503130.95,24.9719968563303
20241031,000905,中证500,420,97.9,253209475.57,97671361.36,38.57334372662474,307726252.813,103440457.837,33.61444039675711
20241031,000852,中证1000,747,96.8,295429935.74,94604625.86,32.02269452587195,344138365.031,101445649.859,29.478157673545567
20241031,399330,深证100,98,98.0,137958853.2,79378934.78999999,57.53812310611466,250637282.895,84033395.607,33.527891236438386
20241101,000001,上证指数,428,98.8,178231058.75,69343369.11,38.90644514841048,212998738.486,76825996.598,36.06875662460772
20241101,399001,深证成指,397,94.5,166595855.34,69089956.94,41.47159411558984,269804566.709,113311972.697,41.997796434340415
20241101,000300,沪深300,284,98.6,300746566.07,116452161.9,38.72102794779552,483233472.715,131275669.308,27.166096042652114
20241101,000016,上证50,49,98.0,66305699.09,13712412.27,20.680593762215626,141365546.339,25769113.361,18.22870849959769
20241101,399006,创业板,100,100.0,50942133.91,23662088.78,46.448954851015976,172696678.68,70818215.233,41.0072826960519
20241101,000688,科创50,48,96.0,8774670.56,2572152.37,29.313378233541336,45995169.266,16812864.016,36.55354308790032
20241101,STAR,科创板,85,97.7,4362762.26,1598719.58,36.64466419951108,15481353.774,3724744.131,24.059550510727835
20241101,000905,中证500,420,97.9,265074005.19,107134667.94,40.41688956380612,305991043.145,100186316.42,32.74158465237321
20241101,000852,中证1000,746,96.6,300984213.14,98507287.19,32.72839002495465,345941124.294,101550958.658,29.35498312472857
20241101,399330,深证100,98,98.0,137856017.99,78543533.64,56.97504888447996,231984273.72,77934017.054,33.59452595828314
20241104,000001,上证指数,428,98.8,129385005.63,47038598.74,36.35552551932907,167532204.053,60779440.996,36.279258271306446
20241104,399001,深证成指,398,94.8,133008003.07,58359024.05,43.87632526088417,229642670.693,106398988.503,46.33241208261356
20241104,000300,沪深300,284,98.6,250032978.79,108100990.07,43.23469271659274,399854389.552,122980076.686,30.75621523719868
20241104,000016,上证50,49,98.0,49758400.84,9983916.64,20.064785988809525,114265317.347,24161940.175,21.14547155338939
20241104,399006,创业板,100,100.0,43881769.93,21970922.05,50.06845003072555,143432900.15399998,61210529.09599999,42.67537575429341
20241104,000688,科创50,48,96.0,6401185.7700000005,1702093.34,26.59028188147709,34986412.882,10942790.907,31.277258814463675
20241104,STAR,科创板,85,97.7,3473743.58,1194904.28,34.398171669308994,12945257.326,3215458.035,24.83888851357083
20241104,000905,中证500,421,98.1,206682050.71,78479489.04,37.97111978055426,258070432.081,91801936.352,35.57243486273791
20241104,000852,中证1000,746,96.6,215882729.83,68956684.42,31.941732659347483,255721233.246,74161415.822,29.00088306341688
20241104,399330,深证100,98,98.0,93184094.01,48522745.62,52.071918641815415,188181591.309,63979992.1,33.99907060778483
20241105,000001,上证指数,428,98.8,166496904.07,58458767.22,35.11102356319027,226883000.075,83049174.896,36.60440617787437
20241105,399001,深证成指,398,94.8,171319250.69,69633185.57000001,40.6452779180084,307524343.508,136612919.451,44.42344885371526
20241105,000300,沪深300,284,98.6,312094622.34,109639269.4,35.130137321160746,590168643.229,175879377.475,29.80154562477398
20241105,000016,上证50,49,98.0,63106597.05,11073180.71,17.54678785995481,173103005.76500002,41876129.489,24.19145138695622
20241105,399006,创业板,100,100.0,65287567.54,31514359.85,48.2700781135581,231860789.007,97842932.837,42.19899934613181
20241105,000688,科创50,48,96.0,11903589.43,4070550.91,34.19599553510474,62641249.005,22898509.917,36.55500214430949
20241105,STAR,科创板,85,97.7,5443582.24,2289415.94,42.05715720021895,19336057.015,5480388.322000001,28.342843206081643
20241105,000905,中证500,421,98.1,281338293.34,108916846.31,38.71383629187405,343965410.177,100827701.312,29.31332579636872
20241105,000852,中证1000,746,96.6,287259761.27,84579764.83,29.4436521342445,347423128.658,88823007.928,25.56623339128252
20241105,399330,深证100,98,98.0,132447196.3,63499334.97,47.94313261729648,286900470.054,96360244.615,33.58664577888743
20241106,000001,上证指数,428,98.8,185130346.17,66272628.95,35.797820465988714,253176547.069,93147839.867,36.791654260777065
20241106,399001,深证成指,398,94.8,181835188.21,73469216.46,40.40428983148794,337105527.837,152718008.174,45.30273032124333
20241106,000300,沪深300,284,98.6,326726064.25,111481139.83,34.12067540001899,646611916.562,189138211.384,29.250653527951894
20241106,000016,上证50,49,98.0,67604888.22,12233757.33,18.09596562039845,188774071.555,49937750.558,26.45371270887191
20241106,399006,创业板,100,100.0,67582671.13,31359528.65,46.40173009687313,246195280.415,100971375.262,41.0127176653416
20241106,000688,科创50,48,96.0,12730086.66,4046832.44,31.78951210690344,64679901.251,23507176.888,36.34386638405166
20241106,STAR,科创板,85,97.7,6090075.81,2563917.94,42.09993471329218,21467862.813,5800805.457,27.02088003602895
20241106,000905,中证500,421,98.1,327248501.38,144910031.49,44.28134304020262,393241423.464,125323454.027,31.86934197395737
20241106,000852,中证1000,747,96.8,311028898.44,93185806.13,29.960497753547585,386871700.803,103047588.314,26.636114272538418
20241106,399330,深证100,98,98.0,128310836.53,55525696.88,43.274362775288814,304874334.713,98577146.092,32.33369781185344
20241107,000001,上证指数,428,98.8,192855325.96,70202480.21,36.40162897267387,262626374.466,102954021.427,39.20170684925957
20241107,399001,深证成指,398,94.8,178939446.0,75016056.96,41.92259372480677,322326845.56,150751763.782,46.76984429270509
20241107,000300,沪深300,283,98.3,382368963.47,156085481.77,40.82064620347938,688601122.484,212499107.707,30.859535479763544
20241107,000016,上证50,49,98.0,72832088.39,15586567.37,21.40068713468344,194532291.073,39952154.475,20.53754379523942
20241107,399006,创业板,100,100.0,66066203.2,33229243.48,50.29688686574924,233516057.101,98896408.507,42.35100991972705
20241107,000688,科创50,48,96.0,12945613.54,4582808.2,35.40047125491436,61003714.178,22901202.671,37.54066941592705
20241107,STAR,科创板,85,97.7,5761958.64,2799394.34,48.58407557052509,18762898.975,5992858.059,31.93993671758817
20241107,000905,中证500,421,98.1,324184569.76,143140653.06,44.15406111585439,358030086.385,110515366.323,30.867619936320008
20241107,000852,中证1000,747,96.8,305975104.46,94620786.12,30.924341471176703,359993465.73,95958856.213,26.65572165828433
20241107,399330,深证100,97,97.0,123457392.8,55752641.19,45.15941891006789,297926421.744,99189067.798,33.29314238642132
20241108,000001,上证指数,428,98.8,189030413.79,68822663.35,36.40824879453384,271325839.251,106985365.453,39.43058491897973
20241108,399001,深证成指,398,94.8,177963904.55,69380301.75,38.98560324658824,336462975.051,148624534.98700002,44.17262700731692
20241108,000300,沪深300,284,98.6,375953106.2,153628105.14000002,40.86363501363724,723770707.318,224568902.516,31.02763074622916
20241108,000016,上证50,49,98.0,73162385.86,17844361.5,24.390075979952467,215563065.468,54734347.715,25.3913385375962
20241108,399006,创业板,100,100.0,65271002.71,28810226.53,44.13939626146736,255446556.401,97687888.577,38.2420064507151
20241108,000688,科创50,48,96.0,17024934.26,7659771.6,44.99149002881377,84249253.861,33728115.301,40.03372582580597
20241108,STAR,科创板,85,97.7,7325537.63,3662536.11,49.99682337308531,23630721.156,6653189.078,28.154828767511862
20241108,000905,中证500,421,98.1,306718169.45,126413613.26,41.21490862008013,367503987.335,100955041.167,27.470461449707745
20241108,000852,中证1000,747,96.8,316597613.53,95161537.74,30.05756634706368,396183301.282,101338411.621,25.578668079417145
20241108,399330,深证100,98,98.0,120582922.72,51456455.05,42.6730866106842,311338258.371,94945516.094,30.495936024945603
20241111,000001,上证指数,428,98.8,163050507.25,59280155.2,36.35692780097132,235361130.185,85343433.427,36.26063205930301
20241111,399001,深证成指,398,94.8,151848687.14000002,52605297.91,34.643235250035104,307101800.141,127909473.713,41.650512518739
20241111,000300,沪深300,285,99.0,320687575.47,121560261.92,37.90613395041612,656461211.021,186863620.732,28.46529506920437
20241111,000016,上证50,49,98.0,65674289.09,14080475.97,21.439860507213297,189183635.092,46189430.194,24.41512986656487
20241111,399006,创业板,100,100.0,60372198.99,21369308.5,35.3959419360219,235552108.628,71698661.511,30.43855643178785
20241111,000688,科创50,48,96.0,18381833.08,7582092.81,41.24775139128834,89135120.661,28961453.589,32.49162998179654
20241111,STAR,科创板,85,97.7,8400742.64,4190327.67,49.88044330804544,26485560.37,6611360.069,24.962130219788133
20241111,000905,中证500,421,98.1,257848695.35,96402069.19,37.387068823111655,350956418.519,91720743.086,26.13451079568572
20241111,000852,中证1000,747,96.8,284998590.3,79904820.63,28.03691784787049,380262341.301,94486200.788,24.84763557304472
20241111,399330,深证100,98,98.0,112063318.43,44682882.27,39.87288873469424,296349469.574,75293124.985,25.406870170286883
20241112,000001,上证指数,427,98.6,161077163.27,54130588.21,33.605377144161324,238326392.305,85460189.437,35.858466454538394
20241112,399001,深证成指,398,94.8,156573590.61,52313464.43,33.41142284991378,316157199.419,131944306.866,41.73376633790822
20241112,000300,沪深300,285,99.0,313553452.86,107612438.39,34.32028491743269,670076050.567,190457468.581,28.42326157155447
20241112,000016,上证50,49,98.0,64644662.21,11966045.12,18.510492144158736,183203764.893,41836005.735,22.835778380119145
20241112,399006,创业板,100,100.0,66645692.53,26020373.62,39.04284377911918,246169154.201,78873059.884,32.040188032493795
20241112,000688,科创50,48,96.0,15276713.22,5400613.37,35.35193265871885,75341831.367,22011573.217,29.215606811810456
20241112,STAR,科创板,84,96.6,7271981.41,3204496.93,44.06635206181035,24713594.712,5681562.302,22.98962319407644
20241112,000905,中证500,421,98.1,253453985.16,87555558.89,34.544952542264454,353599171.279,94240373.611,26.65175183248425
20241112,000852,中证1000,748,96.9,300310891.38,84125596.37,28.012835626248144,405746167.621,110262598.401,27.17526552314704
20241112,399330,深证100,98,98.0,116577675.75,45226290.69,38.79498403020786,317810381.435,87956795.713,27.67587242299992
20241113,000001,上证指数,427,98.6,131603492.63,46112200.09,35.03873580288885,187202473.663,70422056.87099999,37.61812303707753
20241113,399001,深证成指,398,94.8,118243482.21,40673128.47,34.397776274691125,234402590.745,99427197.251,42.41727744347504
20241113,000300,沪深300,285,99.0,257052232.71,94845310.93,36.89729123535844,530676263.683,157403362.002,29.660901150842705
20241113,000016,上证50,49,98.0,62195647.82,21449225.22,34.486697979376395,146144893.497,32998753.589,22.57947766726272
20241113,399006,创业板,100,100.0,51925684.08,19918497.98,38.35962555507656,195858213.177,66354502.853,33.87884622077832
20241113,000688,科创50,48,96.0,11182242.62,3716799.16,33.23840562493537,60622004.863,19846983.179,32.738909285254266
20241113,STAR,科创板,84,96.6,5415482.2700000005,2381303.8000000003,43.97214654716245,18509160.656,4582049.173,24.755575134708582
20241113,000905,中证500,421,98.1,196987073.34,74068593.2,37.60073792870535,266870712.783,78906275.057,29.567229102865586
20241113,000852,中证1000,748,96.9,236287643.11,71193136.14,30.12986003117275,311951883.432,88233058.535,28.284188434538898
20241113,399330,深证100,98,98.0,87439509.87,32530059.36,37.202929669166494,251476171.304,71908746.275,28.594656067064207
20241114,000001,上证指数,427,98.6,130347008.35,46434250.93,35.6235647582471,180772579.158,66148438.436,36.59207538228711
20241114,399001,深证成指,398,94.8,115546696.3,41675105.96,36.067760736141445,223443871.612,97297356.668,43.544428390926015
20241114,000300,沪深300,285,99.0,254776141.98,95965041.29,37.66641591485174,477873466.31,133073150.189,27.846942668014645
20241114,000016,上证50,49,98.0,59669993.9,19270405.27,32.29496772246193,134872924.962,30811219.32,22.84462899331423
20241114,399006,创业板,100,100.0,42366997.83,15910428.79,37.553826338702365,162750721.732,53980993.318,33.16789796292884
20241114,000688,科创50,48,96.0,9774662.22,3212442.0,32.864992443697965,53831622.248,16388918.722,30.444779550757257
20241114,STAR,科创板,84,96.6,4625243.42,1782424.32,38.53687596835714,17120656.131,4403057.803,25.7178099326899
20241114,000905,中证500,421,98.1,183813074.89,67348166.06,36.63948611941966,247927748.679,73037242.016,29.45908330356505
20241114,000852,中证1000,748,96.9,211811004.55,58376556.61,27.56068162465074,273632408.049,69810592.749,25.5125455521697
20241114,399330,深证100,98,98.0,87665389.6,33143356.93,37.80666130753156,224409842.439,61055108.159,27.206965387712994
20241115,000001,上证指数,427,98.6,129759045.07,47504501.29,36.60978027726171,176870759.355,65183280.49,36.853621665732575
20241115,399001,深证成指,399,95.0,114862330.54,42444642.87,36.95262203931945,221264415.802,97769918.303,44.18691453328406
20241115,000300,沪深300,285,99.0,263966045.12,97529184.43,36.94762498171416,490663467.985,146911460.986,29.941389683914927
20241115,000016,上证50,49,98.0,68108237.38,25918988.44,38.0555853991475,137769806.452,31737564.237,23.03666169993321
20241115,399006,创业板,100,100.0,48092538.52,22391804.96,46.559831626870846,173742135.538,67133965.563,38.64000252737586
20241115,000688,科创50,48,96.0,9894082.89,3439687.63,34.76509817273221,51870087.24,15679274.862,30.22797087163719
20241115,STAR,科创板,84,96.6,4259892.28,1538108.43,36.10674469918755,16019574.539,4135990.742,25.81835573679464
20241115,000905,中证500,421,98.1,182705820.44,68279182.33,37.37110408719719,242973147.163,74157252.966,30.52076076384325
20241115,000852,中证1000,748,96.9,216717015.7,63999204.91,29.53123210158712,273257930.53,75955652.696,27.79632142740725
20241115,399330,深证100,98,98.0,88944733.41,34426780.8,38.70581144057869,226642482.023,70401086.824,31.062617297341284
20241118,000001,上证指数,427,98.6,187419828.29,85158133.67999999,45.437099402434846,205594669.46,74132171.731,36.05743861244563
20241118,399001,深证成指,399,95.0,121132533.79,42609981.85,35.176331673099725,203911248.632,79641686.846,39.05703455807379
20241118,000300,沪深300,285,99.0,324769805.77,126787080.73,39.03906042909354,480876926.778,126180825.692,26.23973384155572
20241118,000016,上证50,49,98.0,82725019.66,31104680.07,37.60008785472678,138868003.8,27710539.463,19.954589037593696
20241118,399006,创业板,100,100.0,43621579.47,18540322.49,42.50263909575028,149315909.233,53852426.048,36.06610060818502
20241118,000688,科创50,48,96.0,8797031.26,2788741.63,31.70094032381556,44564887.986,14691922.931,32.96748537910709
20241118,STAR,科创板,84,96.6,4094189.06,1483366.94,36.23103179314342,14449115.031,3400062.972,23.53128869626479
20241118,000905,中证500,421,98.1,217824028.0,90017790.19,41.32592304738759,238044159.565,66484191.747,27.92935221283844
20241118,000852,中证1000,748,96.9,233706774.72,66434621.44,28.42648507712032,262982580.106,67088261.629,25.510534424735976
20241118,399330,深证100,98,98.0,86786428.49,33489420.34,38.58831492744149,201530460.263,55830665.068,27.703338242338265
20241119,000001,上证指数,427,98.6,145502477.06,63705374.69,43.78301729099099,167518579.608,60498766.135,36.11466040159215
20241119,399001,深证成指,399,95.0,104876367.4,40045406.93,38.18344201155083,183398400.189,78699907.909,42.91199259529872
20241119,000300,沪深300,285,99.0,252208427.94,101697372.44,40.32274943016324,405700187.266,117232310.475,28.89629193050776
20241119,000016,上证50,49,98.0,63240125.45,23299378.4,36.842713758405424,119451907.567,26245550.492,21.97164618512182
20241119,399006,创业板,100,100.0,39090832.74,17794758.57,45.52156432265351,138159440.449,53494794.38,38.719608451039576
20241119,000688,科创50,48,96.0,7731593.08,2396071.58,30.990658137430067,40580725.994,14712996.434,36.256119311851066
20241119,STAR,科创板,84,96.6,3496794.09,1310060.28,37.46461033397595,12757526.992,3607558.495,28.27788251800079
20241119,000905,中证500,421,98.1,187944511.29,82214541.53999999,43.74405029213237,218738598.34,70030934.686,32.0158102947822
20241119,000852,中证1000,748,96.9,202105970.24,62610009.54,30.978802588390074,233323066.171,66876739.19,28.662720873463385
20241119,399330,深证100,98,98.0,73186233.41,30044461.380000003,41.05206673458181,177868268.244,54499035.878,30.640111592719915
20241120,000001,上证指数,428,98.8,114790562.33,40867153.7,35.601492727699224,144409454.907,45920562.908,31.798861741824965
20241120,399001,深证成指,399,95.0,104438755.65,32733176.35,31.341982338143648,183232982.285,67429227.597,36.79972172920309
20241120,000300,沪深300,285,99.0,199920380.06,74365869.5,37.197743160392825,357053066.707,100828942.254,28.23920354022357
20241120,000016,上证50,49,98.0,43579631.42,13857751.64,31.798689407089064,97861841.769,22683586.018,23.17919385938386
20241120,399006,创业板,100,100.0,42362465.84,20010731.92,47.2369384624094,133886623.155,43729517.678,32.66160326366176
20241120,000688,科创50,48,96.0,7062956.06,2240624.51,31.723608230970648,38667565.053,12290322.968,31.78457953365869
20241120,STAR,科创板,85,97.7,4355847.73,2023874.07,46.46337970129181,15300536.805,5157493.965,33.707928229776904
20241120,000905,中证500,421,98.1,169923820.31,69487394.29,40.893262735754696,218420371.3,73673175.377,33.72999273763252
20241120,000852,中证1000,748,96.9,211418135.97,64841817.35,30.66994089816448,254832167.054,72806522.943,28.57038174759625
20241120,399330,深证100,98,98.0,61627640.06,21012275.49,34.095538088985194,159758450.18,41610105.619,26.04563675481194
20241121,000001,上证指数,428,98.8,99244016.64,32670735.64,32.91960235598945,132538391.91,42843244.287,32.32515776718692
20241121,399001,深证成指,399,95.0,96733259.32,32504621.73,33.60232246746961,173746305.498,70996459.814,40.86214070020455
20241121,000300,沪深300,285,99.0,176296017.16,64828623.97,36.77259702989424,335848115.336,103702524.182,30.87780441413243
20241121,000016,上证50,49,98.0,35241071.28,10347484.6,29.362003549172467,87510025.328,20404845.905,23.31715232457052
20241121,399006,创业板,100,100.0,41939848.28,22215927.48,52.97092953622864,135498128.258,53674593.643,39.612793426045705
20241121,000688,科创50,48,96.0,7521131.07,2127435.34,28.28610909981123,43894459.78,14687132.603,33.460105618367855
20241121,STAR,科创板,85,97.7,3929964.03,1731372.35,44.05567930859662,15314243.894,4903351.072,32.01823809219268
20241121,000905,中证500,421,98.1,160505012.76,69302384.18,43.17770703126045,214217746.269,82476239.459,38.501123690953214
20241121,000852,中证1000,748,96.9,210525014.91,73574140.58,34.947932724979566,257698816.527,84364662.345,32.7376987919387
20241121,399330,深证100,98,98.0,59350577.22,23734502.53,39.990348269101474,151984121.131,47758798.017,31.423544552943888
20241122,000001,上证指数,428,98.8,127504342.25,43493375.58,34.11128971178235,164442833.397,54440723.702,33.10616983263022
20241122,399001,深证成指,399,95.0,123168763.49,42500709.61,34.50607800690522,205610063.435,79820923.802,38.82150633508947
20241122,000300,沪深300,285,99.0,225455311.44,80722659.55,35.80428379993282,404521926.826,115098467.427,28.4529613339126
20241122,000016,上证50,49,98.0,47410967.76,12517786.75,26.402723549889416,112148893.582,22163386.457,19.76246554835138
20241122,399006,创业板,100,100.0,42591730.19,20093772.89,47.177639415826704,137571615.595,50888175.395,36.99031604368941
20241122,000688,科创50,48,96.0,8354359.25,2705391.96,32.382997654787225,46124535.413,14927935.533,32.364413862025856
20241122,STAR,科创板,85,97.7,4246312.41,1623564.9,38.234702095317566,16324459.182,4267013.875,26.138776344302904
20241122,000905,中证500,421,98.1,178864418.4,67498793.61,37.73740703366187,227814438.947,72790562.342,31.95168957615298
20241122,000852,中证1000,749,97.0,247566649.59,84873795.01,34.283210258959016,292184835.04,90119576.294,30.84334485794331
20241122,399330,深证100,98,98.0,70835262.86,26994967.9,38.10950480038919,172405335.48499998,48771250.586,28.288713019698463
20241125,000001,上证指数,427,98.6,111311351.31,41818166.43,37.56864501046008,140053314.821,49720415.053,35.50106266070668
20241125,399001,深证成指,399,95.0,100891699.8,35096895.17,34.7867022159141,170608647.667,67769992.041,39.7224835714517
20241125,000300,沪深300,285,99.0,198137322.53,69649735.18,35.15225414911637,356181892.988,101389440.128,28.46563571141891
20241125,000016,上证50,49,98.0,42866242.96,10995176.35,25.64996507918827,98829072.65,22275104.715,22.539020267736973
20241125,399006,创业板,100,100.0,36441320.42,16773619.53,46.02912116432031,118693809.384,42736014.417,36.005259784644544
20241125,000688,科创50,48,96.0,7044395.13,2309209.47,32.7808055537055,39655516.183,14295231.43,36.04853197227641
20241125,STAR,科创板,85,97.7,3366945.81,1234706.04,36.67139626461645,12539738.379,3535852.749,28.19718117023404
20241125,000905,中证500,420,97.9,148177376.77,57264559.36,38.64595298436528,181850433.981,55128124.307,30.315090868993945
20241125,000852,中证1000,749,97.0,207417992.54,77698540.25,37.45988440950514,243463348.196,85509150.72,35.121980927971514
20241125,399330,深证100,98,98.0,61514205.4,21656667.85,35.205962117491644,153789173.097,40414329.182,26.279047066928
20241126,000001,上证指数,428,98.8,94506191.57,38240003.01,40.46296054759114,114056918.797,39696832.796,34.80440574293695
20241126,399001,深证成指,399,95.0,83378096.04,28849456.33,34.60076171103702,133816339.12,48451240.067,36.20726765178599
20241126,000300,沪深300,285,99.0,156579525.3,58420059.77,37.31015256181773,269297714.236,77433928.352,28.754023617200293
20241126,000016,上证50,49,98.0,37731046.03,12378015.78,32.80591736088691,70753033.724,13923941.231,19.67963845241718
20241126,399006,创业板,100,100.0,28942695.77,13471441.35,46.54521975787607,93978610.552,35082935.149,37.330765950820265
20241126,000688,科创50,48,96.0,5527796.96,1722789.39,31.16593106560122,27014849.264,6872172.5940000005,25.438500606989727
20241126,STAR,科创板,86,98.9,2958067.24,1128704.89,38.1568368270087,11600430.451,3901316.398,33.63078994765829
20241126,000905,中证500,420,97.9,118347920.76,45547200.63,38.48584777620727,147293637.128,45278635.829,30.74038818774792
20241126,000852,中证1000,750,97.2,178596571.78,67663346.22,37.8861394402069,216602494.706,77303207.242,35.68897364128958
20241126,399330,深证100,98,98.0,44683941.54,15448781.08,34.57345199991057,114717461.656,32714079.083,28.51708764363945
20241127,000001,上证指数,428,98.8,108412168.91,41704779.95,38.46872576142431,131821399.122,45305309.253,34.368706108990835
20241127,399001,深证成指,398,94.8,95590833.19,33206014.74,34.73765593610682,162575543.122,64311694.34,39.55803751597446
20241127,000300,沪深300,285,99.0,181524910.07,63336645.11,34.89143450646856,329713803.49,99148297.628,30.071018131034087
20241127,000016,上证50,49,98.0,40201829.79,11947528.5,29.71886743068568,91193362.947,19694302.242,21.5962013084724
20241127,399006,创业板,100,100.0,34196588.79,15953959.89,46.65365890139711,115357539.494,46526856.939,40.33274040265046
20241127,000688,科创50,48,96.0,7583212.13,2558769.55,33.74255534639778,41723948.335,14315768.85,34.31067629328661
20241127,STAR,科创板,86,98.9,3696262.5,1423293.0,38.50627491959784,13111713.429,3573604.7090000003,27.255055018942333
20241127,000905,中证500,420,97.9,140947413.84,51683863.95,36.66889837983848,169038111.002,44944389.596,26.588317468519413
20241127,000852,中证1000,750,97.2,205929553.2,75582415.17,36.70304431564222,239159587.204,79777732.166,33.3575304668638
20241127,399330,深证100,98,98.0,59526278.43,23384960.16,39.285103616043415,147428303.899,47594972.597,32.28347022808206
20241128,000001,上证指数,428,98.8,97393348.91,35720485.71,36.67651447431884,120489756.998,40204678.131,33.36771451175501
20241128,399001,深证成指,398,94.8,100523867.77,37616287.67,37.420255014527086,161047435.897,63273140.164,39.288511370318965
20241128,000300,沪深300,285,99.0,166999387.15,60652013.85,36.31870444861091,302437824.15,93540839.813,30.92894880985739
20241128,000016,上证50,49,98.0,33676702.39,9413598.73,27.952851858783195,83830622.88599999,23881867.93,28.48823867440016
20241128,399006,创业板,100,100.0,29852609.59,13444688.66,45.03689575099555,103579596.601,39089866.164,37.73896350897992
20241128,000688,科创50,48,96.0,7161348.39,2903849.02,40.54891428065267,38537097.146,14156243.319,36.73406760599601
20241128,STAR,科创板,86,98.9,3317735.76,1247231.55,37.59285368766077,12234417.646,3439495.301,28.113273557606
20241128,000905,中证500,420,97.9,138688095.68,54162112.29,39.05318046544541,167918999.828,53710542.076,31.985982605313207
20241128,000852,中证1000,749,97.0,208788482.43,81816871.6,39.18648703595541,243862900.524,82338776.289,33.76437174825473
20241128,399330,深证100,98,98.0,49255569.23,17234253.49,34.98945146593325,128156316.628,38210872.644,29.81583245320236
20241129,000001,上证指数,428,98.8,116369702.49,45692743.58,39.26515459118452,149577185.061,54764269.631,36.61271577524757
20241129,399001,深证成指,398,94.8,117320524.25,43774070.68,37.311519838354286,198625099.932,82350006.8,41.46002032381245
20241129,000300,沪深300,285,99.0,201233123.79,69152152.58,34.3641997289496,392672990.971,131334375.654,33.44624628478698
20241129,000016,上证50,49,98.0,43444161.95,10827129.98,24.92194461585189,107069255.978,27194705.033,25.399172511843936
20241129,399006,创业板,100,100.0,43966084.72,23528503.94,53.51512214435819,151530242.376,67659991.919,44.65114742647325
20241129,000688,科创50,48,96.0,8821425.93,3490003.52,39.56280478568844,45773841.383,15874602.52,34.680511926394026
20241129,STAR,科创板,86,98.9,3959637.47,1577261.15,39.83347369424706,14697988.102,4431552.862,30.150744654616947
20241129,000905,中证500,420,97.9,172485351.94,69763142.19,40.44583577987973,205323738.203,61099566.59,29.757672992292743
20241129,000852,中证1000,751,97.3,226543450.13,77506600.6,34.21268659743793,270111765.781,81694829.418,30.24482446434272
20241129,399330,深证100,98,98.0,67041604.28,26985171.73,40.25138124275209,179943208.462,68969411.658,38.32843275803032
20241202,000001,上证指数,428,98.8,134876732.19,51995068.85,38.55006568275607,161151774.051,52842205.827,32.79033453908918
20241202,399001,深证成指,398,94.8,122954689.73,42593919.6,34.64196420122999,198232530.115,71964272.389,36.30295812057264
20241202,000300,沪深300,285,99.0,220195099.66,78705850.28,35.74368839339683,386857650.01,105314945.587,27.22317772035209
20241202,000016,上证50,49,98.0,43196103.49,10062779.84,23.29557304243786,100486957.561,21543239.889,21.438841827729043
20241202,399006,创业板,100,100.0,39909990.01,18512937.84,46.386726319303335,138638252.032,50068046.175,36.114164338600766
20241202,000688,科创50,48,96.0,9001341.26,3530410.73,39.22094083565498,42912620.475,13391185.378,31.20570412566957
20241202,STAR,科创板,86,98.9,4134419.48,1589564.54,38.44710358224221,15049560.786,4112046.529,27.323365694667125
20241202,000905,中证500,420,97.9,194870600.18,84414476.44,43.318220584340175,214660363.529,61638276.359,28.714325898676137
20241202,000852,中证1000,751,97.3,248350438.24,86164400.73,34.69468439058391,296480713.382,88047800.998,29.69764879260628
20241202,399330,深证100,98,98.0,66419548.68,24369942.36,36.69091832799246,170803014.445,49055382.455,28.72044302871261
20241203,000001,上证指数,428,98.8,130402562.23,50937039.0,39.06137895523772,152261311.173,50069540.496,32.88395463711117
20241203,399001,深证成指,398,94.8,110403348.94,38928355.55,35.26012201962829,172763263.496,60583515.906,35.06736020149486
20241203,000300,沪深300,285,99.0,223198222.38,92535066.5,41.458693314526926,344575958.598,101562301.986,29.474575765306888
20241203,000016,上证50,49,98.0,45399593.6,11912918.73,26.24014398666335,104044235.19,27615180.041,26.54176849930285
20241203,399006,创业板,100,100.0,33500263.79,14995039.21,44.76095861214112,115560531.354,41242174.493,35.688806558583245
20241203,000688,科创50,48,96.0,7823646.57,3177603.7800000003,40.61537994551817,36086536.76,11722420.11,32.48419261721362
20241203,STAR,科创板,86,98.9,3712797.58,1529955.8,41.20762759169866,12866652.333,3073789.271,23.889580533053174
20241203,000905,中证500,420,97.9,164096009.32,64898032.19,39.54881807237846,191580837.586,54829671.447,28.619601071734085
20241203,000852,中证1000,751,97.3,230559077.2,81941994.25,35.5405630717887,276283754.698,83405571.238,30.18837330090902
20241203,399330,深证100,98,98.0,54030294.45,19086861.15,35.326220862377696,135862218.634,41619089.671,30.63330636688475
20241204,000001,上证指数,428,98.8,127948095.66,54455230.13,42.56040689711036,146909976.202,50563007.298,34.41768122572989
20241204,399001,深证成指,398,94.8,100166575.56,31350150.31,31.298015465469504,158932556.779,53284376.39,33.526407345282536
20241204,000300,沪深300,285,99.0,195847448.5,74865117.97,38.22624116034884,317423859.376,82661827.965,26.04146648821508
20241204,000016,上证50,49,98.0,47729680.66,13131383.64,27.511987213031563,99138387.474,20196582.79,20.3721114540992
20241204,399006,创业板,100,100.0,31713926.61,14324623.85,45.16824430527368,113970311.466,41247917.93,36.19180942776068
20241204,000688,科创50,48,96.0,9106266.46,3859117.53,42.37870203943055,41820554.247,14994182.378,35.85361946530302
20241204,STAR,科创板,86,98.9,3549864.56,1397158.28,39.35807286123615,12821208.13,3412537.234,26.616346910515364
20241204,000905,中证500,420,97.9,173403723.97,75636840.13,43.61892489868654,203326591.614,69096263.889,33.98289586252151
20241204,000852,中证1000,751,97.3,212381534.87,72377931.37,34.07920157197422,263454441.074,81436366.972,30.91098659791652
20241204,399330,深证100,98,98.0,49154579.72,17856557.4,36.32735240890388,123560931.088,35473458.509,28.709283910895618
20241205,000001,上证指数,428,98.8,102542101.85,40394873.24,39.39345157864053,120197832.167,37317065.657,31.04637162270328
20241205,399001,深证成指,398,94.8,88321234.63,29885471.77,33.83724411824382,144218942.969,51336426.521,35.59617444432026
20241205,000300,沪深300,285,99.0,156468157.41,57457812.7,36.72172897737967,275245676.571,83362616.022,30.286621414195587
20241205,000016,上证50,49,98.0,34218297.09,9294148.45,27.161341271761103,73770646.577,15842724.472,21.475648116305653
20241205,399006,创业板,100,100.0,35023395.08,18776747.44,53.61201390416432,114565008.036,44897476.137,39.18951947604435
20241205,000688,科创50,48,96.0,6096085.51,2458265.48,40.32531164412752,29910860.305,9403749.099,31.439246491442564
20241205,STAR,科创板,86,98.9,2933743.91,910284.18,31.02807224915552,11767439.403,2879783.207,24.472471099072123
20241205,000905,中证500,421,98.1,153071721.13,72367916.21,47.27712975053029,178993576.989,64968422.524,36.29651053232632
20241205,000852,中证1000,752,97.4,203847035.37,76516127.81,37.5360513196165,252925750.884,84469114.358,33.396802841455354
20241205,399330,深证100,98,98.0,43352824.71,15254771.01,35.187490347039024,119765912.111,39203296.65,32.73326772117435
20241206,000001,上证指数,428,98.8,132747315.89,51392100.56,38.71422952354506,157123056.224,53269458.685,33.90301841446951
20241206,399001,深证成指,398,94.8,110851820.37,38641384.61,34.85859274211574,181431665.446,68757996.06199999,37.89746177602312
20241206,000300,沪深300,285,99.0,207752263.82,77071192.16,37.09764252040871,358474153.417,104574056.117,29.171993327885144
20241206,000016,上证50,49,98.0,44514945.52,11543910.7,25.932662761124725,98981517.13,18072530.971,18.25849056977372
20241206,399006,创业板,100,100.0,42344120.46,21088393.42,49.80241221427887,143842894.523,57628479.246,40.06348692933553
20241206,000688,科创50,48,96.0,8124907.65,3251755.9,40.02206597388218,35379136.152,10638341.42,30.069534129647224
20241206,STAR,科创板,86,98.9,4419447.44,2161585.76,48.91076971378122,13304168.324,3104091.236,23.33171950628727
20241206,000905,中证500,421,98.1,216513958.68,106416974.54,49.15016804864787,216845274.325,70805777.866,32.65267278081367
20241206,000852,中证1000,752,97.4,236607576.99,81031354.16,34.247150996108935,286366443.026,91252436.259,31.865617805894576
20241206,399330,深证100,98,98.0,60442547.95,23467724.15,38.826497138097565,157079231.755,54241324.215,34.531187610849415
20241209,000001,上证指数,429,99.1,124919610.08,47817908.88,38.27894503463215,143044151.298,43327106.662,30.28932414841472
20241209,399001,深证成指,398,94.8,101665556.32,35318057.85,34.73945270002139,157915771.746,51319330.845,32.49791346208578
20241209,000300,沪深300,285,99.0,188428176.07,68920269.3,36.57641374950024,314130172.045,83167656.407,26.47553906254061
20241209,000016,上证50,49,98.0,45626696.56,14961936.09,32.79206521191987,93659005.725,21629747.581,23.094146060560263
20241209,399006,创业板,100,100.0,33351332.69,14542830.23,43.60494486135031,116459018.988,38138618.623,32.74853159026681
20241209,000688,科创50,48,96.0,6809434.8100000005,2752225.72,40.417829038589474,31925216.447,10629992.488,33.29654007404199
20241209,STAR,科创板,86,98.9,3907617.89,1744224.07,44.63650538768518,12630869.908,3200447.328,25.338296976465063
20241209,000905,中证500,422,98.4,224480054.54,126601696.99,56.39774867723979,197283944.522,64527453.537,32.70790924894765
20241209,000852,中证1000,752,97.4,212970412.15,68989942.74,32.39414435250695,259865537.644,75969109.596,29.23400705024345
20241209,399330,深证100,98,98.0,53355395.0,18968123.99,35.550526783655144,131760676.649,38038238.464,28.869188768156416
20241210,000001,上证指数,429,99.1,159913493.0,56180603.46,35.1318718677479,210975547.491,73760426.071,34.96159955415996
20241210,399001,深证成指,398,94.8,145918786.95,54495225.07,37.346270627011954,253466135.998,102054343.687,40.26350237485187
20241210,000300,沪深300,285,99.0,267421508.73,94829110.69,35.46053985722721,500788209.611,142739267.067,28.502920861071463
20241210,000016,上证50,49,98.0,60042069.57,16245897.24,27.057523760169083,147227191.568,33600743.101,22.82237590973865
20241210,399006,创业板,100,100.0,54143036.82,25423861.06,46.95684348944504,188822750.235,73860257.75,39.116185765791975
20241210,000688,科创50,48,96.0,9025364.89,3389041.25,37.550185408625616,46811668.735,14758103.756,31.52654915923924
20241210,STAR,科创板,86,98.9,4951444.7700000005,1995232.57,40.2959673929676,17839161.816,4647203.268999999,26.050569622794207
20241210,000905,中证500,422,98.4,257547992.15,121753947.07,47.27427538984214,269808329.429,76774581.647,28.45523035166459
20241210,000852,中证1000,752,97.4,270926171.85,79800019.95,29.45452608180718,341198267.96,92950069.166,27.2422453143569
20241210,399330,深证100,98,98.0,90777532.92,38032968.25,41.89689565976365,231663552.123,76583146.833,33.057917886167424
20241211,000001,上证指数,429,99.1,133231725.91,51856136.24,38.921762730169526,157661508.966,49472689.746,31.37905381627984
20241211,399001,深证成指,399,95.0,101998716.91,34889992.17,34.20630496831218,165285841.225,55440865.706,33.542416758208326
20241211,000300,沪深300,285,99.0,187708636.67,69366064.29,36.95411437671277,323983856.416,82177902.9,25.36481410187376
20241211,000016,上证50,49,98.0,41871433.38,11679693.36,27.894180870289564,89437877.094,17353085.894,19.40239019287293
20241211,399006,创业板,100,100.0,35560572.05,14045574.61,39.49760591660673,128344231.362,40896606.511,31.864779645334817
20241211,000688,科创50,48,96.0,8466855.32,3782326.59,44.6721533207916,39198534.749,10193286.625,26.004254215803417
20241211,STAR,科创板,86,98.9,5067592.91,2710998.04,53.496760457027314,16571876.539,5745992.213,34.67315363759481
20241211,000905,中证500,422,98.4,200151696.8,93520199.82,46.72466000298229,213426454.761,63506343.581,29.75561003068524
20241211,000852,中证1000,752,97.4,241545054.01,82397085.06,34.11251180352828,296343370.602,90887032.685,30.66950089025768
20241211,399330,深证100,98,98.0,65208971.42,30611232.29,46.94328345226948,147917052.924,40993331.672,27.713729324408888
20241212,000001,上证指数,429,99.1,127984796.7,43148551.83,33.71381050136871,164850455.086,49512430.051,30.034754848065244
20241212,399001,深证成指,399,95.0,104170692.68,33576587.74,32.23227846160464,173535685.412,57946892.685,33.391917372744
20241212,000300,沪深300,285,99.0,192690116.43,64754637.31,33.60558315585632,347957720.505,87423766.309,25.12482441318435
20241212,000016,上证50,49,98.0,41276332.41,10637542.45,25.771530145500147,96997435.285,17970419.036,18.52669504425444
20241212,399006,创业板,100,100.0,37287093.88,15160705.06,40.6593903745657,134734632.146,43226328.712,32.08256706053084
20241212,000688,科创50,48,96.0,8094012.19,3484297.74,43.04784398897724,38429961.867,10699222.754,27.840836249144125
20241212,STAR,科创板,86,98.9,4258730.7,1788397.7999999998,41.99368135674791,17759778.558,6620179.388,37.27624962428319
20241212,000905,中证500,422,98.4,186415218.01,78212084.42999999,41.95584741681573,216824685.189,60299324.13,27.81017487812274
20241212,000852,中证1000,753,97.5,246168019.67,79632589.32,32.34887676585744,306969113.117,91258064.759,29.728744964714863
20241212,399330,深证100,98,98.0,62884646.86,25583388.76,40.68304433188002,154340420.253,41735451.499,27.041167459947204
20241213,000001,上证指数,429,99.1,158994339.98,55856617.82,35.13119890118494,195847255.169,62194904.409,31.75684252267459
20241213,399001,深证成指,399,95.0,125012444.24,45189198.34,36.14776002079071,205803615.666,72871586.034,35.40831185019789
20241213,000300,沪深300,285,99.0,241722900.74,79836841.81,33.02824910903806,434726893.635,108914756.511,25.053604482644605
20241213,000016,上证50,49,98.0,60010133.29,14309053.08,23.84439476388305,137471092.714,25834537.658,18.792705541191225
20241213,399006,创业板,100,100.0,48409808.0,21609515.61,44.638713729250895,165508366.11699998,56135216.775,33.9168454695017
20241213,000688,科创50,48,96.0,15323367.23,7562731.869999999,49.35424281416245,62502768.453,18218305.75,29.14799808219625
20241213,STAR,科创板,86,98.9,4831653.39,2078208.09,43.01235875696787,18523691.894,5981388.047,32.290474713290976
20241213,000905,中证500,422,98.4,223169640.88,91199354.78,40.86548440029018,264211092.059,77262780.249,29.2428223383395
20241213,000852,中证1000,753,97.5,254590721.63,80098284.85,31.46158836314855,314754374.859,89663435.229,28.486795543085424
20241213,399330,深证100,98,98.0,76586635.13,30977779.78,40.44802298392868,182575465.578,51152503.556,28.01718368569439
20241216,000001,上证指数,429,99.1,126071516.71,44166032.64,35.03252264474165,150944556.124,46084478.99,30.530732722909125
20241216,399001,深证成指,399,95.0,101074033.25,36540080.59,36.1517982562549,165381102.711,58895296.102,35.61186564641445
20241216,000300,沪深300,285,99.0,184430541.04,58501603.07,31.720127664382847,325821671.83,77127652.437,23.67173797979957
20241216,000016,上证50,49,98.0,50372778.49,15107789.04,29.99197084790389,103287844.411,18679277.063,18.084680893011924
20241216,399006,创业板,100,100.0,35072492.77,14905242.09,42.49838238686448,116575715.106,35082053.068,30.093791864026382
20241216,000688,科创50,48,96.0,8552438.59,3200330.67,37.420095290038205,40931899.432,11852352.761,28.95627353108855
20241216,STAR,科创板,86,98.9,3393493.48,1243602.78,36.64668246246343,14138703.393,4738954.391000001,33.51760242276695
20241216,000905,中证500,422,98.4,168297841.82,68826664.68,40.89575002014129,201436260.272,64360407.593,31.95075579048873
20241216,000852,中证1000,753,97.5,211853562.71,74149964.46,35.00057469484318,267379946.127,86201582.465,32.239359650426444
20241216,399330,深证100,98,98.0,53436595.59,18939499.43,35.44293797328716,131762689.734,33849444.902,25.68970394451921
20241217,000001,上证指数,429,99.1,111587838.79,38214992.03,34.24655629536635,133617149.537,42120019.032,31.522913920818613
20241217,399001,深证成指,399,95.0,90239912.89,31243492.86,34.622698381906645,156917194.365,66983150.721,42.68694134639743
20241217,000300,沪深300,285,99.0,163674641.86,53097199.93,32.44070023713079,306301306.703,90239629.891,29.461065923071416
20241217,000016,上证50,49,98.0,41576493.69,11683507.6,28.10123356508566,88053857.053,15719611.389,17.85226895800634
20241217,399006,创业板,100,100.0,29248726.18,11773016.14,40.25138075260958,103616994.501,35398328.406,34.16266663250725
20241217,000688,科创50,48,96.0,5676989.19,1968015.99,34.66654460900955,28727425.606,8790065.465,30.598166315202675
20241217,STAR,科创板,86,98.9,3075293.33,1134588.41,36.89366470937587,11728753.454,3674939.603,31.332738107362047
20241217,000905,中证500,422,98.4,159026680.53,69570450.23,43.747659196643866,178862391.865,60905186.356,34.051421162906855
20241217,000852,中证1000,751,97.3,190148984.08,65676251.42,34.539364876316405,228107372.512,70206034.597,30.77762626602816
20241217,399330,深证100,98,98.0,53478696.32,22024835.81,41.18431698149519,142174005.57,47263509.786,33.243425615331354
20241218,000001,上证指数,429,99.1,110275497.14,42158957.45,38.23057573386153,123253958.276,38983009.257,31.62820066979607
20241218,399001,深证成指,399,95.0,78427635.07000001,27113975.64,34.57196639398806,132107246.218,52892453.977,40.037511560659
20241218,000300,沪深300,285,99.0,158815949.44,52646574.03,33.149424988886054,276285369.227,75507284.372,27.329454535814428
20241218,000016,上证50,49,98.0,41915209.23,13551612.43,32.33101463394508,87704935.728,17340715.098,19.771652477779465
20241218,399006,创业板,100,100.0,25179096.1,10339215.8,41.06269644842413,86758767.40799999,22730327.801,26.199459121066354
20241218,000688,科创50,48,96.0,5722465.83,1691791.98,29.56403813074407,35288704.475,12068246.303,34.19860967565316
20241218,STAR,科创板,86,98.9,2688565.5,1010102.73,37.570322538171375,11082249.391,4108086.405,37.069066577189794
20241218,000905,中证500,422,98.4,151336109.55,69109803.66,45.66643338823691,167666869.79,58022014.41,34.60553327122503
20241218,000852,中证1000,751,97.3,175094361.14000002,64183753.72,36.65666518448339,220964345.106,78020744.304,35.3092007973378
20241218,399330,深证100,98,98.0,49526248.71,20943656.76,42.28799334800256,118993219.13,34875020.722,29.308410157304067
20241219,000001,上证指数,429,99.1,104759891.6,39600865.98,37.80155303253483,118049599.084,36121882.218,30.59890291732115
20241219,399001,深证成指,399,95.0,87360203.7,32500485.79,37.20285028364695,169371764.803,81469247.463,48.10084346570909
20241219,000300,沪深300,285,99.0,160598937.64,51347137.03,31.97227689332553,326921658.838,109055788.732,33.35838595693673
20241219,000016,上证50,49,98.0,40191461.79,12717382.61,31.642000672800112,96511821.651,25689851.687,26.618347107671465
20241219,399006,创业板,100,100.0,31125694.3,14376855.48,46.18966999235741,100799235.543,26098727.514,25.89179111667621
20241219,000688,科创50,48,96.0,6824932.93,2064999.1,30.25669440534708,43107400.812,15327330.031,35.55614521470583
20241219,STAR,科创板,86,98.9,3008993.49,1253049.11,41.6434636420566,12215184.425,5004173.706,40.96682892284698
20241219,000905,中证500,422,98.4,166903133.38,84315261.4,50.51748262151171,184595457.323,67608033.339,36.62497133973419
20241219,000852,中证1000,751,97.3,181604341.29,66226319.31,36.46736572461373,227739694.761,75627266.8,33.20776682315596
20241219,399330,深证100,98,98.0,62320083.87,25765937.83,41.3445172566646,159638581.805,53210075.978,33.331589003337925
20241220,000001,上证指数,429,99.1,100605053.55,35438713.95,35.225580325731066,123270390.072,37600240.436,30.50224828041704
20241220,399001,深证成指,399,95.0,88151653.98,30096822.44,34.1420961276897,172805608.718,76293755.708,44.15004598172686
20241220,000300,沪深300,285,99.0,158188819.57,47403229.15,29.966232303177176,342578238.564,113251223.782,33.05849906191358
20241220,000016,上证50,49,98.0,41017910.39,12341202.29,30.087350068931684,106465458.783,29948698.814,28.12996736814146
20241220,399006,创业板,100,100.0,31292487.05,12330799.96,39.40498542125305,120141870.596,33335788.668,27.747019837986343
20241220,000688,科创50,48,96.0,9646548.72,3412172.7,35.37195321395733,61749696.298,26779095.477,43.367169528682105
20241220,STAR,科创板,86,98.9,3760840.61,1534379.91,40.79885507298859,15797174.861,5889763.679,37.28365186069203
20241220,000905,中证500,422,98.4,147800485.33,66402781.04,44.92730919776066,193032736.032,66541112.468,34.471413417136226
20241220,000852,中证1000,751,97.3,181739985.85,62729654.25,34.516154470141885,249045533.189,79501666.456,31.92254261218425
20241220,399330,深证100,98,98.0,57342198.14,21055217.68,36.71853951010745,157791828.72,50194640.375,31.81067155516011
20241223,000001,上证指数,429,99.1,118213690.21,45027377.77,38.08981657709135,133147056.908,41489699.407,31.160808485363624
20241223,399001,深证成指,399,95.0,94617777.28,31589574.09,33.386510440334874,168036880.079,66703920.417,39.69600029805371
20241223,000300,沪深300,285,99.0,189216771.36,57950436.34,30.626479842922947,354357474.886,103025767.657,29.073964840206724
20241223,000016,上证50,49,98.0,52607099.22,15990107.37,30.39534132671001,117124927.28,27969870.469,23.88037381840584
20241223,399006,创业板,100,100.0,30252746.22,11267146.08,37.24338279263826,115139080.023,32432585.591,28.16818198002044
20241223,000688,科创50,48,96.0,9006040.1,3504469.06,38.91243011454057,57525992.765,27812414.677,48.34756140692221
20241223,STAR,科创板,86,98.9,3652330.84,1551726.5,42.48592386553897,13640517.7,4700599.127,34.460562497565626
20241223,000905,中证500,421,98.1,146162020.58,55151063.33,37.73282766011963,193083701.415,66717637.033,34.553738375670555
20241223,000852,中证1000,751,97.3,192515236.98,64915672.05,33.71975801413784,242094784.585,71883513.96,29.692301750003843
20241223,399330,深证100,98,98.0,65043100.86,25315311.17,38.92082455368964,154300799.314,39315834.219,25.479993878056856
20241224,000001,上证指数,429,99.1,102503772.39,37955983.15,37.02886466030482,119064329.126,38764476.084,32.55758997556475
20241224,399001,深证成指,399,95.0,83734940.57,28583076.04,34.135184004943994,153528791.722,62959513.669,41.00827796717309
20241224,000300,沪深300,285,99.0,160032317.0,45640539.96,28.519577055176924,308102918.174,88089789.622,28.59102735672617
20241224,000016,上证50,49,98.0,43221809.73,12101372.92,27.9983022358282,94595793.669,19513918.29,20.62873784671771
20241224,399006,创业板,100,100.0,25676501.75,9113951.53,35.49530079579474,100749196.089,29263171.609,29.045563384098315
20241224,000688,科创50,48,96.0,6928845.15,2356515.11,34.01021467480767,42170180.068,17986843.003,42.65299074842925
20241224,STAR,科创板,86,98.9,2926552.7,1213965.62,41.481078403269485,11232122.592,3887149.886,34.60743821269005
20241224,000905,中证500,421,98.1,132989678.46,54873442.83,41.26142980825732,166019197.806,55063445.193,33.16691438139812
20241224,000852,中证1000,752,97.4,162562006.38,54475312.76,33.510482537143496,207589608.421,64641261.015,31.13896765193802
20241224,399330,深证100,98,98.0,53884285.47,19435464.67,36.06889188652352,139906882.081,38648741.36,27.624617735119035
20241225,000001,上证指数,429,99.1,100724488.75,40934530.59,40.64009765450411,114567334.286,38535763.161,33.635908002189616
20241225,399001,深证成指,399,95.0,80775119.21,28966606.09,35.86080264975198,143307068.014,59282776.887,41.3676573727742
20241225,000300,沪深300,285,99.0,161765713.35,52855277.57,32.673968095848046,303792367.73,92452312.503,30.43273048425245
20241225,000016,上证50,49,98.0,48562833.58,18780590.78,38.67276556064586,99725475.964,25588293.259,25.65873264745023
20241225,399006,创业板,100,100.0,26200211.52,9832821.29,37.52954926525723,95449397.784,24416808.691,25.58089339259608
20241225,000688,科创50,48,96.0,7053557.77,2366293.51,33.547517255253155,45453324.521,21281054.66,46.81957785105001
20241225,STAR,科创板,86,98.9,3265140.36,1422815.46,43.57593558397594,12803782.847,4661007.7020000005,36.40336420647825
20241225,000905,中证500,421,98.1,121215322.82,48746813.29,40.21505875324616,154891519.619,50823986.32,32.812633283614325
20241225,000852,中证1000,752,97.4,161168946.38,54792210.91,33.996754424895435,199639154.109,58922405.318,29.514453505362603
20241225,399330,深证100,98,98.0,47545610.14,16303281.34,34.28977205675628,124565489.268,37963856.045,30.47702559359886
20241226,000001,上证指数,429,99.1,93658737.22,35378687.25,37.77403827994939,114866381.622,37521373.742,32.6652352169276
20241226,399001,深证成指,399,95.0,75818467.47,25227642.84,33.2737440914143,154136507.609,70234429.155,45.56638154353709
20241226,000300,沪深300,285,99.0,144549725.3,42190737.67,29.18769826953105,313259445.992,95591498.392,30.515120809618367
20241226,000016,上证50,49,98.0,40812530.13,13627379.12,33.39018452566592,97451757.626,21245098.573,21.800631502752736
20241226,399006,创业板,100,100.0,27313636.85,9767862.17,35.76185120876716,108251798.666,27685514.838,25.57510838542357
20241226,000688,科创50,48,96.0,7388011.07,2236185.18,30.267756217641946,48672864.036,20491928.156,42.101340370773165
20241226,STAR,科创板,86,98.9,3397968.28,1281354.55,37.70943235526613,15274250.47,6179994.799,40.46021643509162
20241226,000905,中证500,421,98.1,111135166.53,41603432.59,37.43498470285686,162008250.184,52512879.302,32.41370685897711
20241226,000852,中证1000,752,97.4,152367777.09,50537399.81,33.16803642816733,207056496.544,63547913.115,30.69109840825299
20241226,399330,深证100,98,98.0,48997016.73,15684991.03,32.01213477227147,143870730.493,40820254.547,28.372869455185047
20241227,000001,上证指数,429,99.1,106669919.74,41693431.6,39.08640008507051,128328805.96,42990344.799,33.50015179943314
20241227,399001,深证成指,399,95.0,87249116.56,30915968.29,35.43413332871917,167694706.054,74666431.293,44.52521671671399
20241227,000300,沪深300,285,99.0,175088919.18,54866024.3,31.33609171668656,358891884.526,108424893.61,30.21101849466455
20241227,000016,上证50,49,98.0,44520294.69,13231624.32,29.720432921959173,108985230.965,25477972.061,23.377453839761195
20241227,399006,创业板,100,100.0,32328793.27,12767551.12,39.49281686257014,126217096.766,38486566.704,30.492356178459808
20241227,000688,科创50,48,96.0,8567381.8,2656532.09,31.007513754085288,54068729.016,22312826.219,41.26752491703142
20241227,STAR,科创板,86,98.9,3509031.23,1198551.5799999998,34.15619586833942,14509772.744,4533873.807,31.24703527058908
20241227,000905,中证500,421,98.1,139696337.36,52145818.05,37.32797798099693,185616875.859,54045485.121,29.116687192846907
20241227,000852,中证1000,752,97.4,171321974.69,55345915.26,32.305205073748496,224172154.826,63804300.132,28.462187991869108
20241227,399330,深证100,98,98.0,58510036.82,21137296.32,36.12593235076347,162861372.947,48988405.14,30.07981834706889
20241230,000001,上证指数,429,99.1,101051463.49,37324785.26,36.936412369419706,125414806.517,40488240.429,32.28346122234922
20241230,399001,深证成指,399,95.0,80000081.46,27880038.13,34.850012176475104,155452017.822,69032480.624,44.4075809315293
20241230,000300,沪深300,286,99.3,172031927.36,55121350.92,32.04134939710996,334782882.625,95901714.793,28.645943317365568
20241230,000016,上证50,49,98.0,43333067.69,12442328.2,28.713241095717123,98275441.288,19130033.627,19.46573159711254
20241230,399006,创业板,100,100.0,28943299.3,12487887.59,43.14604033410939,107867797.932,34453885.872,31.94084474934751
20241230,000688,科创50,48,96.0,6968408.09,2220888.02,31.87080881768508,44980188.48,19130033.627,42.52990988578445
20241230,STAR,科创板,86,98.9,3377997.0,1212172.58,35.88435928155057,14031578.802,4482386.988,31.94499386883749
20241230,000905,中证500,421,98.1,124875973.17,45842087.47,36.71009426896945,161075294.817,45782560.455,28.423080340789834
20241230,000852,中证1000,752,97.4,153907006.7,48600384.99,31.577759864262244,198327221.397,58466396.848,29.47976401634011
20241230,399330,深证100,99,99.0,61874474.45,26780594.94,43.28213722710658,151790600.431,44223541.53,29.13457184070028
20241231,000001,上证指数,429,99.1,107815990.16,39809497.96,36.9235564232377,134933044.141,46566634.606,34.510919769466994
20241231,399001,深证成指,399,95.0,89633394.19,31325364.52,34.94831898655784,163964960.36,72019179.069,43.92351811684358
20241231,000300,沪深300,286,99.3,191345767.94,61256085.22,32.01329503101839,356479429.867,96323278.504,27.020711556887743
20241231,000016,上证50,49,98.0,48062004.95,14339619.69,29.83566687431753,105301528.855,20383525.57,19.357293091221948
20241231,399006,创业板,100,100.0,32722376.26,14468778.52,44.21677204930471,115958437.153,38350239.855,33.07240145397892
20241231,000688,科创50,48,96.0,7393757.01,2247511.53,30.397422135461817,41983125.902,16537715.986,39.39134028419778
20241231,STAR,科创板,86,98.9,3269622.62,1183081.65,36.18404285446251,12559921.698,3675824.327,29.266299706194232
20241231,000905,中证500,421,98.1,147298601.17,54347254.55,36.89597465170552,178394186.154,49015880.438,27.476164719676856
20241231,000852,中证1000,754,97.7,180173525.23,57826026.96,32.09463037712247,218048620.315,62191032.988,28.521635632528582
20241231,399330,深证100,99,99.0,67252823.67,26386801.45,39.2352320840479,160728493.206,46135054.115,28.703718422763004
20250102,000001,上证指数,429,99.1,131377907.59,49200360.69,37.44949329193377,155497056.46,54423449.454,34.99966539109367
20250102,399001,深证成指,399,95.0,100863254.24,36630997.76,36.31748552633255,179483322.567,79337274.957,44.2031459092161
20250102,000300,沪深300,286,99.3,221570368.0,71018058.8,32.05214643142173,389430866.841,110203091.339,28.29849935444244
20250102,000016,上证50,49,98.0,58386098.69,18036134.45,30.891145075067527,121212033.541,23152681.181,19.100975789807705
20250102,399006,创业板,100,100.0,35543605.95,16079889.38,45.23989322473343,117208692.577,40282565.894,34.36824096262012
20250102,000688,科创50,48,96.0,7595707.87,2332113.52,30.703043875751373,44296857.902,18340896.262,41.40450842490097
20250102,STAR,科创板,86,98.9,3361630.27,1137251.9,33.83036826355089,12404151.74,3241698.938,26.13398324970829
20250102,000905,中证500,421,98.1,153915946.87,51919784.71,33.73255712993295,181384280.235,44730582.34,24.660671962337315
20250102,000852,中证1000,753,97.5,183769061.49,55123210.25,29.9959143302256,216320831.662,60074852.726,27.77118239812733
20250102,399330,深证100,99,99.0,74816507.75,29672577.16,39.66046806027244,172502628.062,52572482.348,30.476337049835937
20250103,000001,上证指数,429,99.1,114783023.21,42841141.15,37.32358666979913,129052225.145,41520158.581,32.173144271126624
20250103,399001,深证成指,399,95.0,91838819.0,30292283.32,32.984182124554536,151184786.621,58786911.107,38.88414464239112
20250103,000300,沪深300,286,99.3,182901073.52,60203408.64,32.91583120938699,305769651.662,80618630.52,26.36580513527105
20250103,000016,上证50,49,98.0,49483018.56,14292999.25,28.884655111872785,93875049.493,15348300.699,16.349712497509238
20250103,399006,创业板,100,100.0,30037116.45,12823593.29,42.692491176196114,95182106.512,30958694.046,32.52575003905478
20250103,000688,科创50,48,96.0,6193424.03,1926415.91,31.10421473919331,34089250.893,12358525.47,36.25343809634063
20250103,STAR,科创板,86,98.9,3093991.68,1093237.62,35.33421330984316,11482487.028,3195000.355,27.82498553849009
20250103,000905,中证500,421,98.1,139692207.74,49045486.79,35.10967976201304,158932370.164,39449738.117,24.821713837333697
20250103,000852,中证1000,754,97.7,180868212.32,57431814.12,31.753403974817367,208793395.91,62141904.269,29.762389752876167
20250103,399330,深证100,99,99.0,61637348.1,22732697.16,36.88136797046919,136785526.729,38091110.248,27.847325048845445
20250106,000001,上证指数,429,99.1,98916908.71,37771055.18,38.184629577068,113403615.345,38104192.145,33.60050914521398
20250106,399001,深证成指,399,95.0,77831334.78,24665139.17,31.690500027680496,129749810.291,49715427.97,38.316378157701614
20250106,000300,沪深300,286,99.3,154502968.26,47773991.6,30.921083353949022,259457245.253,65297171.862,25.16683309357112
20250106,000016,上证50,49,98.0,42496668.26,12866399.39,30.27625439077186,81577582.548,14739981.235,18.068666384330573
20250106,399006,创业板,100,100.0,22539302.79,7988945.76,35.44451145820025,75514923.53,22935117.584,30.37163584610995
20250106,000688,科创50,48,96.0,5115753.96,1368194.92,26.74473656665068,29630928.97,11066951.226,37.34932251771383
20250106,STAR,科创板,86,98.9,2611668.9,829926.74,31.777639960409992,10115443.178,2913721.426,28.80468383567248
20250106,000905,中证500,421,98.1,119126141.66,42001309.1,35.25784392470015,134689011.409,33548426.184,24.908064758249665
20250106,000852,中证1000,755,97.8,148711500.33,45146599.47,30.358512535894604,171957174.126,48534580.43,28.22480694782571
20250106,399330,深证100,99,99.0,49845164.72,16728565.95,33.56106062437745,113463528.913,28639353.453,25.241021257993555
20250107,000001,上证指数,429,99.1,93479268.61,37158765.9,39.75080940676607,104677232.191,32627668.988,31.169785735703933
20250107,399001,深证成指,399,95.0,73412201.38,23517069.91,32.034279680934425,131441406.758,55009711.85,41.85112835202664
20250107,000300,沪深300,286,99.3,148100148.84,50750341.72,34.26758319792651,269810831.604,80190823.071,29.72112816756581
20250107,000016,上证50,49,98.0,38190515.02,11449378.74,29.979639536162505,81772179.318,16941151.492,20.71750029569146
20250107,399006,创业板,100,100.0,24576706.85,8989779.54,36.578454529598616,88422587.628,30081565.588,34.02022763069912
20250107,000688,科创50,48,96.0,5767790.2,1645194.74,28.523831189282856,36588309.669,16941151.492,46.30208841364882
20250107,STAR,科创板,86,98.9,2741226.31,945403.85,34.48835459338635,10757179.09,3319519.491,30.858642988345004
20250107,000905,中证500,422,98.4,120803366.5,47008925.61,38.91358905962277,140538466.49,39926543.901,28.409690882631743
20250107,000852,中证1000,755,97.8,146768322.42,50430651.55,34.36071947847505,174961078.67,56850942.347,32.49347956652033
20250107,399330,深证100,99,99.0,59587387.5,26986096.02,45.288268461173935,130816372.619,37987334.22,29.03866959423904
20250108,000001,上证指数,428,98.8,107206687.28,42155419.54,39.32163245553837,123105628.916,40749333.463,33.10111310247636
20250108,399001,深证成指,399,95.0,83893751.77,25568721.33,30.477503736033,147117975.607,59766834.059,40.62510635590628
20250108,000300,沪深300,286,99.3,169454623.98,53363491.81,31.4913164106388,301757359.468,83352942.709,27.62250533208261
20250108,000016,上证50,49,98.0,44596589.37,12325626.39,27.638047133468497,95261614.338,18803745.682,19.739058394792664
20250108,399006,创业板,100,100.0,29164645.31,11764828.8,40.3393515503035,96579994.061,29890815.397,30.949282703538927
20250108,000688,科创50,48,96.0,6289748.9,1816485.88,28.88010171598424,38662571.773,16795947.974,43.4423971395753
20250108,STAR,科创板,85,97.7,3156114.91,1083501.9300000002,34.33024338141098,12879097.45,3936947.506,30.568504674215347
20250108,000905,中证500,422,98.4,137087561.35,51219905.03,37.36291208742843,161042442.741,45006821.224,27.94717992224149
20250108,000852,中证1000,754,97.7,174469233.0,58296909.23,33.41386227679467,208192897.152,66314967.723,31.852656180957005
20250108,399330,深证100,99,99.0,60623569.47,24313982.77,40.10648495719465,136558123.395,36618110.292,26.815036250960045
20250109,000001,上证指数,428,98.8,82647315.23,30380115.29,36.75874431668456,100771620.586,32896121.406,32.64423179334102
20250109,399001,深证成指,399,95.0,71957949.66,22443374.31,31.18956893024959,133657932.559,56871733.701,42.55021203166925
20250109,000300,沪深300,286,99.3,135145845.71,38532795.88,28.5120091391376,262136985.725,76530916.704,29.19500904930916
20250109,000016,上证50,49,98.0,34029228.81,8143475.55,23.93082604213151,78345160.413,18533857.338,23.656671631403835
20250109,399006,创业板,100,100.0,24457597.74,8709726.15,35.61153569778191,82162216.255,21949828.718,26.715234469669312
20250109,000688,科创50,48,96.0,5670149.44,1831918.31,32.30811338192879,32217692.248,13609658.713,42.24281059064637
20250109,STAR,科创板,85,97.7,2817150.57,975996.13,34.64479820118383,12097023.853,4222190.049,34.90271739815507
20250109,000905,中证500,422,98.4,107857956.02,39510100.91,36.63160546327586,138442421.883,42469866.024,30.67691640058998
20250109,000852,中证1000,754,97.7,150255408.76,56454532.64,37.5723796606708,189127443.117,65563625.021,34.66637307650817
20250109,399330,深证100,99,99.0,49457963.77,16888266.23,34.14670751213581,124251689.367,33976638.297,27.345011138354675
20250110,000001,上证指数,428,98.8,89075384.44,36213001.67,40.65433104517511,105068286.967,35005935.338,33.317318049541164
20250110,399001,深证成指,398,94.8,72302321.35,23251230.33,32.15834553560983,128782899.407,54852361.576,42.59289224623444
20250110,000300,沪深300,285,99.0,142713429.87,41966730.22,29.40629361807657,283146346.402,90832936.078,32.07985454597354
20250110,000016,上证50,49,98.0,35219697.96,8120734.98,23.0573669008262,87581999.116,21281488.242,24.298929525247807
20250110,399006,创业板,100,100.0,25762067.88,8513133.36,33.04522524998486,89917783.682,23328712.37,25.944492195785752
20250110,000688,科创50,48,96.0,6759947.71,2357285.27,34.87135361288172,41474149.319,20448497.476,49.30419987332255
20250110,STAR,科创板,85,97.7,2940023.81,1079422.58,36.7147564019218,12275381.644,4151461.026,33.81940493906488
20250110,000905,中证500,422,98.4,114758375.34,44517077.46,38.79200740521742,143682074.69,42885120.253,29.84723066222869
20250110,000852,中证1000,754,97.7,149304338.29,51525526.75,34.510401599931974,188182970.246,61493101.546,32.67729352215764
20250110,399330,深证100,98,98.0,52398578.6,18101436.9,34.54566399249616,127386306.099,39493806.002,31.00318017802232
20250113,000001,上证指数,428,98.8,89782419.01,37677846.63,41.96572897618567,101288997.342,34944543.33,34.49984129274233
20250113,399001,深证成指,398,94.8,64267134.82,21175363.56,32.94897713941683,109040088.075,44252158.978,40.58338521110003
20250113,000300,沪深300,285,99.0,145884148.81,45790688.7,31.38839214097068,249182305.379,71881699.212,28.84703193618413
20250113,000016,上证50,49,98.0,37535484.74,9970424.25,26.562662821761656,78995147.459,17368876.75,21.98727049533616
20250113,399006,创业板,100,100.0,21572034.43,7309374.12,33.88356412891188,72375561.885,20969437.322,28.97309088296828
20250113,000688,科创50,48,96.0,5377394.31,1666046.71,30.98241664930092,32445942.281,15953721.25,49.17015851113786
20250113,STAR,科创板,85,97.7,2618200.52,970467.25,37.06619269940409,10814580.169,3581323.123,33.11569258384958
20250113,000905,中证500,422,98.4,105608142.29,37870196.29,35.85916338345241,126431175.555,35348942.916,27.959039976356564
20250113,000852,中证1000,754,97.7,124864718.08,37592447.97,30.10654134173816,154587296.56,46854591.804,30.309470989302355
20250113,399330,深证100,98,98.0,44360272.92,14586033.26,32.8808465319965,106770526.634,33525050.787,31.39916215073185
20250114,000001,上证指数,427,98.6,105894728.24,40897963.04,38.62134000411124,128457376.197,43881542.114,34.16039110646634
20250114,399001,深证成指,398,94.8,93290790.3,31924602.46,34.22052954781326,169109058.25,75266028.492,44.50739024324263
20250114,000300,沪深300,285,99.0,180272919.13,55881205.96,30.998114541930978,350931028.182,108601920.346,30.946799121358065
20250114,000016,上证50,49,98.0,41662533.14,10130319.47,24.31517890656996,103311948.985,21960186.239,21.25619200368433
20250114,399006,创业板,100,100.0,42067386.4,18948998.58,45.04439234665647,132509802.003,46336564.106,34.96840490709582
20250114,000688,科创50,48,96.0,7339034.95,2577858.37,35.1253044516432,44151028.981,19850098.368,44.95953735651849
20250114,STAR,科创板,84,96.6,3496805.97,1156066.54,33.06064305306594,14356896.373,3968128.952,27.6391836292876
20250114,000905,中证500,422,98.4,150590366.49,58210602.16,38.65493093402193,182918992.083,50999648.059,27.881002119155983
20250114,000852,中证1000,754,97.7,173013981.78,51328772.98,29.667413264477265,215864331.377,61465014.009,28.47390933783005
20250114,399330,深证100,98,98.0,64832820.77,23383393.0,36.06721521951759,165466623.802,54038337.237,32.65814941728861
20250115,000001,上证指数,427,98.6,90804001.55,36710556.92,40.42834709193496,106562844.875,37053589.405,34.771584268855136
20250115,399001,深证成指,398,94.8,75743201.19,25964396.9,34.27950824902282,132510320.408,53846340.799,40.63558267250945
20250115,000300,沪深300,285,99.0,145718981.21,44371165.11,30.449818370645467,281112868.085,91888770.841,32.68750074194954
20250115,000016,上证50,49,98.0,39433093.61,11098068.08,28.144046190648343,90646724.402,21265895.527000003,23.460191934448765
20250115,399006,创业板,100,100.0,32013454.0,15041598.09,46.98523967454433,99104485.956,31486151.852,31.77066259743185
20250115,000688,科创50,48,96.0,6785530.24,2625187.75,38.688026685442935,39152187.494,18897225.489,48.26607834337727
20250115,STAR,科创板,84,96.6,2745472.41,962745.26,35.06665215404587,11491016.824,3801476.792,33.08216192026001
20250115,000905,中证500,422,98.4,116853929.31,44112400.92,37.75003646045559,150377248.616,47945439.702,31.883439910802203
20250115,000852,中证1000,754,97.7,156401206.27,55109224.87,35.23580551857338,199250167.0,66465057.197,33.357591713837806
20250115,399330,深证100,98,98.0,48703397.71,15442965.86,31.708189954125483,125099904.455,40397796.855,32.29242822446087
20250116,000001,上证指数,427,98.6,96307472.38,38472242.22,39.94730758606168,113313716.435,38017201.314,33.550396642235064
20250116,399001,深证成指,398,94.8,79301349.87,27232537.31,34.340572202923084,141068938.507,58472470.912,41.44957177025794
20250116,000300,沪深300,285,99.0,146988826.04,42591231.07,28.975829127589385,310967117.994,106118407.978,34.12528265449838
20250116,000016,上证50,49,98.0,38272127.27,9247963.55,24.163704005157587,98335046.861,29740599.452,30.24415038316845
20250116,399006,创业板,100,100.0,32615563.68,12816025.73,39.29420277920519,116803893.36,34557856.994,29.586220116387395
20250116,000688,科创50,48,96.0,7756731.99,3058595.3,39.4314938809688,52086606.515,29740599.452,57.09836259621799
20250116,STAR,科创板,84,96.6,2932574.85,1075737.79,36.682364305211166,12377662.704,4348130.835,35.12885218301227
20250116,000905,中证500,422,98.4,128137640.89,48761860.47,38.05428298142285,161160173.893,49163192.465,30.505795121343816
20250116,000852,中证1000,753,97.5,159527232.07,51039909.57,31.994480758999103,199321561.062,62776094.169,31.49488386229986
20250116,399330,深证100,98,98.0,51327219.07,16358294.41,31.870603368732247,140811972.632,42880784.752,30.452513341365684
20250117,000001,上证指数,426,98.4,92503498.54,37346243.45,40.372790261387664,111901182.5,36928125.595,33.00065716016897
20250117,399001,深证成指,399,95.0,73660670.31,26713085.68,36.26505917958433,130540850.377,52836378.804,40.47497672292569
20250117,000300,沪深300,286,99.3,131184746.27,37565793.47,28.63579382368386,273105730.514,88671963.662,32.4679981980292
20250117,000016,上证50,49,98.0,32896807.02,8107375.41,24.644870260724776,82124076.673,23919324.04,29.12583618472995
20250117,399006,创业板,100,100.0,27542576.26,9328917.89,33.870897921587535,102260149.344,29818345.247,29.15930148575473
20250117,000688,科创50,48,96.0,6921913.56,2802293.34,40.48437351477126,43810422.297,22210275.101,50.69632734976145
20250117,STAR,科创板,83,95.4,2803885.61,901064.67,32.136284974906665,13234443.862,4568797.132999999,34.52201830798774
20250117,000905,中证500,422,98.4,110663020.05,41241490.71,37.26763528716837,148372585.337,40748695.798,27.46376340713287
20250117,000852,中证1000,753,97.5,142045540.88,48274197.61,33.985014461511334,182450977.382,57932029.031,31.75210670957764
20250117,399330,深证100,99,99.0,45395798.49,15959914.86,35.15725109123419,124062161.889,39911599.142,32.17064617792927
20250120,000001,上证指数,426,98.4,93208935.08,35052075.22,37.60591749054451,117498214.67,40178383.978,34.19488891030654
20250120,399001,深证成指,399,95.0,81252924.76,27821990.97,34.24121784191636,145283911.091,58737562.682,40.42950264823829
20250120,000300,沪深300,286,99.3,141431551.4,38571212.88,27.27200012881991,295948263.172,85039435.259,28.73456135458939
20250120,000016,上证50,49,98.0,34855974.17,8116705.12,23.286410187284115,84735712.478,17835770.152,21.048705003372355
20250120,399006,创业板,100,100.0,28757433.02,9823935.45,34.16137818409496,108755452.585,33587524.288,30.883531344553965
20250120,000688,科创50,48,96.0,5783938.57,1668450.83,28.84627507376864,35163659.832,16260624.977,46.24269787242776
20250120,STAR,科创板,83,95.4,3117265.45,1041659.73,33.41581737929954,13654051.775,4160022.3,30.467310132929388
20250120,000905,中证500,422,98.4,116338579.94,39952427.41,34.34151201656829,152992633.69,40715142.971,26.612485836081955
20250120,000852,中证1000,753,97.5,147062182.97,48291730.87,32.837626842416235,186001327.128,57121922.233,30.710491755626336
20250120,399330,深证100,99,99.0,53244510.49,17979103.03,33.76705479032755,145037085.994,38871293.72,26.80093401877093
20250121,000001,上证指数,426,98.4,88940203.37,34444572.11,38.72778654070217,109443588.962,35619528.297,32.54601629462963
20250121,399001,深证成指,399,95.0,80412812.71,29932096.1,37.22304330772116,144948093.818,66747423.507,46.04919026448842
20250121,000300,沪深300,286,99.3,145514406.48,51629729.51,35.480837092989944,290658552.126,94135044.931,32.38681409594052
20250121,000016,上证50,49,98.0,31822058.09,7011358.67,22.03301449004425,78685589.378,18898923.546,24.01827792788195
20250121,399006,创业板,100,100.0,29249104.55,10820304.93,36.993627998092,108339235.832,30225566.824,27.89900315604065
20250121,000688,科创50,48,96.0,6607408.94,1801760.56,27.26879138798997,41748744.401,15905916.979,38.09915054264245
20250121,STAR,科创板,83,95.4,3028908.02,979128.65,32.32612689242376,15108157.897,5276901.806,34.92749971224371
20250121,000905,中证500,422,98.4,110888728.52,39115856.1,35.27487114521746,162756871.964,52496402.743,32.25449230470073
20250121,000852,中证1000,753,97.5,141745874.43,46737968.17,32.97307125018383,194708647.213,67709358.471,34.77470540737201
20250121,399330,深证100,99,99.0,63725711.91,28370751.87,44.52010188613992,148536357.705,45313515.529,30.506682827779247
20250122,000001,上证指数,427,98.6,87579569.21,36467971.94,41.63981653364426,108484559.907,40367267.19,37.21014974352612
20250122,399001,深证成指,399,95.0,72558595.99,26913552.0,37.09216204198496,139857761.722,64826865.865,46.35199724836048
20250122,000300,沪深300,286,99.3,142325377.62,44249347.51,31.09027233930341,305975121.522,98326988.518,32.13561548040113
20250122,000016,上证50,49,98.0,37803889.76,10779677.14,28.51473012019491,88697994.939,18213913.112,20.53475179966153
20250122,399006,创业板,100,100.0,28687705.35,10396079.48,36.23879760742175,114457310.552,36821451.17,32.17046686875572
20250122,000688,科创50,48,96.0,5737850.4,1594530.19,27.789678692215464,35779465.709,14552922.369,40.67395105159255
20250122,STAR,科创板,84,96.6,2993452.59,1015366.25,33.919570110846486,13970395.343,4776333.834,34.188966859790604
20250122,000905,中证500,422,98.4,100944106.21,36760056.87,36.4162488035962,146310728.588,47946675.217,32.770443890013176
20250122,000852,中证1000,755,97.8,125786766.95,38577669.72,30.66910029998191,174025486.589,54827349.87,31.505356453613608
20250122,399330,深证100,99,99.0,51092361.26,16705816.06,32.69728712475639,150665432.282,42662069.588,28.31576489831426
20250123,000001,上证指数,427,98.6,106941811.56,45463103.2,42.51200025211168,130752282.177,48276029.295,36.92174889127251
20250123,399001,深证成指,399,95.0,94321435.94,36088568.28,38.26125834529996,174312994.088,81395434.38,46.69498955362353
20250123,000300,沪深300,286,99.3,187763579.56,65666607.03,34.97302681589333,359114090.89,112227343.065,31.251166665965297
20250123,000016,上证50,49,98.0,49983871.5,14879338.46,29.76827927384537,102438640.357,18937218.423,18.48640157366746
20250123,399006,创业板,100,100.0,37676890.16,17064951.669999998,45.29288802109564,133356409.418,46521664.263,34.88521059170078
20250123,000688,科创50,48,96.0,6810359.7700000005,2065986.38,30.335935982424605,40633880.507,16313559.551,40.14767811356256
20250123,STAR,科创板,84,96.6,3394473.75,1163028.68,34.262414903046455,15300167.765,5273198.291,34.464970397662825
20250123,000905,中证500,422,98.4,140512407.08,56066163.04,39.90121883548619,181513477.516,56801947.164,31.29351491764188
20250123,000852,中证1000,756,97.9,160440793.23,47703684.73,29.73289010209165,212391172.73,61975458.979,29.179865708348267
20250123,399330,深证100,99,99.0,64096774.9,25587660.13,39.92035507234233,167396513.815,55767125.879,33.31438905629279
20250124,000001,上证指数,427,98.6,90535660.74,34281335.23,37.865008052958295,115320655.11,39173336.794,33.96905502889663
20250124,399001,深证成指,399,95.0,81463968.31,28931720.91,35.51474536558824,151122091.448,65600182.682,43.40873134658312
20250124,000300,沪深300,286,99.3,154522576.86,47482368.57,30.728434339416825,304916050.111,84937261.018,27.85594952678939
20250124,000016,上证50,49,98.0,37201432.47,9243200.13,24.846355412399525,83250962.578,13497600.088,16.213145974563055
20250124,399006,创业板,100,100.0,34967764.67,14678257.33,41.976538873795846,119878808.836,31706266.016,26.448599484647616
20250124,000688,科创50,48,96.0,5609440.46,1483757.74,26.45108278767612,33635934.382,11605127.026,34.50216929965945
20250124,STAR,科创板,84,96.6,3215517.18,1015433.64,31.579170104138583,14173993.559,4221015.587,29.78000215274403
20250124,000905,中证500,422,98.4,118387723.87,43537742.12,36.77555467474669,162723004.371,50354301.796,30.94479602969646
20250124,000852,中证1000,755,97.8,149787100.15,46073476.5,30.75930868136244,205436227.515,65942443.438,32.09874141267766
20250124,399330,深证100,99,99.0,53333725.49,17275402.14,32.39114084246583,144990442.533,39196139.361,27.03360213007069
20250127,000001,上证指数,427,98.6,89943705.96,36053278.41,40.08427051697615,106469415.206,36417898.354,34.20503276320024
20250127,399001,深证成指,399,95.0,74719847.33,26023672.71,34.828326930415855,138643687.111,59863325.583,43.17782282800414
20250127,000300,沪深300,286,99.3,149793707.32,46313489.37,30.918180875957507,288625616.183,87502676.007,30.31701661280122
20250127,000016,上证50,49,98.0,38320064.61,11678670.52,30.47664621356701,81991847.748,16826742.526,20.52245801035805
20250127,399006,创业板,100,100.0,29558156.45,11380842.88,38.503222957262615,107194490.024,32234428.346,30.070975046182845
20250127,000688,科创50,48,96.0,5383742.11,1509226.18,28.03303258521051,34920019.428,14382576.467,41.18719491738766
20250127,STAR,科创板,84,96.6,2773397.06,941936.13,33.96326272877783,12339782.902,4444548.752,36.01804656773693
20250127,000905,中证500,423,98.6,114702385.24,39312870.09,34.27380346776823,149636942.823,42245517.373,28.23201047549512
20250127,000852,中证1000,755,97.8,135891095.1,42463692.1,31.24832577789713,182609451.126,61965611.813,33.933408939630354
20250127,399330,深证100,99,99.0,48710332.95,14285524.72,29.32750374476757,135038054.309,40138725.603,29.724010619371644
20250205,000001,上证指数,428,98.8,95725926.28,33923916.33,35.43858769334021,125042111.405,41403159.102,33.1113723503108
20250205,399001,深证成指,399,95.0,83821445.59,29072912.12,34.68433634777164,162789412.633,73178836.031,44.953068413593805
20250205,000300,沪深300,286,99.3,167228929.14,47862761.27,28.621101334644354,363587181.736,113485901.522,31.212844462817703
20250205,000016,上证50,49,98.0,43060338.52,11869517.7,27.564849947677555,108546219.582,25287990.675,23.29697963907115
20250205,399006,创业板,100,100.0,40937488.66,15113455.17,36.91837400071722,139862228.927,35835241.5,25.62181496385556
20250205,000688,科创50,48,96.0,7940202.81,2140359.59,26.955981367433107,56999617.165,24053689.292,42.199738328716194
20250205,STAR,科创板,85,97.7,3929378.95,1526317.96,38.8437455237042,18633515.561,7301438.094,39.18443661421535
20250205,000905,中证500,423,98.6,126419189.4,43080429.45,34.077444772794905,178697335.255,54989005.038,30.772146075670925
20250205,000852,中证1000,755,97.8,152173688.91,47964517.11,31.519586239620985,206838896.51,67464148.576,32.616761022382626
20250205,399330,深证100,99,99.0,56523493.02,15338524.67,27.13654774409057,169608822.038,46186811.498,27.231373311260946
20250206,000001,上证指数,428,98.8,97331983.0,33540233.34,34.45962191071356,126161781.556,37637253.178,29.83253146381243
20250206,399001,深证成指,399,95.0,97068852.43,32772766.33,33.76239185853534,196231304.569,90754505.852,46.24874000166898
20250206,000300,沪深300,285,99.0,180308100.86,58475298.72,32.43076625015482,392318665.559,117003396.628,29.823561023100005
20250206,000016,上证50,48,96.0,40580138.02,11207565.86,27.618353231022347,101876271.068,21662834.279,21.26386650385012
20250206,399006,创业板,100,100.0,47842121.29,18569607.92,38.81434898640549,163319577.678,37828399.28,23.162195137794363
20250206,000688,科创50,48,96.0,9069690.56,2563782.52,28.26758534968144,57922418.16,20212879.252,34.89646995773838
20250206,STAR,科创板,85,97.7,4032192.21,1317746.81,32.680654625836894,18156188.211,5923871.154,32.627284346011564
20250206,000905,中证500,423,98.6,148218432.4,51710618.6,34.88811598037114,216178988.229,63295217.25,29.279079233616777
20250206,000852,中证1000,755,97.8,183810862.48,60528362.9,32.929698540849806,258916335.047,88382366.024,34.13549245857985
20250206,399330,深证100,99,99.0,62520012.15,17816052.71,28.496559897101687,191552529.68,48664778.252,25.405447964220272
20250207,000001,上证指数,428,98.8,134508201.47,50823208.62,37.78446820682183,175270109.825,59457617.501,33.923421147145966
20250207,399001,深证成指,399,95.0,125267877.25,45869370.4,36.61702537551382,256839949.248,125979560.72,49.04983087282751
20250207,000300,沪深300,285,99.0,236542610.1,76803780.09,32.4693213022088,512020635.484,160875983.76,31.41982424359285
20250207,000016,上证50,48,96.0,57461952.48,16993011.75,29.57263200535089,134492355.362,27659781.552,20.566062269896943
20250207,399006,创业板,100,100.0,61000945.12,24567938.6,40.27468517359915,211028795.054,59936833.72,28.40220629827452
20250207,000688,科创50,48,96.0,10376686.55,3170694.68,30.55594543327513,61287210.47,22660496.808,36.97426695426492
20250207,STAR,科创板,85,97.7,4917346.53,1819375.08,36.99912277689325,20957370.012,6330836.438999999,30.208162738812263
20250207,000905,中证500,423,98.6,189053122.37,69990080.8,37.02138315548203,265841261.769,75491291.68,28.397131121653107
20250207,000852,中证1000,755,97.8,236549682.08,80562856.6,34.057478281773385,322233467.306,105263007.46,32.666689881730974
20250207,399330,深证100,99,99.0,85947424.6,29519082.0,34.34551080196067,249224237.316,75918287.148,30.461839492657607
20250210,000001,上证指数,429,99.1,112989538.46,41692163.59,36.8991361131718,143310233.97800002,45172909.917,31.52106354381825
20250210,399001,深证成指,398,94.8,102855145.94,34482927.26,33.52571905358574,200638977.431,85757563.95,42.74222538813135
20250210,000300,沪深300,286,99.3,200737095.8,71920655.78,35.82828350354165,406481677.712,122011207.294,30.01641008292808
20250210,000016,上证50,49,98.0,56522784.2,21387934.1,37.83949145944583,111820018.429,22745217.401,20.34091723517471
20250210,399006,创业板,100,100.0,48015685.53,18787555.77,39.12795488103906,164539701.34,42803169.626,26.0138855713326
20250210,000688,科创50,48,96.0,8074005.38,2103059.76,26.047292031901023,51848841.976,18698171.059,36.06285183313271
20250210,STAR,科创板,86,98.9,4328266.04,1371477.04,31.68652359456167,19531311.636,5807790.423,29.73579312663833
20250210,000905,中证500,423,98.6,164254857.52,64287945.11,39.13914393805502,226777825.677,63655798.774,28.06967505926486
20250210,000852,中证1000,755,97.8,213520960.39,75813630.23,35.50641121673723,290246932.37,100641432.725,34.67441736703858
20250210,399330,深证100,99,99.0,67033240.8,22742861.08,33.92773616280238,186007282.536,50982826.517,27.40904862535839
20250211,000001,上证指数,428,98.8,108685041.35,42516797.5,39.11927250695204,135948562.158,45152420.766,33.21287113983866
20250211,399001,深证成指,398,94.8,93013813.42,32612817.19,35.062337507589525,185066513.648,78324217.708,42.32219874038052
20250211,000300,沪深300,286,99.3,175357725.27,56543237.97,32.2445092640999,355277353.732,102829238.432,28.94336983537888
20250211,000016,上证50,49,98.0,50405454.24,17015862.46,33.757978608784775,99974191.315,19354347.422,19.35934381406304
20250211,399006,创业板,100,100.0,42314175.64,17831982.0,42.14186317065634,141743684.66,37508757.389,26.46238347688795
20250211,000688,科创50,48,96.0,7059829.67,1839845.46,26.060762737920275,42570526.473,15332991.9,36.01785829387104
20250211,STAR,科创板,86,98.9,3677892.95,1171551.48,31.85387655179034,16132264.436,4688247.922,29.061313373576542
20250211,000905,中证500,422,98.4,141109890.66,53519943.87,37.92784731082719,201350035.75,58173662.569,28.89180642670931
20250211,000852,中证1000,755,97.8,208968058.21,82210757.26,39.34130314661931,287378054.333,108505849.326,37.75718002470313
20250211,399330,深证100,99,99.0,55316882.14,15513187.25,28.04421841914028,158971766.012,43883780.582,27.60476384132729
20250212,000001,上证指数,428,98.8,108023599.29,43625402.98,40.3850670286252,137400546.584,46617508.346,33.92818260551848
20250212,399001,深证成指,398,94.8,100127114.22,38713458.73,38.664310892790255,200445372.836,92521169.15,46.15779742927705
20250212,000300,沪深300,286,99.3,178354906.12,58973836.53,33.065441154908,377291639.785,116423691.708,30.85774489314
20250212,000016,上证50,49,98.0,42949376.13,11774310.48,27.414392340324778,100430025.003,21260077.12,21.16904493388797
20250212,399006,创业板,100,100.0,44176347.44,18256867.96,41.327246406680295,152439984.84,43399872.683,28.47013710251429
20250212,000688,科创50,48,96.0,8098702.75,2285785.58,28.22409527254226,50304772.161,18673416.191,37.12056607917016
20250212,STAR,科创板,86,98.9,3512357.42,1011278.43,28.792013712545234,15738234.883,4507534.911,28.64066361005269
20250212,000905,中证500,422,98.4,153804948.92,61542654.86,40.01344254014269,220112480.402,66425416.636,30.17794198433668
20250212,000852,中证1000,755,97.8,204645784.16,75181054.29,36.7371625067148,288344878.887,104272103.422,36.162287266722494
20250212,399330,深证100,99,99.0,61596206.56,20068027.34,32.57997279499999,170213515.545,49749933.787,29.22795738499827
20250213,000001,上证指数,428,98.8,121422128.61,51448702.42,42.37176782269227,161517760.494,61702140.416,38.20145860571915
20250213,399001,深证成指,398,94.8,116341143.3,47202094.83,40.57214283023124,227961472.486,110306841.905,48.38837050053464
20250213,000300,沪深300,286,99.3,191249347.61,66179318.25,34.60368313776127,401709510.908,119021630.8,29.628780889695804
20250213,000016,上证50,49,98.0,44282387.53,11540982.65,26.062241206351683,109551478.038,21528191.283,19.65121025161572
20250213,399006,创业板,100,100.0,45850116.08,19700907.08,42.96806369175936,155335310.638,43967761.421,28.30506550018388
20250213,000688,科创50,48,96.0,7085864.92,1859890.54,26.247897200953137,46151022.446,15596045.493,33.793499399170386
20250213,STAR,科创板,86,98.9,3889298.8,1241681.71,31.925593117196343,18988192.143,6185439.893,32.57519118417107
20250213,000905,中证500,422,98.4,181999705.02,84105637.64,46.21196371211569,240466081.393,73230588.005,30.45360392650027
20250213,000852,中证1000,755,97.8,228478898.05,89967478.69,39.37671244821552,325658203.261,130115812.939,39.954716827666765
20250213,399330,深证100,99,99.0,65900530.18,22321245.95,33.87111740836073,180576724.69,50831512.862,28.14953751612428
20250214,000001,上证指数,428,98.8,108693852.15,44864066.03,41.27562428101873,145410352.514,54566048.29,37.52555945749903
20250214,399001,深证成指,398,94.8,104653334.66,41004318.11,39.1810908302308,206176558.744,93340638.025,45.27218738813892
20250214,000300,沪深300,286,99.3,183307940.97,66432340.3,36.24084147607782,381079038.756,114267277.93,29.98519107821196
20250214,000016,上证50,49,98.0,55004360.84,23413093.4,42.56588576332232,108975973.352,21236732.824,19.48753672096497
20250214,399006,创业板,100,100.0,44564069.01,18003383.61,40.39887741390965,150843333.097,41931888.559,27.79830417300289
20250214,000688,科创50,48,96.0,7101573.95,1778833.67,25.04844253575645,45381510.513,15866782.377,34.96309884276505
20250214,STAR,科创板,86,98.9,3837039.87,1271546.39,33.138732801335216,16752512.631,4550026.021,27.160260202283443
20250214,000905,中证500,422,98.4,164847461.45,76113591.59,46.172134481480064,223299546.04,70948994.739,31.773013423990925
20250214,000852,中证1000,755,97.8,210971934.37,83338676.65,39.50225744427297,302290934.786,117657656.593,38.9219930383599
20250214,399330,深证100,99,99.0,60943116.36,19473912.37,31.954244438313133,167872121.887,46351930.682,27.61145219407004
20250217,000001,上证指数,427,98.6,125527730.58,48668704.97,38.77127766520321,166335443.326,56109675.782,33.73284410108008
20250217,399001,深证成指,399,95.0,121768541.72,48096046.25,39.49792415235964,241797243.718,110337178.288,45.63210754241787
20250217,000300,沪深300,286,99.3,221269842.9,77179038.81,34.88005315070434,460919150.998,140338362.389,30.447500843723663
20250217,000016,上证50,49,98.0,68657509.27,31254392.25,45.52217606247574,129045941.977,27547596.805,21.347123654543
20250217,399006,创业板,100,100.0,54120333.76,22851680.85,42.22383577924188,186018980.141,54979985.099,29.556115756212552
20250217,000688,科创50,48,96.0,8031774.88,1994745.25,24.83567181355063,51070466.012,17229835.784,33.737377254304896
20250217,STAR,科创板,86,98.9,4463662.44,1447455.2,32.42752379814814,19381055.955,5051984.6280000005,26.06661184885889
20250217,000905,中证500,422,98.4,173922122.2,67549704.28999999,38.83905246528782,253374777.55,76640184.162,30.24775587494147
20250217,000852,中证1000,755,97.8,226612037.22,80976048.21,35.733339324506694,322226061.617,108732496.488,33.744165801598065
20250217,399330,深证100,99,99.0,67657707.97,19304435.6,28.532500108575583,194901890.883,51335613.251,26.33920739220374
20250218,000001,上证指数,427,98.6,125134815.53,51126511.72,40.85714395586643,158364535.421,57228326.541,36.137084852276345
20250218,399001,深证成指,399,95.0,113520371.41,44589224.0,39.2786100381558,216904509.832,95067740.091,43.82930542321745
20250218,000300,沪深300,286,99.3,214651317.23,71623881.8,33.36754822857883,414935379.962,115482022.41,27.83132699375404
20250218,000016,上证50,49,98.0,63100746.08,26397237.33,41.83347895210813,119094481.953,27025132.546,22.69217859872409
20250218,399006,创业板,100,100.0,47186765.14,18516637.32,39.24116702016416,163639793.086,41958089.03,25.64051703973321
20250218,000688,科创50,48,96.0,7664086.87,2132436.13,27.823746862096822,44844662.096,12746967.408,28.424715032331548
20250218,STAR,科创板,86,98.9,4115358.24,1363656.85,33.13579937575495,16618108.549,3819086.093,22.981472781568844
20250218,000905,中证500,422,98.4,166400885.43,65029740.82,39.08016513971983,229947278.351,68961865.704,29.99029438336472
20250218,000852,中证1000,755,97.8,220223894.22,77048428.37,34.98640719386694,303674817.281,100142122.681,32.97676230700924
20250218,399330,深证100,99,99.0,70279899.8,24292686.86,34.565625348259246,181088244.729,45014995.169,24.858043787638064
20250219,000001,上证指数,427,98.6,113348914.21,46319848.87,40.86483685603185,148486049.944,54284754.75,36.558824731665325
20250219,399001,深证成指,399,95.0,102337818.09,37804579.45,36.94096684448864,206748649.9,90350375.368,43.700587845047885
20250219,000300,沪深300,286,99.3,185354399.6,59820206.84,32.27342160158793,381071439.782,106141440.946,27.85342323390083
20250219,000016,上证50,49,98.0,54657441.97,21527416.1,39.38606587519376,110497996.221,25901789.084,23.44095818008816
20250219,399006,创业板,100,100.0,43692415.25,15135545.54,34.641128107469406,157832305.05,38731871.308,24.539888266682823
20250219,000688,科创50,48,96.0,9907136.49,2917875.11,29.452255078399546,53357625.895,15114797.555,28.32734272087688
20250219,STAR,科创板,86,98.9,4162850.09,1241134.39,29.81453482991025,17651328.904,4576143.415,25.92520619772142
20250219,000905,中证500,422,98.4,166240184.47,70257606.67,42.262709761777735,244878706.878,82123020.602,33.536203146855954
20250219,000852,中证1000,755,97.8,203966957.67,71732136.82,35.16850848756399,298435963.735,103971695.979,34.83886280921658
20250219,399330,深证100,99,99.0,62506980.77,21560853.1,34.49351229958631,163523833.858,38151255.747,23.3307003920478
20250220,000001,上证指数,427,98.6,112650414.36,45153458.85,40.082816478332575,152544847.818,55349553.101,36.28411833812776
20250220,399001,深证成指,399,95.0,101280121.01,32768685.39,32.3545085286426,201344788.079,80001564.278,39.73361567551997
20250220,000300,沪深300,286,99.3,175393714.65,63732281.69,36.33669645299344,343716126.039,91339620.256,26.57414457348914
20250220,000016,上证50,49,98.0,45973806.21,16633101.67,36.17951838493209,101101332.867,22601292.325,22.35508838912368
20250220,399006,创业板,100,100.0,42396067.06,13674742.17,32.254742286937024,148982718.202,33919423.775,22.76735461962101
20250220,000688,科创50,48,96.0,8368401.72,2623084.14,31.34510301687572,45498863.342,12330180.697,27.099975233047218
20250220,STAR,科创板,86,98.9,4271463.2,1286317.28,30.114207234654387,17996585.207,4154114.25,23.08279155305644
20250220,000905,中证500,422,98.4,166353916.16,69515600.75,41.78777533745557,253590398.074,88694166.64,34.97536472738145
20250220,000852,中证1000,755,97.8,212001789.24,70730099.87,33.3629730784625,317696815.553,107414573.338,33.81040289970439
20250220,399330,深证100,99,99.0,55360993.28,19447880.23,35.1292111607142,144758038.155,31239036.718,21.58017414172934
20250221,000001,上证指数,428,98.8,141673012.07,56547581.96,39.914152408971226,192450193.8,68948950.259,35.82690611922886
20250221,399001,深证成指,399,95.0,130103775.78,50105461.27,38.51191940403499,276355337.416,130625090.205,47.267077027127925
20250221,000300,沪深300,286,99.3,239132443.6,80866245.39,33.816509450832214,530693596.073,159322196.475,30.021503491646484
20250221,000016,上证50,49,98.0,68711695.24,26102096.92,37.98785174609528,163168586.947,35814938.202,21.949652731645777
20250221,399006,创业板,100,100.0,57153982.09,21379089.13,37.40612350743031,207790264.335,50920005.449,24.5054818193535
20250221,000688,科创50,48,96.0,12769403.88,3393858.8000000003,26.578051974028405,87092291.834,35814938.202,41.12297133053305
20250221,STAR,科创板,86,98.9,5556151.18,1812275.25,32.61745750409909,23581772.608,6253732.387,26.51934818877209
20250221,000905,中证500,423,98.6,208220822.52,84951582.68,40.798793152322816,318756280.743,107085470.008,33.59477960979805
20250221,000852,中证1000,755,97.8,241590818.92,77638050.97,32.13617608362384,365594433.059,116066230.29,31.747264125126627
20250221,399330,深证100,99,99.0,81571567.41,28671350.83,35.148706516684065,233087850.464,64949938.58,27.86500388188675
20250224,000001,上证指数,428,98.8,148047253.19,57924003.23,39.12534814520458,187235464.259,59950435.062,32.018739237921004
20250224,399001,深证成指,399,95.0,121818910.6,43128332.47,35.40364320907004,257215242.365,112812823.655,43.85930733253885
20250224,000300,沪深300,285,99.0,230536388.69,74483592.92,32.30882263023446,482117756.304,131716064.379,27.32030974937713
20250224,000016,上证50,49,98.0,65893813.64,25328078.94,38.43771902226784,143224548.645,29331075.48,20.47908389832021
20250224,399006,创业板,100,100.0,49579345.05,16392565.38,33.06329553863277,191875047.973,42571341.127,22.18701262969352
20250224,000688,科创50,47,94.0,10187711.4,2862329.36,28.09590149952618,66114224.676,23391278.396,35.38009938198855
20250224,STAR,科创板,86,98.9,5508052.67,1850669.31,33.59933938322344,23305960.551,5675139.709,24.35059347406513
20250224,000905,中证500,423,98.6,192578386.73,74242940.48,38.552062742165646,289602329.086,93537500.864,32.2986010365349
20250224,000852,中证1000,755,97.8,231724398.88,70128791.09,30.26387874084708,358971572.653,114965073.372,32.0262333093242
20250224,399330,深证100,99,99.0,74369601.72,20150477.17,27.09504515818994,209987446.027,49562850.801,23.60276851723186
20250225,000001,上证指数,427,98.6,119014883.18,43735366.07,36.74781245960132,157082238.886,51585911.922,32.84006663505584
20250225,399001,深证成指,399,95.0,106225053.14,35460730.49,33.38264321060334,222970390.541,97799463.203,43.862085439105215
20250225,000300,沪深300,285,99.0,188185003.88,56317251.48,29.92653522802053,399947886.626,101545407.471,25.38965971983178
20250225,000016,上证50,49,98.0,51137856.52,16280629.55,31.836746117101427,120334457.965,22070704.571,18.341134321990623
20250225,399006,创业板,100,100.0,42803891.16,14393711.16,33.627109054633905,163282062.23,35643497.891,21.829402081407068
20250225,000688,科创50,47,94.0,9961120.7,2707414.38,27.17981702600993,65818091.989,21981966.974,33.3980617026604
20250225,STAR,科创板,86,98.9,4756532.08,1666134.37,35.0283429603191,20800134.417,5873020.249,28.23549180624509
20250225,000905,中证500,423,98.6,168150502.65,65729559.15,39.08971909933211,266631281.47,93274782.148,34.98268531499925
20250225,000852,中证1000,754,97.7,212774546.98,66137338.42,31.083294199760022,333790459.797,108374125.511,32.46771210205033
20250225,399330,深证100,99,99.0,60173835.0,17403707.09,28.92238310887116,169645360.842,36933602.587,21.771065476643525
20250226,000001,上证指数,427,98.6,127238393.92,48038106.45,37.7544112040612,165133869.375,53404040.211,32.33984670323783
20250226,399001,深证成指,399,95.0,112646827.73,38252879.07,33.95823907415062,223613984.38,91887866.023,41.09218226121749
20250226,000300,沪深300,285,99.0,195264172.64,62566420.13,32.04193543756283,398276992.312,105951793.267,26.60253926593884
20250226,000016,上证50,49,98.0,50412858.72,15255345.16,30.26082143988362,118409263.319,24607218.928,20.781498202304512
20250226,399006,创业板,100,100.0,43634291.76,14189963.01,32.520209307048006,172773344.766,39071640.975,22.614391721082715
20250226,000688,科创50,47,94.0,11480326.9,3798676.66,33.08857572688108,67583971.009,23371274.604,34.58109113015526
20250226,STAR,科创板,86,98.9,5256364.93,1877901.33,35.726235811408934,21621845.182,6168934.231000001,28.531025817054623
20250226,000905,中证500,423,98.6,173597042.96,61077956.79,35.18375414037064,270517019.559,85346043.21700001,31.549232412855982
20250226,000852,中证1000,754,97.7,220748378.76,67170744.67,30.428646881719008,338927736.958,103771744.956,30.61766082864425
20250226,399330,深证100,99,99.0,64689280.31,22628478.36,34.9802598692723,172870323.382,42693609.655,24.69689928250892
20250227,000001,上证指数,427,98.6,125987696.89,47439147.89,37.65379402991959,172113269.986,57848154.826,33.61051407059169
20250227,399001,深证成指,399,95.0,114371291.94,38666106.4,33.807527871840875,231768436.221,98824523.846,42.63933668334677
20250227,000300,沪深300,285,99.0,213524605.19,66906332.98,31.3342497088169,439903167.113,109184536.211,24.82012960433024
20250227,000016,上证50,49,98.0,52355726.73,16585537.54,31.67855471767606,124467514.53,22710739.616,18.24631889032066
20250227,399006,创业板,100,100.0,45650122.24,14754510.82,32.320857198212835,172087403.082,38479743.231,22.36058104303214
20250227,000688,科创50,47,94.0,10430595.52,3105881.64,29.776647306902763,66498209.666,21718422.32,32.660160971377934
20250227,STAR,科创板,86,98.9,5311647.69,1760476.74,33.14370309827533,22492869.59,5758839.812,25.60295736814433
20250227,000905,中证500,423,98.6,178160147.84,64571093.67,36.24328698244529,274395004.318,85405775.634,31.125120461384974
20250227,000852,中证1000,754,97.7,231629978.11,73333122.78,31.659599235973868,352228511.187,115672421.659,32.84016426415546
20250227,399330,深证100,99,99.0,72173912.73,23002856.37,31.871427639031925,195564579.194,42739484.481,21.854409759245023
20250228,000001,上证指数,428,98.8,128991353.44,47743300.47,37.0127913203172,173645498.696,58638842.908,33.769284748727415
20250228,399001,深证成指,399,95.0,108353450.68,34797443.44,32.11475335729474,213723960.952,85700317.656,40.09860067830548
20250228,000300,沪深300,285,99.0,204096085.42,57205303.55,28.028613793488404,428722938.675,103671141.92,24.181384425196224
20250228,000016,上证50,49,98.0,53785484.0,16732420.69,31.10954749426444,132620863.252,24449361.199,18.435531634673847
20250228,399006,创业板,100,100.0,40666812.2,12056745.91,29.647629744629945,155811389.3,33967266.727,21.80024636170804
20250228,000688,科创50,47,94.0,10958246.03,2876182.74,26.24674361322037,68829384.058,22706545.388,32.98961003176496
20250228,STAR,科创板,86,98.9,5132875.39,1683636.88,32.80104721186306,22122785.717,5817573.564,26.29674959754076
20250228,000905,中证500,423,98.6,168259002.02,56260576.26,33.43688931027454,250149196.523,65650746.221,26.244636054613007
20250228,000852,中证1000,755,97.8,217300307.28,67432918.8,31.03213228001101,315164696.451,98977651.209,31.405056569966582
20250228,399330,深证100,99,99.0,66085652.63,17973750.38,27.1976588937259,183364399.168,38427606.22,20.95696132638719
20250303,000001,上证指数,427,98.6,119084715.6,46130759.47,38.73776683898802,150103011.145,43669167.111,29.092798857189774
20250303,399001,深证成指,399,95.0,99939585.39,30287979.65,30.30628907635095,194550844.985,77015611.302,39.58636689958245
20250303,000300,沪深300,285,99.0,183215671.76,49243418.85,26.877296236156862,365985561.976,88987336.97,24.31443920616613
20250303,000016,上证50,49,98.0,48036400.4,14261419.34,29.68877605575125,103322713.231,18768243.836,18.16468349416994
20250303,399006,创业板,100,100.0,37399951.66,10193933.25,27.256541245486737,143395846.962,33368326.194,23.27007852803619
20250303,000688,科创50,47,94.0,8834710.89,2184689.45,24.72847699490481,55060559.215,18768243.836,34.08654780042084
20250303,STAR,科创板,85,97.7,4601046.31,1471238.22,31.97616630813699,19910294.642,5481164.516,27.529298860488456
20250303,000905,中证500,423,98.6,151241779.06,48649835.31,32.166928749694115,219858233.488,54900275.554,24.970761696307584
20250303,000852,中证1000,754,97.7,195427081.89,58458208.79,29.913054129777343,283060444.845,85865939.351,30.334842227079445
20250303,399330,深证100,99,99.0,58935861.71,15032883.39,25.50719197756174,165377645.275,38231637.144,23.1177781497772
20250304,000001,上证指数,427,98.6,98764256.48,37967147.06,38.44219398106687,126179753.256,38039564.827,30.14712253385324
20250304,399001,深证成指,399,95.0,82771451.31,25301956.58,30.56845830241369,164730502.751,66237522.247,40.20962793218811
20250304,000300,沪深300,285,99.0,149549529.57,44897679.24,30.021946153287395,305516435.708,75479292.006,24.705476754821788
20250304,000016,上证50,49,98.0,41390687.16,13180564.4,31.84427537781424,87920560.14299999,15604385.997,17.748278641105063
20250304,399006,创业板,100,100.0,32088903.64,9914698.26,30.89759117740926,127959629.599,30318056.972,23.69345477711272
20250304,000688,科创50,47,94.0,8151665.41,2050625.75,25.155911667871067,50165896.054,15283659.239,30.466233918254414
20250304,STAR,科创板,85,97.7,3870206.6,1197770.66,30.94849406747433,17451347.624,5045628.089,28.912541298879347
20250304,000905,中证500,423,98.6,127691443.8,45245871.86,35.43375383151553,196629927.666,58806733.358,29.90731576624004
20250304,000852,中证1000,754,97.7,166757786.8,49681459.83,29.792587670634635,248272963.51,72505662.721,29.20401065663342
20250304,399330,深证100,99,99.0,49974088.85,15840006.65,31.69643912377204,137550251.532,31676383.767,23.0289537199652
20250305,000001,上证指数,427,98.6,102990781.9,40242902.15,39.07427578234552,131099178.974,42968011.843,32.7751952218721
20250305,399001,深证成指,399,95.0,87552519.96,28129261.99,32.12844359345839,171305520.376,68989598.31,40.27284010379474
20250305,000300,沪深300,285,99.0,159959452.32,46241009.23,28.90795670986328,298337427.381,67533945.561,22.636766078549687
20250305,000016,上证50,49,98.0,46831809.03,15638717.28,33.393365756983656,88978067.567,13982558.191,15.714612121095136
20250305,399006,创业板,100,100.0,30609188.41,9084997.44,29.68062177379372,124603503.512,29769150.703,23.891102468184663
20250305,000688,科创50,47,94.0,7184311.46,1877261.58,26.13001385660972,43627678.112,13355084.604,30.61149522950803
20250305,STAR,科创板,85,97.7,3653465.87,1318412.5,36.086624233333815,15572010.996,4841523.354,31.091188898104733
20250305,000905,中证500,423,98.6,134501913.67,50023490.47,37.191657059045625,199248499.613,66240811.337,33.24532504167379
20250305,000852,中证1000,754,97.7,172648555.33,49771148.09,28.82801306669932,255988383.529,77841389.194,30.408172480678846
20250305,399330,深证100,99,99.0,47676000.47,13217238.15,27.72304308184768,126485749.747,27352691.815,21.62511735093601
20250306,000001,上证指数,427,98.6,118832449.39,41323872.89,34.77490626687149,160978571.394,51288482.716,31.860440971655706
20250306,399001,深证成指,399,95.0,117451576.13,40390961.66,34.38945903569119,235775773.733,99039456.906,42.00578173826944
20250306,000300,沪深300,285,99.0,197778622.23,57782054.8,29.21552094381783,407247998.339,100553407.208,24.69095185688247
20250306,000016,上证50,49,98.0,56507427.53,19762462.41,34.9732119720156,126723345.974,23038484.219,18.18014197930572
20250306,399006,创业板,100,100.0,48491015.62,20891093.18,43.082399724751326,170295511.334,43201714.097,25.368674581368523
20250306,000688,科创50,47,94.0,9449145.35,2447526.94,25.90209854270048,64638498.125,19912584.891000003,30.80607605160072
20250306,STAR,科创板,85,97.7,4782299.75,1486705.18,31.08766195594493,21683017.488,6176640.475,28.48607431331146
20250306,000905,中证500,422,98.4,172746055.12,63065553.91,36.50766662439312,255837266.708,78633260.696,30.735655406195416
20250306,000852,中证1000,754,97.7,216409538.98,61769455.13,28.542852325797234,330765703.844,100503807.119,30.38519591087984
20250306,399330,深证100,99,99.0,62304434.18,19015560.27,30.520396373496123,173260195.236,42538352.925,24.551717067534145
20250307,000001,上证指数,427,98.6,115650603.89,42142347.92,36.43936694017033,157337737.107,51835494.894,32.94536698385871
20250307,399001,深证成指,399,95.0,107338871.61,32278665.91,30.071739553290428,213507573.692,79564892.338,37.2656065366459
20250307,000300,沪深300,285,99.0,170546301.35999998,47290067.03,27.7285796601224,351720863.343,78490217.593,22.31605394316797
20250307,000016,上证50,49,98.0,43143913.5,11738121.05,27.20689918405293,97882393.827,15755779.344,16.096642846564617
20250307,399006,创业板,100,100.0,44100842.91,19573538.84,44.383593483565,147617237.042,35625153.589,24.133464562044303
20250307,000688,科创50,47,94.0,7833599.22,1958270.08,24.998343992380047,46864584.808,11738744.092,25.048219545937688
20250307,STAR,科创板,85,97.7,4375795.95,1382762.56,31.6002522923858,19443267.394,5579521.679,28.69642003031746
20250307,000905,中证500,422,98.4,174479951.06,70462598.51,40.38435251839874,250262814.569,86148628.86400001,34.423263804638445
20250307,000852,中证1000,754,97.7,227952401.13,74129833.82,32.51987408446914,338021364.035,109555106.969,32.41070495108003
20250307,399330,深证100,99,99.0,56286183.31,15945150.58,28.328711670110927,155302320.068,33149882.17,21.34538759980221
20250310,000001,上证指数,427,98.6,100526181.99,35980236.94,35.79190637477826,133225348.159,44073605.667,33.08199698934142
20250310,399001,深证成指,399,95.0,93064396.07,27419243.74,29.46265693206256,177061384.092,59365439.598,33.52816872094147
20250310,000300,沪深300,286,99.3,152717863.4,45046689.22,29.496673288319457,299027747.568,67371758.146,22.530269747184384
20250310,000016,上证50,49,98.0,47602004.46,16300660.65,34.24364338207114,96082834.349,16216205.886999998,16.877318406426433
20250310,399006,创业板,100,100.0,34972298.38,13925922.18,39.81986550807874,119239401.59,26293193.763,22.05075957476549
20250310,000688,科创50,48,96.0,7289406.29,1816995.05,24.92651634046866,44100674.998,13078686.916,29.656432507196605
20250310,STAR,科创板,85,97.7,3717746.85,1164143.98,31.31315893657472,15364898.393,3664070.445,23.847020340006228
20250310,000905,中证500,422,98.4,145812925.48,56822865.53,38.969704052604,211745083.906,71772759.233,33.895832625262784
20250310,000852,中证1000,754,97.7,191368595.63,63428074.72,33.144453253257126,277657158.83,79216468.616,28.530317370459567
20250310,399330,深证100,99,99.0,45770521.04,12289796.95,26.85090025359257,124154142.632,25074700.41,20.19642669864255
20250311,000001,上证指数,428,98.8,97024352.88,34472082.06,35.52930891756132,133386751.436,43721524.269,32.77801115801064
20250311,399001,深证成指,399,95.0,90982984.95,27188164.71,29.882691499890168,174840167.644,61772517.0,35.33084978834945
20250311,000300,沪深300,286,99.3,146738491.64,42275759.54,28.8102726609164,297292067.986,63755073.834,21.445265682972188
20250311,000016,上证50,49,98.0,41001314.6,12187308.13,29.724188721500163,89677715.432,15136686.745,16.878983448767393
20250311,399006,创业板,100,100.0,30523676.48,10087568.28,33.04833966055716,110355972.736,23511623.713,21.305257096728127
20250311,000688,科创50,48,96.0,6814235.88,1754393.62,25.746006608740995,38911729.905,11964872.555,30.74875515483716
20250311,STAR,科创板,85,97.7,3866552.99,1308802.69,33.84934057246684,15476577.52,4012630.328,25.927116785442884
20250311,000905,中证500,423,98.6,147873032.63,59580000.66,40.29132263019039,211019186.263,69737346.323,33.04786998661064
20250311,000852,中证1000,755,97.8,191506201.2,65041437.31,33.963097227370625,278571770.535,86171077.36400001,30.93316928650292
20250311,399330,深证100,99,99.0,44465864.98,10713692.34,24.09419527725108,125953608.094,24907063.389,19.7747915013373
20250312,000001,上证指数,428,98.8,107399226.01,36930492.89,34.38618159739939,147846589.588,47807790.521,32.33607934699383
20250312,399001,深证成指,399,95.0,106313379.56,34879296.2,32.80800247753878,208274926.23,77176281.112,37.05500345575612
20250312,000300,沪深300,286,99.3,160303277.12,49827266.24,31.08312389814729,322473401.403,78024372.709,24.195599503567035
20250312,000016,上证50,49,98.0,41862665.42,13431043.83,32.083584968250214,87122797.024,15611749.327,17.919247154908696
20250312,399006,创业板,100,100.0,35652936.11,13884987.96,38.94486534618257,126189749.252,28002964.683,22.19115645208097
20250312,000688,科创50,48,96.0,6442968.64,1721129.52,26.71329966305718,40987865.152,13815646.567,33.70667517267819
20250312,STAR,科创板,85,97.7,4134859.05,1506624.53,36.43714360710796,16095215.985,4454809.021,27.677845548339807
20250312,000905,中证500,423,98.6,155510663.55,60596299.45,38.96600918979231,226669901.928,74689851.297,32.950934668302224
20250312,000852,中证1000,755,97.8,220805956.48,73488699.83,33.28202780465137,322015356.268,100451755.194,31.19470958099221
20250312,399330,深证100,99,99.0,51192730.49,14899156.4,29.104047112529784,141590743.865,33973249.186,23.99397605989828
20250313,000001,上证指数,428,98.8,108214291.65,36156620.2,33.41205643792615,139226660.53,40266095.887,28.92125382718896
20250313,399001,深证成指,399,95.0,96218625.07,28890973.09,30.02638321736725,182272317.292,59904699.696,32.865495203000435
20250313,000300,沪深300,286,99.3,159705916.74,46534079.0,29.13735442610878,304928113.682,66614812.442,21.846071074794537
20250313,000016,上证50,49,98.0,41017870.31,10362552.18,25.26350612960432,86860025.627,12854675.102,14.799299227934132
20250313,399006,创业板,99,99.0,31397397.35,10480857.82,33.38129496265397,112482901.287,23910858.295,21.257327132762583
20250313,000688,科创50,48,96.0,7088801.35,2132898.65,30.08828354316912,39600092.605,12827703.017,32.39311368524513
20250313,STAR,科创板,85,97.7,3994452.81,1489089.5699999998,37.27893758744892,14939023.35,3691018.619,24.70722839455231
20250313,000905,中证500,422,98.4,166020840.3,66312627.24,39.94235128564158,217349609.675,66910684.653,30.78481933004189
20250313,000852,中证1000,755,97.8,202517673.04,59950481.29,29.6025924009896,290352925.158,81070807.095,27.921470758692745
20250313,399330,深证100,99,99.0,50159232.96,13846008.4,27.6041071262825,129880512.815,27603025.075,21.252630188115567
20250314,000001,上证指数,428,98.8,141742506.35,51406855.1,36.26777628234031,202443957.5,79923002.386,39.47907528235314
20250314,399001,深证成指,399,95.0,113743044.06,37815197.07,33.24616233239925,228496652.478,94369561.63,41.30019438209758
20250314,000300,沪深300,286,99.3,218506274.4,62703306.96,28.696341618645988,460614933.651,132574955.086,28.78216605683257
20250314,000016,上证50,49,98.0,61829447.31,14056931.09,22.73501009886352,142160880.393,30120997.453,21.18796490970744
20250314,399006,创业板,99,99.0,42711915.08,18198508.04,42.60756748067593,157361361.088,54400512.788,34.570438646357424
20250314,000688,科创50,48,96.0,7504646.07,1985270.0,26.4538791234428,44090978.651,12977752.713,29.434031881498413
20250314,STAR,科创板,85,97.7,3851071.7,1388583.97,36.05707912423443,16245674.896,4917055.188,30.26685699103011
20250314,000905,中证500,422,98.4,182511405.7,63607044.17,34.8509968054013,240432189.352,57504947.165,23.917324597835364
20250314,000852,中证1000,755,97.8,206518634.23,58611168.43,28.380571394213604,288558644.193,79300467.16499999,27.48157740579088
20250314,399330,深证100,99,99.0,67313993.92,22851057.46,33.9469642629697,195202231.923,62218990.043,31.874118154316527
20250317,000001,上证指数,427,98.6,119996248.83,45562311.52,37.96977985915929,157473613.531,54081182.483,34.343012311934835
20250317,399001,深证成指,399,95.0,95088152.6,28370370.84,29.83586289592085,182479121.225,65349112.613,35.81182996405566
20250317,000300,沪深300,285,99.0,164470453.10999998,47188351.56,28.691081387390486,332358269.826,83573179.557,25.145509272494763
20250317,000016,上证50,49,98.0,42612954.87,10320142.85,24.21832253004707,93420545.814,16610541.231,17.780394115949115
20250317,399006,创业板,98,98.0,32355964.43,11621037.26,35.91621348558888,127334406.717,39275981.934,30.84475197759444
20250317,000688,科创50,48,96.0,6578183.46,2076893.7800000005,31.57245146215488,35903490.896,9029854.091,25.15035130471398
20250317,STAR,科创板,86,98.9,3822588.6,1459811.47,38.18908134660371,14791450.471,3863423.06,26.11929822281186
20250317,000905,中证500,421,98.1,150512952.82,53540537.23,35.57204627699363,201706217.016,51520441.314,25.54231697772272
20250317,000852,中证1000,755,97.8,185550702.93,53775971.3,28.981820306165734,270089677.296,78845988.777,29.19252211575273
20250317,399330,深证100,98,98.0,49812023.52,15941886.2,32.004092733954444,141018336.312,38027853.485,26.96660198916558
20250318,000001,上证指数,427,98.6,103381720.15,36267215.18,35.08087805791844,138937598.582,44205551.582,31.816838662221585
20250318,399001,深证成指,399,95.0,89690116.6,23954178.38,26.707712385781424,179738261.756,60694365.732,33.7681944506587
20250318,000300,沪深300,285,99.0,143146060.75,38616692.1,26.97712525072053,307557863.548,80040822.727,26.024638682180264
20250318,000016,上证50,49,98.0,38196671.5,10122360.87,26.500635978189884,85399547.232,16484061.53,19.302282113064027
20250318,399006,创业板,98,98.0,29711497.57,8699667.61,29.280474972706,121335648.366,32520666.006,26.80223532321171
20250318,000688,科创50,48,96.0,6731960.53,1950644.82,28.97588022548908,36346960.224,8662577.434,23.83301761856849
20250318,STAR,科创板,86,98.9,3420652.54,998483.81,29.18986358082426,14731777.21,3705489.878,25.153040432112263
20250318,000905,中证500,421,98.1,139764291.28,51792705.64,37.057180461238055,195651782.515,53773418.223,27.48424651785493
20250318,000852,中证1000,755,97.8,180741328.54,56024043.32,30.996808407105007,267813070.231,80122572.118,29.917349459042804
20250318,399330,深证100,98,98.0,48319980.16,13987260.18,28.947156297839005,142331812.488,33376012.694,23.44943980588593
20250319,000001,上证指数,426,98.4,93914611.61,33674001.12,35.855976554360154,125168676.651,39954061.308,31.92017553992475
20250319,399001,深证成指,399,95.0,86104198.24,23963096.44,27.83034617337377,172152360.362,61715494.626,35.849345600737266
20250319,000300,沪深300,284,98.6,145643655.63,43389890.09,29.791816129794025,299582843.518,82346254.562,27.48697275017765
20250319,000016,上证50,49,98.0,45577931.73,18627215.63,40.86893573922162,85259456.92,17268438.273000002,20.25398577098983
20250319,399006,创业板,98,98.0,28192491.4,7981027.790000001,28.30905462296248,116861401.991,32378019.441,27.70634177698259
20250319,000688,科创50,48,96.0,5594838.95,1724011.77,30.814323439998216,32787037.403,10148803.472,30.953706939899945
20250319,STAR,科创板,86,98.9,3348329.39,1083014.29,32.344914847221766,14340078.016,3763979.236,26.247969026391104
20250319,000905,中证500,421,98.1,129122781.94,45995385.3,35.621433033694125,180304295.478,51126830.797,28.35585844555672
20250319,000852,中证1000,755,97.8,172776185.2,53051304.23,30.70521794921537,253863024.825,78895918.979,31.07814500886325
20250319,399330,深证100,98,98.0,43884810.28,11594033.73,26.41924086267236,137216020.587,39725005.701,28.95070526827651
20250320,000001,上证指数,426,98.4,96388728.35,34526782.18,35.82035241156909,129330844.198,41715427.483,32.2548172801961
20250320,399001,深证成指,399,95.0,83115768.79,23545104.93,28.328084156315725,162865907.16,58171132.831,35.71719449783465
20250320,000300,沪深300,284,98.6,133148829.2,35542800.17,26.694038831247944,268210263.97,62595363.149,23.33816842893136
20250320,000016,上证50,49,98.0,38401564.17,10660289.56,27.76003996297633,82136571.986,16146422.238000002,19.6580181612061
20250320,399006,创业板,98,98.0,23228666.6,7021738.88,30.22876431486601,88533494.632,20384623.403,23.024758581744813
20250320,000688,科创50,48,96.0,5145231.53,1477920.05,28.72407279211398,30410122.364,8163182.547,26.84363597518341
20250320,STAR,科创板,86,98.9,3081370.04,1048681.5,34.03296216899675,13113884.897,4066037.024,31.005587253020405
20250320,000905,中证500,421,98.1,124197456.71,41807563.27,33.66217342728709,166612943.207,43957113.991,26.382772637530127
20250320,000852,中证1000,755,97.8,182463653.57,60956071.05,33.40724021324879,257696187.574,80345314.031,31.17830915054886
20250320,399330,深证100,98,98.0,38259050.14,10923629.46,28.551752905593705,108492989.371,25121680.284,23.15511852852953
20250321,000001,上证指数,426,98.4,121798158.24,47176012.43,38.73294400481897,148034538.854,47254793.68,31.92146511606008
20250321,399001,深证成指,399,95.0,92208772.66,27233649.61,29.53477074292944,172849727.303,61328568.701,35.48085939036108
20250321,000300,沪深300,284,98.6,164303189.49,45327517.62,27.587728370153624,314507530.552,74734712.816,23.76245576213429
20250321,000016,上证50,49,98.0,44356383.83,11446833.08,25.806506508445462,97547408.232,16312666.45,16.722808679040536
20250321,399006,创业板,98,98.0,26215056.82,7861835.5,29.989770970101603,97208076.0,24355108.637,25.054614430389503
20250321,000688,科创50,48,96.0,6403159.06,1812484.47,28.30609786538709,38728506.46,13051263.525,33.69937216267234
20250321,STAR,科创板,86,98.9,3678694.05,1355698.29,36.85270564971284,14489362.693,3990212.169,27.538907359450143
20250321,000905,中证500,421,98.1,148083947.32,48127108.32,32.49988212159173,184959383.979,43017990.621,23.25807412176729
20250321,000852,中证1000,756,97.9,193647169.86,58127649.01,30.017298498100548,264595800.449,75766144.053,28.63467368886064
20250321,399330,深证100,98,98.0,48422322.66,15368669.86,31.73881180362198,126425534.228,32700782.832,25.865647340691734
20250324,000001,上证指数,426,98.4,115589249.13,42248539.74,36.55057893185572,138212726.67,40403725.223,29.23299915750081
20250324,399001,深证成指,399,95.0,95071486.8,30113023.78,31.674085252656425,161988720.251,51828273.733,31.99498931326365
20250324,000300,沪深300,284,98.6,152921331.66,47843700.69,31.286479244356848,275269875.876,61777925.441,22.442675663075068
20250324,000016,上证50,49,98.0,43973819.89,11498344.58,26.14815953847761,81156003.898,12342350.946,15.208179744178066
20250324,399006,创业板,98,98.0,24454916.16,7165372.95,29.300337417308896,89066719.307,23676209.913,26.5825552992376
20250324,000688,科创50,48,96.0,6143836.14,1727823.96,28.122884800765537,33682219.443,8321504.033,24.705925472287767
20250324,STAR,科创板,86,98.9,3752663.27,1339912.05,35.705629671377366,15180560.4,4242785.296,27.948805473610843
20250324,000905,中证500,421,98.1,143946882.7,49237251.12,34.20515275944909,176091189.163,40898825.598,23.22593526252
20250324,000852,中证1000,756,97.9,186249115.35,53695585.14,28.82998130707632,243570530.809,64349285.695,26.419158952139654
20250324,399330,深证100,98,98.0,46983013.91,16141109.81,34.35520301213473,116268797.421,26187562.414,22.523293432869128
20250325,000001,上证指数,426,98.4,104259870.76,37193422.4,35.67376607018537,124653949.452,35507154.841,28.4845807109165
20250325,399001,深证成指,399,95.0,84395058.71,28261562.78,33.487224503407184,143885673.245,48494728.201,33.70365312078434
20250325,000300,沪深300,284,98.6,140704047.76,41630043.19,29.58695492613595,242792194.804,52093852.673,21.45614800964012
20250325,000016,上证50,49,98.0,34877125.1,8459989.66,24.25655679974609,69324153.887,11729400.193,16.919644215375783
20250325,399006,创业板,98,98.0,22227276.58,6355928.95,28.595176413645905,84510894.976,24660596.659,29.180375697125555
20250325,000688,科创50,48,96.0,5269812.4,1280889.4,24.30616695197726,30952769.072,10152014.851,32.79840594353658
20250325,STAR,科创板,86,98.9,2868662.48,1041462.53,36.30481233888485,11956601.459,3776468.463,31.584798372261275
20250325,000905,中证500,421,98.1,127337426.46,41625918.01,32.68946072431877,154600417.383,38113518.099,24.65292057044019
20250325,000852,中证1000,756,97.9,172148236.87,56716404.04,32.94625903303914,222061358.111,66945887.968,30.14747299461994
20250325,399330,深证100,98,98.0,41015226.2,14761714.66,35.99081616182821,103527381.536,25952911.141,25.068644406866685
20250326,000001,上证指数,426,98.4,94948891.85,36377942.84,38.31318315696593,111466090.774,33167147.335,29.755369641738973
20250326,399001,深证成指,399,95.0,79916700.13,28222646.83,35.315080307483164,129510201.736,43595981.188,33.66219850144949
20250326,000300,沪深300,284,98.6,127280214.17,39422473.78,30.97297882241613,218052060.713,53334019.39,24.45930536753707
20250326,000016,上证50,49,98.0,36623819.27,9989054.21,27.274747443346044,70668195.939,16252627.046999998,22.998502835743945
20250326,399006,创业板,98,98.0,19276648.1,5716534.75,29.655232177009022,68453324.522,17158240.972,25.065606516284777
20250326,000688,科创50,48,96.0,4492464.83,1203500.62,26.789316456373903,24309556.578,6144930.107,25.27783708140988
20250326,STAR,科创板,86,98.9,2439194.64,742403.28,30.43640994553842,10660146.669,3019960.074,28.329442059011505
20250326,000905,中证500,421,98.1,119092767.1,44786400.67,37.6063146071614,140851892.762,35685910.716,25.33576937890294
20250326,000852,中证1000,756,97.9,155495360.19,53583934.65,34.46015018359758,197963415.307,58583299.362,29.59299286241829
20250326,399330,深证100,98,98.0,37580889.24,13175251.27,35.05838083250208,88489974.083,20201991.568,22.829695428604545
20250327,000001,上证指数,427,98.6,90832721.17,33593316.25,36.98371667972788,110759875.921,31484868.402,28.42624022480553
20250327,399001,深证成指,399,95.0,77080309.46000001,23244405.07,30.15608685647848,134008677.79,42681107.979,31.84951055623724
20250327,000300,沪深300,285,99.0,124826698.23,36836705.08,29.510277530634,232786837.209,55490629.383,23.83752880889033
20250327,000016,上证50,49,98.0,35276489.34,8972165.4,25.43383870635467,76206322.097,12343715.464,16.19775777695737
20250327,399006,创业板,99,99.0,19962570.43,5223270.01,26.16531787985782,74357361.018,17033846.425,22.908083600326464
20250327,000688,科创50,48,96.0,5525721.12,1406867.23,25.46033720210621,34106970.255,10990709.167,32.22423183539379
20250327,STAR,科创板,86,98.9,2950148.38,962719.74,32.6329260767555,12335024.399,3214201.414,26.057519709977832
20250327,000905,中证500,422,98.4,115567241.16,39319941.65,34.02343194778052,146380857.925,34411145.642,23.507954612228712
20250327,000852,中证1000,756,97.9,157920107.36,50173885.16,31.77168886139491,209341748.264,61386379.432,29.32352478235057
20250327,399330,深证100,98,98.0,37229045.5,12042441.6,32.3468986063583,92822748.643,22096562.834,23.80511583317174
20250328,000001,上证指数,427,98.6,95096486.06,34589727.95,36.373297671773095,114249717.159,35253289.79,30.85634753995794
20250328,399001,深证成指,399,95.0,74651380.83,22709533.14,30.42078108603956,126360622.227,39514274.377,31.27103497956408
20250328,000300,沪深300,285,99.0,124121207.56,38151399.55,30.7372126810462,213554774.33,44951492.168,21.04916282439921
20250328,000016,上证50,49,98.0,35134536.53,11343384.26,32.28556679640368,63507605.168,10202025.565,16.06425803336789
20250328,399006,创业板,99,99.0,18650194.58,5619898.37,30.13318893748508,66779618.329,14515413.245,21.73629261174809
20250328,000688,科创50,48,96.0,4311773.5,1071176.99,24.84307188213852,25948344.357,6858507.812,26.431388907284187
20250328,STAR,科创板,86,98.9,2987156.3,1057126.12,35.3890460971192,10929753.353,2206754.612,20.19034227697636
20250328,000905,中证500,422,98.4,113919446.4,38873748.25,34.12389146757651,138058170.561,32046602.858,23.21239136211822
20250328,000852,中证1000,756,97.9,154636064.12,47168238.08,30.50274096694333,205160590.751,61953251.418,30.197442496737416
20250328,399330,深证100,98,98.0,33571201.26,9635272.23,28.701005231768107,84602342.429,17481234.985,20.662826209180444
20250331,000001,上证指数,429,99.1,125021860.68,52824679.47,42.25235425443518,145270135.157,49753702.651,34.24909228399142
20250331,399001,深证成指,399,95.0,81782835.1,23176304.24,28.33883688632359,142487875.509,43715333.361,30.68003730481531
20250331,000300,沪深300,286,99.3,164448742.12,48898096.71,29.734551982354805,268265854.296,54139120.119,20.181144656324324
20250331,000016,上证50,49,98.0,47674518.02,13952621.07,29.26641243472397,80232798.395,10477232.543,13.058540587626975
20250331,399006,创业板,100,100.0,21123991.32,6578557.43,31.14258726177132,78488817.297,19992158.73,25.47134664336972
20250331,000688,科创50,48,96.0,5324365.45,1457919.89,27.38204023918005,30008965.941,8112879.262,27.0348511106666
20250331,STAR,科创板,86,98.9,3213450.0,1065813.95,33.16727971494811,12670147.643,3306917.639,26.100071855334733
20250331,000905,中证500,423,98.6,129932019.75,44212980.79,34.02777919951483,160120237.898,38474791.596,24.02868750451724
20250331,000852,中证1000,757,98.1,164784498.86,45458879.8,27.586866552673506,217128676.769,61786239.209,28.45604741318139
20250331,399330,深证100,99,99.0,43120275.79,11961621.64,27.74013250345216,107655049.48,23935524.255,22.23353606785226
20250401,000001,上证指数,429,99.1,114034883.44,46526519.42,40.80025165674866,133341144.27,41079287.781,30.80766106057956
20250401,399001,深证成指,399,95.0,71758915.05,18850333.58,26.26897796164492,131025219.628,41260330.705,31.490373244283955
20250401,000300,沪深300,286,99.3,137704678.57,39455407.44,28.652190942040846,245646538.344,58449422.205,23.794115968020783
20250401,000016,上证50,49,98.0,38998814.11,12043714.34,30.88225787078939,73893629.763,14233864.886,19.262641355760245
20250401,399006,创业板,100,100.0,21053320.11,5959527.97,28.30683207618791,77722548.724,20524902.834,26.407912724125705
20250401,000688,科创50,48,96.0,5112159.32,1339514.96,26.20252766300718,30881461.429,9417844.374,30.496757401370715
20250401,STAR,科创板,86,98.9,3180259.58,955864.93,30.056192142655224,13581153.407,3555846.54,26.18221319970692
20250401,000905,中证500,423,98.6,116760296.74,38283286.8,32.78793208726475,147218378.009,32143536.932,21.8339159598912
20250401,000852,中证1000,756,97.9,145413257.31,39952400.46,27.475074280763323,195660744.592,54170186.122,27.68577122353181
20250401,399330,深证100,99,99.0,36636014.52,10882381.65,29.70405430989004,99024324.552,24746031.113,24.989850953242584
20250402,000001,上证指数,429,99.1,87020427.15,35414456.28,40.69671620774157,105565756.488,33877937.812,32.09178708992722
20250402,399001,深证成指,399,95.0,59300835.44,16183352.49,27.29026053330085,112686463.057,38025242.379,33.74428600156325
20250402,000300,沪深300,286,99.3,111675745.77,30902334.49,27.67148253806552,199442451.858,46944362.938,23.537798748795804
20250402,000016,上证50,49,98.0,30762892.09,8910205.14,28.96413352142666,55796925.99,9389936.638,16.828770530625427
20250402,399006,创业板,100,100.0,16434770.25,5076824.73,30.89075571348496,62050355.324,15995072.884,25.777568557795803
20250402,000688,科创50,48,96.0,3641638.75,953258.84,26.17664478663624,20173955.602,5483351.375,27.18034818345884
20250402,STAR,科创板,86,98.9,2425913.63,652146.5,26.8825110645015,11218896.315,2995449.364,26.70003608104476
20250402,000905,中证500,423,98.6,95450477.51,33713667.03,35.32058498761092,120312875.66,28848710.414,23.97807404714144
20250402,000852,中证1000,757,98.1,132552262.63,44790931.42,33.79114813379478,179013663.727,57963671.271,32.37946761393362
20250402,399330,深证100,99,99.0,31985054.67,9139942.33,28.575665804856985,85668624.066,19866346.753,23.18975817528569
20250403,000001,上证指数,429,99.1,107135598.39,41867850.74,39.07930824971052,131797201.646,41252236.333,31.299781647717552
20250403,399001,深证成指,399,95.0,74985415.96,19485592.6,25.98584318101848,142757746.035,48240180.091,33.79163753340077
20250403,000300,沪深300,286,99.3,141941241.73,37300829.68,26.27906394601893,263148051.92,64642789.136,24.56517867578672
20250403,000016,上证50,49,98.0,39827023.71,10783057.86,27.07472679484339,75750753.674,13466464.811,17.77733442620797
20250403,399006,创业板,100,100.0,22213603.04,5637292.25,25.37765818471204,86185265.268,24215434.803,28.096954540547227
20250403,000688,科创50,48,96.0,4786913.4,1103493.05,23.052287722606387,30265174.996,8534411.372,28.198784157461343
20250403,STAR,科创板,86,98.9,2886693.7,698673.95,24.203258904815563,12781036.722,2970120.764,23.23849644283965
20250403,000905,中证500,423,98.6,109605699.47,34537543.67,31.51071872813805,145050745.568,35666494.065,24.588976723514666
20250403,000852,中证1000,757,98.1,148367853.03,43176871.52,29.10123091911941,197943018.389,57958571.081,29.28043209238081
20250403,399330,深证100,99,99.0,47766228.4,11965419.08,25.049955754932498,125879498.762,27965357.602,22.2159747036124
20250407,000001,上证指数,429,99.1,191451396.77,77768657.19,40.62057446539672,220311295.937,81301623.242,36.903066134770015
20250407,399001,深证成指,398,94.8,118322596.69,36430405.62,30.789051828744142,200573901.579,76980606.708,38.38017114987399
20250407,000300,沪深300,286,99.3,299208691.97,92898825.51,31.048170726041093,491712659.463,128762519.745,26.18653745576161
20250407,000016,上证50,49,98.0,97153178.13,26034010.72,26.79686987199129,181350840.534,32924330.31,18.15504698685269
20250407,399006,创业板,100,100.0,49510356.03,15505541.67,31.31777452903928,157264172.773,47831309.619,30.414625769876523
20250407,000688,科创50,48,96.0,11817562.32,3582533.59,30.31533486340861,59019525.736,19401436.714,32.872911925427
20250407,STAR,科创板,86,98.9,5721042.75,1895865.57,33.13846186519057,19760202.91,4669124.663000001,23.62893075676418
20250407,000905,中证500,423,98.6,186851952.49,51010661.5,27.30004199593793,218353260.599,47440298.132,21.72639785724238
20250407,000852,中证1000,757,98.1,214097995.13,52763219.79,24.64442497836668,245898405.387,57995128.547,23.584995785444832
20250407,399330,深证100,99,99.0,78854606.57,26753065.06,33.92707949947229,192715390.748,53487383.041,27.754598547316643
20250408,000001,上证指数,429,99.1,179945794.82,69788398.51,38.78301161736479,207436326.471,71476361.338,34.4570126910691
20250408,399001,深证成指,398,94.8,127806945.35,35113851.15,27.47413378345013,209170371.059,72885510.204,34.845045134734406
20250408,000300,沪深300,286,99.3,274609467.51,75031542.11,27.32299901760222,454424008.09,103493927.504,22.774749058483444
20250408,000016,上证50,49,98.0,84614844.41,19540694.48,23.09369545763844,156270341.302,24643455.012,15.769758232226122
20250408,399006,创业板,100,100.0,38280070.4,11619441.48,30.353762045327905,120547470.357,34401746.519,28.53792486654395
20250408,000688,科创50,48,96.0,9210212.66,2614860.89,28.39088505910785,43669482.463,13046138.364,29.874726303554542
20250408,STAR,科创板,86,98.9,4569055.97,1361428.9,29.79672188169759,15854637.947,3552998.91,22.4098394544058
20250408,000905,中证500,423,98.6,178437171.29,46494126.64,26.056301108044767,211506666.567,45151472.567,21.34754109639241
20250408,000852,中证1000,757,98.1,235485861.04,54530387.67,23.156544273686727,267123068.734,59025726.471,22.096828533284626
20250408,399330,深证100,99,99.0,80051919.11,23373941.64,29.19847756289474,184390121.592,43260367.191,23.461325811543315
20250409,000001,上证指数,429,99.1,171079156.86,62393579.39,36.47059088621697,199813728.333,64281676.752,32.17080091958008
20250409,399001,深证成指,398,94.8,126625909.95,36026652.64,28.451248764352904,207393712.112,73780027.297,35.5748622008155
20250409,000300,沪深300,286,99.3,267637801.91,72292281.55,27.01123721465554,458795593.651,104961557.551,22.87762982110132
20250409,000016,上证50,49,98.0,73813926.31,16415031.93,22.23839423073225,151425663.004,22520618.147,14.872391971237468
20250409,399006,创业板,100,100.0,40300707.88,12828646.27,31.832310013508376,127211323.634,37008748.056,29.092337850738787
20250409,000688,科创50,48,96.0,9423572.75,2564194.37,27.2104268521724,53234034.51,18348136.391000003,34.4669280844256
20250409,STAR,科创板,86,98.9,4794851.91,1476516.45,30.79378628817756,16901381.399,3815936.231,22.577658836962144
20250409,000905,中证500,423,98.6,189095285.79,53898104.82,28.50314569970645,226907069.214,51537172.77,22.7128986983629
20250409,000852,中证1000,757,98.1,235976554.48,60520063.69,25.64664266048064,270604846.897,64379536.96,23.79097702729053
20250409,399330,深证100,99,99.0,89384527.95,25212293.86,28.206552563664346,195765767.238,44066234.098,22.50967302389849
20250410,000001,上证指数,429,99.1,148519166.83,51818788.22,34.89030360594031,184959697.783,60026522.856,32.453839174426435
20250410,399001,深证成指,398,94.8,119322801.02,38307802.08,32.10434363971989,202893896.864,74072628.78299999,36.50806156710123
20250410,000300,沪深300,286,99.3,230274382.59,64339103.67,27.94019158638014,412372417.706,97635518.101,23.676539435915675
20250410,000016,上证50,49,98.0,59767634.73,12940069.88,21.65063071084661,123551430.579,19865975.722,16.079114283745586
20250410,399006,创业板,100,100.0,37627127.63,11539505.95,30.6680490296038,126710697.742,35634151.695,28.122449272243703
20250410,000688,科创50,48,96.0,7185676.96,1875097.29,26.094928848568777,40355763.55,13546887.182,33.56865535505399
20250410,STAR,科创板,86,98.9,4042198.51,1153633.96,28.539765109160857,15259686.907,3591304.372,23.534587530446505
20250410,000905,中证500,423,98.6,162822716.75,45694295.67,28.063833218161804,210512928.414,51221445.775,24.331733998905104
20250410,000852,中证1000,757,98.1,209074585.92,56767942.2,27.152005084789028,259684318.413,66762662.672,25.70916221664997
20250410,399330,深证100,99,99.0,87156021.6,28363805.1,32.543712504656135,189284420.504,41468737.938,21.90816223943992
20250411,000001,上证指数,429,99.1,112843575.48,39011560.1,34.571361226421146,146600026.564,47499730.546,32.40090173194029
20250411,399001,深证成指,398,94.8,93489264.53,29769770.76,31.842983159255795,165119873.514,62189304.602,37.663125145700384
20250411,000300,沪深300,286,99.3,172745668.69,49430556.65,28.614643148422665,328432222.445,81603485.137,24.84636998449977
20250411,000016,上证50,49,98.0,44330046.3,11054347.03,24.936466240505595,100822886.421,17088874.542999998,16.94940023006584
20250411,399006,创业板,100,100.0,29507401.27,8055565.16,27.3001511935585,106079794.904,25595274.768,24.128322260769064
20250411,000688,科创50,48,96.0,8195367.1,2380714.27,29.04951347450928,48823580.284,16643912.445,34.089905632042274
20250411,STAR,科创板,86,98.9,3694942.16,1060973.95,28.71422349950939,15722760.423,4635653.743,29.4837141715824
20250411,000905,中证500,423,98.6,123994405.45,33862640.88,27.30981350094453,176666084.748,45275544.983,25.627751386227832
20250411,000852,中证1000,758,98.2,171729919.81,47093521.98,27.42301518110748,224745748.2,61298512.87,27.27460401851553
20250411,399330,深证100,99,99.0,63336030.65,19670867.48,31.05794170888731,144153721.578,33722332.803,23.393314049650265
20250414,000001,上证指数,429,99.1,109466300.62,39569992.12,36.14810393324864,137283938.597,42667387.325,31.07966435188828
20250414,399001,深证成指,398,94.8,88720415.17,27918404.11,31.46784655651652,154428829.297,56201538.981,36.3931652119905
20250414,000300,沪深300,286,99.3,169632827.15,53308941.22,31.42607602292738,298355402.604,72162706.797,24.18682757784006
20250414,000016,上证50,49,98.0,44207855.57,12303412.09,27.83082764672541,90306128.357,17138052.732,18.977729467317552
20250414,399006,创业板,100,100.0,25488312.68,7108681.12,27.889963565842447,90528626.594,22532643.771,24.890075790118534
20250414,000688,科创50,48,96.0,5890232.21,1537990.8199999998,26.11086906538104,35355760.257,12228181.72,34.58610882954772
20250414,STAR,科创板,86,98.9,3339452.71,1009422.15,30.22717306273817,14679610.733,4576072.533,31.17298282789553
20250414,000905,中证500,423,98.6,121545726.7,33512612.42,27.57202028395129,164840889.376,43705819.864,26.51394325124489
20250414,000852,中证1000,758,98.2,163585619.18,41836044.71,25.574402517599104,211132868.848,52950726.122,25.07933814896467
20250414,399330,深证100,99,99.0,63873283.76,20675776.46,32.369991399984976,135541665.295,31058611.348,22.914438361372063
20250415,000001,上证指数,429,99.1,95692522.24,35957336.56,37.575910550061394,121029006.335,40407511.053,33.386633730723005
20250415,399001,深证成指,398,94.8,76260796.31,22817606.66,29.92049357476739,127140382.931,41540267.552,32.67275636140266
20250415,000300,沪深300,286,99.3,135537616.56,39760246.76,29.33521170663265,230844086.873,54291479.813,23.51867901336746
20250415,000016,上证50,49,98.0,40389391.7,12312144.07,30.48360857091096,73938384.298,10470394.135,14.160972320953489
20250415,399006,创业板,100,100.0,19065539.59,5121736.41,26.86384188510659,68101680.575,18260147.394,26.81306428831841
20250415,000688,科创50,48,96.0,4225119.62,1086270.07,25.709806294194344,24287905.351,7805057.109999999,32.135571170935265
20250415,STAR,科创板,86,98.9,2628938.02,789171.7,30.018649888140004,11476578.198,3721678.271,32.428466105416064
20250415,000905,中证500,423,98.6,96005539.94,26581490.94,27.687455282906043,130385568.859,35938688.227,27.56339412520751
20250415,000852,中证1000,758,98.2,144837770.71,42870074.78,29.598684493588472,182002069.326,47590282.446,26.148209535330523
20250415,399330,深证100,99,99.0,42978339.66,12358055.73,28.75414878230315,97512896.577,24477140.567,25.10143932364053
20250416,000001,上证指数,429,99.1,108526644.64,42080471.29,38.77432259109048,131085629.128,43769942.972,33.39034435976224
20250416,399001,深证成指,398,94.8,75986492.84,22389919.46,29.46565714928448,125196788.811,41576240.557,33.20871162259957
20250416,000300,沪深300,286,99.3,156123299.24,44215892.92,28.321136649840632,261314121.107,57990686.354,22.19194512272631
20250416,000016,上证50,49,98.0,47064713.29,12534283.04,26.63201826550424,89089730.663,14693149.742,16.492529085736965
20250416,399006,创业板,100,100.0,20460386.18,6391981.8100000005,31.24076815445524,68134253.824,17735756.809,26.030602543639592
20250416,000688,科创50,48,96.0,4804041.52,1254542.55,26.114315306750303,30512105.003,11734825.283,38.45957295259115
20250416,STAR,科创板,86,98.9,2874009.79,878519.59,30.56773129502805,11874322.099,3643135.013,30.68078314387992
20250416,000905,中证500,423,98.6,104698062.84,31515535.73,30.10135514939008,132573831.684,33914498.54,25.58159337269352
20250416,000852,中证1000,759,98.3,148366564.26,42393986.45,28.57381422926805,183424461.169,49460265.817,26.96492359949161
20250416,399330,深证100,99,99.0,44811550.03,13137175.54,29.31649436630746,99561992.98,22681809.535,22.781594518257904
20250417,000001,上证指数,429,99.1,92499803.7,34436788.75,37.22903981687044,114610561.018,38029852.522,33.18180469950519
20250417,399001,深证成指,398,94.8,68736645.12,22467243.99,32.68597696436424,111939588.022,36725927.781,32.808703721316256
20250417,000300,沪深300,286,99.3,120886270.64,33970058.59,28.10084090621261,209484690.4,47216319.859,22.53926994323209
20250417,000016,上证50,49,98.0,34354348.23,9206716.53,26.799275795778936,71754153.51,14696284.884,20.4814413732187
20250417,399006,创业板,100,100.0,17242686.53,5489549.73,31.836974594700816,59464196.019,14665553.796,24.66283037159716
20250417,000688,科创50,48,96.0,3943006.52,956172.95,24.249844506977887,26375742.255,9487970.574,35.97233580109535
20250417,STAR,科创板,86,98.9,2859084.39,858035.91,30.01086337294157,12908072.587,4248185.3610000005,32.91107430925389
20250417,000905,中证500,423,98.6,88811199.9,27992468.69,31.51907498324432,120736485.558,36012607.947,29.82744427300733
20250417,000852,中证1000,760,98.4,130465880.8,38444007.42,29.46671358386292,162132109.835,41684576.387,25.710253465166105
20250417,399330,深证100,99,99.0,37341138.03,11739096.28,31.43743575937286,78373897.299,15823812.754,20.190156798801816
20250418,000001,上证指数,429,99.1,83314556.65,33123473.29,39.75712603158886,96714846.06,31824394.567,32.90538719076983
20250418,399001,深证成指,398,94.8,68347930.79,23475984.71,34.34776216141832,110746470.371,40211219.52,36.30925607406959
20250418,000300,沪深300,286,99.3,104187737.57,30577999.71,29.34894299768794,178950714.951,41866711.511,23.395665964488533
20250418,000016,上证50,49,98.0,29124295.27,9186703.85,31.54309405543944,54004625.237,8735240.192,16.174985297398667
20250418,399006,创业板,100,100.0,16731547.42,5287634.45,31.60278196193285,56753678.847,15059477.72,26.534804484830403
20250418,000688,科创50,48,96.0,3075245.62,814777.8,26.494722720717185,17976356.261,5990344.279,33.323462174568434
20250418,STAR,科创板,86,98.9,2414038.75,792146.28,32.81414931719716,9422429.341,2384298.826,25.30450205261985
20250418,000905,中证500,423,98.6,88221915.09,31217785.53,35.38552240466899,107785658.671,31281768.09,29.02219875603584
20250418,000852,中证1000,759,98.3,123172623.31,39756043.52,32.276688156541304,147845397.753,39522274.12,26.73216395009363
20250418,399330,深证100,99,99.0,34526062.82,10288674.49,29.799732867426904,76631660.1,17784782.833,23.20813983383873
20250421,000001,上证指数,429,99.1,88668661.01,34796489.18,39.24327804620357,105339815.643,34353295.504,32.61188117171613
20250421,399001,深证成指,399,95.0,76294340.63,23941436.49,31.38035703867908,124843726.168,39161868.307,31.368711515627595
20250421,000300,沪深300,286,99.3,125745621.42,40181609.72,31.9546790307635,219120090.707,55511565.713,25.33385484365657
20250421,000016,上证50,49,98.0,33934621.68,11357178.87,33.46782226452097,63597886.235,14478603.073,22.765855801402328
20250421,399006,创业板,100,100.0,22054955.34,7609716.6,34.50343237013328,73224784.269,21779240.369,29.74299014523738
20250421,000688,科创50,48,96.0,3354150.59,850912.77,25.36894951994389,23903767.336,9992858.043,41.80453190719594
20250421,STAR,科创板,86,98.9,2882037.33,846603.03,29.375158371040257,11981921.366,3019799.43,25.202964848100308
20250421,000905,中证500,423,98.6,101325602.33,34917355.94,34.46054613747096,132568544.595,35975689.129,27.13742482344252
20250421,000852,中证1000,760,98.4,141372525.07,41923627.82,29.65472095744325,174730366.533,45220308.421,25.88005125740956
20250421,399330,深证100,99,99.0,41633894.76,12842952.86,30.84734909869384,92342373.766,20057398.206,21.720687251149084
20250422,000001,上证指数,429,99.1,95826537.17,35083347.64,36.611306926139655,115407698.582,37742902.671,32.70397307523012
20250422,399001,深证成指,398,94.8,77784106.27,21618390.76,27.7928124351772,127969785.021,38881520.567,30.383360072551103
20250422,000300,沪深300,286,99.3,128062334.15,40867978.49,31.912567236304746,218391517.556,52801856.671,24.177613334941245
20250422,000016,上证50,49,98.0,36339759.53,12269315.14,33.762785716485446,65542959.841,11489204.402,17.52927305979398
20250422,399006,创业板,100,100.0,21195034.52,6543838.41,30.874393735122823,69408752.832,19635037.075,28.288992776639432
20250422,000688,科创50,48,96.0,4382063.5200000005,1284663.19,29.31639817945861,25438105.04,8324879.445,32.72602040092842
20250422,STAR,科创板,86,98.9,2892989.91,909837.76,31.449738447238484,11746299.326,2914098.105,24.808648444278543
20250422,000905,中证500,422,98.4,102931821.72,33159405.77,32.21492169856061,136348562.233,38648431.82,28.34531672872018
20250422,000852,中证1000,760,98.4,152869870.54,47959852.95,31.3729924546844,188409956.974,53815937.167,28.56321291683456
20250422,399330,深证100,99,99.0,43411949.96,14754963.0,33.98825211398083,92661209.828,19587024.639,21.138321715589417
20250423,000001,上证指数,429,99.1,94687242.22,34046201.81,35.9564826388076,122185570.669,40847327.512,33.43056572748281
20250423,399001,深证成指,398,94.8,82844069.66,22339445.39,26.965654248618183,147554993.804,49983666.963,33.87460205473914
20250423,000300,沪深300,286,99.3,134820718.92,40782259.19,30.249252130304544,256097900.101,71480831.049,27.911525639534474
20250423,000016,上证50,49,98.0,32514049.33,8710532.55,26.790057619685605,66145343.085,11940200.392,18.051460367597247
20250423,399006,创业板,100,100.0,26008171.63,7124029.66,27.391505105966573,95776303.603,26485218.883,27.653206363844685
20250423,000688,科创50,48,96.0,4124819.37,1126834.28,27.3183909141699,24758671.343,7880069.388,31.82751319257657
20250423,STAR,科创板,86,98.9,2775033.7,733245.4400000001,26.422938215128703,11734886.73,3050981.217,25.99923874169342
20250423,000905,中证500,422,98.4,107715621.13,33671040.99,31.259199581983605,154686390.891,44121650.898,28.52329196114633
20250423,000852,中证1000,760,98.4,168145239.7,55211173.51,32.83540682359264,219025163.88,64825356.995,29.597218806564463
20250423,399330,深证100,99,99.0,54338779.11,18019264.0,33.160965879492686,127582183.369,34092836.267,26.722254915794064
20250424,000001,上证指数,429,99.1,88860065.06,33267110.37,37.43763899738023,104412974.132,30811416.289,29.509183648047298
20250424,399001,深证成指,398,94.8,76605978.37,21251738.7,27.741619064449523,129462688.346,40146848.022,31.010361776749257
20250424,000300,沪深300,286,99.3,118632441.7,34561267.45,29.13306592592876,209901339.152,49283753.398,23.479484979517533
20250424,000016,上证50,49,98.0,30350652.03,10024347.83,33.028443079547245,57420164.51,7885987.507,13.73382952538671
20250424,399006,创业板,100,100.0,21275437.78,5223646.52,24.55247489624159,76807359.073,18634538.008,24.261396606917813
20250424,000688,科创50,48,96.0,3710015.79,924103.28,24.90833819335308,21514444.691,6863620.558,31.90238305742195
20250424,STAR,科创板,86,98.9,2600006.59,721095.22,27.73436124252285,10507953.362,2681961.583,25.52315841730703
20250424,000905,中证500,422,98.4,101163457.24,30101924.87,29.755729678737897,133226672.561,32941377.499,24.72581268132869
20250424,000852,中证1000,761,98.6,156337369.31,51570776.3,32.986851785730614,195033551.87,57823605.876,29.64802995258089
20250424,399330,深证100,99,99.0,42004017.16,12843754.3,30.577442750478102,99188537.348,21063855.837,21.23617950237344
20250425,000001,上证指数,429,99.1,100157159.68,37546339.18,37.4874240643003,115966975.247,36211439.568,31.22564806995496
20250425,399001,深证成指,399,95.0,88803778.34,29175756.07,32.85418325141052,145464168.888,49340467.869,33.91932751974794
20250425,000300,沪深300,286,99.3,125705439.87,38292991.1,30.46247731172273,224875039.223,58443860.18,25.98948303997557
20250425,000016,上证50,49,98.0,31035276.75,9128044.76,29.41183619379196,59363407.632,8572810.019,14.44123637939343
20250425,399006,创业板,100,100.0,23406111.69,7387100.8,31.56056374436621,83376928.723,23784702.942,28.526719928745536
20250425,000688,科创50,48,96.0,4120966.05,1285839.4,31.202377898745365,23229895.356,6568003.808,28.27392765806655
20250425,STAR,科创板,86,98.9,3123549.12,1133796.43,36.29833841063463,12355412.226,3958137.975,32.03566099292687
20250425,000905,中证500,423,98.6,116391900.85,39074576.05,33.57155933071094,144133075.347,33465535.731,23.218498356766347
20250425,000852,中证1000,761,98.6,156064854.43,51354453.35,32.90584131678032,187775249.684,52202091.247,27.800304531533826
20250425,399330,深证100,99,99.0,47661183.94,15343374.79,32.19260102584854,110931900.88,27490629.986,24.781536932047928
20250428,000001,上证指数,427,98.6,102133545.31,39537106.53,38.71118584006393,115430893.237,34072787.713,29.51791046357282
20250428,399001,深证成指,399,95.0,78570693.73,22659397.6,28.839503031329546,127616946.095,42549191.213,33.3413331967102
20250428,000300,沪深300,286,99.3,125192444.26,34116012.54,27.25085586566852,209320019.88,47355503.498,22.623494649555354
20250428,000016,上证50,49,98.0,30411596.96,8140178.54,26.76669216255456,58534673.12,9087407.411,15.524828151632803
20250428,399006,创业板,100,100.0,19369839.88,4817990.27,24.873671129180234,67739935.076,17010947.496,25.112140241815663
20250428,000688,科创50,48,96.0,3582287.06,1142885.0,31.90378048597814,20551375.306,6544871.267,31.846390665101698
20250428,STAR,科创板,86,98.9,2960923.83,927493.63,31.324467742218143,11282586.392,2652880.713,23.51305472724804
20250428,000905,中证500,423,98.6,111233136.65,32279526.97,29.019703967864324,136238113.997,29960103.579,21.990985268380715
20250428,000852,中证1000,761,98.6,159674135.18,54952050.1,34.41512304923573,182068952.607,49256197.221,27.05359508895546
20250428,399330,深证100,99,99.0,37852961.64,10814294.72,28.56921691583655,92158744.096,21677485.665,23.52189787050372
20250429,000001,上证指数,429,99.1,90954191.55,32898814.55,36.17075144020672,105424159.553,28003348.092,26.56255284437136
20250429,399001,深证成指,399,95.0,70458216.03,18919527.26,26.85212360747873,121513425.304,39717267.553,32.685497469630285
20250429,000300,沪深300,286,99.3,108408492.15,28923383.51,26.67999797467896,196340664.353,44557716.844,22.69408478922628
20250429,000016,上证50,49,98.0,26946967.6,7029562.62,26.08665555377741,59639140.593,12498762.304,20.95731457516511
20250429,399006,创业板,100,100.0,21233912.42,5381477.64,25.34378749217804,70656110.836,14032250.731,19.859925157174697
20250429,000688,科创50,48,96.0,4050099.96,1207042.4300000002,29.80278121333085,20194559.399,4994972.745999999,24.734249692257915
20250429,STAR,科创板,86,98.9,2901686.02,972759.6,33.52394412404413,11693579.976,4053362.239,34.66314206016596
20250429,000905,中证500,423,98.6,105187477.82,31482223.18,29.92963024921401,128730085.638,28118691.76,21.84313917033518
20250429,000852,中证1000,761,98.6,155007593.72,53419421.16,34.46245430820304,183392477.165,52606585.087,28.685247017885768
20250429,399330,深证100,99,99.0,36402826.0,11288307.63,31.009426658249005,85526792.337,16327667.464,19.090704816409254
20250430,000001,上证指数,429,99.1,112126491.0,45416294.85,40.50451810714383,128442471.229,40569148.002,31.58546204679392
20250430,399001,深证成指,399,95.0,77085893.77,20750969.48,26.9192824590117,138534927.058,48996977.518,35.36795994954152
20250430,000300,沪深300,286,99.3,143215637.96,41924019.66,29.273353285420782,247901855.741,57176658.54,23.06423175780353
20250430,000016,上证50,49,98.0,41276579.2,16187001.03,39.21594604913384,77415786.473,13609378.658,17.579591034377064
20250430,399006,创业板,100,100.0,22352892.51,5642727.37,25.24383529995331,79197906.487,16353992.598,20.64952638701938
20250430,000688,科创50,48,96.0,5637936.74,1877829.88,33.30704061784134,28609408.22,6373726.812,22.27842939982349
20250430,STAR,科创板,86,98.9,3377009.98,870647.53,25.781609623789148,14904227.05,4312671.004,28.935891740860185
20250430,000905,中证500,423,98.6,110972682.81,33294008.26,30.001985549005585,145230002.84,33180479.46,22.846849005818004
20250430,000852,中证1000,760,98.4,157367965.95,47021340.77,29.879868171480297,194508807.47,51239387.335,26.34296513431809
20250430,399330,深证100,99,99.0,42357452.63,11480698.1,27.10431668373916,101161283.618,19734291.152,19.50775083728633
20250506,000001,上证指数,429,99.1,109948842.61,37784657.13,34.36567064559844,133866787.29,37109146.425,27.72095093655249
20250506,399001,深证成指,399,95.0,87767647.96,23695237.08,26.997689502627527,163478838.47,56899225.718,34.80525446016157
20250506,000300,沪深300,286,99.3,161696493.28,45769118.0,28.305572416307385,278074103.8,58035063.582,20.870358939910748
20250506,000016,上证50,49,98.0,40418464.31,12225878.21,30.248250196322218,77861483.799,10805258.632,13.877540094013437
20250506,399006,创业板,100,100.0,28172861.05,7683624.34,27.273141788345274,99877584.531,24405589.33,24.43550216457727
20250506,000688,科创50,48,96.0,5561909.42,1538386.66,27.65932603051993,29875281.026,7989591.185,26.743149890529168
20250506,STAR,科创板,86,98.9,3529616.15,909647.44,25.77185170687753,15315893.3,3988683.884,26.04277664953437
20250506,000905,中证500,423,98.6,132901806.81,37488650.76,28.207781112859347,173130920.508,40324428.771,23.291292307971467
20250506,000852,中证1000,759,98.3,176605880.7,51164198.78,28.970835272984207,226259917.54,58767448.728,25.97342444342164
20250506,399330,深证100,99,99.0,48608334.89,13949542.21,28.697840075303187,118301849.562,25576004.027,21.619276555432084
20250507,000001,上证指数,429,99.1,117366321.69,44999684.54,38.34122420472356,144803639.918,44405059.24,30.665706514798853
20250507,399001,深证成指,399,95.0,91863458.04,27151068.19,29.555896075866904,169394597.283,60870260.417,35.93400344127078
20250507,000300,沪深300,286,99.3,162944540.37,46934460.16,28.80394768270566,298348018.077,71659763.794,24.0188502862806
20250507,000016,上证50,49,98.0,45640562.96,12530499.92,27.454744436395096,87273095.147,12665427.086,14.512407362964222
20250507,399006,创业板,100,100.0,31582934.49,10597075.1,33.5531680989153,115221809.996,34399334.752,29.85488142669708
20250507,000688,科创50,48,96.0,5852356.84,1624382.56,27.75604093204953,31388861.583,8905603.885,28.37186006714948
20250507,STAR,科创板,86,98.9,3830626.86,1212695.0799999998,31.65787544234992,15875300.637,3905489.994,24.60104588443265
20250507,000905,中证500,423,98.6,141480102.55,45668674.53,32.279220686782004,183152329.987,44278504.504,24.17578007724109
20250507,000852,中证1000,760,98.4,189671888.25,59457611.04,31.347613812770696,243460442.534,67125716.937,27.571508635381576
20250507,399330,深证100,99,99.0,51703787.92,16203317.1,31.338742772717147,132341962.944,35623515.787,26.91777800067387
20250508,000001,上证指数,429,99.1,92602979.17,34086858.09,36.80967761028891,120647688.551,38777876.051,32.141416480273364
20250508,399001,深证成指,399,95.0,78025710.83,20918693.85,26.81000099515531,144877527.394,51214870.054000005,35.35045840112884
20250508,000300,沪深300,286,99.3,126437682.16,32234988.46,25.49476383093481,262516425.358,79881733.574,30.429232557567907
20250508,000016,上证50,49,98.0,33202462.71,8811851.969999999,26.53975413500284,70572391.187,13064413.78,18.51207470834085
20250508,399006,创业板,100,100.0,25083593.74,6724907.4,26.809983727634712,109713910.436,39933950.928,36.39825685667715
20250508,000688,科创50,48,96.0,4768905.49,1215648.46,25.491141783981963,25373441.444,7522631.503,29.64765942216664
20250508,STAR,科创板,86,98.9,3292430.45,968318.77,29.410454820693328,14206705.671,3584142.811,25.22852865401634
20250508,000905,中证500,423,98.6,115024831.62,37512498.48,32.61252196736751,156509943.504,42238605.112,26.987809315080668
20250508,000852,中证1000,760,98.4,161775946.85,51622331.06,31.9097690757852,206675342.555,56874610.691,27.518817672149087
20250508,399330,深证100,99,99.0,43257837.82,10913007.42,25.22781528149897,130257015.822,41088400.378,31.54409773531776
20250509,000001,上证指数,429,99.1,87681888.83,33355359.91,38.04133368371006,107603993.715,30654563.895,28.48831426851283
20250509,399001,深证成指,399,95.0,71731289.79,18346866.88,25.577215931446585,134482844.048,45732473.811,34.00617687314601
20250509,000300,沪深300,286,99.3,120723453.81,32657129.86,27.051189167762924,231609546.092,64957245.571,28.046013934675067
20250509,000016,上证50,49,98.0,32264185.85,9168610.22,28.41729917694484,65102242.1,11862565.879,18.2214398403953
20250509,399006,创业板,100,100.0,21594579.2,5897681.02,27.310932828920325,92168357.134,32237182.253,34.97640975213609
20250509,000688,科创50,48,96.0,4978481.34,1422718.65,28.577362308643306,27278134.191,8642447.852,31.6826942469234
20250509,STAR,科创板,86,98.9,3202923.66,956435.05,29.861312710775007,13633229.105,3545194.425,26.004069891994963
20250509,000905,中证500,423,98.6,104433136.87,34358075.16,32.89959125020774,141801375.509,36221596.509,25.543896438931966
20250509,000852,中证1000,760,98.4,154802473.82,48899991.06,31.58863670154235,197387470.374,55421535.077,28.077534491925967
20250509,399330,深证100,99,99.0,38255831.04,10373918.64,27.117222023364523,105593990.219,30882399.768,29.246361183956083
20250512,000001,上证指数,429,99.1,93173793.19,32002491.42,34.34709516949741,125921007.027,39729165.751,31.55086406073712
20250512,399001,深证成指,399,95.0,79091262.4,22733760.29,28.74370644765432,157951489.023,60687041.99,38.42131680136494
20250512,000300,沪深300,286,99.3,150101417.2,39338126.26,26.207698097603306,308662893.366,89221752.439,28.90588870791295
20250512,000016,上证50,49,98.0,39924898.33,8773497.96,21.975003887254736,87352593.95,15068587.522999998,17.250303444480593
20250512,399006,创业板,100,100.0,27107476.48,9651846.62,35.605847069981486,113128364.152,40315638.99,35.63707412566458
20250512,000688,科创50,48,96.0,5432104.57,1328783.76,24.461674897396165,29996197.348,9220397.872,30.7385558410282
20250512,STAR,科创板,86,98.9,3593492.17,1169881.65,32.555564188136245,15083945.047,3900066.708,25.85574725874298
20250512,000905,中证500,423,98.6,114022914.78,34598720.02,30.34365512121493,160960039.794,40608032.012,25.228641881532216
20250512,000852,中证1000,760,98.4,159154369.3,46015827.36,28.91270127385689,213420160.305,57458552.62,26.922738947382307
20250512,399330,深证100,99,99.0,52973333.66,17110951.38,32.30106583403571,148700297.078,44501183.856,29.92676190327792
20250513,000001,上证指数,429,99.1,97089403.34,33311502.31,34.31013186201747,123239991.759,38581778.734,31.30621658061125
20250513,399001,深证成指,399,95.0,79093142.32,22928601.35,28.98936706450988,154306789.199,55050128.498,35.67576565085884
20250513,000300,沪深300,286,99.3,145601652.81,38145598.03,26.19860234675862,276238172.358,75075428.905,27.17778946484757
20250513,000016,上证50,49,98.0,39263470.61,9769732.15,24.882497645309407,74656501.23900001,9939302.457,13.313378328808934
20250513,399006,创业板,100,100.0,26343193.03,8202452.34,31.13689494913897,105553094.858,33551403.423,31.786281082649943
20250513,000688,科创50,48,96.0,5990878.65,2095701.9,34.981544818972424,24859541.08,6183245.027,24.87272394571493
20250513,STAR,科创板,86,98.9,3299353.96,1106295.55,33.53067186522782,13141655.856,3293436.102,25.06104358604352
20250513,000905,中证500,422,98.4,114629351.47,36436552.56,31.7864073143046,157050983.759,39897065.235,25.40389386940956
20250513,000852,中证1000,760,98.4,160951923.09,47288829.09,29.380717037818403,214654502.685,57718334.054,26.88894634495517
20250513,399330,深证100,99,99.0,47926441.7,14066464.77,29.350112946106737,133184723.056,38296831.952,28.75467326376268
20250514,000001,上证指数,429,99.1,109609510.29,40674038.71,37.10812921468805,144706065.385,55763731.498,38.53586326850705
20250514,399001,深证成指,399,95.0,87795768.45,30954089.28,35.256926189590175,164194216.113,67907850.44,41.358247597019606
20250514,000300,沪深300,286,99.3,175981015.63,51382286.58,29.197630435336976,333153284.548,101378727.265,30.430054862747
20250514,000016,上证50,49,98.0,47235293.64,10282005.25,21.76763275436261,102190383.77,22303843.123,21.82577489208699
20250514,399006,创业板,100,100.0,29680538.87,12263906.6,41.31968982677706,114983032.23,46281788.947,40.25097272997877
20250514,000688,科创50,48,96.0,4983136.3,1427492.96,28.64647631653182,24174408.173,6890422.661,28.50296318193137
20250514,STAR,科创板,86,98.9,3038331.99,1036438.67,34.11209418230823,11365791.99,2418891.863,21.28221126278064
20250514,000905,中证500,422,98.4,130286821.27,43080686.39,33.06603535957156,153433622.501,34196866.784,22.2877269183794
20250514,000852,中证1000,760,98.4,167900083.97,56976458.34,33.934740824894654,203478181.418,55435366.611,27.24388739111077
20250514,399330,深证100,99,99.0,57449954.16,19884403.81,34.611696563971634,151760331.973,46953945.381,30.939537869061645
20250515,000001,上证指数,429,99.1,95746919.53,37165090.88,38.815965111394746,115872959.883,38570705.105,33.28706295579733
20250515,399001,深证成指,399,95.0,72021568.34,22009867.05,30.56010519806461,133594653.456,49387519.885,36.96818593213088
20250515,000300,沪深300,286,99.3,140517198.5,42093586.07,29.95618082294745,250039401.55,66309183.612,26.51949380815497
20250515,000016,上证50,49,98.0,37726015.91,9869160.67,26.160092530162967,74555553.356,11028160.99,14.791870616721118
20250515,399006,创业板,100,100.0,22939149.92,7785615.51,33.94029655480799,85134222.116,28365358.213,33.31839712395641
20250515,000688,科创50,48,96.0,3724822.26,1019919.32,27.38169095885933,19077583.987,5411433.021,28.36540006684024
20250515,STAR,科创板,86,98.9,2482173.64,819517.79,33.01613460047864,9917699.703,2425922.362,24.460534545789727
20250515,000905,中证500,422,98.4,116670036.61,42180053.27,36.15328707832485,136256613.03,34117906.871,25.039450278635773
20250515,000852,中证1000,760,98.4,148793037.7,50676509.62,34.05838767951976,179634851.292,49464818.937,27.536315242410257
20250515,399330,深证100,99,99.0,41823707.26,12424676.77,29.70725835651328,109712686.883,32574354.614,29.690599637522325
20250516,000001,上证指数,429,99.1,90349388.27,37410015.49,41.40594220539043,105503034.888,34649842.85,32.84250816745093
20250516,399001,深证成指,399,95.0,64872108.32,19862299.69,30.617626287130363,120864557.31,43819034.285,36.25465997663033
20250516,000300,沪深300,286,99.3,119419126.17,35070941.53,29.36794352361488,212271977.281,56436507.003,26.586885243119426
20250516,000016,上证50,49,98.0,35504457.66,10541721.03,29.691260548042408,63564225.831,9279265.392,14.598251250115188
20250516,399006,创业板,100,100.0,19071676.96,6037425.95,31.65650279554651,74379704.694,23807481.128,32.00803394682001
20250516,000688,科创50,48,96.0,3666558.22,1069739.7,29.17558199853158,18648117.027,5728241.588,30.71753346306368
20250516,STAR,科创板,86,98.9,2488690.06,892302.76,35.85431445810492,9542181.508,2651627.9790000003,27.78848816465
20250516,000905,中证500,422,98.4,103747404.21,38405296.18,37.01807912442998,124206653.693,33391367.744,26.883718988624405
20250516,000852,中证1000,760,98.4,144169118.44,51067575.13,35.42199306105434,174134002.483,50318442.57,28.89639120016918
20250516,399330,深证100,99,99.0,33804376.01,8558996.74,25.319197542555084,94982578.862,28333069.786,29.829754177516133
20250519,000001,上证指数,429,99.1,89629028.48,34083527.07,38.02733070749,105145910.355,32528608.516,30.93663691357556
20250519,399001,深证成指,399,95.0,65666504.13,17767525.91,27.057213027246924,118031631.309,38646759.768,32.74271425328776
20250519,000300,沪深300,286,99.3,103234270.55,28405903.24,27.51596256617324,192363342.238,51712909.451,26.88293354095429
20250519,000016,上证50,49,98.0,27009345.08,7341547.62,27.181509208219573,57113692.517,11138627.315,19.502551532077124
20250519,399006,创业板,100,100.0,16947134.5,4439727.1,26.19750908332025,64547867.663,19499987.026,30.210118059682618
20250519,000688,科创50,48,96.0,4336414.14,1437269.21,33.1441869618108,18844468.819,4745403.484999999,25.181943468820045
20250519,STAR,科创板,86,98.9,2970801.93,1181609.27,39.77408450115016,10110847.221,2209883.561,21.856561697521464
20250519,000905,中证500,422,98.4,100180740.37,33930782.54,33.86956656008191,120770505.818,29012808.645,24.02309110862053
20250519,000852,中证1000,761,98.6,149019828.99,52063884.2,34.93755465488674,177126506.832,48873324.071,27.592326493151653
20250519,399330,深证100,99,99.0,30709666.34,7813253.86,25.44232742061111,84767491.0,22780572.4,26.874185057571182
20250520,000001,上证指数,429,99.1,84802214.69,31024080.85,36.58404555047359,101550544.312,29307092.194,28.859611135079703
20250520,399001,深证成指,399,95.0,70362754.91,18412506.06,26.167972080614486,130897458.169,42786302.626,32.686885768827665
20250520,000300,沪深300,286,99.3,106276733.3,28161448.57,26.498225618683,206810540.599,54798727.436,26.49706696635605
20250520,000016,上证50,49,98.0,28226673.98,7454317.890000001,26.4087717004198,59062173.041,8837986.638,14.963869737513406
20250520,399006,创业板,100,100.0,19370378.89,5515394.05,28.473341080836235,76478164.741,24402744.524,31.9081199276186
20250520,000688,科创50,48,96.0,3556779.54,1061422.07,29.8422226641576,18568258.867,4927908.745,26.53942289526139
20250520,STAR,科创板,86,98.9,2497628.77,794244.93,31.79995920690808,9432347.077,2297769.969,24.360532434211656
20250520,000905,中证500,422,98.4,96642256.77,32719775.25,33.856592699268354,120124383.885,29594485.961,24.636535067960903
20250520,000852,中证1000,762,98.7,162237780.62,60650204.03,37.383526696569774,196208222.058,59083678.436,30.112743398966536
20250520,399330,深证100,99,99.0,33322897.2,8917382.9,26.76052699283303,96009614.775,28583182.087,29.77116630869223
20250521,000001,上证指数,429,99.1,85979851.22,31135433.15,36.21247618855789,108566754.057,35928530.038,33.09349197189474
20250521,399001,深证成指,399,95.0,68743040.86,20766157.37,30.208377619331284,124096623.347,41263120.203,33.25080013468193
20250521,000300,沪深300,286,99.3,111266154.25,28635964.21,25.73645544148031,218626716.364,64550741.426,29.52555044486283
20250521,000016,上证50,49,98.0,31155312.57,7816454.65,25.08867350452007,63580368.991,12943101.674,20.35707228410728
20250521,399006,创业板,100,100.0,18324575.14,4604743.3,25.128786150945924,78391466.765,28255659.336,36.0443049505683
20250521,000688,科创50,48,96.0,3896586.78,1342201.08,34.44555853058661,18262059.853,4345248.956,23.793860008000053
20250521,STAR,科创板,86,98.9,2342723.48,675208.5,28.821519302824424,9183197.068,1954675.399,21.28534740707364
20250521,000905,中证500,422,98.4,98514297.61,34311938.51,34.82939973427477,122415060.266,30873608.614,25.22043329220575
20250521,000852,中证1000,761,98.6,153803774.9,57122815.18,37.14006058507995,186084094.451,53743399.69,28.8812431006304
20250521,399330,深证100,99,99.0,32028946.32,7663404.96,23.926497248567618,99829763.206,34244771.288,34.30316790127557
20250522,000001,上证指数,429,99.1,81507388.72,28051457.34,34.41584595031546,100586083.595,29435849.406,29.264335933905688
20250522,399001,深证成指,399,95.0,64239884.22,17244017.37,26.84316383719659,112083848.612,33182673.534,29.60522318328688
20250522,000300,沪深300,286,99.3,108078066.6,27989417.2,25.897407383858585,198726833.058,53998127.707,27.1720365468916
20250522,000016,上证50,49,98.0,26766186.79,7470921.33,27.9117880653481,54934326.157,7974906.719,14.517164907435202
20250522,399006,创业板,99,99.0,18777365.02,5548768.03,29.55030178137316,71922615.66,24122985.082,33.540194361168204
20250522,000688,科创50,48,96.0,3380340.99,1036884.25,30.673954286487525,16859073.649,4344810.348,25.771346863163583
20250522,STAR,科创板,86,98.9,2479101.02,671481.72,27.085694152148747,9979300.864,2453369.839,24.584586359656228
20250522,000905,中证500,422,98.4,91554777.78,28117991.81,30.71165972087841,115075159.595,27053354.187,23.509291042665183
20250522,000852,中证1000,760,98.4,146561511.9,49000467.53,33.433380220199545,173356082.807,44443698.921,25.637230722662235
20250522,399330,深证100,99,99.0,31735969.82,8363532.23,26.35347927741381,89189420.685,26556645.28,29.775555302453416
20250523,000001,上证指数,429,99.1,89644667.63,32674559.83,36.44897202905721,110954715.107,36206263.276,32.63156796994542
20250523,399001,深证成指,399,95.0,68542400.77,20019093.96,29.20687594117956,124895532.619,42671012.21,34.16536309602845
20250523,000300,沪深300,286,99.3,120258936.61,35269713.49,29.328143491223248,222936839.913,58010522.403,26.021057096547302
20250523,000016,上证50,49,98.0,32265316.07,9369289.19,29.038268739327428,71241299.16,17056407.367000002,23.94174105204513
20250523,399006,创业板,99,99.0,20798571.97,6484067.94,31.175543923653336,74570376.439,22869002.682,30.667677667830045
20250523,000688,科创50,48,96.0,3945871.37,1057444.19,26.798749651081504,21098031.593,5746297.497,27.23617827412172
20250523,STAR,科创板,86,98.9,2620777.82,766113.33,29.232288374601705,10116977.042,2344700.927,23.17590439581033
20250523,000905,中证500,422,98.4,96363899.29,28993448.99,30.087459311651934,123260714.954,28156416.467,22.84297675663148
20250523,000852,中证1000,760,98.4,150231811.68,46268944.24,30.79836668584865,188637112.537,53485051.059,28.35340847814835
20250523,399330,深证100,99,99.0,37155765.58,10430593.44,28.07261074339032,104080031.375,30561713.348,29.36366654030517
20250526,000001,上证指数,429,99.1,77275505.94,28902442.09,37.40181541152392,97752790.112,31973667.254,32.70870040370843
20250526,399001,深证成指,398,94.8,59791510.8,16668888.01,27.878352272710927,116720106.791,43421389.383,37.20129339904624
20250526,000300,沪深300,284,98.6,112140458.51,34617829.26,30.870062170213963,208710269.452,63425842.449,30.389420997603057
20250526,000016,上证50,47,94.0,28305776.31,8104184.06,28.63084895197493,59399988.619,14002997.528,23.5740744292347
20250526,399006,创业板,99,99.0,16590828.77,4670927.7,28.153673121177057,65383519.634,23917198.94,36.57985846262527
20250526,000688,科创50,47,94.0,3478809.3,971358.83,27.922163770230235,18218956.871,5069276.111,27.824184155510096
20250526,STAR,科创板,86,98.9,2310380.64,771239.15,33.38147561693557,9542038.799,2941527.799,30.82703666336245
20250526,000905,中证500,423,98.6,82649597.17999999,26374061.82,31.91069614357678,104610582.826,23919911.98,22.86567126749142
20250526,000852,中证1000,760,98.4,127451157.22,40765068.58,31.984855586390097,161621625.549,50115001.769,31.00760903670423
20250526,399330,深证100,99,99.0,35195167.38,10409833.0,29.577449902725817,101537565.974,33651393.563,33.14181627282347
20250527,000001,上证指数,429,99.1,72790123.24,26842534.89,36.876616902400514,89655386.866,27034272.268,30.15353924957765
20250527,399001,深证成指,398,94.8,60484731.5,16984572.29,28.08076000138977,108868104.802,36790109.27,33.79328531245282
20250527,000300,沪深300,284,98.6,100933591.73,30535459.33,30.25301964056045,182514173.239,51562256.725,28.25109733120829
20250527,000016,上证50,47,94.0,26692028.16,6162589.35,23.08775231713228,50824145.246,9968776.929,19.61425397465896
20250527,399006,创业板,99,99.0,14261131.81,3684856.63,25.838458539568045,56134874.257,16991736.948,30.26948429635279
20250527,000688,科创50,47,94.0,3373708.0,1082613.58,32.089723829092506,17430850.11,6048238.272,34.69846986137614
20250527,STAR,科创板,86,98.9,2384276.56,841422.25,35.290463535824045,8982264.73,2348528.397,26.14628345517489
20250527,000905,中证500,423,98.6,78220137.32,23756778.54,30.371691170536547,100607149.236,22640819.839,22.504185846564564
20250527,000852,中证1000,760,98.4,129703844.06,44282393.24,34.1411571576208,163354655.38,51367543.691,31.44541156265638
20250527,399330,深证100,99,99.0,29782121.43,7529793.74,25.28293277461128,82381889.872,23213775.061,28.178250216240684
20250528,000001,上证指数,429,99.1,68911072.78,26440314.26,38.36874567953868,85539810.026,27250905.031,31.857570203531004
20250528,399001,深证成指,398,94.8,61823844.97,18390922.71,29.747296886701548,106391087.54,36279604.12,34.10022865529963
20250528,000300,沪深300,284,98.6,91589459.95,27290628.59,29.79669124034397,166947745.257,45151751.297,27.04543941428692
20250528,000016,上证50,47,94.0,24407088.89,6542385.300000001,26.80526682016768,45310784.36,8465986.978,18.684264899801
20250528,399006,创业板,99,99.0,14380004.9,3721002.04,25.87622233703133,58998285.88,18597786.117,31.522587206731902
20250528,000688,科创50,47,94.0,3039101.87,791878.14,26.05632104066324,15866101.987,4860439.168,30.634110205407943
20250528,STAR,科创板,86,98.9,2184379.23,724519.01,33.1681880165103,8980871.107,2671694.158,29.74871954144392
20250528,000905,中证500,423,98.6,80345409.35,27972671.54,34.81551935113764,99263154.953,24324193.878,24.50475595856009
20250528,000852,中证1000,760,98.4,132601120.64,48803749.59,36.804929969255504,164224075.614,54758994.942,33.344072565041024
20250528,399330,深证100,99,99.0,28198852.88,7984844.229999999,28.31620230787204,79004746.153,22375556.302,28.32178747675193
20250529,000001,上证指数,429,99.1,79418111.99,27625641.96,34.785065103887774,99816466.615,28502445.321,28.55485300930976
20250529,399001,深证成指,398,94.8,75172621.52,22665817.14,30.151691775136065,131479446.281,43694873.57,33.233235160280955
20250529,000300,沪深300,284,98.6,111405134.85,29180083.86,26.19276382483549,215926937.16,57838202.13,26.786005901219447
20250529,000016,上证50,47,94.0,26213864.15,6480000.04,24.719743731486457,54133456.176,9522405.8,17.59061119068497
20250529,399006,创业板,99,99.0,19156092.13,4957185.49,25.8778536684768,76715757.405,23422051.501,30.53095256213093
20250529,000688,科创50,47,94.0,3584803.2,968172.43,27.00768706075692,19083722.65,5403810.817,28.31633490020356
20250529,STAR,科创板,86,98.9,2718009.9,817480.0499999999,30.07641914770068,11494830.701,2832185.759,24.638777487637224
20250529,000905,中证500,423,98.6,96743431.53,29776256.43,30.778582027831447,120541217.29,25427224.11,21.09421547388789
20250529,000852,中证1000,760,98.4,158205971.56,51081280.98,32.28783368687654,197408355.332,57522220.633,29.138696047722767
20250529,399330,深证100,99,99.0,38535040.79,9919478.97,25.741451849128826,108719183.023,27117106.318,24.94233820011622
20250530,000001,上证指数,429,99.1,83973469.29,31400563.68,37.39343383748865,102326271.325,33122481.101,32.36947918858412
20250530,399001,深证成指,398,94.8,69641338.69,20023841.7,28.75280986359798,119359489.553,38192964.061,31.998263568344864
20250530,000300,沪深300,284,98.6,111807598.49,31353715.39,28.042562234984647,201143741.421,51016227.537,25.36306980102428
20250530,000016,上证50,47,94.0,30230454.62,9545832.41,31.57687348732303,57782228.612,11390867.397,19.713444203559824
20250530,399006,创业板,99,99.0,17201205.22,4195348.25,24.38985057350534,63560464.513,17757810.162,27.93845246107036
20250530,000688,科创50,47,94.0,3658492.98,987963.42,27.004655343086103,19391269.777,5656276.391,29.16919034208329
20250530,STAR,科创板,86,98.9,2854517.32,1093163.47,38.29591301971851,11401590.857,3318434.503,29.105013016342795
20250530,000905,中证500,423,98.6,93342927.02,28873546.11,30.93276269750299,114831866.329,24739950.778,21.544499422415203
20250530,000852,中证1000,760,98.4,159188054.91,56353179.67,35.400382083856954,199073601.697,65279199.892,32.79148984874359
20250530,399330,深证100,99,99.0,35941481.93,10180857.37,28.32620366023956,92766802.627,22258928.833,23.994498250090043
20250603,000001,上证指数,429,99.1,93040662.37,32745455.81,35.19477933183592,116178446.241,37725519.083,32.47204649711218
20250603,399001,深证成指,398,94.8,71917864.38,18886011.68,26.26052906717306,128683204.09,43431825.473,33.75096678710621
20250603,000300,沪深300,284,98.6,130490309.55,34239631.26,26.239213760835163,230416401.713,52378275.799,22.732008402874403
20250603,000016,上证50,47,94.0,35224333.22,9638314.45,27.362659755124813,66233908.028,11399855.191,17.211509226030838
20250603,399006,创业板,99,99.0,17876878.29,5153574.14,28.828154761689103,63093175.912,15271924.168,24.20535017812498
20250603,000688,科创50,47,94.0,5763400.3,2126685.67,36.89984313600428,24665522.379,6937116.2870000005,28.124749115008395
20250603,STAR,科创板,86,98.9,3118614.62,1299692.01,41.67530036141496,11114478.584,2691759.267,24.21849344219313
20250603,000905,中证500,423,98.6,101957191.73,30128784.77,29.55042627084723,131006645.593,30662964.914,23.40565608347917
20250603,000852,中证1000,760,98.4,158758595.03,53173571.58,33.49334980569209,197975355.011,60222962.257,30.419423798307555
20250603,399330,深证100,99,99.0,38104651.96,9956548.52,26.12948290526782,98363822.265,21649597.02,22.00971507763724
20250604,000001,上证指数,429,99.1,78423950.02,25173225.7,32.09890051901265,99987441.47,28402472.602,28.406039983053088
20250604,399001,深证成指,398,94.8,72998089.89,20470371.31,28.04233828699705,136921323.217,48310317.773,35.28326825795812
20250604,000300,沪深300,284,98.6,118713584.6,33205101.94,27.97076851135704,217974124.046,54295525.372,24.90916094267308
20250604,000016,上证50,47,94.0,27235509.06,7077250.26,25.985379030033084,54782821.031,8794544.328,16.053471074487792
20250604,399006,创业板,99,99.0,21593763.29,7372174.140000001,34.14029338468311,75163893.321,23212525.829,30.88254852614808
20250604,000688,科创50,47,94.0,3838609.42,1114433.27,29.032213180990947,19671361.258,5574759.164,28.33946817855751
20250604,STAR,科创板,86,98.9,2571620.56,795916.39,30.949993260280976,9822968.296,1984443.39,20.20207467032224
20250604,000905,中证500,423,98.6,97089433.71,28201330.75,29.046755833632314,127274498.502,31451219.042,24.71132820178095
20250604,000852,中证1000,759,98.3,150924627.34,51231750.27,33.94525543838921,193686446.745,58420995.215,30.162665584915604
20250604,399330,深证100,99,99.0,40708928.59,13533047.98,33.2434393356261,101867066.309,26073121.829,25.595241694612763
20250605,000001,上证指数,429,99.1,82313238.73,29131286.53,35.39076700110789,107675804.776,32985915.592,30.63447323251609
20250605,399001,深证成指,397,94.5,78853615.83,22774181.53,28.88159444596518,150422888.233,54752270.554,36.3988959374258
20250605,000300,沪深300,284,98.6,125910709.66,34876022.23,27.699011723606866,247066210.659,63015582.352,25.505544519389545
20250605,000016,上证50,47,94.0,31158651.83,8446584.98,27.108313370180888,62070171.938,9696638.741,15.622058773553386
20250605,399006,创业板,99,99.0,25376232.06,7487301.24,29.50517327512176,91907805.997,27414183.353,29.82791619886437
20250605,000688,科创50,47,94.0,4469159.86,1198585.56,26.8190352895544,24812141.923,8148215.053,32.83962778500346
20250605,STAR,科创板,86,98.9,2826793.45,921400.94,32.595269385529384,11186391.511,2681278.161,23.96910709198224
20250605,000905,中证500,424,98.8,105539172.31,30735263.75,29.122138327673607,147073705.063,36593907.317,24.88133912266965
20250605,000852,中证1000,761,98.6,168601383.08,54405385.72,32.26864734210696,226487487.627,68359794.462,30.18259206203084
20250605,399330,深证100,99,99.0,45056111.21,13592819.88,30.168648636021512,117758056.246,28518998.672,24.21829943628059
20250606,000001,上证指数,429,99.1,80357544.3,29889219.8,37.19528771115023,101300343.443,30807742.909,30.412278835298324
20250606,399001,深证成指,396,94.3,68702696.55,21188830.82,30.84133794454389,123852211.621,42409844.6,34.24229898274107
20250606,000300,沪深300,284,98.6,114927164.82,33705120.230000004,29.327374674898905,212637818.827,51315059.187,24.132611719813312
20250606,000016,上证50,47,94.0,29558381.22,8467139.82,28.645478779707005,57668330.043,9891466.3,17.152336980496045
20250606,399006,创业板,100,100.0,20651739.49,5263198.35,25.48549652463198,80407718.527,21641050.545,26.914145733078083
20250606,000688,科创50,47,94.0,3935916.63,1117269.32,28.38650878639165,20417559.184,5602570.07,27.43995998498388
20250606,STAR,科创板,86,98.9,2706864.07,806643.51,29.79992674696813,10990639.33,2498189.309,22.73015457964264
20250606,000905,中证500,424,98.8,93490121.27,25371552.09,27.13821711357804,128978163.388,30052994.167,23.30083897736452
20250606,000852,中证1000,761,98.6,143232244.2,44219395.99,30.87251494031957,197382875.475,61547714.208,31.181891569816283
20250606,399330,深证100,99,99.0,34910003.42,9843206.7,28.195948827552424,95117871.868,21641050.545,22.751823731961128
20250609,000001,上证指数,429,99.1,90550804.35,32911272.34,36.34564328417255,120539927.722,40085224.987,33.25472791011468
20250609,399001,深证成指,395,94.0,77034439.35,22490897.43,29.19589941819964,147048781.417,54382941.509,36.9829256556579
20250609,000300,沪深300,284,98.6,143323465.45,45107493.93,31.472511349327,268814130.359,75940824.42300001,28.25030972947047
20250609,000016,上证50,47,94.0,36738304.99,9461619.29,25.75409859702403,74188624.966,15318822.076,20.64847823102326
20250609,399006,创业板,100,100.0,27346269.08,8574219.96,31.354258728737705,99279237.619,31121898.394,31.347841845276125
20250609,000688,科创50,47,94.0,4401847.68,1451842.58,32.982571991223466,21749961.097,5630758.335,25.888590374429025
20250609,STAR,科创板,86,98.9,3363612.84,942751.44,28.02794152730134,14962467.483,4249488.104,28.40098472279501
20250609,000905,中证500,424,98.8,108895662.2,32097213.2,29.47519905893919,148768145.621,33521198.619,22.532510894098404
20250609,000852,中证1000,760,98.4,150763565.5,43746857.51,29.016863169105665,206371382.614,55031437.941,26.666215656427323
20250609,399330,深证100,99,99.0,42855599.0,11992750.56,27.984092720300097,126886391.393,35736056.995,28.163821669666827
20250610,000001,上证指数,429,99.1,104524210.46,37464020.95,35.84243381042996,128877438.924,40460411.966,31.39448789780793
20250610,399001,深证成指,398,94.8,84425425.63,22209819.63,26.30702713580148,154924637.623,51062023.388,32.95926598341087
20250610,000300,沪深300,286,99.3,148378905.87,44939932.48,30.287278516107584,266262010.591,65253890.97,24.50739811705068
20250610,000016,上证50,49,98.0,41384043.25,12004054.1,29.006479689487563,83955438.269,16211033.847,19.309093229980576
20250610,399006,创业板,100,100.0,27157544.33,7966868.86,29.33574834010038,95871877.027,24936858.151,26.010608036783445
20250610,000688,科创50,48,96.0,5710598.43,1824194.83,31.94402219593648,33345701.51,13446830.989,40.32553036848677
20250610,STAR,科创板,86,98.9,3573421.04,1033637.29,28.925706722765582,14310644.702,2950850.949,20.61997212877209
20250610,000905,中证500,424,98.8,117512148.45,32128759.35,27.340798184513154,154798554.483,33624605.744,21.721524374888563
20250610,000852,中证1000,762,98.7,176186411.48,51791291.68,29.39573559898469,234616372.764,64723751.749,27.58705668598221
20250610,399330,深证100,99,99.0,42809844.62,11155035.7,26.057173995881698,115768082.982,26936761.011,23.26786478375756
20250611,000001,上证指数,430,99.3,94656430.36,34635850.24,36.59112234453799,125163579.921,45493695.003,36.34739037642934
20250611,399001,深证成指,399,95.0,78427977.87,24544261.1,31.295287430059552,142030221.246,52917011.801,37.25757190038194
20250611,000300,沪深300,286,99.3,142435193.22,44407252.9,31.177163379425643,261945393.787,76124400.453,29.061171625296943
20250611,000016,上证50,49,98.0,37644782.85,7485752.5,19.88523225071545,82748147.034,18255539.464,22.061568891082324
20250611,399006,创业板,100,100.0,24718816.47,9706492.63,39.26762691806175,87189681.821,29271145.906,33.57180034914398
20250611,000688,科创50,48,96.0,4328083.15,1351739.98,31.23183943450809,22925059.537,7520297.642999999,32.803830371138545
20250611,STAR,科创板,87,100.0,2825787.09,936819.4,33.15251185467055,14006072.517,5489559.305,39.19413738817214
20250611,000905,中证500,424,98.8,109076574.5,34996070.05,32.0839467231344,135734233.742,30847143.754,22.72613393363492
20250611,000852,中证1000,762,98.7,156142222.60999998,51337277.28,32.878536261281674,204658731.58,62551425.209,30.563770588282463
20250611,399330,深证100,99,99.0,40681539.04,11851048.73,29.13126939063808,111351272.788,32795283.191,29.45209549013278
20250612,000001,上证指数,430,99.3,89173318.07,31354402.0,35.161192471706805,122859266.442,42802703.857,34.83880792761082
20250612,399001,深证成指,399,95.0,76742662.88,22929851.92,29.87888491158388,145934189.488,52644005.136,36.0737982790036
20250612,000300,沪深300,286,99.3,136319062.88,40042328.89,29.37397605590113,267400959.55,76989982.4,28.79196190229229
20250612,000016,上证50,49,98.0,34952069.94,7403994.67,21.183279510226345,78893432.804,15788823.275,20.012848615961715
20250612,399006,创业板,100,100.0,26980842.27,10708273.41,39.68843263987548,97631463.889,33932177.945,34.75537146874952
20250612,000688,科创50,48,96.0,4692283.83,1457111.5,31.053353820670303,25359329.002,6718080.037,26.491552818570906
20250612,STAR,科创板,87,100.0,3424345.37,1227182.43,35.83699356820424,14216908.464,4373856.006,30.765169636390787
20250612,000905,中证500,424,98.8,105934687.44,34199476.82,32.283549087139306,140955067.981,35199165.105,24.97190459994291
20250612,000852,中证1000,762,98.7,156197706.01,51939777.51,33.25258663317036,207063785.594,58861821.233,28.426902881227733
20250612,399330,深证100,99,99.0,40293562.47,11274743.23,27.981500117778,118742713.447,34663539.068,29.19213993157722
20250613,000001,上证指数,430,99.3,118955164.71,43742286.46,36.77207842689221,150160241.275,49527170.109,32.9828786158495
20250613,399001,深证成指,399,95.0,86674667.64,21632022.5,24.95772189153098,159716357.156,52221744.863,32.69655393654726
20250613,000300,沪深300,286,99.3,178597410.61,47127813.12,26.387735947030137,320167529.124,72930459.297,22.77884315643833
20250613,000016,上证50,49,98.0,47874314.9,13410634.92,28.012170927170803,95815497.76,16799892.854000002,17.533586159600826
20250613,399006,创业板,100,100.0,30256296.03,9215652.76,30.458628349162144,106642481.722,26322829.183,24.68324888726749
20250613,000688,科创50,48,96.0,9205965.3,3593954.62,39.03941089154442,39323331.228,8529897.178,21.691695264938097
20250613,STAR,科创板,87,100.0,4929492.54,2342033.16,47.51063402562731,15625667.103,3944583.036,25.24425363729061
20250613,000905,中证500,424,98.8,144440735.08,43476482.43,30.099876192072887,189610863.288,44162155.97,23.29094188180668
20250613,000852,中证1000,762,98.7,179361728.54,52754926.04,29.41258788562297,233539603.715,59874817.751,25.637971803732363
20250613,399330,深证100,99,99.0,46834176.13,12136582.28,25.91394422379049,126505619.822,29422537.111,23.25788937471636
20250616,000001,上证指数,430,99.3,101981064.77,38616028.44,37.86588081531755,131576660.434,44768194.941,34.02441952344285
20250616,399001,深证成指,399,95.0,76988750.23,23033655.73,29.9182096880234,140872167.554,47581663.919,33.77648313728167
20250616,000300,沪深300,286,99.3,142953341.72,40247049.7,28.153976126582016,267511991.242,70893802.071,26.501167944605207
20250616,000016,上证50,49,98.0,38724881.07,11938699.85,30.82953264186745,72809368.567,11514689.627,15.814846157337644
20250616,399006,创业板,100,100.0,24259763.26,8862940.09,36.53349785409242,89503240.531,30072730.286,33.599599419625626
20250616,000688,科创50,48,96.0,4925240.37,1733792.4300000002,35.20218912686286,23587097.07,6407498.069,27.165267730845866
20250616,STAR,科创板,87,100.0,3394015.17,1095758.88,32.285031890414324,13257335.666,3172612.54,23.930996543570508
20250616,000905,中证500,424,98.8,111786902.83,35795839.55,32.02149683352131,144150476.286,35471426.707,24.607221301595526
20250616,000852,中证1000,762,98.7,149227294.99,49749860.83,33.33831175679612,199781588.613,64029613.681,32.049807054559345
20250616,399330,深证100,99,99.0,42067979.43,11107076.28,26.402685440316613,116912085.402,32448220.047,27.7543762352946
20250617,000001,上证指数,430,99.3,86711865.3,31094842.4,35.859962523491,110672268.539,36319208.307,32.816900553729425
20250617,399001,深证成指,399,95.0,66990607.7,18810391.62,28.07914760862813,126098808.498,42752070.537,33.9036276759729
20250617,000300,沪深300,286,99.3,126118224.6,35684490.37,28.29447566612827,233440899.985,58717292.273,25.152958319117573
20250617,000016,上证50,49,98.0,31417787.4,7537161.15,23.99010806852681,65385262.612,11306215.691,17.291688125643464
20250617,399006,创业板,100,100.0,23953594.53,8875124.85,37.05132788686308,79144424.497,23044275.079,29.116738450569567
20250617,000688,科创50,48,96.0,4356610.87,1569652.27,36.02920519729594,21463072.467,6713349.393,31.278603766175323
20250617,STAR,科创板,87,100.0,3087407.93,1067173.84,34.56536564638545,11234307.012,2573381.704,22.90645699152805
20250617,000905,中证500,424,98.8,105860958.52,35751582.59,33.772207516187905,132735882.512,34078539.153,25.673946266880115
20250617,000852,中证1000,762,98.7,155803111.89,57002356.65,36.58614770816951,209806855.407,73797923.192,35.174219187853
20250617,399330,深证100,99,99.0,38305400.55,11480305.53,29.97046203710824,95109721.206,20907606.34,21.98261762823992
20250618,000001,上证指数,430,99.3,85960124.35,33550132.73,39.02987924190922,111092763.743,37863146.055,34.082459360352146
20250618,399001,深证成指,399,95.0,64064815.22,18373106.06,28.6789339778884,123586351.046,46314221.938,37.47519167449277
20250618,000300,沪深300,286,99.3,129494423.02,39672041.26,30.6361002541961,243905169.471,65721719.161,26.945603204533235
20250618,000016,上证50,49,98.0,34838720.32,12490479.64,35.85229171815919,64909088.72,9843970.453,15.165781321417388
20250618,399006,创业板,100,100.0,21634151.72,6092032.89,28.15933330248458,86929392.488,28622797.514,32.92648975770902
20250618,000688,科创50,48,96.0,4414159.25,1116013.34,25.28257991598287,22934347.958,5377638.977,23.447969773756583
20250618,STAR,科创板,87,100.0,2912742.69,806598.09,27.692047525145448,13450947.265,4784603.4120000005,35.57075436946931
20250618,000905,中证500,424,98.8,98005360.87,30146920.38,30.7604809700039,128231546.254,30994319.786,24.17058882266513
20250618,000852,中证1000,762,98.7,153023035.18,55943335.72,36.55876754384999,203003019.843,70658889.397,34.806816889545146
20250618,399330,深证100,99,99.0,41400966.76,13803411.76,33.340795735563155,111133971.516,29574169.045,26.611277039390423
20250619,000001,上证指数,430,99.3,93704035.12,35227102.96,37.59400853430398,115997943.142,34368208.375,29.62829119558424
20250619,399001,深证成指,399,95.0,71016304.4,20643721.34,29.06898847301888,129924948.45,45720204.134,35.18970350147559
20250619,000300,沪深300,286,99.3,132382287.92,37892975.06,28.623901018313813,245387240.934,60328850.376,24.585161863499746
20250619,000016,上证50,49,98.0,35437660.15,9877660.76,27.87334355087211,66384224.841,8129272.96,12.24579029049568
20250619,399006,创业板,100,100.0,22596034.52,6175570.0600000005,27.33032671964603,87440598.326,25989979.749,29.723012246671708
20250619,000688,科创50,48,96.0,4276874.81,1202524.86,28.11690576465576,21917230.514,5189398.118,23.67725299364436
20250619,STAR,科创板,87,100.0,3321067.39,957431.91,28.829041918357458,14464881.457,4092650.2,28.29370024335347
20250619,000905,中证500,424,98.8,108940829.74,33117570.11,30.399594154954524,137573348.045,30337516.357,22.05188489494103
20250619,000852,中证1000,762,98.7,162506015.83,54198278.72,33.35155221373321,217371965.019,69033907.833,31.75842286146049
20250619,399330,深证100,99,99.0,40312173.48,11528244.74,28.597427885448763,110729403.039,27986153.819,25.27436530037374
20250620,000001,上证指数,430,99.3,80401866.75,30502841.57,37.93797681942503,104849983.285,35590938.066,33.94462922255105
20250620,399001,深证成指,399,95.0,62476347.4,20554102.06,32.89901365136465,117146473.673,43760139.327,37.35506324257874
20250620,000300,沪深300,286,99.3,117930861.57,33570937.46,28.466626134223027,221867552.843,56533939.438,25.480940639393573
20250620,000016,上证50,49,98.0,33515275.38,10028996.84,29.923659365140505,63663390.613,11875687.615,18.65387234429672
20250620,399006,创业板,100,100.0,18530080.92,4510534.58,24.34168851972828,71582107.145,22619317.617,31.59912234936208
20250620,000688,科创50,48,96.0,4639287.61,1639997.6700000002,35.35020476990863,20625660.947,4729172.887,22.928588320888974
20250620,STAR,科创板,87,100.0,2872791.13,821524.2100000001,28.596726069674272,11677328.858,2946041.119,25.22872443539776
20250620,000905,中证500,424,98.8,86257602.12,24891328.79,28.856968172349184,112272979.545,24147686.409,21.508012441516613
20250620,000852,中证1000,763,98.8,137712174.06,49413567.6,35.88177148265115,179195497.203,58454640.943,32.62059697670873
20250620,399330,深证100,99,99.0,34491126.04,8776925.89,25.446910256920106,98636656.279,23795093.132,24.123985980114814
20250623,000001,上证指数,430,99.3,90009026.6,36579163.99,40.63943958927338,110054206.934,36763662.212,33.40504941719068
20250623,399001,深证成指,399,95.0,65001234.32,20969309.11,32.25986295393783,120933300.082,42896296.841,35.471038011791414
20250623,000300,沪深300,286,99.3,135612605.29,40317908.23,29.730206969906963,240542519.663,54024173.21,22.45930294805586
20250623,000016,上证50,49,98.0,39836703.84,13006757.77,32.65018567359462,71211197.98,10972215.636,15.407991927170778
20250623,399006,创业板,100,100.0,19032583.54,4750600.33,24.960354541546387,72389080.525,21536992.075,29.75171382037664
20250623,000688,科创50,48,96.0,4859502.28,1539061.77,31.671181148205985,27320009.33,8986066.467,32.891886523378425
20250623,STAR,科创板,87,100.0,2854098.84,771873.61,27.04438960495145,12080965.762,2887627.053,23.9022865380752
20250623,000905,中证500,424,98.8,93211233.47,27072237.19,29.04396410408322,118363927.074,24476007.918,20.67860413476974
20250623,000852,中证1000,763,98.8,147218523.17,54113614.94,36.75734124673464,191577716.467,65467244.774,34.17268249216082
20250623,399330,深证100,99,99.0,35809388.73,9862733.75,27.542312504589912,97303868.935,21928800.645,22.53641184570849
20250624,000001,上证指数,430,99.3,105341208.03,40721908.64,38.65714984814191,134653973.873,47957945.001,35.61569229752694
20250624,399001,深证成指,399,95.0,82428131.11,26716462.57,32.411826169329245,155567078.597,58763300.302,37.77360919287277
20250624,000300,沪深300,286,99.3,165439617.84,46286206.06,27.977703686890965,306094269.798,77002690.22,25.156527847063646
20250624,000016,上证50,49,98.0,46393961.45,12978935.84,27.97548524496608,90874928.746,16417017.923,18.065508440602347
20250624,399006,创业板,100,100.0,30133577.29,9665061.89,32.07406076280032,106216329.461,33155410.567,31.214984301612347
20250624,000688,科创50,48,96.0,5112413.6,1469715.18,28.74797101705543,28811433.264,10617171.782,36.850550559961896
20250624,STAR,科创板,87,100.0,3238176.6,759555.5,23.45627165609189,13613342.995,2826791.558,20.764859586937927
20250624,000905,中证500,424,98.8,120279779.51,33686205.18,28.00654051514897,158782354.03,34345718.682,21.630689941472205
20250624,000852,中证1000,763,98.8,180200707.96,57781079.88,32.06484621182839,242390499.929,75197179.769,31.02315469914309
20250624,399330,深证100,99,99.0,47116958.88,15102351.04,32.052898571963176,124403744.532,33559507.937,26.976284406268487
20250625,000001,上证指数,430,99.3,108305090.92,42996564.33,39.69948592883744,146171425.151,54644486.234,37.3838362577025
20250625,399001,深证成指,399,95.0,103658132.73,41697069.96,40.225565386759406,192410287.116,82878893.151,43.07404473703327
20250625,000300,沪深300,286,99.3,186994006.59,58746555.44,31.416277190534096,378527651.009,126314978.97,33.37007973745006
20250625,000016,上证50,49,98.0,49032438.77,12896343.52,26.301656298381992,105582816.343,21140234.612,20.022419693109057
20250625,399006,创业板,100,100.0,41675329.15,18847725.66,45.2251392956305,150177497.349,64075406.442,42.6664497498544
20250625,000688,科创50,48,96.0,6005421.25,1811835.96,30.170006142366784,34961529.332,12837895.198,36.72006186025043
20250625,STAR,科创板,87,100.0,3613519.2,942898.77,26.093642175749338,15408866.438,3627308.458,23.540397813136007
20250625,000905,中证500,424,98.8,153935902.49,55383796.57,35.97847914238061,190262191.176,45328895.505,23.82443680734708
20250625,000852,中证1000,763,98.8,194235390.48,63302950.12,32.590842463654,264794758.865,83926680.47,31.694993069250376
20250625,399330,深证100,99,99.0,61572603.16,26102027.09,42.39227473000023,163327611.336,62336304.101,38.16642121383924
20250626,000001,上证指数,430,99.3,101618932.86,41879355.52,41.21215834621785,135665723.289,49212106.369,36.274532119042775
20250626,399001,深证成指,399,95.0,93026656.62,33485597.84,35.99570172319926,177877663.8,75056884.055,42.19578920228656
20250626,000300,沪深300,286,99.3,164530085.2,48366430.53,29.39670910107813,347698686.334,113242311.926,32.56909398191376
20250626,000016,上证50,49,98.0,41906274.15,9890313.84,23.601033593677283,94441808.097,18712699.261,19.81399936962285
20250626,399006,创业板,100,100.0,36453712.8,15780779.54,43.289910211834446,133858716.937,51731198.171,38.64611835129651
20250626,000688,科创50,48,96.0,5422579.49,1462126.66,26.96367407239244,32761207.944,13279175.414,40.533228923361456
20250626,STAR,科创板,87,100.0,3642109.3,1077707.48,29.59020148022466,15204925.661,3772242.114,24.80934269659498
20250626,000905,中证500,424,98.8,153640814.33,62150092.63,40.45155117214484,186676324.634,50324180.771,26.957987773578807
20250626,000852,中证1000,763,98.8,193663843.76,68583034.83,35.413442952723926,269551872.961,94256940.864,34.96801555433359
20250626,399330,深证100,99,99.0,55894253.6,21603896.67,38.65137340343694,149441180.714,49214187.951000005,32.9321460897622
20250627,000001,上证指数,430,99.3,119832733.49,55618866.67,46.413751109701074,145959167.862,57501793.691,39.39580811077672
20250627,399001,深证成指,399,95.0,98024609.28,36964110.06,37.70901035107906,178624098.099,69343209.527,38.82074718080169
20250627,000300,沪深300,286,99.3,191748695.46,62313431.46,32.497447406623415,354486904.419,100155459.522,28.25364160804576
20250627,000016,上证50,49,98.0,55542794.64,17104202.01,30.79463703773045,99865430.579,15180107.673,15.200562982594418
20250627,399006,创业板,100,100.0,34154067.48,14302723.56,41.8770723820096,127325651.979,49127885.198,38.584436391578606
20250627,000688,科创50,48,96.0,5137845.65,1472308.81,28.656151046499424,30030649.634,9483348.957,31.57890046528722
20250627,STAR,科创板,87,100.0,3217993.35,857815.86,26.656856205125468,13523087.323,3370196.987,24.921801556867752
20250627,000905,中证500,424,98.8,177369403.85,77329363.9,43.59791611263287,199723195.934,60941917.489,30.51318961926621
20250627,000852,中证1000,763,98.8,187836143.3,63613318.46,33.86638872711565,255443625.637,87470076.362,34.24241890705857
20250627,399330,深证100,99,99.0,55809988.16,19395252.82,34.75229696232209,149419902.721,46853563.635,31.35697640125357
20250630,000001,上证指数,430,99.3,99397991.62,37689611.19,37.91788000514934,134209437.073,43344635.397,32.29626495894154
20250630,399001,深证成指,399,95.0,87977779.51,29347447.46,33.35779514265215,166996898.681,58385226.692,34.96186285682367
20250630,000300,沪深300,286,99.3,143923312.32,37729661.35,26.21511466197473,301186049.693,80462316.369,26.715153789830413
20250630,000016,上证50,49,98.0,37222262.48,9495351.57,25.50987215003917,79554088.407,11847868.416,14.89284668235542
20250630,399006,创业板,100,100.0,30703096.3,10270267.69,33.450267001247035,119073634.836,37874300.063,31.807461085037204
20250630,000688,科创50,48,96.0,6179523.44,1664927.8,26.94265692436632,33360222.569,9577639.816,28.709759942968805
20250630,STAR,科创板,87,100.0,3789444.83,1059941.76,27.970898312299745,16588037.0,4293372.645,25.8823430704911
20250630,000905,中证500,424,98.8,147093101.3,56842266.58,38.64373385130333,192551035.504,55858823.234,29.009879426402563
20250630,000852,中证1000,763,98.8,177963959.93,52121816.36,29.28784928167562,257141606.441,76935976.838,29.91969207272282
20250630,399330,深证100,99,99.0,46048355.99,13634112.45,29.608250190214875,135838218.874,38021371.963,27.990187355347786
20250701,000001,上证指数,430,99.3,95513743.21,36473510.55,38.1866622793832,126631811.398,40205359.369,31.74980988200173
20250701,399001,深证成指,399,95.0,85486727.51,26786617.04,31.33424078827509,152798717.891,49348554.099,32.29644514046455
20250701,000300,沪深300,286,99.3,126353536.94,33216728.02,26.28872038285183,246465844.088,58758494.325,23.84042078626539
20250701,000016,上证50,49,98.0,31468443.37,8724337.95,27.72408487900366,68614943.723,11403209.189,16.619133632223033
20250701,399006,创业板,100,100.0,25531093.48,7739074.66,30.312350961632216,89901236.03,23165120.286,25.767298992718864
20250701,000688,科创50,48,96.0,5027570.08,1455725.83,28.954859043953896,30253312.665,10520526.638,34.77479228306518
20250701,STAR,科创板,87,100.0,3822435.35,916977.6,23.989355372616046,16966602.078,3872952.08,22.8269164455853
20250701,000905,中证500,424,98.8,141001448.47,53812884.57,38.16477430120119,184704761.228,58349735.85,31.590813069497948
20250701,000852,中证1000,763,98.8,184476856.09,56025718.5,30.370052746707128,261439605.506,81516767.478,31.17996116932222
20250701,399330,深证100,99,99.0,41201463.52,12352034.54,29.979601413925693,104361025.466,24544237.205,23.518585693656604
20250702,000001,上证指数,430,99.3,107095362.54,36679001.31,34.248916517090485,134242805.679,40895058.29,30.4635008804776
20250702,399001,深证成指,399,95.0,85909141.57,29110494.64,33.88521187384972,143558209.402,43749636.796,30.47518980505652
20250702,000300,沪深300,286,99.3,142788152.77,40138507.65,28.110530790782214,251123011.753,54353204.792,21.64405580061329
20250702,000016,上证50,49,98.0,33545186.48,7042398.1,20.993766435606947,69284086.045,10636055.611,15.351368861374434
20250702,399006,创业板,100,100.0,22816989.61,6879932.09,30.15267223062911,81271250.39,21425188.132,26.362567364456662
20250702,000688,科创50,48,96.0,6054115.51,2267710.3,37.45733453969067,25639575.252,6860406.9120000005,26.75710047679069
20250702,STAR,科创板,87,100.0,3352564.17,844892.51,25.201382200538163,14400329.376,2904949.369,20.172798087809515
20250702,000905,中证500,424,98.8,149617959.78,55035570.34,36.78406684660381,171451563.451,45452478.301,26.510390098594865
20250702,000852,中证1000,763,98.8,176615886.44,56554980.61,32.02145727089668,231828508.741,68593078.647,29.587853115870463
20250702,399330,深证100,99,99.0,43714349.37,13243215.19,30.294892594440554,105547599.192,23438010.689,22.206104988105203
20250703,000001,上证指数,430,99.3,91858350.09,33539588.37,36.512291301921856,118458246.335,35352547.257,29.843888754711912
20250703,399001,深证成指,399,95.0,80735526.2,25067599.22,31.04903182014561,150282538.324,52482380.672,34.92247419913229
20250703,000300,沪深300,286,99.3,136069260.99,38454894.21,28.261264836902527,273385280.344,78196063.695,28.60288000751397
20250703,000016,上证50,49,98.0,30577428.07,7683717.459999999,25.12872384953336,60769852.669,9053430.891,14.897898371273078
20250703,399006,创业板,100,100.0,24545926.01,7931134.52,32.311408894367474,95034615.37,31641812.98,33.29503976715048
20250703,000688,科创50,48,96.0,4611975.05,1493221.1,32.37704202237608,20763499.013,4738238.244,22.820037417746377
20250703,STAR,科创板,87,100.0,3005571.73,765176.39,25.45859685737728,12495417.558,2499414.776,20.00265108707622
20250703,000905,中证500,424,98.8,120615356.71,41230174.78,34.183188529741905,151715635.353,38755824.145,25.54504290531824
20250703,000852,中证1000,763,98.8,160866581.4,54095297.87,33.62743050745281,212988823.647,63855559.837,29.980709195723765
20250703,399330,深证100,99,99.0,49101291.98,14261084.56,29.04421448993408,135374678.994,33748147.262,24.929438439145457
20250704,000001,上证指数,430,99.3,107268699.62,41118358.21,38.33211212186036,137244652.317,46393547.798,33.80353770786113
20250704,399001,深证成指,399,95.0,87057521.93,28503179.93,32.7406286075067,160748304.578,59231661.106,36.84745619028223
20250704,000300,沪深300,286,99.3,155828494.11,46218508.12,29.65985674441168,300603260.606,82138011.772,27.32439149409564
20250704,000016,上证50,49,98.0,37434839.23,9603238.06,25.653210371754547,77254246.875,10972102.515,14.202588153830863
20250704,399006,创业板,100,100.0,30316594.94,11344574.7,37.420345927543,109351540.984,36940993.948,33.78186865551817
20250704,000688,科创50,48,96.0,5334080.12,1582434.98,29.666501897238096,25934211.308,6792571.278,26.191547517408697
20250704,STAR,科创板,87,100.0,3118571.53,745748.2,23.91313435738317,13693581.214,3297626.814,24.08155151282546
20250704,000905,中证500,424,98.8,150487966.48,58827258.16,39.09100477334061,174715081.324,45061318.282,25.791315747056853
20250704,000852,中证1000,763,98.8,177085029.4,56928248.87,32.147409107864426,237786904.601,76684216.473,32.24913356842507
20250704,399330,深证100,99,99.0,48413955.78,15335100.78,31.67495928175113,134891004.828,36918153.455,27.36887719242248
20250707,000001,上证指数,430,99.3,95250735.71,39071995.94,41.0201513392594,112706590.297,36318599.866,32.224025028434134
20250707,399001,深证成指,399,95.0,77062255.74,25587696.53,33.20392880313576,136339273.162,47914695.435,35.143722218664884
20250707,000300,沪深300,286,99.3,127082896.0,38126470.15,30.00126008302486,231895482.034,61175775.653,26.380753568985245
20250707,000016,上证50,49,98.0,27310401.36,6505373.77,23.820132425911737,57346154.134,8408454.388,14.6626299792521
20250707,399006,创业板,100,100.0,21820818.56,7609329.680000001,34.871880076711484,80443547.90799999,28413090.742,35.32053406507492
20250707,000688,科创50,48,96.0,3827482.53,1252541.37,32.72494022330652,18668142.274,4095708.314,21.939560208432127
20250707,STAR,科创板,87,100.0,2470563.66,673331.02,27.254145719928545,10195745.605,2407038.89,23.608267440682187
20250707,000905,中证500,424,98.8,123627965.68,46137354.84,37.31951309416709,139643621.205,33345687.958,23.87913437810938
20250707,000852,中证1000,763,98.8,167811548.83,62992938.51,37.53790424389351,216222715.282,77917953.794,36.03597045406564
20250707,399330,深证100,99,99.0,47062132.83,15307185.91,32.52548278101488,111025925.256,28413090.742,25.591401896886705
20250708,000001,上证指数,430,99.3,108737429.82,39544179.22,36.36666719588646,138347729.679,44558049.793,32.207286593271455
20250708,399001,深证成指,398,94.8,90866478.74,25401105.21,27.954318866786103,170804528.505,57333277.053,33.566602451832345
20250708,000300,沪深300,286,99.3,150462993.83,42946441.88,28.54286013245414,294681600.152,79403094.233,26.945385864622363
20250708,000016,上证50,49,98.0,33149429.69,7110531.51,21.449936172340827,71673834.063,10373714.055,14.47350234659094
20250708,399006,创业板,100,100.0,31477188.29,9801756.24,31.13923692833113,115191888.464,37763746.832,32.78333859749335
20250708,000688,科创50,48,96.0,6307365.84,2414492.02,38.280513311718735,25149777.083,5686596.452,22.61092189100895
20250708,STAR,科创板,87,100.0,3295400.12,853829.27,25.90972989343704,14746782.166,4142023.066,28.087639861866258
20250708,000905,中证500,424,98.8,150777649.09,51698300.63,34.287774708001315,180475302.165,41288346.558,22.877560565185824
20250708,000852,中证1000,763,98.8,187688427.77,61526580.93,32.78123305790426,249727587.829,76415689.062,30.599618458784523
20250708,399330,深证100,99,99.0,52248667.14,16323882.86,31.242678050064416,143154222.116,37763746.832,26.37976461595348
20250709,000001,上证指数,430,99.3,113914223.61,45068681.02,39.563699415007584,140682303.947,45052754.529,32.024464531070635
20250709,399001,深证成指,398,94.8,91919352.05,29117163.42,31.6768588666308,164338849.119,51645291.903,31.42610051114752
20250709,000300,沪深300,286,99.3,173588975.32,59100533.72,34.046248392821035,315090507.189,85154737.995,27.02548507560142
20250709,000016,上证50,49,98.0,45058031.28,11713478.49,25.99642762288037,83796713.771,16855897.329,20.11522477488063
20250709,399006,创业板,100,100.0,31694883.67,11710747.47,36.9483844519818,107238627.807,32675267.282,30.46968051550089
20250709,000688,科创50,48,96.0,4837186.07,1394298.52,28.82457899743352,21800050.626,5554429.649,25.47897591749382
20250709,STAR,科创板,87,100.0,2904799.67,695739.27,23.95136839161098,13553344.421,3170242.463,23.39084999631472
20250709,000905,中证500,424,98.8,148965728.79,54510462.01,36.59261929087361,174978581.862,43807014.254,25.035643670120265
20250709,000852,中证1000,763,98.8,188549283.32,59088721.14,31.338608187503137,248430066.557,73450400.127,29.56582556409189
20250709,399330,深证100,99,99.0,54565113.84,20422904.27,37.4285011663049,140643754.495,35048902.414,24.92034043022224
20250710,000001,上证指数,430,99.3,131230981.71,59665226.75,45.46580843375145,157426408.401,60891793.094,38.67952887478389
20250710,399001,深证成指,399,95.0,101356114.16,34379490.14,33.91950295739317,174810217.624,61212584.247,35.01659404066551
20250710,000300,沪深300,286,99.3,202115757.23,75057668.75,37.13598077590123,347895676.502,97623492.789,28.061139986152945
20250710,000016,上证50,49,98.0,53404815.25,14474872.38,27.104058524011087,105924115.317,19206923.573,18.13272031162996
20250710,399006,创业板,100,100.0,29352589.56,10728380.91,36.5500321123967,112058920.338,39420324.383,35.17821184078665
20250710,000688,科创50,48,96.0,5547291.86,2074159.12,37.390481199595655,23647451.501,7509519.517,31.75614723930162
20250710,STAR,科创板,87,100.0,2725490.68,728229.5,26.719207126402644,12429141.353,3466425.483,27.88950084764556
20250710,000905,中证500,424,98.8,158792731.42,56956698.25,35.868580218166265,178208343.615,45876384.868,25.74311838457519
20250710,000852,中证1000,763,98.8,182835577.93,62339549.26,34.095962047314,235558645.927,77270905.883,32.80325609739936
20250710,399330,深证100,99,99.0,58918293.18,24588675.49,41.73351630346737,149533574.459,41630604.994,27.84030619519132
20250711,000001,上证指数,430,99.3,160549385.42,72041025.74,44.8715674317528,194333636.397,78463078.062,40.37544890155272
20250711,399001,深证成指,399,95.0,118405238.08,43138220.74,36.43269625525675,211284429.836,82878129.56400001,39.22585759316502
20250711,000300,沪深300,286,99.3,254762202.08,89989423.03999999,35.322909876458695,443247424.127,125902728.366,28.404615912652464
20250711,000016,上证50,49,98.0,75892758.33,23828686.96,31.397840168606244,154452530.38,25575191.917,16.558609855129784
20250711,399006,创业板,100,100.0,40680357.31,17983295.91,44.20633715913642,140212865.929,54493279.402,38.864678388068846
20250711,000688,科创50,48,96.0,6122246.19,1970997.51,32.19402567017645,32792268.601,13368260.256,40.76650023412023
20250711,STAR,科创板,87,100.0,3106802.09,886360.93,28.52968757980976,12680779.028,2467591.562,19.459305745738444
20250711,000905,中证500,424,98.8,193975113.28,73634155.52,37.96061993463577,218563534.061,59346983.796,27.15319554607703
20250711,000852,中证1000,763,98.8,218158402.89,73706654.77,33.78584266917485,279040715.162,88671062.304,31.77710544947575
20250711,399330,深证100,99,99.0,67895151.81,29361797.02,43.245793311085016,167789287.192,53121749.953,31.65979833516617
20250714,000001,上证指数,430,99.3,124491761.4,49343382.4,39.63586171895869,145447582.38,47081383.128,32.37000048924429
20250714,399001,深证成指,398,94.8,92209543.49,26949525.28,29.22639486109444,167652967.337,56144450.393,33.48849190372144
20250714,000300,沪深300,286,99.3,205455080.39,82429734.0,40.12056253051996,326399777.243,86692173.664,26.56012035187724
20250714,000016,上证50,49,98.0,50308037.64,14677637.9,29.17553255611343,101886342.773,24999548.214,24.53670191077357
20250714,399006,创业板,100,100.0,27990678.91,9453345.36,33.773190676781624,101995980.388,29476919.554,28.900079632420507
20250714,000688,科创50,48,96.0,4593429.77,1379267.6800000002,30.026967844552463,23904259.126,6822453.054,28.54074254315377
20250714,STAR,科创板,87,100.0,2746187.4,695913.14,25.341065216452453,11407377.864,2234484.921,19.588067894653552
20250714,000905,中证500,424,98.8,166587564.87,60952191.61,36.58868034811919,191743224.948,49269028.492,25.695316486598973
20250714,000852,中证1000,763,98.8,190233949.34,61427832.72,32.290678363729754,245111124.215,72909850.748,29.74563108120988
20250714,399330,深证100,99,99.0,50484169.06,18252264.55,36.15443195332648,127400928.018,30402343.982,23.863518464876933
20250715,000001,上证指数,430,99.3,119323349.53,42227029.98,35.38874004654334,150680951.469,45876497.972,30.44611646312725
20250715,399001,深证成指,398,94.8,105285808.92,28269068.23,26.849837143275284,201032570.448,73942312.003,36.781259791992895
20250715,000300,沪深300,286,99.3,191138574.13,62313275.41,32.60109880678432,370165259.555,106536466.875,28.78078483190845
20250715,000016,上证50,49,98.0,40304721.55,10452456.42,25.93357804750794,91192535.105,17816316.63,19.537034045041203
20250715,399006,创业板,100,100.0,34566261.45,10259242.24,29.67993011000037,137729149.614,47563564.697,34.53413081421162
20250715,000688,科创50,48,96.0,5282661.94,1545859.85,29.26289563022842,28573173.791,8651686.358,30.279052727160167
20250715,STAR,科创板,87,100.0,3519742.94,964640.28,27.406554866191453,15261296.583,3510169.019,23.000463950815806
20250715,000905,中证500,424,98.8,167351374.27,57321306.5,34.25206799169717,206325616.731,50776248.962,24.609764781752848
20250715,000852,中证1000,763,98.8,210782043.88,64569098.84,30.633111650041567,273122944.79,76542595.096,28.024959658681336
20250715,399330,深证100,99,99.0,60163567.56,18088671.92,30.06582331069464,177587426.317,50386369.514,28.37271227978635
20250716,000001,上证指数,430,99.3,99270010.22,37939712.84,38.21870548408211,129663059.342,42039925.062,32.42243802925802
20250716,399001,深证成指,398,94.8,86575701.04,22195746.26,25.63738554048213,170193604.462,54223498.735,31.85989209547927
20250716,000300,沪深300,287,99.7,170697785.89000002,64395200.86,37.72468431517744,327659406.375,106400639.471,32.47293909494131
20250716,000016,上证50,50,100.0,52026046.59,25974601.91,49.92614971246463,88030250.511,24019973.257,27.28604441946753
20250716,399006,创业板,100,100.0,31305089.29,8870721.35,28.336355369647947,138692202.01,53642828.085,38.67760934470724
20250716,000688,科创50,48,96.0,4365293.43,1056646.13,24.205615199617863,28740871.72,10497195.377,36.52358035367203
20250716,STAR,科创板,87,100.0,3203653.83,779333.78,24.32640420453917,14734900.882,3687868.792,25.028120796557666
20250716,000905,中证500,424,98.8,130463942.26,43535430.58,33.36970340298223,180376223.048,45569263.953,25.263453898174564
20250716,000852,中证1000,763,98.8,176171515.86,54322172.08,30.83482129038882,248820702.562,72733197.144,29.231167822893138
20250716,399330,深证100,99,99.0,48547746.73,13073114.57,26.92836527039368,158538240.643,53831639.069000006,33.95498704329595
20250717,000001,上证指数,430,99.3,101294336.83,39053856.68,38.55482734986775,140587058.988,46223000.432,32.878559922037645
20250717,399001,深证成指,398,94.8,88253107.99,25056443.32,28.391570439467305,186355415.019,68161100.025,36.575862320958365
20250717,000300,沪深300,287,99.7,170606818.12,59077728.04,34.62799944984989,344997366.693,96826985.818,28.06600721221233
20250717,000016,上证50,50,100.0,47679772.89,17726991.75,37.17927052819064,91830395.373,19430977.66,21.159636284995354
20250717,399006,创业板,100,100.0,32457539.76,8361136.87,25.76022992446301,137409050.483,44828286.421,32.62396928253723
20250717,000688,科创50,48,96.0,5621214.2,1609090.24,28.62531443829342,30829934.532,9440211.596,30.62027778943712
20250717,STAR,科创板,87,100.0,3942870.24,965701.2,24.49234038196499,17323096.678,3606921.48,20.82145904421766
20250717,000905,中证500,424,98.8,128324741.79,38634196.97,30.1065846157897,186190467.962,42515448.385,22.834385052234285
20250717,000852,中证1000,763,98.8,177447203.76,54294287.12,30.597431782263435,258831013.056,71651131.604,27.68259133943032
20250717,399330,深证100,99,99.0,56133437.36,17936044.93,31.952514888712315,166523788.745,44248373.076,26.57180298951647
20250718,000001,上证指数,429,99.1,101491637.07,37256908.28,36.7093381835032,147300090.463,51494955.08,34.95921483696231
20250718,399001,深证成指,398,94.8,90389385.91,22946662.72,25.38645714757683,182124328.532,60609996.626,33.27946195576533
20250718,000300,沪深300,287,99.7,195200098.46,76048088.57000001,38.959042116253656,380212195.879,110828007.261,29.14898797624848
20250718,000016,上证50,50,100.0,52522049.33,16996040.560000002,32.35981987909992,114061032.63,27579479.722,24.179580954228644
20250718,399006,创业板,100,100.0,29446185.2,7570587.37,25.709908833963325,130021581.127,44497935.784,34.22349997462049
20250718,000688,科创50,48,96.0,5136759.32,1347966.98,26.24158338023904,28926842.308,7851807.31,27.14367239395676
20250718,STAR,科创板,87,100.0,3806717.69,911450.25,23.943205780515868,16740497.55,3416062.7010000004,20.405980711128866
20250718,000905,中证500,423,98.6,133158844.13,38526171.9,28.93249198107169,193672160.191,49108842.745,25.35668662783992
20250718,000852,中证1000,763,98.8,182712654.87,54915443.0,30.055631909608188,264246614.348,73209941.201,27.70515769204372
20250718,399330,深证100,99,99.0,57708377.13,19735043.37,34.19788313496107,171951309.088,47045430.326,27.35973955390094
20250721,000001,上证指数,430,99.3,148111322.79,57413725.92,38.76390058402503,182315239.752,57875919.392,31.7449706731744
20250721,399001,深证成指,399,95.0,106296619.27,29670879.05,27.91328572231835,190744755.109,60414078.497,31.672733786298195
20250721,000300,沪深300,287,99.7,237700648.59,85677929.01,36.04446580950745,400475341.448,108269409.061,27.03522485792257
20250721,000016,上证50,50,100.0,65756158.33,20326460.08,30.9118728895183,123634477.109,28078986.451,22.71129146786837
20250721,399006,创业板,100,100.0,30625550.01,9110578.01,29.74829189035028,131553146.139,48532673.736,36.892066180401365
20250721,000688,科创50,48,96.0,5817057.94,2105949.3,36.20299680219447,28135625.331,7444458.271,26.45918895855373
20250721,STAR,科创板,87,100.0,3852543.2,1143349.21,29.677777785853248,16511394.855,3879917.835,23.498425596823992
20250721,000905,中证500,424,98.8,182907005.64,55561964.64,30.37716595140036,232224651.396,56099563.697,24.157454154742805
20250721,000852,中证1000,763,98.8,208084533.37,56506538.26,27.15556862629689,275735529.687,68007708.748,24.664107967949818
20250721,399330,深证100,99,99.0,61777095.4,22745614.93,36.81884812279472,165125276.711,48532673.736,29.39142613577037
20250722,000001,上证指数,430,99.3,191504319.39,76152033.71,39.76517811847148,238935498.488,84309855.229,35.2856129635481
20250722,399001,深证成指,398,94.8,113836660.24,31460451.84,27.636485270801547,211444292.167,63839056.759,30.19190355281831
20250722,000300,沪深300,287,99.7,269767818.79,85518265.72,31.70069213725283,472166083.882,119808285.809,25.3741829196994
20250722,000016,上证50,50,100.0,80113992.88,22170745.17,27.67399847765521,149226243.138,27740321.854,18.58943927734385
20250722,399006,创业板,100,100.0,33472876.57,9370214.91,27.993455807135607,143920710.05200002,49700697.964,34.53338852069493
20250722,000688,科创50,48,96.0,6967370.54,2206904.46,31.674854198295588,32897135.005,9553002.804,29.039011459654617
20250722,STAR,科创板,87,100.0,4207975.86,983244.31,23.366206050431096,18879532.819,4095242.593,21.691440314024224
20250722,000905,中证500,424,98.8,218364874.91,72673886.94,33.28094180437804,269017445.899,65672400.909,24.41194870820983
20250722,000852,中证1000,761,98.6,227822771.64,60856682.96,26.71229154220117,300696144.488,72572035.181,24.134674325329154
20250722,399330,深证100,99,99.0,67673454.73,20251914.57,29.92593573181689,184284502.38,49700697.964,26.96954834623897
20250723,000001,上证指数,430,99.3,208106817.26,93558900.91,44.95715332242644,245997794.229,93398753.799,37.96731352479317
20250723,399001,深证成指,398,94.8,125196652.6,41684342.37,33.29509336258404,221830394.815,73861433.448,33.29635395978908
20250723,000300,沪深300,287,99.7,312600132.82,120193620.74,38.449638410489534,482255354.869,116394865.664,24.13552581404048
20250723,000016,上证50,50,100.0,77110749.78,20472543.83,26.54953283220429,151118229.339,27150714.631,17.96653835196377
20250723,399006,创业板,100,100.0,34118012.05,12665153.1,37.1216033379647,134070959.909,46497763.442,34.681457844085045
20250723,000688,科创50,48,96.0,7027544.71,2212764.25,31.48701774677147,34409838.521,9201529.938,26.74098552477773
20250723,STAR,科创板,87,100.0,4206696.16,1263322.31,30.031223124990326,17719881.194,3258015.222,18.38621369032188
20250723,000905,中证500,424,98.8,229301048.65,81019021.14,35.33303559534332,269740194.935,66672167.716,24.71717933327147
20250723,000852,中证1000,761,98.6,226406949.42,66086260.36,29.18914835843028,292971871.006,75344047.429,25.7171608899808
20250723,399330,深证100,99,99.0,71230673.97,24411746.54,34.2713962671214,175867424.602,45292725.579,25.75390279439216
20250724,000001,上证指数,430,99.3,216784859.89,111852589.4,51.59612597335245,240090375.173,96441919.137,40.16900680317052
20250724,399001,深证成指,398,94.8,120874141.71,37809969.55,31.28044511018187,221039753.957,73170011.071,33.10264771885067
20250724,000300,沪深300,287,99.7,328195159.84,142709121.09,43.483006013730616,496945369.419,133231761.347,26.81014243130325
20250724,000016,上证50,50,100.0,69080054.67,16072098.489999998,23.26590296834228,141669528.878,27718021.405,19.56526687462173
20250724,399006,创业板,100,100.0,37285110.56,13183629.1,35.358964750244255,148891511.808,47625583.374,31.98676861808925
20250724,000688,科创50,48,96.0,7307353.98,2431351.1100000003,33.27266089277367,34554454.438,10427999.901,30.1784533155071
20250724,STAR,科创板,87,100.0,4457120.09,1303307.13,29.241014459630595,18666920.691,3543754.317,18.9841397821365
20250724,000905,中证500,424,98.8,231083701.34,84184868.02,36.43046546849983,273148392.993,67293283.126,24.636162925448566
20250724,000852,中证1000,761,98.6,221539705.07,62632248.05,28.27134216424548,300866914.767,76731212.502,25.50337333083728
20250724,399330,深证100,99,99.0,66698552.11,19652665.06,29.46490506658766,179898565.079,47381733.082,26.338027243959928
20250725,000001,上证指数,430,99.3,181321313.94,88283137.07,48.68878079011344,217568216.462,85295526.909,39.2040382993614
20250725,399001,深证成指,398,94.8,107493640.33,33542316.7,31.204001089763818,197901446.325,62751560.648,31.708490166841635
20250725,000300,沪深300,287,99.7,293511249.45,135400362.59,46.131234439470994,442609470.691,113297105.196,25.597532971701
20250725,000016,上证50,50,100.0,58329750.21,12926788.92,22.16157085099919,138278039.462,29879262.216,21.60810373957542
20250725,399006,创业板,100,100.0,34010374.06,11826941.76,34.77451244474786,119197590.749,30330104.841,25.44523312125288
20250725,000688,科创50,48,96.0,7591225.15,2578520.74,33.96712242160279,44287621.5,17210130.966,38.85991250625188
20250725,STAR,科创板,87,100.0,5196887.92,1821024.78,35.040678345050786,20233357.707,4597889.168,22.72430129779844
20250725,000905,中证500,424,98.8,200512983.42,73646595.62,36.72909073710096,247818962.681,59860256.282,24.154832880587072
20250725,000852,中证1000,761,98.6,208903091.2,61275005.63,29.33178502913412,296532394.513,80777017.077,27.24053714592007
20250725,399330,深证100,99,99.0,55829621.78,15082428.81,27.01510117591916,147632637.905,32820703.522,22.231333116949227
20250728,000001,上证指数,430,99.3,145835651.87,60358942.36,41.388331032938936,193014489.173,68518456.086,35.49912567682238
20250728,399001,深证成指,399,95.0,106574372.74,30301920.97,28.432652420038067,210421912.25,72921764.178,34.655023993586006
20250728,000300,沪深300,287,99.7,233032863.72,83950677.56,36.02525249866505,436246521.77,122663312.042,28.11788883595297
20250728,000016,上证50,50,100.0,52784456.73,9775109.22,18.51891603242423,132697107.885,30389118.538,22.901115949215924
20250728,399006,创业板,100,100.0,30921620.33,8506878.1,27.51110067717464,132579874.829,48506654.251,36.58674011690185
20250728,000688,科创50,48,96.0,6471220.22,2112275.8200000003,32.641074607100926,37589420.054,12194679.42,32.44178655185804
20250728,STAR,科创板,87,100.0,5082685.53,1569857.1,30.886370811927844,21295027.958,4543287.686,21.3349693410156
20250728,000905,中证500,424,98.8,182398031.86,60813686.63,33.34119672775728,244653114.374,64485057.44,26.35775048480356
20250728,000852,中证1000,762,98.7,196020686.3,49936285.41,25.47500794562823,285544104.255,72408198.393,25.3579735368436
20250728,399330,深证100,99,99.0,57455400.09,15440491.67,26.87387372781934,176236431.19799998,51040423.018,28.961334878970945
20250729,000001,上证指数,430,99.3,150500244.59,66472087.15,44.16742798730092,191942529.75,64334623.568,33.51764908579361
20250729,399001,深证成指,399,95.0,104298656.11,28781481.08,27.59525592510532,214478472.393,73982965.232,34.49435479773335
20250729,000300,沪深300,287,99.7,237047165.33,94868705.43,40.02102505546971,445872072.232,129162584.672,28.968529925057297
20250729,000016,上证50,50,100.0,50548817.46,9558309.59,18.90906666127972,128255152.418,29233940.238,22.793579584797367
20250729,399006,创业板,99,99.0,33129477.97,9199681.3,27.7688688856814,147361639.646,51580743.429,35.00282946967068
20250729,000688,科创50,48,96.0,7136734.37,2059837.66,28.86246780682689,44242195.908,14712803.631,33.255138740388766
20250729,STAR,科创板,87,100.0,5267188.2,1464218.18,27.79885822192569,23899783.692,4808836.335,20.120836225851143
20250729,000905,中证500,423,98.6,171305385.51,57374601.75,33.49258494074066,240264762.136,64518095.342,26.85291624473839
20250729,000852,中证1000,763,98.8,203175994.76,53490673.54,26.32726056204889,307946545.869,84645916.727,27.48721096647996
20250729,399330,深证100,99,99.0,56259023.1,16810950.54,29.881341007501423,181887648.114,51580743.429,28.358574077922665
20250730,000001,上证指数,429,99.1,150358154.35,59531381.42,39.59305145594188,201324803.083,66147643.478,32.85618188372417
20250730,399001,深证成指,400,95.2,110818873.12,31937030.62,28.8191259492569,222494287.821,68813074.239,30.92801838326796
20250730,000300,沪深300,287,99.7,256029447.86,99329158.92,38.795989973119966,459497792.148,124651743.525,27.127822082081043
20250730,000016,上证50,50,100.0,55609181.12,12551257.18,22.5704765422016,133989113.881,29267956.47,21.843533121648825
20250730,399006,创业板,99,99.0,34923717.09,10864174.35,31.108299045037302,145431427.696,48183776.607,33.13161217650981
20250730,000688,科创50,48,96.0,6914140.65,2171304.51,31.403823264717644,37161490.902,10513442.779,28.29122977526764
20250730,STAR,科创板,87,100.0,4995461.62,1467552.14,29.37770824070509,22232770.33,4460714.61,20.063692215544062
20250730,000905,中证500,423,98.6,178717373.36,57926541.22,32.412372748627774,253448249.973,63744388.927,25.15084990083409
20250730,000852,中证1000,763,98.8,205519774.62,54192206.3,26.36836596390775,304181839.566,78928103.463,25.947671161306967
20250730,399330,深证100,99,99.0,60720819.99,16216428.68,26.706537696082915,182953117.788,48183776.607,26.336679685794568
20250731,000001,上证指数,429,99.1,156488978.33,60394483.45,38.59344223121045,209285954.929,66258949.545,31.65952993237328
20250731,399001,深证成指,400,95.2,115454862.39,34126500.6,29.55830520565051,234378185.785,82372061.635,35.144935250314475
20250731,000300,沪深300,287,99.7,267718677.6,93520203.31,34.93226701565032,505031251.344,142926689.138,28.30056333298988
20250731,000016,上证50,50,100.0,62364328.35,13819862.11,22.159882861947,147723436.742,28362502.334,19.199730902236794
20250731,399006,创业板,99,99.0,42701008.4,14845578.81,34.7663424501235,176130397.82,62316586.429000005,35.38093775992358
20250731,000688,科创50,48,96.0,8588670.39,2774164.66,32.30028088200972,49016720.566,16911449.547,34.50138922335508
20250731,STAR,科创板,87,100.0,5467634.39,1757930.92,32.15158137155546,25392202.189,6212990.582,24.468104561216403
20250731,000905,中证500,423,98.6,193041016.2,64267633.65,33.29221681231494,266027012.059,66462038.146,24.983191605843363
20250731,000852,中证1000,763,98.8,205356136.79,50596536.42,24.638434093518576,312855696.455,82440453.733,26.35095178612416
20250731,399330,深证100,99,99.0,68016336.55,18645293.78,27.412963893304543,214435858.955,62316586.429000005,29.060711549217764
20250801,000001,上证指数,429,99.1,116673201.32,48326489.45,41.42038523264204,161931652.143,53944870.647,33.31335778588975
20250801,399001,深证成指,400,95.2,92750448.88,27582280.56,29.73816395830688,189473995.868,61265813.601,32.334681770094605
20250801,000300,沪深300,287,99.7,195573717.6,72193906.04,36.91390997007872,372351893.197,100117563.086,26.88788882645236
20250801,000016,上证50,50,100.0,50945956.45,14600993.31,28.65976875776173,108413546.639,22823891.85,21.05261985939816
20250801,399006,创业板,99,99.0,33692939.410000004,11465664.86,34.02987409462118,132621273.895,39569283.447,29.836301737176885
20250801,000688,科创50,48,96.0,6247979.83,1841503.67,29.473585384477783,34606171.733,10589620.322,30.600380775149063
20250801,STAR,科创板,87,100.0,4665689.88,1236994.25,26.512569026555187,22739676.491,5021925.208,22.08441799947153
20250801,000905,中证500,423,98.6,141992268.1,47538242.2,33.47945830861758,206450178.875,51655855.885,25.02097899187397
20250801,000852,中证1000,763,98.8,174547421.81,50670221.61,29.02948727891038,274359523.923,80586042.793,29.37242405174051
20250801,399330,深证100,99,99.0,51213243.78,13668041.31,26.688489736589773,161330564.971,39569283.447,24.526836222331944
20250804,000001,上证指数,428,98.8,106417391.63,41678173.8,39.164814286098846,152123041.666,48136392.644,31.64306479598786
20250804,399001,深证成指,400,95.2,84643171.34,24793763.52,29.29210133255388,171422430.322,52704393.173,30.74533074464061
20250804,000300,沪深300,286,99.3,164246299.2,55792458.82,33.9687768258708,311707930.526,75354804.828,24.174811561849094
20250804,000016,上证50,49,98.0,43564113.75,13192536.37,30.28303627547112,90154060.015,16049045.409,17.80179994814402
20250804,399006,创业板,99,99.0,28487035.3,10069111.53,35.34629498633717,112274807.901,30105561.234,26.81417300713267
20250804,000688,科创50,48,96.0,6274402.22,1818755.41,28.986911361892258,36468331.611,11107326.088,30.45745609225973
20250804,STAR,科创板,87,100.0,4912254.85,1337590.26,27.22965930808741,23126133.623,5228964.151000001,22.61062846147164
20250804,000905,中证500,423,98.6,124694533.74,36167755.21,29.005084766115907,197628993.22,50269969.118,25.43653555024673
20250804,000852,中证1000,763,98.8,160454184.11,41627147.19,25.94332296218735,257125661.769,71861503.448,27.94800913825548
20250804,399330,深证100,99,99.0,42416149.42,11652326.73,27.47143927332949,127324865.41,30105561.234,23.64468333585652
20250805,000001,上证指数,428,98.8,107903112.76,40305398.74,37.35332346681043,151865709.468,48180844.798,31.72595378297186
20250805,399001,深证成指,400,95.2,86964511.64,24607299.23,28.295794187708267,175811530.985,53238378.129,30.28150533171924
20250805,000300,沪深300,286,99.3,176051652.13,62855532.58,35.702892770120805,317500370.273,78057041.406,24.584866259804144
20250805,000016,上证50,49,98.0,41530311.94,11522697.07,27.74526973610784,85021701.649,12980942.307999998,15.26779875753366
20250805,399006,创业板,99,99.0,27101697.57,8220487.48,30.33200211450814,113784491.773,34975663.006,30.73851494259554
20250805,000688,科创50,48,96.0,5841303.21,2037503.79,34.880979753146555,30100975.885,7630810.369,25.35070755896192
20250805,STAR,科创板,87,100.0,4349674.4,1201486.66,27.622450544804,20029953.272,4263840.856,21.287323031154795
20250805,000905,中证500,423,98.6,133412610.12,39455425.74,29.57398532605817,202301372.377,52262489.105,25.83397655237153
20250805,000852,中证1000,763,98.8,170994925.76,45144918.84,26.401320763964176,278311452.935,80047978.966,28.762013967386142
20250805,399330,深证100,99,99.0,49568982.5,16558286.16,33.404531069404136,136735949.297,34975663.006,25.578981376748573
20250806,000001,上证指数,428,98.8,110321243.53,42502033.92,38.525702357989005,151559453.404,43949629.918,28.99827686818516
20250806,399001,深证成指,400,95.2,90822683.53,27297106.44,30.055384160701863,176921886.956,52440907.13,29.64071208614337
20250806,000300,沪深300,286,99.3,170783225.08,59613275.54,34.90581438081834,319236889.068,76251835.403,23.885659212384365
20250806,000016,上证50,49,98.0,41747708.94,10012838.6,23.984163093573585,95872670.248,19859135.134,20.71407324175816
20250806,399006,创业板,99,99.0,29998189.5,8829063.72,29.43198862051325,115994103.689,27337548.235,23.56804989699876
20250806,000688,科创50,48,96.0,6051201.98,1600378.1800000002,26.44727750436121,36064932.006,12857273.196,35.65034641923345
20250806,STAR,科创板,87,100.0,4621362.89,1195688.62,25.873073559908217,21320056.609,4430628.098,20.78150250374882
20250806,000905,中证500,423,98.6,143957066.48,44279626.35,30.758911273141138,224100114.827,58459884.134,26.08650342688564
20250806,000852,中证1000,763,98.8,197532111.68,56612287.12,28.65978935703949,316709062.055,87778003.304,27.715658887195467
20250806,399330,深证100,99,99.0,50727025.73,17938070.48,35.36195986627975,131768830.202,27950878.759,21.212056535791994
20250807,000001,上证指数,428,98.8,112577044.24,41982409.3,37.29215808020224,159041868.59,46851434.382,29.458553774151174
20250807,399001,深证成指,400,95.2,98253797.29,31755052.54,32.31941504130745,196727432.204,65761469.435,33.427706903024834
20250807,000300,沪深300,286,99.3,195095891.07,73632344.17,37.74161709206929,374153836.995,105680284.463,28.245142509232707
20250807,000016,上证50,49,98.0,45257962.48,12056554.45,26.63963154622333,110366574.513,31975798.955,28.97235788652079
20250807,399006,创业板,99,99.0,32720629.98,8932902.19,27.300520177820854,132944215.929,34564144.672,25.99898343111014
20250807,000688,科创50,48,96.0,6274521.96,1754164.12,27.95693649943016,40545056.876,14738045.417,36.34979588775457
20250807,STAR,科创板,87,100.0,4757586.83,1037089.7,21.798649968097376,21774225.326,3809545.546,17.495665122244908
20250807,000905,中证500,423,98.6,147256131.08,46760275.32,31.75438263728149,232625789.295,64392946.043,27.68091458739396
20250807,000852,中证1000,763,98.8,204384430.35,59875605.07,29.29558037638457,331005750.782,95508573.221,28.85405253393976
20250807,399330,深证100,99,99.0,57184439.35,19161819.07,33.508799400338965,156626754.654,37123638.634,23.701977810884763
20250808,000001,上证指数,428,98.8,118816278.7,47426820.81,39.91609679154175,159700993.225,48023106.576,30.07063738692036
20250808,399001,深证成指,400,95.2,88312199.44,24831965.06,28.118385927949884,171735501.452,49252930.005,28.67952728968284
20250808,000300,沪深300,286,99.3,175276660.51,58174763.07,33.19025071605639,318962746.027,77023072.867,24.1479839970026
20250808,000016,上证50,49,98.0,41795916.17,9420616.82,22.53956291251696,94511213.644,21908751.249,23.181113017471937
20250808,399006,创业板,99,99.0,30046622.78,8906022.49,29.640677274146547,115500579.857,31419222.808,27.202653741565445
20250808,000688,科创50,48,96.0,6849748.07,2558883.51,37.35733758161415,35987036.652,11845795.078,32.9168394512463
20250808,STAR,科创板,87,100.0,5639142.52,1993545.29,35.35192244086075,22007038.575,3934079.846,17.876461808310346
20250808,000905,中证500,423,98.6,145227364.35999998,47872468.92,32.963807565446345,214315056.262,58770581.382,27.4225163677502
20250808,000852,中证1000,764,99.0,202180708.27,61546133.79,30.44115055122316,325265800.516,102386677.554,31.47784900582057
20250808,399330,深证100,99,99.0,47361957.31,13604520.51,28.72457407314021,130327548.423,31419222.808,24.10789060960744
20250811,000001,上证指数,428,98.8,127034410.78,46346105.88,36.4831116194673,172438160.563,51843093.393,30.064745079474
20250811,399001,深证成指,400,95.2,99750141.84,28035952.43,28.10617800922016,202058904.709,61977168.691,30.67282225460833
20250811,000300,沪深300,286,99.3,190688408.41,58352760.57,30.601105256768136,379548022.44,98735959.605,26.01408880232236
20250811,000016,上证50,49,98.0,45075287.03,10935997.98,24.261626936998788,99889038.578,20441535.887,20.46424330236985
20250811,399006,创业板,99,99.0,35904421.46,11003667.14,30.64710888673932,144190319.373,41060393.645,28.47652590239609
20250811,000688,科创50,48,96.0,6601558.100000001,2270435.92,34.39242502463168,33660009.333,8523889.371,25.323490812711235
20250811,STAR,科创板,87,100.0,5453909.76,1474994.41,27.04471608272448,23206880.577,4021345.602,17.328247063008963
20250811,000905,中证500,423,98.6,147371527.64,42410649.62,28.77804844610214,227825551.048,59813842.651,26.254229332862657
20250811,000852,中证1000,764,99.0,210510256.37,61203309.61,29.07378987863992,331331297.57,94609009.852,28.55420255975428
20250811,399330,深证100,99,99.0,60316426.01,17870797.009999998,29.62840836596843,178419612.939,41060393.645,23.01338567472297
20250812,000001,上证指数,428,98.8,118555988.88,42862365.98,36.153691082940085,168966171.441,49833256.403,29.493037557758058
20250812,399001,深证成指,400,95.2,96794868.85,28245328.37,29.18060503162715,204506733.361,67250991.563,32.88448769277782
20250812,000300,沪深300,286,99.3,174937946.26,52655751.11,30.099673761884027,397866019.577,114704001.854,28.829806067869296
20250812,000016,上证50,49,98.0,43429441.35,10481824.72,24.13529714906176,120985284.023,29274284.888,24.196566652217623
20250812,399006,创业板,100,100.0,34093252.64,9644336.23,28.28810830059892,148809283.282,43247310.396,29.062239560716435
20250812,000688,科创50,48,96.0,8014937.58,2384806.21,29.754520059531146,57227504.86,26893151.432,46.99340203245059
20250812,STAR,科创板,87,100.0,5413746.23,1632365.02,30.152226400165045,23750997.209,5407018.554,22.7654380421177
20250812,000905,中证500,424,98.8,138973699.27,40720788.92,29.301075767499785,229500056.596,61407046.073,26.756876222082067
20250812,000852,中证1000,765,99.1,207178587.69,63817647.91,30.80320636488262,339619735.577,102385533.197,30.147109390757628
20250812,399330,深证100,99,99.0,54905841.23,15449757.35,28.138640632571544,179302372.064,43479297.889,24.24914817829657
20250813,000001,上证指数,429,99.1,142182527.31,55062879.08,38.726895717605736,203800891.136,66853772.981,32.80347431669829
20250813,399001,深证成指,400,95.2,119759440.87,39229235.34,32.756695468028866,252921381.185,94467407.557,37.35050279829903
20250813,000300,沪深300,285,99.0,219422730.24,67405852.42999999,30.71963071294978,486254890.044,144285591.415,29.672830930696435
20250813,000016,上证50,48,96.0,56051406.18,14953045.15,26.677377373871263,139473058.454,30541810.995,21.89800046944054
20250813,399006,创业板,100,100.0,45520741.67,15285839.54,33.57994395349227,200119712.62,66676797.865,33.31845573434843
20250813,000688,科创50,48,96.0,7759467.96,2213580.48,28.527477546282697,52436977.548,19938735.857,38.02418977857446
20250813,STAR,科创板,87,100.0,6166111.21,2178416.49,35.328855024007915,26290532.637,5608743.246,21.333699561896783
20250813,000905,中证500,424,98.8,184138999.25,57748775.4,31.36151257213917,289007216.022,75364474.104,26.077021584908472
20250813,000852,中证1000,765,99.1,235845217.5,66559362.18,28.22162895035173,391811211.903,106852717.169,27.271480223861825
20250813,399330,深证100,99,99.0,68154294.41,22724183.53,33.34226218130398,221950538.608,66676797.865,30.04128680343589
20250814,000001,上证指数,429,99.1,136704705.07,47557981.71,34.78884043211813,197411861.711,61010672.299,30.905271735047123
20250814,399001,深证成指,400,95.2,120696218.61,35528931.73,29.43665687224465,253842699.396,90550350.329,35.67183556764007
20250814,000300,沪深300,285,99.0,228320223.11,69763344.13,30.55504378006387,511549554.256,150750355.76,29.469355315782064
20250814,000016,上证50,48,96.0,54658533.41,11964536.08,21.889603202948432,159046946.745,37052632.073,23.29666355205579
20250814,399006,创业板,100,100.0,46501439.14,15684353.33,33.728748228156455,190523718.568,57241359.985,30.04421728445844
20250814,000688,科创50,48,96.0,9911979.86,2707703.91,27.317488011925807,70101613.738,32796829.247,46.7846993787845
20250814,STAR,科创板,87,100.0,6002915.46,1997642.52,33.277871949241145,25105033.23,4712646.853,18.771721231456024
20250814,000905,中证500,425,99.1,199941565.66,67411443.78,33.71557262617066,307154688.485,88687971.23,28.874041176920244
20250814,000852,中证1000,765,99.1,249557097.68,74216447.78,29.73926547068825,415058635.09,124884226.196,30.0883334637576
20250814,399330,深证100,99,99.0,75777303.89,27324180.82,36.05852863235196,220806930.378,57241359.985,25.92371529598657
20250815,000001,上证指数,429,99.1,160537447.65,63863804.99,39.78125099461802,228360110.857,80959516.808,35.452565031682425
20250815,399001,深证成指,400,95.2,131626664.76,45248160.79,34.37613562001493,278101323.214,108293824.47,38.94042042607165
20250815,000300,沪深300,285,99.0,270307741.31,90738427.55,33.56856415219623,545405574.488,166043873.72800002,30.444110125547187
20250815,000016,上证50,48,96.0,71641489.27,20331429.66,28.37940677555656,160055725.85,31706014.294,19.80935959998959
20250815,399006,创业板,100,100.0,54674513.02,24946554.03,45.62739136034833,217062072.986,83349410.125,38.39888239267661
20250815,000688,科创50,48,96.0,9871724.71,3162178.09,32.032681045053174,58005802.02,23230540.556,40.04864987124955
20250815,STAR,科创板,87,100.0,5311597.98,1546881.71,29.12271816926928,24759799.144,5392507.481,21.77928605009204
20250815,000905,中证500,425,99.1,213501965.34,78252957.11,36.6521015323596,314185595.584,88423940.359,28.143855606951007
20250815,000852,中证1000,765,99.1,239596052.3,67789988.78,28.2934497998822,398126620.401,114206551.349,28.68598719522176
20250815,399330,深证100,99,99.0,79773104.65,32462539.130000003,40.693588738244,234712201.296,81037229.332,34.52621077410561
20250818,000001,上证指数,430,99.3,176356316.42,64861334.42,36.77857177824581,256491867.789,81642230.457,31.830338778678943
20250818,399001,深证成指,400,95.2,158746382.93,54127379.67,34.096764077999644,352197232.497,141873718.873,40.28246271759347
20250818,000300,沪深300,286,99.3,311243009.42,102492763.82,32.93014163145216,676471069.432,197571540.493,29.20620694967653
20250818,000016,上证50,49,98.0,73669489.85,17645073.490000002,23.95167052999486,183341819.097,34119221.899000004,18.60962330746193
20250818,399006,创业板,100,100.0,69315015.27,28413743.09,40.99219047896201,279252437.671,96875015.978,34.69083986730775
20250818,000688,科创50,47,94.0,12485018.16,4340101.55,34.762476869316785,71008308.897,25428732.634,35.81092555081864
20250818,STAR,科创板,87,100.0,6815333.58,2162299.64,31.72698173344583,30497363.326,5622177.331,18.43496196999729
20250818,000905,中证500,425,99.1,255622692.63,92194816.28,36.06675734906173,387197935.68,99535531.728,25.70662768467372
20250818,000852,中证1000,765,99.1,296077394.45,80720262.33,27.263230440117788,483282894.987,125000846.487,25.864943242065795
20250818,399330,深证100,99,99.0,99565420.19,36559435.81,36.71900921046071,305224002.117,95784539.136,31.381719154342065
20250819,000001,上证指数,430,99.3,159751843.83,64966060.02,40.66686084020017,227633937.076,75455988.038,33.14795192985989
20250819,399001,深证成指,400,95.2,135760552.78,43158253.87,31.789980952668888,302852578.385,114852872.705,37.92368990796367
20250819,000300,沪深300,287,99.7,252865920.26,84927969.56,33.58616672135018,583856526.952,170711815.345,29.23865838002948
20250819,000016,上证50,50,100.0,63514972.85,14612423.96,23.00626656097201,179407468.802,43925174.441,24.48347035622986
20250819,399006,创业板,100,100.0,51547133.93,18520740.0,35.92971827522128,228881324.694,69974407.44,30.57235339473476
20250819,000688,科创50,47,94.0,8523698.81,2371827.01,27.826264898254887,57888953.709,22310333.583,38.5398805014702
20250819,STAR,科创板,87,100.0,5400917.55,1463213.13,27.09193607297337,29276117.389,8280482.499,28.284086953795484
20250819,000905,中证500,425,99.1,213328444.57,76686301.85,35.947527768542244,345708810.193,99063880.865,28.65529542324804
20250819,000852,中证1000,765,99.1,276555846.01,81045773.39,29.305391500228662,469120307.09,132352618.559,28.212937397657434
20250819,399330,深证100,99,99.0,81119910.06,30289103.99,37.33868043936043,252264344.999,63634900.252,25.22548331285273
20250820,000001,上证指数,430,99.3,152582726.94,57850167.01,37.91396848789338,217573540.837,70599015.828,32.44834622647925
20250820,399001,深证成指,400,95.2,125573599.83,36707236.67,29.231651174843925,282708271.543,107825402.646,38.14016549904863
20250820,000300,沪深300,287,99.7,246303378.94,81327677.71,33.0193105997996,567004718.904,158349993.161,27.92745595964085
20250820,000016,上证50,50,100.0,58160211.24,15001093.81,25.79270860640017,163946888.778,36402991.032,22.204136536737323
20250820,399006,创业板,100,100.0,43355280.24,13051399.86,30.10336869638926,197815777.888,55691189.805,28.15305755667853
20250820,000688,科创50,47,94.0,10297416.27,2854264.97,27.71826344745797,69959361.215,27478584.935,39.27792429458077
20250820,STAR,科创板,87,100.0,5183767.72,1506455.55,29.061015681466536,26418797.286,6556053.353,24.81586607454769
20250820,000905,中证500,425,99.1,198365927.95,60987386.3,30.74488997695836,314128538.349,77869694.603,24.78911817826815
20250820,000852,中证1000,765,99.1,258800562.64,70228274.95,27.13605961038416,424347458.629,111337952.163,26.237449971472778
20250820,399330,深证100,99,99.0,86892226.06,31553282.05,36.31312429285921,255339750.321,62465022.05,24.463493040731883
20250821,000001,上证指数,430,99.3,155606098.38,60006943.31,38.56336219128072,215646118.496,66084950.294,30.64509148363169
20250821,399001,深证成指,400,95.2,129308582.05,36978797.57,28.59732663041757,302070187.179,122524950.05,40.56174864333582
20250821,000300,沪深300,287,99.7,267237595.95,91733681.57,34.326637778601835,594532121.183,170852847.33,28.73736190906507
20250821,000016,上证50,50,100.0,65662074.8,19288307.67,29.37511147606929,165629321.829,38387110.36,23.176518466719223
20250821,399006,创业板,100,100.0,39895647.25,11120622.18,27.87427437964426,185797874.155,54020069.441,29.07464344610009
20250821,000688,科创50,47,94.0,9978561.61,2851757.27,28.578841134198303,70404468.664,24176750.2,34.33979498571562
20250821,STAR,科创板,87,100.0,5136293.7,1506969.88,29.339636088177745,25502113.848,6194494.943,24.29012347729677
20250821,000905,中证500,425,99.1,202279817.29,61446743.86,30.377100732648188,312934926.747,72583080.508,23.19430472734723
20250821,000852,中证1000,765,99.1,255650426.76,71438591.3,27.94385763614049,408842970.45,105654022.33,25.842201032271657
20250821,399330,深证100,99,99.0,86274556.13,27975081.02,32.42564468004525,270985682.93,71732185.099,26.47083946406482
20250822,000001,上证指数,430,99.3,155036813.14000002,52039524.77,33.565914905002415,230618281.87,72817374.175,31.57484896017364
20250822,399001,深证成指,400,95.2,130226385.88,41686647.03,32.01090681301184,315761986.457,138551336.539,43.87840920739448
20250822,000300,沪深300,287,99.7,292587728.45,98285867.77,33.59193097081512,710984363.473,209850227.604,29.51544905698466
20250822,000016,上证50,50,100.0,71607407.87,20963811.49,29.276037373198665,221087194.398,55405837.651,25.0606272343656
20250822,399006,创业板,100,100.0,53390108.39,18513568.71,34.676027579422566,241302999.482,67705461.314,28.0582758852322
20250822,000688,科创50,47,94.0,16433370.74,5273009.21,32.0872041008916,115977325.225,50121669.069,43.216783083902165
20250822,STAR,科创板,87,100.0,6668809.45,2447902.25,36.70673556282223,31072507.186,7365435.488,23.704026984081167
20250822,000905,中证500,425,99.1,208502349.61,63509443.64,30.45982156018544,336736822.283,76938723.118,22.84832487174189
20250822,000852,中证1000,765,99.1,254630078.02,71339735.28,28.01701033700999,409916602.255,97447048.641,23.77240836427024
20250822,399330,深证100,99,99.0,100855774.37,40220653.06,39.879375584829,307471497.31,79524489.685,25.864020041123208
20250825,000001,上证指数,430,99.3,214352920.36,81583704.96,38.06045880923028,302409554.047,89753782.276,29.67954585920609
20250825,399001,深证成指,400,95.2,171883302.55,58126939.85,33.81767687009107,385307512.12,156295145.064,40.56374198469391
20250825,000300,沪深300,287,99.7,370321029.62,119738108.28,32.33359671819547,880340454.459,258384870.034,29.35056190196173
20250825,000016,上证50,50,100.0,87639449.96,22660778.9,25.85682464956447,266907330.204,68804365.739,25.778372473476885
20250825,399006,创业板,100,100.0,64619345.81,19642778.47,30.39767460313755,304953958.281,91892972.092,30.133392138929104
20250825,000688,科创50,47,94.0,19048366.15,5954533.67,31.26007565746,141253552.472,64374484.72,45.57371024899401
20250825,STAR,科创板,87,100.0,8254920.11,2945219.49,35.67835243410975,38751183.067,9030962.958,23.30499933998312
20250825,000905,中证500,425,99.1,277170698.27,83285551.93,30.04846921043188,435151110.841,90977338.126,20.90706788043619
20250825,000852,中证1000,765,99.1,322300754.1,83509082.97,25.91029710842368,518070516.74,115875943.615,22.36682842794425
20250825,399330,深证100,99,99.0,122838561.55,41170610.96,33.51603148107688,378456974.162,100207216.242,26.477835813142104
20250826,000001,上证指数,430,99.3,157632635.6,51359646.93,32.581861449254355,244815872.618,74051079.955,30.247662932601628
20250826,399001,深证成指,400,95.2,138503035.99,43157187.42,31.159741092690545,310623344.742,113364736.603,36.49588433128211
20250826,000300,沪深300,287,99.7,280700208.98,96608573.28,34.41699371406004,671861070.901,191749729.417,28.54008629490228
20250826,000016,上证50,50,100.0,59237453.04,14285232.43,24.115203637053604,195027085.294,55501353.88600001,28.458279937031648
20250826,399006,创业板,100,100.0,50750376.51,13662229.4,26.92044934348015,250263575.666,66287582.78,26.48710768380731
20250826,000688,科创50,47,94.0,11522721.59,3152217.53,27.356536434375485,86860524.233,35879625.194,41.30717090511023
20250826,STAR,科创板,87,100.0,6517247.38,2301516.07,35.31423522548564,32987707.627,9341709.25,28.318758477033228
20250826,000905,中证500,425,99.1,231586140.69,70745293.26,30.548155018783824,370598854.796,92171350.2,24.87092148483208
20250826,000852,中证1000,765,99.1,287785963.62,85803027.34,29.814875701615705,455210264.208,115845974.514,25.44889331868543
20250826,399330,深证100,99,99.0,91647311.38,29638334.6,32.33955710616505,298443557.076,66287582.78,22.211095266874725
20250827,000001,上证指数,430,99.3,190602867.23,68248200.95,35.80649228515806,284677882.325,86250630.589,30.29762266199969
20250827,399001,深证成指,400,95.2,162260614.2,48482114.93,29.879163941929665,383189647.378,154761936.823,40.38781785519745
20250827,000300,沪深300,287,99.7,341502921.95,111781520.99,32.732229742492834,838343473.624,249008527.842,29.702447227934314
20250827,000016,上证50,50,100.0,77060202.01,18004054.16,23.36362180527848,248402081.912,67545386.94,27.191956854825765
20250827,399006,创业板,100,100.0,65948095.48,17822199.48,27.024585547591617,322401004.996,94194496.531,29.21656417670555
20250827,000688,科创50,47,94.0,16116762.33,4760551.69,29.537891001461453,127495460.208,52543824.004,41.21230977030743
20250827,STAR,科创板,87,100.0,7757038.65,2549266.59,32.86391501994127,41468271.758,11665957.061,28.13224802104133
20250827,000905,中证500,425,99.1,275697968.21,91405195.98,33.154105767793105,447274055.452,107922466.077,24.128934992202307
20250827,000852,中证1000,765,99.1,327112678.12,93493932.45,28.58156797447701,521899141.852,122904941.59,23.549558091600264
20250827,399330,深证100,99,99.0,116011601.34,41243038.32,35.550787889848465,383604012.681,97357811.425,25.379768773681064
20250828,000001,上证指数,430,99.3,181031777.21,64165616.0,35.44439379036022,268474983.318,79010003.336,29.42918642159488
20250828,399001,深证成指,400,95.2,150655935.77,44426972.96,29.48902924596663,360816488.166,149604400.585,41.46273950656375
20250828,000300,沪深300,287,99.7,306646484.99,97563461.11,31.8162659236683,804888379.985,268614912.66,33.372939570205496
20250828,000016,上证50,50,100.0,69528053.22,17167566.61,24.69156810083341,239302184.704,79181621.646,33.08854941877865
20250828,399006,创业板,100,100.0,59934904.61,16636566.85,27.757726417110582,312349897.687,99081790.295,31.721409556627428
20250828,000688,科创50,47,94.0,19004113.89,6960377.85,36.62563742928611,141552598.831,66917326.075,47.27382374299801
20250828,STAR,科创板,87,100.0,8176633.83,2755229.34,33.69637673991328,43417551.192,12543414.624,28.89019366507067
20250828,000905,中证500,425,99.1,262155996.79,86145498.31,32.8603958577407,430379621.145,116360093.652,27.036617891532767
20250828,000852,中证1000,765,99.1,296449072.65,79786888.82,26.914197473034328,479009682.381,111410373.046,23.258480390670933
20250828,399330,深证100,99,99.0,103069534.44,35718521.19,34.65478075948123,364397614.34,103976513.756,28.53380748508004
20250829,000001,上证指数,430,99.3,193599857.71,73320101.04,37.871980851261135,288556912.423,90017609.38599999,31.19579033131662
20250829,399001,深证成指,400,95.2,149851438.44,50185666.65,33.490280221830616,370092741.783,164573751.176,44.46824608965071
20250829,000300,沪深300,286,99.3,353326252.13,102153908.8,28.912063053388493,883538705.717,269628039.688,30.51683394777757
20250829,000016,上证50,50,100.0,81973372.76,17434576.93,21.268585569907685,257907446.769,66767661.839,25.88822566988607
20250829,399006,创业板,100,100.0,59021758.28,20018658.96,33.9174222242435,321855819.327,115221967.801,35.799249503062875
20250829,000688,科创50,46,92.0,15533458.91,5294238.75,34.08280654472726,115728228.393,55008928.258,47.53285263401414
20250829,STAR,科创板,87,100.0,7312052.16,2436869.94,33.3267581614188,38565912.256,10360697.304,26.86490918515251
20250829,000905,中证500,425,99.1,236765358.25,73520980.35,31.05225396714048,401139732.532,106521453.027,26.55470011774575
20250829,000852,中证1000,765,99.1,256029161.78,66425230.0,25.94440005903612,428760197.951,102647089.94,23.940442800087247
20250829,399330,深证100,99,99.0,113606708.96,37572547.63,33.07247254493482,408300317.492,115221967.801,28.21990649156368
20250901,000001,上证指数,430,99.3,184335982.58,66188672.04,35.90653930589746,274884133.908,78129194.137,28.42259137558983
20250901,399001,深证成指,400,95.2,144924022.91,44969413.9,31.02964780927085,364358747.602,160644010.608,44.089516627572856
20250901,000300,沪深300,285,99.0,322464696.33,87924542.7,27.26640891256538,820173405.341,241093039.512,29.39537394677676
20250901,000016,上证50,49,98.0,72433929.76,13765815.19,19.004650494058737,228984123.264,54008855.584,23.586288347918423
20250901,399006,创业板,100,100.0,51146262.46,14253822.42,27.868746873043747,298004967.532,98789990.003,33.15045075293648
20250901,000688,科创50,46,92.0,16057842.67,6041552.3,37.62368597175949,107093262.93,46528402.896,43.44661991148092
20250901,STAR,科创板,87,100.0,8212742.5,3552879.48,43.260573188554254,38509519.613,9875323.38,25.64384983048789
20250901,000905,中证500,425,99.1,238204311.69,74343980.42999999,31.210174115887344,407897146.098,111504193.788,27.3363505615728
20250901,000852,中证1000,764,99.0,253691671.95,63349188.620000005,24.97093741117583,426370315.705,98121576.582,23.013228868842976
20250901,399330,深证100,99,99.0,100906296.66,28280621.7,28.02661740256953,377819077.979,101109741.624,26.76141770416896
20250902,000001,上证指数,430,99.3,174946226.58,67322250.11,38.48168172933679,260653470.152,79109299.231,30.350372540548737
20250902,399001,深证成指,400,95.2,141021523.0,42931463.96,30.44319976603856,354161093.237,155831327.342,44.00012602110411
20250902,000300,沪深300,285,99.0,309937363.76,88949158.33,28.69907559737708,835852960.137,268772729.412,32.1555036866708
20250902,000016,上证50,49,98.0,78411624.38,17978019.53,22.927747859009475,234538167.525,55683873.069,23.74192382272472
20250902,399006,创业板,100,100.0,56835015.39,15858229.46,27.902217235592097,334732572.527,125219026.308,37.40867683198045
20250902,000688,科创50,46,92.0,13878554.95,4695686.07,33.83411375980466,100510224.53,45373998.752,45.14366470095478
20250902,STAR,科创板,87,100.0,7450367.43,2713441.3600000003,36.42023545139438,38833753.244,11628923.275,29.945401367550595
20250902,000905,中证500,425,99.1,244135968.21,82249691.1,33.69011608697116,409033897.629,105110194.815,25.69718437133945
20250902,000852,中证1000,764,99.0,277901349.2,73738022.56,26.53388433423266,469553554.126,116014850.741,24.70748005665581
20250902,399330,深证100,99,99.0,100551252.99,32101522.82,31.92553236824662,401994741.881,125219026.308,31.14941895062593
20250903,000001,上证指数,430,99.3,145978045.12,55179856.3,37.800106347937366,223642615.274,72075171.756,32.22783442578497
20250903,399001,深证成指,400,95.2,117764983.82,37821142.21,32.11577922670835,287282627.282,127481212.493,44.37484218906943
20250903,000300,沪深300,285,99.0,257871784.41,72900682.54,28.27012761663466,685147203.169,218926889.358,31.95326323239752
20250903,000016,上证50,49,98.0,64641518.36,13500262.89,20.88481711523956,189037661.183,43051896.524,22.7742431082678
20250903,399006,创业板,100,100.0,48858285.6,14318294.38,29.30576503895994,291819907.717,108221700.733,37.0850986759789
20250903,000688,科创50,46,92.0,11147725.53,3575607.08,32.074767811403056,74828416.767,33167111.518,44.32421926188206
20250903,STAR,科创板,87,100.0,5704891.19,2004663.39,35.13937993267843,29922746.066,8759264.199,29.27292896073063
20250903,000905,中证500,425,99.1,218185473.94,83211199.85,38.13782757732199,346115488.12,98397861.139,28.42919907267628
20250903,000852,中证1000,764,99.0,226193666.7,62666684.1,27.704880076556098,368143746.53,95143984.471,25.844248440397376
20250903,399330,深证100,99,99.0,87495329.53,26638376.12,30.44548350534111,341168542.774,108221700.733,31.720890751844376
20250904,000001,上证指数,430,99.3,177661477.77,74354478.35,41.851772980442654,261238212.729,92547415.135,35.42644629520784
20250904,399001,深证成指,400,95.2,127676908.94,41223665.36,32.287486987464966,306014044.519,136077691.502,44.46779288051635
20250904,000300,沪深300,285,99.0,304740959.3,92114092.78,30.227014114410185,798090290.307,272753974.14,34.17582915776111
20250904,000016,上证50,49,98.0,93891209.94,24906313.47,26.52677868984335,242467616.632,58150334.949,23.9827222112124
20250904,399006,创业板,100,100.0,55075447.78,14786531.29,26.847773165758177,339936676.433,131326663.345,38.63268439376058
20250904,000688,科创50,46,92.0,15727070.13,5652648.29,35.9421573330264,99145495.254,47169656.241,47.57619710321327
20250904,STAR,科创板,87,100.0,6698658.34,2407768.01,35.94403368242244,34130110.730000004,10094487.492,29.576486205557647
20250904,000905,中证500,425,99.1,228095910.07,83495427.47,36.60540315886253,363315740.107,101974110.418,28.067628005317808
20250904,000852,中证1000,764,99.0,231217872.31,58171431.67,25.15870900844897,368540832.207,85427945.586,23.18004902588848
20250904,399330,深证100,99,99.0,96885258.23,30579877.44,31.562982850708966,389328305.721,131326663.345,33.731599119615815
20250905,000001,上证指数,430,99.3,149632096.6,58624386.17,39.17901807305159,223906215.323,75434380.112,33.6901680032333
20250905,399001,深证成指,400,95.2,116420407.48,36372605.08,31.24246501735401,277160438.427,117923362.916,42.54696795302527
20250905,000300,沪深300,285,99.0,248384511.14,67599367.89,27.21561323600333,690591364.161,251839147.031,36.46717293329603
20250905,000016,上证50,49,98.0,64918595.21,14748919.67,22.71909862234371,189912793.918,46766790.707,24.62540292424576
20250905,399006,创业板,100,100.0,51112597.11,14610393.3,28.584721039623183,319281557.17,126341105.233,39.57043631108647
20250905,000688,科创50,46,92.0,13643652.61,5600659.19,41.04955872223721,80212059.65799999,38065808.444,47.45646553186779
20250905,STAR,科创板,87,100.0,5878536.81,2128092.5300000003,36.20105816773818,30071251.659,9577142.316,31.848166563208764
20250905,000905,中证500,425,99.1,200699827.12,71643798.51,35.69699064422393,323845681.414,90287276.402,27.8797222207135
20250905,000852,中证1000,764,99.0,221106172.75,63038209.66,28.51037982158732,348081825.187,88704028.733,25.483671457234387
20250905,399330,深证100,99,99.0,80854983.32,23328833.67,28.852685032005272,346772262.652,126341105.233,36.433451818431166
20250908,000001,上证指数,430,99.3,155846191.75,54906374.18,35.231129848894746,243181133.617,75946724.898,31.230516844951005
20250908,399001,深证成指,400,95.2,126661103.99,38531248.09,30.42074234015999,297169084.18,119005674.759,40.04645203500253
20250908,000300,沪深300,285,99.0,267791543.96,69164840.03,25.827865587993003,713008105.853,232442241.394,32.600224245125524
20250908,000016,上证50,49,98.0,66417987.6,19640067.46,29.57040429812721,173876044.373,33886569.238,19.488923480054744
20250908,399006,创业板,100,100.0,53170753.2,14232779.03,26.76805983256224,328546336.458,120033781.147,36.53481041397782
20250908,000688,科创50,46,92.0,12870634.82,5055930.07,39.28267828828042,74160244.633,27970123.292,37.71579156786356
20250908,STAR,科创板,87,100.0,6191090.14,2191457.17,35.39695143253075,32780241.591,9930713.178,30.294813875705334
20250908,000905,中证500,425,99.1,203921744.72,65919196.74,32.32573202554345,346959725.405,91479752.598,26.36610127910878
20250908,000852,中证1000,765,99.1,241611150.96,71126263.23,29.4383197743118,382040298.031,95136837.414,24.90230426065689
20250908,399330,深证100,99,99.0,83973990.54,20317129.53,24.194550478486764,362294269.488,119284051.21,32.924630957749926
20250909,000001,上证指数,430,99.3,132763241.68,44780979.01,33.72995299251267,209765498.182,67988172.841,32.41151353785123
20250909,399001,深证成指,400,95.2,109183025.46,31180941.72,28.55841518279173,237096716.609,84734262.684,35.73826913163738
20250909,000300,沪深300,286,99.3,221711199.14,59304195.59,26.748398736751337,589618722.661,193058395.728,32.74292153694015
20250909,000016,上证50,50,100.0,55495344.1,16083585.06,28.98186383170836,158321031.855,41043890.013,25.924471014432548
20250909,399006,创业板,100,100.0,40520390.2,11058854.97,27.292074225879485,236656758.567,81318930.45,34.36155001124879
20250909,000688,科创50,47,94.0,11035560.75,4158101.09,37.679110143995175,71109370.835,33651295.724,47.32329273744165
20250909,STAR,科创板,87,100.0,5134777.21,1794361.08,34.945256758277154,27600420.972,8824065.777,31.97076517764644
20250909,000905,中证500,425,99.1,191291741.41,68193329.41,35.64886225999672,305693455.595,84044514.1,27.49306946608204
20250909,000852,中证1000,765,99.1,224953258.95,70535048.84,31.3554243086906,336794615.679,82595442.587,24.523979523984423
20250909,399330,深证100,99,99.0,73796440.28,18629452.14,25.244377735993417,281621312.325,81301705.313,28.8691593124796
20250910,000001,上证指数,430,99.3,113498459.22,40457276.8,35.645661692710334,179242955.719,61861150.815,34.51245856042455
20250910,399001,深证成指,400,95.2,100045417.6,28046268.55,28.03353639057628,234540672.375,91138554.35,38.85831545851515
20250910,000300,沪深300,286,99.3,206999015.93,58648175.83,28.332586783810022,586183242.172,208348631.513,35.54325960274818
20250910,000016,上证50,50,100.0,57323835.01,21916057.33,38.23201522748224,154127174.425,37645100.914000005,24.4247006113244
20250910,399006,创业板,100,100.0,39038590.9,10005608.95,25.630046370346832,251840616.779,102929514.501,40.87089517864574
20250910,000688,科创50,47,94.0,9803709.63,3393364.37,34.6130648302361,73712888.779,37140966.561,50.38598700473269
20250910,STAR,科创板,87,100.0,4396296.35,1600739.46,36.41109089472551,23681125.994,8233498.979,34.76819041918063
20250910,000905,中证500,425,99.1,158504038.2,55958408.46,35.30409010109371,264837214.593,75835478.541,28.634751599220465
20250910,000852,中证1000,765,99.1,196866615.32,61422386.16,31.20000110743002,303866505.556,78136838.037,25.714199034220325
20250910,399330,深证100,99,99.0,64114808.88,14396115.97,22.45365184967545,286270198.342,100466347.527,35.094937617982616
20250911,000001,上证指数,430,99.3,142179174.19,53341233.62,37.51691056294775,221513297.505,68671777.629,31.00119875532526
20250911,399001,深证成指,400,95.2,122153183.54,35974913.17,29.450655420879585,304342398.791,131486556.796,43.20349623264136
20250911,000300,沪深300,286,99.3,258397638.38,74400698.23,28.79310302386984,753175460.59,264855835.192,35.165223649815296
20250911,000016,上证50,50,100.0,68846797.71,20049473.59,29.12186805616352,217452398.758,57769923.276,26.56669855377931
20250911,399006,创业板,100,100.0,52680535.87,14688150.35,27.881550761453937,320782000.407,121159679.561,37.77009913501247
20250911,000688,科创50,47,94.0,13724680.92,4148209.37,30.22445034736735,112600497.027,57769923.276,51.3052116121189
20250911,STAR,科创板,87,100.0,5972557.49,2159038.25,36.14930879468186,32105385.971,9235418.397,28.76594726299857
20250911,000905,中证500,425,99.1,202767238.37,69353309.32000001,34.20340972117369,345614558.877,88368802.858,25.56859964034368
20250911,000852,中证1000,764,99.0,227557032.77,63495439.59,27.90308821357198,364523695.985,85623567.822,23.489163740269813
20250911,399330,深证100,99,99.0,89345941.13,27353615.16,30.61539764878629,369513325.181,121159679.561,32.78898792124802
20250912,000001,上证指数,430,99.3,154847095.74,59118217.51,38.17844773095645,228090165.653,66536999.092,29.17135813440752
20250912,399001,深证成指,400,95.2,128220542.92,42778676.93,33.36335656969624,310715455.196,142434566.07299998,45.84083723262236
20250912,000300,沪深300,287,99.7,274957488.61,78578207.08,28.57831131541044,759178289.398,263774017.775,34.7446734790273
20250912,000016,上证50,50,100.0,63328693.55,14400746.13,22.73968610868335,224570373.191,64628024.035,28.7785174494202
20250912,399006,创业板,100,100.0,47770807.59,12372906.21,25.90055901125284,292008498.813,95161367.671,32.58856096922734
20250912,000688,科创50,48,96.0,13804230.37,3691892.67,26.744646902035143,121679799.784,59645292.382,49.01823678858725
20250912,STAR,科创板,87,100.0,6363656.25,2400867.01,37.727792257792046,33202245.847,9308422.97,28.03552209357869
20250912,000905,中证500,425,99.1,222792405.93,80415849.86,36.094520154006574,357213462.341,87817415.661,24.584016258930493
20250912,000852,中证1000,765,99.1,246460723.13,69786279.67,28.315375684907817,388928093.887,93902701.145,24.143974842887715
20250912,399330,深证100,99,99.0,87043042.01,24662000.49,28.333109597854687,342601734.258,103609320.59,30.241913636075136
20250915,000001,上证指数,430,99.3,138356266.15,54962706.79,39.72549152953561,207365068.19,68884563.742,33.21898154943047
20250915,399001,深证成指,400,95.2,112396092.2,34494025.62,30.68970187915483,273261195.024,118714559.295,43.443621508196046
20250915,000300,沪深300,287,99.7,233903184.09,67241237.12,28.74746548731345,651852990.188,204307393.871,31.342556825899653
20250915,000016,上证50,50,100.0,53250346.82,11552343.07,21.69439967978034,178663667.319,44040681.331,24.65004888339516
20250915,399006,创业板,100,100.0,46152477.75,11344401.58,24.580265530814323,278415995.629,91100399.975,32.7209648171202
20250915,000688,科创50,48,96.0,14266529.33,4871189.3100000005,34.14417898932677,101870731.7,42381418.897,41.60313584652499
20250915,STAR,科创板,87,100.0,5971165.27,2427782.3,40.658434161880095,28623705.113,8156146.684,28.49437783054763
20250915,000905,中证500,425,99.1,208154827.71,78519606.92,37.72173232003681,340541748.731,96058261.019,28.207484508713826
20250915,000852,中证1000,764,99.0,225932154.14,68753982.58,30.431251736482025,352305596.93,86774476.22399999,24.630456336815254
20250915,399330,深证100,99,99.0,75572022.16,21893956.28,28.970981130617936,309555702.853,91190435.73,29.45848998727832
20250916,000001,上证指数,430,99.3,135800543.21,51573103.6,37.977096689700346,202940190.214,64746896.837,31.90442305623373
20250916,399001,深证成指,400,95.2,116541629.72,37000937.11,31.74911591582984,268499076.138,113761731.55,42.36950576750964
20250916,000300,沪深300,287,99.7,258376490.19,81082007.15,31.381340883752795,667218630.41,210431820.089,31.538660717505973
20250916,000016,上证50,50,100.0,59624893.19,11324435.8,18.99279846743488,192204387.149,52416153.797000006,27.27104962300686
20250916,399006,创业板,100,100.0,46238519.2,14611516.06,31.600311413086946,269048352.681,88178119.586,32.77407897403085
20250916,000688,科创50,48,96.0,11679533.8,3339440.7800000003,28.592243810279484,99414884.703,45370557.010000005,45.63758952750752
20250916,STAR,科创板,87,100.0,5442351.45,1969071.97,36.180536815570775,27402039.491,7562265.936,27.59745652685367
20250916,000905,中证500,425,99.1,209634597.82,81783920.72,39.0126064926662,335217764.651,91860919.861,27.40335672742097
20250916,000852,中证1000,764,99.0,230868341.19,70027806.86,30.332355878265925,358570033.685,86684415.427,24.17503061707364
20250916,399330,深证100,99,99.0,77221185.33,24277671.76,31.43913377689148,303243811.107,88178119.586,29.078291578022093
20250917,000001,上证指数,430,99.3,151616154.14000002,70627515.85,46.58310735463164,207689738.349,70443960.573,33.91788209325325
20250917,399001,深证成指,400,95.2,120706236.35,42487167.9,35.198817546430774,279410640.547,116271151.299,41.61300051829697
20250917,000300,沪深300,287,99.7,248863106.95,71489994.34,28.726634178991954,664460194.427,212604332.677,31.996549147739422
20250917,000016,上证50,50,100.0,63627445.42,14701682.079999998,23.105881405351568,186836441.175,44784614.058,23.969956704566307
20250917,399006,创业板,100,100.0,48110453.68,15311123.31,31.824940608209207,274653389.366,86700184.203,31.56712698981636
20250917,000688,科创50,48,96.0,12697917.48,4221376.02,33.244632646644035,96866355.41,43788895.634,45.20547454134881
20250917,STAR,科创板,87,100.0,5377751.45,2166954.29,40.294801835811874,25352642.433,6125202.556,24.160016346174608
20250917,000905,中证500,425,99.1,223241369.65,89883369.22,40.262864074396255,349388437.091,97036144.572,27.773141372370723
20250917,000852,中证1000,763,98.8,226001850.39,70389640.65,31.14560368799289,372335530.626,101142018.27,27.16421344477977
20250917,399330,深证100,99,99.0,78626401.94,22999398.62,29.251495747638177,311382790.348,88784238.419,28.512891903812392
20250918,000001,上证指数,430,99.3,202649828.31,88036492.2,43.44266804180448,296201369.064,105786198.069,35.7142839694785
20250918,399001,深证成指,400,95.2,155610884.89,48715830.3,31.306184226403445,382852612.626,161858934.821,42.27708770505801
20250918,000300,沪深300,287,99.7,326023618.68,93289459.85,28.61432562085811,900112897.396,283667306.91,31.51463641179247
20250918,000016,上证50,50,100.0,79619109.73,16277059.34,20.44365906024053,269139816.94,67764595.484,25.17821266821584
20250918,399006,创业板,100,100.0,60770572.48,18267294.26,30.05944080255602,350427241.025,105239442.523,30.03175272994604
20250918,000688,科创50,48,96.0,17753860.22,5833926.42,32.86004478861443,148295105.983,67764595.484,45.695773326308064
20250918,STAR,科创板,87,100.0,7829813.74,2947846.51,37.64899917018971,40058185.197,11318772.136,28.25582856621192
20250918,000905,中证500,425,99.1,299496093.03,126337212.64,42.183259007437215,466516192.93,123035472.677,26.37324803331345
20250918,000852,中证1000,763,98.8,308027924.88,92226033.79,29.94080287556037,496045083.266,122509267.405,24.69720425377252
20250918,399330,深证100,99,99.0,107239792.43,34318231.55,32.00139684380775,414653673.206,107960705.717,26.036355805623145
20250919,000001,上证指数,430,99.3,149221595.07,61477165.73,41.198571628430194,224268183.08,79851565.161,35.60539175212191
20250919,399001,深证成指,400,95.2,114163881.45,36090532.97,31.612916897719927,275279806.754,111490740.568,40.500878681461785
20250919,000300,沪深300,287,99.7,235548715.35,67092662.93,28.48356138572335,651780860.567,208245130.602,31.95017577239726
20250919,000016,上证50,50,100.0,57382270.23,13491116.38,23.51094915890365,187683988.408,47322248.166,25.213790780664645
20250919,399006,创业板,100,100.0,43009533.98,12039335.16,27.992247406350536,252070920.122,71946537.786,28.542180808154523
20250919,000688,科创50,48,96.0,12108153.08,3856077.55,31.84695076550849,106012423.512,47322248.166,44.63839859357936
20250919,STAR,科创板,87,100.0,6116155.83,2347256.1,38.37796428414415,31848393.344,10034037.562,31.505631865383688
20250919,000905,中证500,425,99.1,233228402.56,105861617.87,45.389676689470186,348757237.696,101301937.716,29.046547789296785
20250919,000852,中证1000,763,98.8,231465130.36,79060190.67,34.156415070830285,362388456.239,97923551.661,27.021708328484426
20250919,399330,深证100,99,99.0,76555821.48,20276909.38,26.48643693973983,306774831.427,81364034.082,26.52239549885022
20250922,000001,上证指数,429,99.1,140074453.57,62278066.4,44.460688450144495,201246207.45,72699876.539,36.12484302694868
20250922,399001,深证成指,400,95.2,105317958.35,33046909.72,31.378228592483914,251346368.086,98311781.478,39.11406487654594
20250922,000300,沪深300,287,99.7,204885211.08,54464739.48,26.58305067159462,617103788.954,198963497.289,32.241496625105164
20250922,000016,上证50,50,100.0,48245651.93,10409311.96,21.57564784304905,186431834.322,56499859.154,30.305907443046976
20250922,399006,创业板,100,100.0,38855523.6,10909870.7,28.078043194867664,229489474.831,63741172.237,27.775205065042783
20250922,000688,科创50,48,96.0,12911332.36,3792612.19,29.374289842849343,121154849.88,56499859.154,46.63441802780599
20250922,STAR,科创板,87,100.0,5420600.95,2059293.26,37.99012838235215,29273760.228,9506694.787,32.475140579675035
20250922,000905,中证500,425,99.1,195686541.13,82208434.42,42.01026496011632,313451995.571,92177976.488,29.40736629227195
20250922,000852,中证1000,763,98.8,211909316.53,73090289.01,34.49130515205669,332546686.128,89191480.589,26.820739556150457
20250922,399330,深证100,99,99.0,69824734.01,20646931.94,29.56965355148082,276290413.165,65810161.904,23.819198483987325
20250923,000001,上证指数,430,99.3,175872352.78,81457331.94,46.31616661312057,238982047.635,86153615.252,36.05024565844519
20250923,399001,深证成指,400,95.2,120553108.5,39072622.26,32.411127963573,318472120.847,155802353.65,48.921818724864266
20250923,000300,沪深300,287,99.7,265582592.59,77123725.78,29.039450600989408,749063231.532,257215049.844,34.33822927310668
20250923,000016,上证50,50,100.0,64589576.35,18283265.75,28.306836463713697,200890605.676,49303023.336,24.542224446033483
20250923,399006,创业板,100,100.0,48685202.56,12740285.48,26.16870180276806,293919406.323,94613058.824,32.19013674790356
20250923,000688,科创50,48,96.0,15306189.67,4400648.03,28.75077419578324,120815206.475,49303023.336,40.80862399237976
20250923,STAR,科创板,87,100.0,6480244.41,2278495.54,35.160642035104964,33483919.898,9370030.492,27.98367252264176
20250923,000905,中证500,425,99.1,237687856.61,102252912.96,43.019830469411545,360266264.951,104811230.13,29.09271289784944
20250923,000852,中证1000,764,99.0,244235172.86,72422642.77,29.652830885056,386098957.658,95919143.692,24.8431501275804
20250923,399330,深证100,99,99.0,86073834.73,26891403.12,31.242250568194248,369586353.614,116921834.103,31.635863434804858
20250924,000001,上证指数,430,99.3,152444040.76,67629677.32,44.36360843155073,222834034.398,74326189.643,33.354953987974426
20250924,399001,深证成指,400,95.2,106017470.29,33881526.07,31.95843664003728,280276318.939,127933999.019,45.64566835446552
20250924,000300,沪深300,287,99.7,230522049.16,67760028.2,29.3941635721663,679582023.888,217722797.087,32.03775106371594
20250924,000016,上证50,50,100.0,52404138.75,13154532.47,25.1020869415586,184889113.412,47339066.89,25.60403152808213
20250924,399006,创业板,100,100.0,47604582.03,12024118.85,25.258322491777164,288287630.184,77638846.273,26.931036279096293
20250924,000688,科创50,48,96.0,20074356.61,7638421.96,38.05064395535813,133898651.169,47339066.89,35.35440161398718
20250924,STAR,科创板,87,100.0,9342450.71,5083316.26,54.410950807146406,37351193.141,9238043.793,24.73292823103822
20250924,000905,中证500,425,99.1,202450652.62,82646198.52,40.82288570100437,361118969.788,105034465.023,29.085834256965786
20250924,000852,中证1000,764,99.0,217663074.33,69080216.51,31.73722356106537,365740219.192,100817716.448,27.56538962838934
20250924,399330,深证100,99,99.0,80974955.47,28133304.61,34.743217142518795,330393416.952,94291639.879,28.539200553350863
20250925,000001,上证指数,430,99.3,142994464.23,58991682.72,41.254522010806376,222891675.24,76331202.619,34.24587416143286
20250925,399001,深证成指,400,95.2,121021960.97,45083690.99,37.25248758874081,316005340.762,147814315.165,46.77589144808999
20250925,000300,沪深300,287,99.7,242674630.03,73906679.89,30.45504999054227,724890313.086,220963929.867,30.4823951814604
20250925,000016,上证50,50,100.0,55389206.77,15096812.79,27.255874691776167,186958662.233,39434879.096,21.092833370220472
20250925,399006,创业板,100,100.0,48507611.13,12202139.02,25.15510192266192,304878422.494,93532819.087,30.67872705515613
20250925,000688,科创50,48,96.0,16890901.5,5938496.17,35.157958679706944,110112358.708,39434879.096,35.8133088408131
20250925,STAR,科创板,87,100.0,7060996.45,3138271.96,44.44517119110009,34403090.019,9059769.996,26.33417518890456
20250925,000905,中证500,424,98.8,195656914.83,75904367.02,38.79462531950422,358885898.369,102154220.818,28.46426156119594
20250925,000852,中证1000,765,99.1,210614955.95,62240923.2,29.551995925102304,352159172.139,84887308.042,24.10481247056496
20250925,399330,深证100,99,99.0,84768698.06,27250837.67,32.14728820149111,367512425.536,100430553.199,27.327117730108487
20250926,000001,上证指数,430,99.3,130168857.3,50843846.49,39.05991613095309,205513611.482,66823916.089,32.5155670260083
20250926,399001,深证成指,400,95.2,112237134.82,38843255.76,34.60820326738986,293826263.93,136800165.661,46.55818163810936
20250926,000300,沪深300,287,99.7,220283041.17,63146595.94,28.666117738617743,642161007.436,192565504.366,29.987106369922618
20250926,000016,上证50,50,100.0,47567644.1,10747984.3,22.59515791323372,174235992.673,38411374.745000005,22.04560272290532
20250926,399006,创业板,100,100.0,39439114.0,9380062.25,23.78365358309013,247138164.018,72499511.3,29.33561944512932
20250926,000688,科创50,48,96.0,17524053.77,8242928.25,47.03779364173909,100338940.188,31458553.164,31.352287661258632
20250926,STAR,科创板,87,100.0,6992547.58,3202056.33,45.792413900171134,31581410.559,7863764.007999999,24.89997713467868
20250926,000905,中证500,424,98.8,179180530.94,63497252.4,35.437584690081394,320726277.08,81737803.90799999,25.48522205669223
20250926,000852,中证1000,765,99.1,202837209.9,60380325.96,29.76787443968879,324096864.727,75631234.882,23.335997077820323
20250926,399330,深证100,99,99.0,80696660.17,23434826.23,29.040639576199208,325215763.501,80358516.278,24.709293120643245
20250929,000001,上证指数,430,99.3,154351264.46,64196814.55,41.591375862448174,238461794.997,91802399.756,38.49773912720691
20250929,399001,深证成指,400,95.2,120636478.94,46344188.82,38.41639711902553,288863039.593,136511129.906,47.258081234047935
20250929,000300,沪深300,287,99.7,282008048.72,84204765.62,29.858993742269103,737036058.283,222441922.932,30.18060248642393
20250929,000016,上证50,50,100.0,72098317.51,15320268.41,21.2491344307377,217489771.052,43416381.666,19.96249361797319
20250929,399006,创业板,100,100.0,46308660.71,18168544.11,39.233577113744175,280526009.279,96203032.556,34.293801420858735
20250929,000688,科创50,48,96.0,15486298.4,5947862.87,38.40725986527549,101594183.695,37194775.233,36.61112662183884
20250929,STAR,科创板,87,100.0,6080353.06,2763106.86,45.44319766852486,27228666.11,7493078.88,27.51908172706298
20250929,000905,中证500,424,98.8,196512341.6,66708175.17,33.9460486943788,325024481.185,83213800.58399999,25.6023177948358
20250929,000852,中证1000,766,99.2,203946743.95,60004636.63,29.42171837012061,307493592.486,71617940.529,23.290872486151308
20250929,399330,深证100,99,99.0,92204570.55,34547761.85,37.46860013980077,343000375.797,97740291.728,28.49568065366968
20250930,000001,上证指数,430,99.3,144594738.58,59317974.06,41.02360476081992,227837509.896,79637688.411,34.95372138123871
20250930,399001,深证成指,400,95.2,111901558.68,40965253.21,36.6082954457735,276069444.97,123629618.646,44.78207237292581
20250930,000300,沪深300,287,99.7,256458753.19,71963435.32000001,28.06043249640428,711255915.583,196833386.152,27.67405962320332
20250930,000016,上证50,50,100.0,60537970.67,10730481.95,17.725209205464104,208320965.901,38166027.205,18.32078064727176
20250930,399006,创业板,100,100.0,43031308.45,13316655.45,30.94643395627445,275373419.06,79748783.691,28.960232967737475
20250930,000688,科创50,48,96.0,15131151.32,5090165.39,33.64030457663812,108158767.95,35453020.852,32.77868408078515
20250930,STAR,科创板,87,100.0,6067444.67,2418665.51,39.86300067899919,31622633.601,8662000.037,27.391773077135745
20250930,000905,中证500,424,98.8,194954375.4,72844177.35,37.36473069688283,338652062.133,91583599.687,27.04356769900077
20250930,000852,中证1000,768,99.5,199031073.96,59056754.12,29.672127545203743,329586189.499,78567115.178,23.838109023144728
20250930,399330,深证100,99,99.0,83413522.16,28279415.33,33.9026750072437,331411238.199,80487975.73,24.286435235992208
20251009,000001,上证指数,430,99.3,190730363.08,82253595.03,43.12559033691952,281099191.89,96348121.576,34.27548863737148
20251009,399001,深证成指,400,95.2,140900339.1,49431411.4,35.0825354401152,352906324.575,162519391.149,46.051708295315976
20251009,000300,沪深300,287,99.7,347346249.65,100351050.07,28.890782661715143,901341130.111,247562614.445,27.46602880693048
20251009,000016,上证50,50,100.0,76138723.46,14632722.93,19.21850310202193,273023983.812,57877559.306,21.19870880862012
20251009,399006,创业板,100,100.0,51829618.8,13725132.43,26.48125289704041,306675225.92,83000604.69299999,27.064659182692413
20251009,000688,科创50,48,96.0,22647371.68,8316257.26,36.720628678267886,159499081.801,52764015.794,33.081078084092894
20251009,STAR,科创板,87,100.0,7942084.95,3267792.82,41.145276593899936,40282539.132,11884444.422,29.5027192378723
20251009,000905,中证500,424,98.8,248343802.23,83029543.01,33.43330587050584,420421214.892,105886619.101,25.18584109229614
20251009,000852,中证1000,768,99.5,239788787.12,61647960.3,25.70927566731837,397384178.068,86308506.425,21.71916024553725
20251009,399330,深证100,99,99.0,113683270.4,37132824.57,32.663402837855024,410885914.985,91258029.721,22.210065225606844
20251010,000001,上证指数,430,99.3,176793775.46,71669906.31,40.53870455762482,261719803.574,86377896.147,33.00395880152686
20251010,399001,深证成指,400,95.2,137866932.53,51509887.36,37.36203193524407,347769183.434,166882414.003,47.98654451068437
20251010,000300,沪深300,287,99.7,330494934.74,104832297.83,31.719789567265664,833293442.438,239965822.105,28.79727715160249
20251010,000016,上证50,50,100.0,72323986.42,13910365.02,19.23340472304679,246474964.121,52656583.206,21.363866871342648
20251010,399006,创业板,100,100.0,46967735.02,13156127.52,28.01098991551924,284601772.226,84404563.891,29.65707600161217
20251010,000688,科创50,48,96.0,18445720.34,6965543.5200000005,37.76238277284866,130194717.807,46638846.704,35.82238011617122
20251010,STAR,科创板,87,100.0,6547171.16,2523277.9000000004,38.53997151343757,35112876.338,10509698.231,29.9311800316004
20251010,000905,中证500,424,98.8,230293221.48,78089064.29,33.90853790144306,395047611.551,104239254.963,26.386504288368005
20251010,000852,中证1000,768,99.5,232016017.15,58530463.61,25.226906456272648,371475940.749,81875529.191,22.04060080604841
20251010,399330,深证100,99,99.0,103123645.98,35598556.74,34.52026584368832,377661766.374,95389105.62,25.25781376702448
20251013,000001,上证指数,430,99.3,175576330.99,72806445.2,41.467118483155176,247823489.332,79141876.137,31.93477597717807
20251013,399001,深证成指,400,95.2,131911464.55,46049772.82,34.90960620981143,314131304.915,139063369.207,44.26918522005592
20251013,000300,沪深300,287,99.7,323150567.61,105815499.58,32.7449524110709,747021461.992,207961741.456,27.83879072248491
20251013,000016,上证50,50,100.0,73130988.96,14222930.21,19.44856812722638,227719435.591,52889840.856,23.22587912565963
20251013,399006,创业板,100,100.0,42002682.75,10265642.72,24.44044534274421,253682751.2,73919149.216,29.138421460008203
20251013,000688,科创50,48,96.0,17359197.31,6312491.97,36.36396232655069,124235443.25,38979296.075,31.375342700361
20251013,STAR,科创板,87,100.0,6444928.48,2487512.39,38.59643125163121,32359472.69,8788217.326,27.158098063556547
20251013,000905,中证500,424,98.8,220198677.87,72190647.6,32.78432381988216,374818624.363,100136263.94,26.715925365283127
20251013,000852,中证1000,768,99.5,230005772.27,62682764.19,27.25269177871664,361293891.44,86233042.735,23.867838559711902
20251013,399330,深证100,99,99.0,93770468.23,31238125.25,33.3133936938218,326592030.037,82695092.636,25.32060951598585
20251014,000001,上证指数,430,99.3,194640456.61,78868182.5,40.51993294386261,290130384.247,105399824.791,36.32843387449857
20251014,399001,深证成指,399,95.0,143477296.78,49142809.98,34.25127952846283,344655265.544,143636550.727,41.67542616831508
20251014,000300,沪深300,287,99.7,379310280.57,136415459.55,35.96408179208977,845557252.133,233980388.129,27.67173808027332
20251014,000016,上证50,50,100.0,88883056.51,19194398.65,21.59511542882246,267611704.526,59012871.049,22.05167787915889
20251014,399006,创业板,100,100.0,42468456.81,9994213.14,23.5332618388118,264204644.86,83384759.54100001,31.56067130658696
20251014,000688,科创50,48,96.0,19018308.55,6737142.67,35.42451029379266,129848889.745,41005937.6,31.57973678521882
20251014,STAR,科创板,87,100.0,6499626.27,2405431.24,37.008762351500565,33446363.856,10109921.82,30.227267345195624
20251014,000905,中证500,424,98.8,238261207.16,77846224.62,32.67263922142549,399890858.89,103565363.424,25.89840730830215
20251014,000852,中证1000,768,99.5,245553967.62,65992152.29,26.87480594576434,403439077.304,108390065.758,26.866526287518187
20251014,399330,深证100,99,99.0,98904605.06,29134399.68,29.45707094459935,358734792.265,91328825.539,25.45859155794812
20251015,000001,上证指数,430,99.3,153816164.3,58785144.31,38.21779367436741,233806065.251,86897924.429,37.16666816821525
20251015,399001,深证成指,399,95.0,114535970.41,36557212.61,31.91766960120699,259724289.728,102381290.587,39.41922054892142
20251015,000300,沪深300,287,99.7,289358847.76,94571596.81,32.683153648869784,635349644.606,175018064.074,27.54673203327817
20251015,000016,上证50,50,100.0,66745323.34,13930195.85,20.87066951348745,194518083.488,37960581.891,19.51519427413124
20251015,399006,创业板,100,100.0,33809603.54,8421637.790000001,24.9090107786576,205547569.021,67297739.736,32.74071304104037
20251015,000688,科创50,48,96.0,13300012.82,4334236.15,32.58821031722886,89310347.764,27373191.573,30.64951851417359
20251015,STAR,科创板,87,100.0,4517334.37,1527360.53,33.81110196631293,23359211.197,6315931.38,27.03829049163761
20251015,000905,中证500,424,98.8,188691864.37,60482099.86,32.05336915925667,316950010.811,87944647.002,27.747166430747388
20251015,000852,中证1000,768,99.5,199343529.6,55401187.33,27.7918161884498,324429993.989,91216873.964,28.116042182922445
20251015,399330,深证100,99,99.0,79178971.9,20511145.29,25.904788604611824,277106455.117,69640003.513,25.13113723157281
20251016,000001,上证指数,430,99.3,141893234.5,54650391.58,38.51514962822276,217369390.831,76222186.809,35.06574063514817
20251016,399001,深证成指,399,95.0,105320545.25,34701166.74,32.948145737025605,255055038.418,113329287.858,44.433267643303296
20251016,000300,沪深300,287,99.7,256391301.74,80118975.17,31.24871032140032,577311198.739,154902153.426,26.83165574552289
20251016,000016,上证50,50,100.0,64380003.03,14356011.23,22.298866968537325,179657305.211,30877686.284,17.18699178290326
20251016,399006,创业板,100,100.0,32400870.17,7228634.96,22.310002546453216,202819799.135,62374866.453,30.75383503929137
20251016,000688,科创50,48,96.0,11100567.68,3400999.5,30.63806823256088,80214139.064,27211924.614,33.92409983019151
20251016,STAR,科创板,87,100.0,4363909.12,1415574.34,32.43821768680646,22376653.153,5544022.088,24.7759218060576
20251016,000905,中证500,424,98.8,166755752.47,54677186.11,32.78878557418079,279464622.699,78656820.67,28.145537674984386
20251016,000852,中证1000,768,99.5,185678258.8,50705680.73,27.308356432088644,296117866.309,81652204.359,27.57422420226264
20251016,399330,深证100,99,99.0,70916474.24,19939987.79,28.117567890526875,264012129.072,76662488.741,29.03748741032008
20251017,000001,上证指数,430,99.3,143312339.18,54479847.58,38.01476404036181,214362284.017,73078162.025,34.09096071172882
20251017,399001,深证成指,399,95.0,104978940.3,33166738.130000003,31.59370635216824,242384012.399,102686978.171,42.36540898661337
20251017,000300,沪深300,287,99.7,263879349.1,83999957.02,31.832713437597302,575991593.267,153431716.435,26.637839549834712
20251017,000016,上证50,50,100.0,63547354.76,13512512.36,21.263689749215928,173322971.886,30085340.682,17.357964933689274
20251017,399006,创业板,100,100.0,31771439.3,7121507.05,22.41480778618676,195198799.535,65985301.868,33.804153522044864
20251017,000688,科创50,48,96.0,11919701.04,3893845.61,32.66730933043603,80000610.63,27452908.321,34.31587347247727
20251017,STAR,科创板,87,100.0,4678651.03,1588397.02,33.94989303145356,22530819.222,5557573.637,24.66654044950732
20251017,000905,中证500,425,99.1,172900797.17,52145056.51,30.15894510811873,276971717.071,69389862.60700001,25.05304994343966
20251017,000852,中证1000,768,99.5,196009305.74,54688449.5,27.900945464570164,297422944.824,76542766.443,25.735326670339497
20251017,399330,深证100,99,99.0,73462293.89,21127349.66,28.75944725008913,262303232.666,73602849.816,28.0602145341156
20251020,000001,上证指数,430,99.3,125902800.07,47477682.75,37.70979098447624,179960902.479,58823916.9,32.687053737610746
20251020,399001,深证成指,399,95.0,87128721.82,27011084.57,31.001355242881264,201758085.073,80919715.349,40.10729746950248
20251020,000300,沪深300,287,99.7,229626343.04,71452339.42999999,31.116786725795343,541300216.684,169542376.993,31.32132073244216
20251020,000016,上证50,50,100.0,53662609.23,12872636.75,23.988093264021856,150713760.189,33338672.82,22.12052355285424
20251020,399006,创业板,100,100.0,27038697.45,5875121.62,21.728567475797544,196421896.959,78704425.664,40.06906912238421
20251020,000688,科创50,48,96.0,9559778.87,2722411.74,28.477768963289847,76615234.983,30110320.886,39.30069638588346
20251020,STAR,科创板,87,100.0,3893941.96,1288061.88,33.07861013932524,20386300.271,6782415.325,33.26947624061119
20251020,000905,中证500,425,99.1,154023335.71,48000174.06,31.16422186205358,248060453.019,64758105.894,26.105775872722408
20251020,000852,中证1000,767,99.4,170164828.72,49787868.88,29.25861310736787,256658886.809,69659744.393,27.140982827077902
20251020,399330,深证100,99,99.0,60091619.69,14539368.27,24.19533429953384,254905419.801,81518275.324,31.979812507572348
20251021,000001,上证指数,430,99.3,134511270.89000002,52852101.97,39.29195049626818,190248847.619,65905767.415,34.641874702434755
20251021,399001,深证成指,399,95.0,93154339.61,28983771.06,31.11370997995742,223842352.799,96622049.588,43.16522247903733
20251021,000300,沪深300,287,99.7,225470188.13,64966299.65,28.813698249341147,593340430.305,208513844.463,35.14236243025202
20251021,000016,上证50,50,100.0,56673105.58,11570491.920000002,20.41619530390309,172091548.303,38199383.785,22.19712947072956
20251021,399006,创业板,100,100.0,29674418.21,7578476.92,25.538754850621213,220168079.915,93082759.204,42.27804468292422
20251021,000688,科创50,48,96.0,9799039.36,2882055.06,29.41160815992477,85349974.44500001,37058896.905,43.41992735906553
20251021,STAR,科创板,87,100.0,4261405.03,1573837.49,36.93236101521192,22794663.101,8702509.733000001,38.17783879691656
20251021,000905,中证500,425,99.1,178049066.46,65923365.05,37.0253921352686,266858723.583,75232083.369,28.191727202652554
20251021,000852,中证1000,766,99.2,180045640.84,54731627.53,30.39875182462096,265474413.594,73886377.057,27.831826071945752
20251021,399330,深证100,99,99.0,61751331.07,15698048.07,25.421392216153244,281757660.476,98566933.555,34.98287620236537
20251022,000001,上证指数,430,99.3,122805627.04,48072489.18,39.145184417601584,167831300.97,57006366.827,33.96646900639228
20251022,399001,深证成指,399,95.0,83264422.3,23625669.04,28.374266448252293,192325508.828,76163649.486,39.60142882248368
20251022,000300,沪深300,287,99.7,193740077.27,58850272.2,30.37588971226903,476578859.62,159422475.846,33.45143676182268
20251022,000016,上证50,50,100.0,50997397.37,12126927.46,23.77950265190171,146218327.347,37614660.53,25.724997141250466
20251022,399006,创业板,100,100.0,24476137.61,5207569.35,21.276107501015147,168542417.672,59528856.938,35.319807179845355
20251022,000688,科创50,48,96.0,8527466.69,2461572.1,28.866393613552777,78864793.322,36720769.289,46.56167567582584
20251022,STAR,科创板,87,100.0,3678659.75,1347260.35,36.62367388014072,21477803.131,8800702.145,40.97580227978485
20251022,000905,中证500,426,99.3,149645326.73,54831126.5,36.64072089530063,231698810.746,62420987.228,26.94057299086833
20251022,000852,中证1000,766,99.2,173733263.09,56246028.18,32.37493337753206,257175786.533,76929461.713,29.91318224397796
20251022,399330,深证100,99,99.0,50088898.18,11268785.89,22.49757191604489,213932697.825,63150974.339,29.51908473133845
20251023,000001,上证指数,430,99.3,132874754.86,53930202.65,40.58724526477746,171101422.398,58177513.794,34.001770983921425
20251023,399001,深证成指,399,95.0,87468031.6,24451358.85,27.954623423811,191254219.278,71204010.02,37.230033558893936
20251023,000300,沪深300,287,99.7,203891355.99,65777148.56,32.2608814094238,448957722.632,126052574.597,28.07671373999781
20251023,000016,上证50,50,100.0,59322471.04,16166394.98,27.251722149435263,136314592.27,26241351.624,19.250581457943568
20251023,399006,创业板,100,100.0,24959356.73,5068041.91,20.30517839391448,160310402.109,52900225.09,32.99862291782632
20251023,000688,科创50,48,96.0,7937512.39,2420754.74,30.49764990666049,62131401.453,24288988.221,39.09293473667044
20251023,STAR,科创板,87,100.0,3804899.9,1374346.53,36.12043854294301,19670794.609,6804909.666,34.5939744746587
20251023,000905,中证500,426,99.3,169995468.63,63922174.17,37.602281216759046,236989409.285,63204920.952,26.669934805394902
20251023,000852,中证1000,766,99.2,182860822.97,55578608.59,30.39393987585749,254422619.863,65854207.773,25.88378651570398
20251023,399330,深证100,99,99.0,51401524.89,13101768.2,25.48906521360596,204578120.832,53878742.745000005,26.33651268565779
20251024,000001,上证指数,430,99.3,133231626.02,53190374.37,39.92323441433894,195322110.015,70741649.013,36.21794225321819
20251024,399001,深证成指,399,95.0,97688743.02,30401784.24,31.121072193318923,239589266.713,102232308.834,42.66981999509285
20251024,000300,沪深300,287,99.7,215730290.62,62977339.05,29.19262699225301,601732386.055,205785303.177,34.19880796613641
20251024,000016,上证50,50,100.0,56506323.74,13529782.54,23.943837865393576,181979037.771,46868595.767000005,25.75494207523991
20251024,399006,创业板,100,100.0,31731829.64,7166429.43,22.584356185267858,236538561.265,88659252.44,37.48194457844564
20251024,000688,科创50,48,96.0,11393172.72,3352786.6,29.428032756094304,111737083.838,46868595.767000005,41.94542595630256
20251024,STAR,科创板,87,100.0,4677218.25,1522776.21,32.557304975024415,26454346.367,8323476.433,31.463549760514866
20251024,000905,中证500,427,99.5,174443845.16,59878067.76,34.32512491631894,294099920.344,80887922.37200001,27.5035512683539
20251024,000852,中证1000,766,99.2,189604829.43,55486382.88,29.26422446453821,291530891.681,76414553.819,26.2114774109821
20251024,399330,深证100,99,99.0,61211625.49,15130493.97,24.718333893080217,287633405.903,91119286.629,31.678965224132767
20251027,000001,上证指数,430,99.3,160409718.49,63789614.0,39.766676608173626,243804372.571,89070530.279,36.533606571416655
20251027,399001,深证成指,400,95.2,120474989.18,38267289.92,31.763679897763165,299082198.674,122091752.975,40.82213970483752
20251027,000300,沪深300,287,99.7,271727165.37,71720089.18,26.3941549908496,742705221.973,230371173.828,31.01784759450295
20251027,000016,上证50,50,100.0,70749516.42,14242839.44,20.13135942223024,219105398.726,46282666.772,21.12347164474861
20251027,399006,创业板,100,100.0,39794063.09,9888723.48,24.849745696073384,284833553.1,99943190.071,35.08827839391229
20251027,000688,科创50,48,96.0,13760599.75,3950803.37,28.71098238287179,121267688.675,41054956.802,33.85481924375434
20251027,STAR,科创板,87,100.0,5350581.15,1741082.85,32.54006996978263,31388369.984,10086225.3,32.13363836714485
20251027,000905,中证500,427,99.5,201394608.48,64938136.94,32.24422810030133,359144164.312,95194067.951,26.5058094799786
20251027,000852,中证1000,764,99.0,208406110.52,54089546.74,25.95391594087123,336889713.373,83281226.74,24.72062026061095
20251027,399330,深证100,99,99.0,79024444.9,19033278.3,24.085304647296542,341949128.834,99943190.071,29.227502468508305
20251028,000001,上证指数,430,99.3,141822217.97,59792030.51,42.159847283341705,211796599.137,77043818.237,36.37632452594975
20251028,399001,深证成指,400,95.2,112213907.16,36813863.65,32.80686376734839,262362095.869,100146830.544,38.17122675906825
20251028,000300,沪深300,287,99.7,230877822.92,68169791.21000001,29.526348762228704,642061197.271,204046256.49,31.779876646848127
20251028,000016,上证50,50,100.0,55178818.83,12398669.329999998,22.46997959162367,180146222.784,38799774.94,21.53793420721451
20251028,399006,创业板,100,100.0,34922488.76,9052941.66,25.92295675779323,249543572.159,89116231.542,35.71169185845364
20251028,000688,科创50,48,96.0,11276081.1,3649741.44,32.367108817619275,98708954.472,33325720.647,33.761598251406106
20251028,STAR,科创板,87,100.0,5252899.3,1877972.36,35.75115860302139,31288319.236,11640929.804,37.20535358961076
20251028,000905,中证500,427,99.5,178279874.59,57266012.48,32.12141169141934,322393634.558,85819468.421,26.61946739074363
20251028,000852,中证1000,764,99.0,196604900.41,56601985.49,28.789712449670475,323250657.385,89739059.124,27.76144675155864
20251028,399330,深证100,99,99.0,70915577.9,22131061.79,31.207616782320542,305201659.273,96421191.345,31.592617017442937
20251029,000001,上证指数,430,99.3,153364439.35,65794725.94,42.90090076868918,240946702.246,91558005.898,37.99927745204074
20251029,399001,深证成指,400,95.2,113302167.29,38194976.35,33.71071998317465,280145134.154,117094603.884,41.79783605294795
20251029,000300,沪深300,287,99.7,251971348.74,74360595.2,29.511528025644683,692671219.678,222964919.87,32.18914162099142
20251029,000016,上证50,50,100.0,64351900.08,13466703.02,20.9266595131747,192239182.642,36615149.029,19.04666287371137
20251029,399006,创业板,100,100.0,40213846.3,11749489.91,29.2175232937119,292698988.317,108945839.37,37.22111921070567
20251029,000688,科创50,48,96.0,13037252.89,4758842.859999999,36.50188348843174,98822494.02,30441232.956,30.803951324927308
20251029,STAR,科创板,87,100.0,5477522.8,1800676.38,32.87391848008374,33356034.028,11879810.418,35.6151765765311
20251029,000905,中证500,427,99.5,199876554.49,67676957.91,33.85937789586318,339562383.718,89691142.994,26.41374524820357
20251029,000852,中证1000,764,99.0,204421573.5,57281688.31,28.021351821753782,338709025.541,95821991.909,28.29035682056277
20251029,399330,深证100,99,99.0,72406789.17,22083530.41,30.499253817416577,339857662.328,112819572.646,33.196124481406194
20251030,000001,上证指数,430,99.3,174592257.8,72842706.27,41.72161308174571,269956453.535,97942010.499,36.28067016605023
20251030,399001,深证成指,400,95.2,116752928.36,38328460.74,32.828693274242084,293785624.278,119807833.465,40.78069979068467
20251030,000300,沪深300,287,99.7,277107039.72,79989819.06,28.86603643878009,766796873.767,225807632.618,29.4481681320227
20251030,000016,上证50,50,100.0,68260743.62,15058021.63,22.059562834279006,221233059.583,43090825.157000005,19.47757050335129
20251030,399006,创业板,100,100.0,46636623.28,15114391.98,32.40884720417091,310272266.724,110873096.543,35.734130450539496
20251030,000688,科创50,48,96.0,13951205.75,5165378.109999999,37.02459989882953,113163889.062,33663963.527,29.74797332084996
20251030,STAR,科创板,87,100.0,6035388.43,1911866.4,31.677603225945145,35337182.069,11103054.197,31.42031578896128
20251030,000905,中证500,427,99.5,218589915.4,67764685.11,31.00082864572992,376350480.444,100383689.858,26.672927251101736
20251030,000852,中证1000,764,99.0,226731386.17,67021243.06,29.55975535285989,362989632.89,94395325.124,26.004964486852288
20251030,399330,深证100,99,99.0,80672288.71,23609391.35,29.265800843795105,363885391.313,110873096.543,30.46923542133388
20251031,000001,上证指数,430,99.3,170535038.14000002,72568105.88,42.55319415381695,247455519.833,81198971.666,32.81356250238372
20251031,399001,深证成指,400,95.2,111229709.33,31248836.3,28.093965621441946,271161398.089,101343897.198,37.37401337809047
20251031,000300,沪深300,287,99.7,285505498.44,82541069.63,28.9105008768671,712047392.145,199641929.718,28.037730623040503
20251031,000016,上证50,50,100.0,68286470.41,15934103.32,23.334202550417046,196591733.329,32642362.036,16.604137662987277
20251031,399006,创业板,100,100.0,44587149.23,14272847.24,32.011123129613914,274388688.52,99884463.372,36.40254411023926
20251031,000688,科创50,48,96.0,14239929.9,4571260.390000001,32.101705711346234,108405404.164,30451885.363,28.09074473531889
20251031,STAR,科创板,87,100.0,5937677.75,1835730.77,30.91664531642863,34241513.756,10905705.041,31.84936600266113
20251031,000905,中证500,427,99.5,204731635.6,63238851.76,30.88865654527111,357419892.333,95059422.939,26.59600793859433
20251031,000852,中证1000,764,99.0,229035143.15,67457194.83,29.45277039245494,351588060.048,88309723.497,25.1173841014236
20251031,399330,深证100,99,99.0,76602833.8,19062530.99,24.884890080920226,339642203.148,99884463.372,29.40873143744008
20251103,000001,上证指数,430,99.3,150347165.58,61368137.45,40.817621810998425,218432376.759,67888094.253,31.07968482525008
20251103,399001,深证成指,400,95.2,100083443.4,28048281.73,28.02489680326087,235806329.257,84529851.014,35.847151041426386
20251103,000300,沪深300,287,99.7,250079528.87,84062113.98,33.61415240977138,584695510.613,156975503.363,26.84739330364029
20251103,000016,上证50,50,100.0,57214575.29,12268064.11,21.44220078156242,162085247.384,27969632.661,17.256124855543746
20251103,399006,创业板,100,100.0,40598704.13,12953800.93,31.90693202551734,227977483.663,74334819.567,32.60621109270726
20251103,000688,科创50,48,96.0,13529485.85,5207825.82,38.49241484664401,87724525.384,23788978.456,27.11781950585377
20251103,STAR,科创板,87,100.0,5313714.79,1714628.65,32.26798422126077,28871769.446,8378322.044,29.019080592446205
20251103,000905,中证500,427,99.5,195830605.55,63119976.24,32.23192619086501,318336806.992,80910356.492,25.416588567477
20251103,000852,中证1000,767,99.4,212144253.85,62663525.47,29.53816770088303,328068529.538,84987962.06,25.90555155646403
20251103,399330,深证100,99,99.0,61912897.02,15355038.86,24.80103435482884,263356486.427,74470606.582,28.27749093722913
20251104,000001,上证指数,430,99.3,136157001.38,54286901.4,39.87081152624015,191531806.27,60555836.003,31.6165952706754
20251104,399001,深证成指,400,95.2,93482700.49,28411145.92,30.39187547116184,205693142.387,70251765.399,34.15367405240243
20251104,000300,沪深300,287,99.7,240516706.7,88037760.51,36.60359470155676,522194401.875,134722069.789,25.79921755293904
20251104,000016,上证50,50,100.0,58247745.89,13389087.09,22.986446746428765,153981821.278,28355335.731,18.41472941134204
20251104,399006,创业板,100,100.0,33743050.87,11064944.97,32.79177396445066,192007682.504,67560680.704,35.18644661657876
20251104,000688,科创50,48,96.0,11084243.35,4034007.88,36.39407537908305,79293204.348,21605596.03,27.247727226633327
20251104,STAR,科创板,87,100.0,4236501.79,1256359.3,29.65558289071324,22314482.088,6474627.341,29.01536013906343
20251104,000905,中证500,427,99.5,169589867.78,56007684.4,33.025371818000245,268075426.384,67871354.082,25.31800657654419
20251104,000852,中证1000,767,99.4,193827436.05,58799199.05,30.33584937626274,296990637.007,81459506.422,27.428307923417805
20251104,399330,深证100,99,99.0,57577539.28,15073962.89,26.18028328146364,234369814.49,67842947.262,28.94696461215772
20251105,000001,上证指数,430,99.3,132064171.93,56070696.0,42.45715941013889,187370114.549,66940223.22,35.72620072369874
20251105,399001,深证成指,400,95.2,91503960.25,29019660.73,31.714103576189206,202066421.762,72251661.72,35.75639192794744
20251105,000300,沪深300,287,99.7,214536507.25,75922026.55,35.38886109557468,474547528.12,127091939.546,26.781709315713044
20251105,000016,上证50,50,100.0,51555369.63,11873296.78,23.030184567023152,142932862.466,26458402.202,18.5110699845487
20251105,399006,创业板,100,100.0,33123124.51,12124300.16,36.60373331126907,184791548.305,65237383.776,35.30322916518084
20251105,000688,科创50,48,96.0,12020169.11,6040090.6,50.24963080573498,72233880.598,19186353.686,26.5614328444805
20251105,STAR,科创板,87,100.0,4117523.66,1333144.57,32.37733842189993,21425835.394,6669443.105,31.12804230199436
20251105,000905,中证500,427,99.5,173670187.47,64618811.25,37.207774225016216,261992483.113,72477841.711,27.664092057076147
20251105,000852,中证1000,767,99.4,197969213.98,63939791.51,32.297845823876216,287460032.098,79100584.097,27.51707203248112
20251105,399330,深证100,99,99.0,52920024.9,13339801.14,25.20747328673309,218720671.415,65237383.776,29.826802996694703
20251106,000001,上证指数,430,99.3,152097517.42,67463074.69,44.355145195242336,224867834.353,85237366.85,37.90553997873855
20251106,399001,深证成指,400,95.2,99846136.09,32589849.86,32.640071149697704,221098882.377,77526090.7,35.06399031353255
20251106,000300,沪深300,287,99.7,236832581.55,81379251.0,34.361509918693024,579581429.483,182593918.675,31.50444603407635
20251106,000016,上证50,50,100.0,58895105.65,18377508.46,31.203795726614853,187122523.774,50678717.701,27.08317346243575
20251106,399006,创业板,100,100.0,34074246.06,11756979.13,34.50400372556328,208466353.407,77635595.064,37.24130719187469
20251106,000688,科创50,48,96.0,14056446.19,6329067.88,45.0260883472994,102349521.522,38251659.391,37.37355956547175
20251106,STAR,科创板,87,100.0,4937364.89,1612342.98,32.6559412950336,28937264.301,10555190.162,36.47611623616832
20251106,000905,中证500,427,99.5,177535862.97,60832283.92,34.26478622534954,286459525.763,80013417.564,27.931840406032947
20251106,000852,中证1000,767,99.4,198727599.7,57846688.94,29.10853300061269,311693745.137,85959724.917,27.57826432455928
20251106,399330,深证100,99,99.0,59491618.26,13967270.44,23.47771139618013,258288079.181,82444267.099,31.919501418888835
20251107,000001,上证指数,430,99.3,144365368.4,61879726.69,42.86327626619349,220545761.053,86766911.021,39.34190827641833
20251107,399001,深证成指,400,95.2,96641483.19,28604405.47,29.598475236315338,213206621.953,70219119.515,32.93477419781049
20251107,000300,沪深300,287,99.7,216324269.07,72269679.07,33.408031091793205,524820603.274,152034186.243,28.96879148695035
20251107,000016,上证50,50,100.0,54633284.01,16283337.25,29.804793076358948,154520133.926,37442479.086,24.231456532345018
20251107,399006,创业板,100,100.0,32402883.26,9582117.39,29.571804808582336,194336686.074,59989211.709,30.868701592532645
20251107,000688,科创50,48,96.0,13627300.32,6019043.1,44.16900602950827,75210336.412,19350074.885,25.72794619479012
20251107,STAR,科创板,87,100.0,6457337.92,3085558.56,47.78375544577354,28318614.713,9196022.816,32.47342043104409
20251107,000905,中证500,428,99.8,170850481.57,54940825.16,32.15725507773294,289998988.075,83288421.975,28.720245724947084
20251107,000852,中证1000,767,99.4,206140821.6,60693801.55,29.442883306136974,325268897.346,91729167.548,28.201026380467127
20251107,399330,深证100,99,99.0,57913112.17,16850476.45,29.096133532828578,235002967.206,61092406.198,25.99644035321789
20251110,000001,上证指数,430,99.3,146373871.31,56266719.6,38.44041227879716,242539572.668,92297839.261,38.0547546306358
20251110,399001,深证成指,399,95.0,112848584.09,36327380.0,32.19125901573374,250690871.548,87301083.971,34.82419739973834
20251110,000300,沪深300,287,99.7,233444758.93,68099911.03,29.171745530778963,608762549.516,174169927.76,28.61048661723273
20251110,000016,上证50,50,100.0,54155364.09,15673201.04,28.941179333505985,174531492.038,37698483.491,21.599817345738423
20251110,399006,创业板,100,100.0,36028886.58,11671437.97,32.394667384694955,219361201.96,73464404.039,33.49015385701436
20251110,000688,科创50,48,96.0,13875029.67,5885597.359999999,42.4186290046326,83408174.296,23937106.292,28.698753442380465
20251110,STAR,科创板,87,100.0,6383824.99,2801248.58,43.880410011052014,29276301.363,8492829.365,29.0092292045245
20251110,000905,中证500,428,99.8,176790042.6,54457946.05,30.80374055523871,309595638.003,90368673.588,29.1892593096303
20251110,000852,中证1000,768,99.5,216118091.21,64556710.5,29.87103492287965,334334141.625,87260951.431,26.09992237313134
20251110,399330,深证100,99,99.0,70384533.42,21076522.87,29.94482146273777,281631099.72,75092344.53999999,26.66337084741616
20251111,000001,上证指数,430,99.3,129195123.48,50325066.63,38.95276019283387,206029414.487,75406451.655,36.59984757164759
20251111,399001,深证成指,399,95.0,100520815.22,34716343.25,34.53647204712752,213558705.695,77438548.27,36.26101217367185
20251111,000300,沪深300,286,99.3,185629211.68,53943443.14,29.059781406059788,494669487.915,148845074.112,30.089802938801093
20251111,000016,上证50,50,100.0,44746211.49,11650918.84,26.03777717048465,144436398.465,36956457.59,25.58666512233433
20251111,399006,创业板,100,100.0,31257387.13,9073985.49,29.029891245423496,204045573.302,65327071.504,32.01592195646995
20251111,000688,科创50,48,96.0,11929161.2,5173368.17,43.36740935314044,71965434.711,22335198.605,31.036008737658666
20251111,STAR,科创板,87,100.0,5212283.19,2195364.76,42.119061454909165,25896488.739,8668514.398,33.47370558752722
20251111,000905,中证500,428,99.8,164425581.52,55129637.24,33.52862536982682,278246510.594,79702061.012,28.64440630067641
20251111,000852,中证1000,768,99.5,201987550.5,60397272.61,29.90148276985021,304980740.152,78809332.411,25.84075714804877
20251111,399330,深证100,98,98.0,54312559.76,14063046.43,25.8928072846184,233110966.674,63604491.702,27.285070543656285
20251112,000001,上证指数,430,99.3,145663975.12,64569911.38,44.32798935138658,227609738.674,94377677.031,41.46469196828828
20251112,399001,深证成指,399,95.0,104033538.33,35987053.11,34.59178038898102,216433969.774,79673254.878,36.81180683475643
20251112,000300,沪深300,287,99.7,214568237.46,71278581.56,33.21954004179571,511377845.893,146780242.266,28.702894238541592
20251112,000016,上证50,50,100.0,60172596.95,16195494.29,26.915066177811024,159522221.577,31016703.309,19.44350009821579
20251112,399006,创业板,100,100.0,29899003.33,8996409.56,30.08932926862215,196135533.996,70924923.993,36.16118025530572
20251112,000688,科创50,48,96.0,12902861.67,6083813.67,47.15088656763069,69130024.11,20254700.788,29.299426766828013
20251112,STAR,科创板,87,100.0,4758320.82,1749385.39,36.764763372974926,25767430.244,9170503.85,35.589516545350385
20251112,000905,中证500,428,99.8,160405447.43,53979693.82,33.6520328236087,266611626.044,80266178.509,30.10603089594951
20251112,000852,中证1000,768,99.5,190196760.05,54461587.39,28.63434023570266,283428831.632,71020857.411,25.05773918696192
20251112,399330,深证100,99,99.0,57968005.81,17265509.62,29.78454990601306,234743581.54,66834730.443,28.47137715312205
20251113,000001,上证指数,430,99.3,135725354.5,57500747.53,42.36551655497794,206902794.971,77317409.938,37.36895383594842
20251113,399001,深证成指,399,95.0,103539280.51,33228973.12,32.093108003383016,224260390.998,81465188.297,36.32615993152644
20251113,000300,沪深300,287,99.7,211552894.96,66444091.31,31.40779109761798,530118841.141,154362091.886,29.11839382161161
20251113,000016,上证50,50,100.0,57377691.7,13593534.09,23.691322685258875,162408737.608,32390968.253,19.944104442940063
20251113,399006,创业板,100,100.0,34321301.89,11755604.27,34.25162689829421,211635731.562,74033676.991,34.98165288280319
20251113,000688,科创50,48,96.0,12223671.69,5778255.22,47.27102761379875,68973669.086,21558706.979,31.25643055485344
20251113,STAR,科创板,87,100.0,4847180.16,1809617.38,37.33340458300605,25880442.875,8495460.47,32.82579247593343
20251113,000905,中证500,428,99.8,176938717.97,64231598.32,36.30160716485494,290320767.842,89767838.896,30.92022646649032
20251113,000852,中证1000,768,99.5,206268487.78,60414240.4,29.289127510565784,313455676.744,82945345.022,26.461586494010653
20251113,399330,深证100,99,99.0,58027645.02,16498209.92,28.431637910367847,243856334.13,72597017.991,29.77040487793869
20251114,000001,上证指数,430,99.3,128084797.55,53205087.81,41.53895608823563,193897258.234,72189208.51099999,37.23064945244366
20251114,399001,深证成指,399,95.0,97241792.62,31417766.81,32.30891365071176,201893526.273,67474622.371,33.42089447670599
20251114,000300,沪深300,287,99.7,196793496.41,63674614.45,32.35605627806936,463182363.474,134311235.02,28.99748470831821
20251114,000016,上证50,50,100.0,51874771.15,12380243.04,23.86563403663324,147184732.195,29852986.549,20.28266526275892
20251114,399006,创业板,100,100.0,31126087.98,10570034.52,33.95876323035439,177934195.467,53050733.795,29.814805218167795
20251114,000688,科创50,48,96.0,11567041.89,5485850.12,47.42656049981678,67040733.211,23639117.199,35.26082736088171
20251114,STAR,科创板,87,100.0,4749176.77,1624599.64,34.20802633126667,26267463.504,8785323.373,33.44564796544658
20251114,000905,中证500,428,99.8,184998032.99,79364389.78,42.90012628636436,272418943.829,86865108.515,31.88658883044715
20251114,000852,中证1000,768,99.5,198788252.27,61980244.47,31.1790278158976,294733595.442,77534167.97,26.306525339849763
20251114,399330,深证100,99,99.0,51967069.54,13684661.0,26.33333209113642,202895314.609,55126469.737,27.169907714840207
20251117,000001,上证指数,430,99.3,119370679.42,46641502.11,39.07282955632188,180277642.811,63801290.618,35.39057290919217
20251117,399001,深证成指,400,95.2,92073603.39,27911816.53,30.314678151318525,191120690.351,64686729.652,33.84601088097814
20251117,000300,沪深300,287,99.7,194025982.18,59253925.86,30.53917067922867,462985047.67,134932792.413,29.14409290150024
20251117,000016,上证50,50,100.0,49458755.35,11261765.56,22.770014086090423,129887180.766,22181506.072,17.07751753574619
20251117,399006,创业板,100,100.0,33160232.14,12567134.6,37.89821056421591,183013215.547,60523058.838,33.070321537767285
20251117,000688,科创50,48,96.0,11314065.69,5463535.8100000005,48.289765674853534,64568641.211,19071954.845,29.53748830283713
20251117,STAR,科创板,87,100.0,4150753.71,1385152.51,33.37110815953472,23099835.273,8307032.62,35.96143661556578
20251117,000905,中证500,428,99.8,181117550.34,75130897.46,41.48184276949513,269010714.547,84445043.232,31.39095904570234
20251117,000852,中证1000,768,99.5,188383032.83,53682852.92,28.49664967887225,286631730.043,79416711.51799999,27.70688070929413
20251117,399330,深证100,99,99.0,54134791.73,14846704.96,27.42544024931081,216002645.527,62124686.823,28.76107682451256
20251118,000001,上证指数,430,99.3,119894850.47,48360967.26,40.33615044384316,170823431.41,58915708.641,34.48924316453643
20251118,399001,深证成指,400,95.2,96710817.39,31133171.4,32.1920259183118,195017348.845,69693533.958,35.73709435122744
20251118,000300,沪深300,287,99.7,181973623.7,57351909.32,31.51660562332364,440474852.233,125198988.242,28.423640443330672
20251118,000016,上证50,50,100.0,44775706.92,10447696.81,23.333404492455525,122662164.745,19205247.954,15.657026756315137
20251118,399006,创业板,100,100.0,37535838.05,16786942.46,44.72243949272901,189665584.616,63137724.516,33.28897261136208
20251118,000688,科创50,48,96.0,11717613.59,5544180.2700000005,47.31492660529012,69592006.291,18329995.571,26.33922564949896
20251118,STAR,科创板,87,100.0,4333518.73,1426564.8,32.91931773882053,24972101.671,9014520.697,36.09836615181063
20251118,000905,中证500,428,99.8,182521454.91,75165397.77,41.181677960579215,269086457.289,91556245.624,34.02484337057075
20251118,000852,中证1000,768,99.5,200780900.38,62191837.11,30.974976699623863,301913242.065,92966100.532,30.79232295216286
20251118,399330,深证100,99,99.0,50029702.15,13198773.58,26.381875191715487,210431836.102,61289423.237,29.125546957301623
20251119,000001,上证指数,430,99.3,116126899.53,51572794.67,44.41072213133253,165793799.028,62675053.309,37.80301415158184
20251119,399001,深证成指,400,95.2,83115301.01,25528535.59,30.714604025711868,167781140.078,55478958.913,33.066266498849814
20251119,000300,沪深300,287,99.7,177103287.11,57120199.72,32.25247856891683,402036450.927,117582811.283,29.24680361989121
20251119,000016,上证50,50,100.0,49031857.96,13514195.04,27.56207005458538,114349737.764,16949177.189999998,14.822226549378234
20251119,399006,创业板,100,100.0,29963288.99,12179203.96,40.64708638649351,159745702.554,55706049.223,34.87170442295265
20251119,000688,科创50,48,96.0,9078531.9,4036439.86,44.46137221812263,51338846.75,13838442.633,26.955110036631275
20251119,STAR,科创板,87,100.0,3962862.0,1285255.64,32.432510645084285,22660375.706,8149351.886,35.96300428435624
20251119,000905,中证500,428,99.8,147162583.95,56331177.25,38.2781925527613,235814385.917,78033908.182,33.0912416045159
20251119,000852,中证1000,768,99.5,170561425.78,50115762.59,29.38282343784005,264360334.24,79026217.96,29.89337193387564
20251119,399330,深证100,99,99.0,45245617.85,12415483.07,27.44018903921322,185563767.322,56938490.965,30.68405636871844
20251120,000001,上证指数,429,99.1,119475554.84,55787818.42,46.69391868044494,164827348.22,63890432.608,38.76203390879257
20251120,399001,深证成指,400,95.2,86305202.63,29401082.46,34.06640800792243,175269655.05,63104328.778,36.00413817211994
20251120,000300,沪深300,285,99.0,196130403.63,63532138.98,32.392804891103665,428295255.077,129414084.097,30.21609101733653
20251120,000016,上证50,50,100.0,55220676.81,14128033.68,25.58468040623785,117197973.401,16876014.232,14.39957854412524
20251120,399006,创业板,100,100.0,27976649.95,10584181.05,37.83219602388456,172239762.599,63211779.438,36.69987608213703
20251120,000688,科创50,48,96.0,7787428.06,3037838.68,39.00952479553308,49144295.0,12518528.663,25.473004878796207
20251120,STAR,科创板,87,100.0,3366120.24,1027336.81,30.519908284678504,19457026.185,7319940.064,37.62106292298234
20251120,000905,中证500,427,99.5,142815756.45,51721586.66,36.21560249768925,238527761.135,83427070.593,34.9758326645185
20251120,000852,中证1000,768,99.5,167194763.28,50721491.48,30.33677041371029,253629349.322,75636694.388,29.8217436547432
20251120,399330,深证100,99,99.0,48333140.56,12119344.07,25.074604980314152,205347510.964,63334012.592,30.84235708272269
20251121,000001,上证指数,429,99.1,141759759.3,58994311.31,41.61569658506044,193536788.193,67007394.36,34.622561935448914
20251121,399001,深证成指,400,95.2,101845023.61,29406396.73,28.87367068871948,205119473.032,69219571.022,33.74597740469101
20251121,000300,沪深300,285,99.0,225797238.75,67495656.55,29.89215320951306,500383734.47,139986180.827,27.975765634203025
20251121,000016,上证50,50,100.0,62492635.42,15158731.44,24.25682856567229,146279315.048,23713605.449,16.211181629623187
20251121,399006,创业板,100,100.0,38061889.53,15507708.38,40.743401264346005,198055796.608,66530737.814,33.5919164969861
20251121,000688,科创50,48,96.0,10191401.88,3750559.68,36.80121463329047,62233679.444,18097201.808,29.07943410976445
20251121,STAR,科创板,87,100.0,4835786.79,1679240.01,34.72526980454405,24523503.984,8796803.155,35.87090637919991
20251121,000905,中证500,427,99.5,182322149.83,64170092.19,35.19599360244116,272592464.608,82287599.999,30.187041346624603
20251121,000852,中证1000,768,99.5,208425241.85,54241098.62,26.024246458131195,302571314.932,81448559.814,26.91879758406866
20251121,399330,深证100,99,99.0,60772648.66,17115536.67,28.16322317257384,232075934.526,66530737.814,28.667659121952777
20251124,000001,上证指数,429,99.1,113673377.89,44543736.0,39.18572389315667,161911851.644,55776339.639,34.44858364144767
20251124,399001,深证成指,400,95.2,81662852.54,23149032.82,28.34707838384799,171608981.866,55433320.18,32.30210888570205
20251124,000300,沪深300,285,99.0,190942840.85,56866430.88,29.781913072442904,446362517.637,131935774.575,29.55798691912019
20251124,000016,上证50,50,100.0,51197849.11,13025554.53,25.44160498229962,125472871.329,19656033.151,15.66556415168048
20251124,399006,创业板,100,100.0,37541721.29,17542468.08,46.72792689628962,177898244.978,66801779.29,37.55055554272676
20251124,000688,科创50,48,96.0,9000531.31,3304911.56,36.719071865547456,56412080.162,17259912.277000003,30.59612804107609
20251124,STAR,科创板,87,100.0,4187657.52,1360125.6,32.4793895752965,21826474.094,6689128.966,30.64686003424993
20251124,000905,中证500,427,99.5,146654748.7,50372768.69,34.34786062948673,239123504.521,79337824.067,33.178597070967776
20251124,000852,中证1000,768,99.5,177520924.02,51944342.93,29.260969216309284,273896534.606,86178117.084,31.463748604182666
20251124,399330,深证100,99,99.0,51782332.06,12597655.57,24.32809622286448,206095864.454,60632203.4,29.41941778435488
20251125,000001,上证指数,429,99.1,103452865.43,38255630.26,36.97880198967052,158158354.159,51425850.243,32.51541818100894
20251125,399001,深证成指,400,95.2,83890745.67,24762838.51,29.517962097284578,193892000.854,73857111.732,38.09188177268548
20251125,000300,沪深300,285,99.0,175320509.07,48079354.65,27.42369099031273,441469087.279,131741007.637,29.84150225534188
20251125,000016,上证50,50,100.0,43430106.59,9962492.59,22.93913916456728,115846301.694,19209779.599,16.582125901387258
20251125,399006,创业板,100,100.0,40095418.01,19177260.28,47.82905686434569,199026224.259,73867068.016,37.114238734627314
20251125,000688,科创50,48,96.0,8482741.15,3009522.85,35.47818796757697,59729372.252,16415661.998,27.483399505258205
20251125,STAR,科创板,87,100.0,4319431.93,1359581.9,31.475942254286203,25641969.089,8581186.687,33.46539673773023
20251125,000905,中证500,427,99.5,147245567.49,51674739.37,35.094258014598246,262726002.41,92022020.164,35.02585176947732
20251125,000852,中证1000,768,99.5,178427576.41,53883903.36,30.199313606201105,292300694.181,92476351.755,31.63740408284364
20251125,399330,深证100,99,99.0,51195668.77,11601276.86,22.66066083074238,221714239.459,66879418.819,30.16469261613101
20251126,000001,上证指数,429,99.1,102198962.73,41010985.96,40.12857358283288,153399302.87,57407689.335,37.4236963668934
20251126,399001,深证成指,400,95.2,86699184.58,27413037.26,31.61856411083676,199797087.6,84486640.31,42.28622214911606
20251126,000300,沪深300,285,99.0,164565434.60999998,44851222.64,27.2543397380452,463161078.187,170259059.929,36.76022618210125
20251126,000016,上证50,50,100.0,40491266.66,10560900.15,26.08192092057413,113355136.309,24057401.713,21.223036287849204
20251126,399006,创业板,100,100.0,36071469.13,15401758.05,42.697895099566736,218822983.54,93968233.907,42.9425796078788
20251126,000688,科创50,48,96.0,7958128.45,2397810.8,30.13033548107658,65012709.416,22992095.249,35.365539223845225
20251126,STAR,科创板,87,100.0,4021178.55,1417266.11,35.24504302351856,25511456.521,10886675.1,42.67367130151322
20251126,000905,中证500,427,99.5,134135291.63,47586842.74,35.47675049700118,246647168.11,88842582.482,36.02011049337403
20251126,000852,中证1000,767,99.4,166924989.6,50833991.98,30.453194636592624,265865371.322,85214849.86,32.051880030962344
20251126,399330,深证100,99,99.0,51955035.64,10854676.22,20.89244302556694,253172642.853,93764542.7,37.03581146974187
20251127,000001,上证指数,429,99.1,99539533.84,39809607.49,39.99376524506336,152617402.669,59013876.991,38.66785566976959
20251127,399001,深证成指,400,95.2,86804847.87,28427424.31,32.748659789800286,196147381.85,82685787.049,42.15492772278367
20251127,000300,沪深300,285,99.0,153421782.28,42111752.15,27.448352850669284,443856059.251,161291810.808,36.33876511231532
20251127,000016,上证50,50,100.0,39942004.83,9204825.74,23.04547750964758,123591335.629,27236012.208,22.03715338893808
20251127,399006,创业板,100,100.0,32299507.39,13374657.54,41.4082400035018,199392439.354,79363040.125,39.80243201904932
20251127,000688,科创50,48,96.0,8218503.16,2626843.58,31.962554845571173,68759303.33,26713214.188,38.85032700199699
20251127,STAR,科创板,87,100.0,3787943.22,1287330.32,33.98494236141163,24262594.494,10400240.181,42.86532581489551
20251127,000905,中证500,427,99.5,122729002.83,43280475.41,35.26507541982609,229291097.313,82793007.051,36.10825192134746
20251127,000852,中证1000,767,99.4,154128358.92,46440869.92,30.13129462054744,250400358.406,81877283.609,32.69854888795482
20251127,399330,深证100,99,99.0,48863571.08,12740924.73,26.07448544671533,226283846.257,81266105.224,35.913348022069016
20251128,000001,上证指数,429,99.1,96131958.69,37209681.78,38.706879883714144,137908968.769,47344342.439,34.330140281378384
20251128,399001,深证成指,400,95.2,79551084.5,26369728.06,33.148169161666175,171484497.075,64484837.908,37.60388781954854
20251128,000300,沪深300,285,99.0,147574674.88,42536065.7,28.82341820138727,364493545.945,109031164.421,29.913057620354184
20251128,000016,上证50,50,100.0,37931475.62,8535106.68,22.501383192958947,96939013.816,17770539.302,18.33166916235632
20251128,399006,创业板,100,100.0,30517097.23,13647220.22,44.71991591187128,172659644.862,58135456.454,33.67055254889778
20251128,000688,科创50,48,96.0,9001149.91,3667612.73,40.74604652373799,54085439.825,15588961.583,28.82284332611508
20251128,STAR,科创板,87,100.0,4224149.79,1653900.89,39.15346216924755,21679151.242,7092518.466,32.71584937448724
20251128,000905,中证500,427,99.5,125228861.59,46828802.37,37.39457643823175,224383342.094,83332427.561,37.13841980573134
20251128,000852,中证1000,767,99.4,151376222.69,45018535.99,29.739502803021097,245184925.44,78815897.995,32.145490940586924
20251128,399330,深证100,99,99.0,41850103.86,10159595.14,24.27615275218101,178928975.274,55498541.696,31.0170790454778
20251201,000001,上证指数,429,99.1,127564543.68,48940589.07,38.36535424198211,184235592.416,60946836.723,33.08092422520799
20251201,399001,深证成指,400,95.2,96280928.2,33681280.11,34.982296847030184,214629489.055,83512330.322,38.9099981972186
20251201,000300,沪深300,285,99.0,207743232.98,59507481.47,28.644726769862555,496577603.487,149223583.081,30.050405421658645
20251201,000016,上证50,50,100.0,50196551.03,11232030.85,22.37610078685918,137296855.086,28743281.733000003,20.93513483247361
20251201,399006,创业板,100,100.0,36080148.54,14012045.21,38.83588559638452,202611535.809,64236159.617,31.7040978740494
20251201,000688,科创50,48,96.0,11451399.53,4022779.15,35.129148532991586,71396534.456,19433282.695,27.21880388602933
20251201,STAR,科创板,87,100.0,4911282.53,1814412.36,36.943758558316944,27440970.5,10180735.331,37.10049296908067
20251201,000905,中证500,426,99.3,160430296.52,61409319.12,38.27788170443506,265542880.073,85373540.608,32.15056663712094
20251201,000852,中证1000,767,99.4,170873949.37,46910868.13,27.45349323460774,274716348.828,77168771.573,28.09034551537207
20251201,399330,深证100,99,99.0,61529399.27,18166386.16,29.52472537604868,235448034.884,69025057.686,29.31647219736071
20251202,000001,上证指数,429,99.1,95737885.75,32861448.73,34.3243936008896,138562629.255,44253137.466,31.93728186592067
20251202,399001,深证成指,400,95.2,80663136.95,28869930.77,35.79073646478113,187888089.678,84020909.642,44.7185927463491
20251202,000300,沪深300,285,99.0,156702146.77,44949932.29,28.684949897958568,393589137.341,130657074.818,33.19631118396455
20251202,000016,上证50,50,100.0,36903998.5,8531790.14,23.118877321653912,94266103.509,16131896.529,17.113146643915133
20251202,399006,创业板,100,100.0,29992801.75,13012119.44,43.38414112979625,161870744.199,51701422.414000005,31.939942371822
20251202,000688,科创50,48,96.0,7811969.52,2299460.02,29.435086940789805,51116573.145,14153841.336,27.689339220472498
20251202,STAR,科创板,87,100.0,3789109.87,1460259.35,38.53832166656071,22498202.114,9571904.183,42.54519598721034
20251202,000905,中证500,426,99.3,130130648.25,51375008.06,39.47956054234134,206413261.95,69248250.181,33.54835320502526
20251202,000852,中证1000,767,99.4,144449725.89,46452377.61,32.158162519030306,231536581.949,75791902.896,32.73431017164039
20251202,399330,深证100,99,99.0,50640015.63,15122173.12,29.862101999513147,203577483.494,68976593.434,33.882231104420214
20251203,000001,上证指数,429,99.1,104791822.97,41420169.84,39.52614685580748,144522490.329,47244904.794,32.690347838906426
20251203,399001,深证成指,400,95.2,83000020.52,28513840.22,34.35401586813969,177416949.608,68793371.376,38.774971347437706
20251203,000300,沪深300,286,99.3,174050886.56,57315861.61,32.9305197708612,408572841.08,140048927.887,34.27759111858782
20251203,000016,上证50,50,100.0,39315085.96,9737426.35,24.767658806360146,99284707.724,18589573.565,18.723501323765653
20251203,399006,创业板,100,100.0,27997215.08,11188719.6,39.963687702612745,171240466.892,70332862.089,41.07257085053288
20251203,000688,科创50,48,96.0,7253455.43,2154448.96,29.702380896824508,49048328.172,11892158.273,24.245797392517087
20251203,STAR,科创板,87,100.0,3629152.71,1262466.03,34.78679821108989,22222217.782,8853357.458,39.84011652145368
20251203,000905,中证500,426,99.3,135836579.89,50891560.71,37.46528420489666,207779688.575,62329587.868,29.99792149823228
20251203,000852,中证1000,767,99.4,151698822.8,47637078.97,31.40240516751064,237928944.106,78699739.833,33.07699285125159
20251203,399330,深证100,100,100.0,65319724.620000005,29297884.14,44.85304295209688,215658035.703,75461337.726,34.99120145466031
20251204,000001,上证指数,429,99.1,89771825.42,34525476.83,38.45914535932804,127998193.597,40386769.561,31.552609006465364
20251204,399001,深证成指,400,95.2,74219722.67,24919289.78,33.57502410888489,155422273.426,56185855.2,36.15045254549783
20251204,000300,沪深300,286,99.3,152868752.33,49005990.19,32.05755881634335,383950975.745,130115282.55,33.88851462026645
20251204,000016,上证50,50,100.0,36199595.01,8798848.85,24.30648422328856,101457937.128,23136611.69,22.80414164227556
20251204,399006,创业板,100,100.0,26313825.36,10167250.07,38.63843409653153,152324280.771,53345225.193,35.02082853960604
20251204,000688,科创50,48,96.0,7106657.02,1860023.04,26.17296761002264,56287149.011,18149613.43,32.244684175517726
20251204,STAR,科创板,87,100.0,3255419.17,1039345.02,31.92661115895561,20086628.957,7681957.581,38.24413542683035
20251204,000905,中证500,426,99.3,124612439.42,47291249.5,37.95066505407795,205987967.479,65612106.491,31.852397639531542
20251204,000852,中证1000,767,99.4,134437865.49,39655902.27,29.497569100388432,210475772.944,65549042.155,31.14327185411512
20251204,399330,深证100,100,100.0,52512175.26,21517924.19,40.97701929782903,190438552.136,60526838.521,31.78287055962036
20251205,000001,上证指数,429,99.1,111975922.56,45235376.43,40.39741347588501,162825604.555,58593475.513,35.98541867732358
20251205,399001,深证成指,400,95.2,88640433.44,31686633.45,35.74738098663341,188254847.195,70522238.934,37.46104814021121
20251205,000300,沪深300,286,99.3,198553363.54,69900068.73,35.20467620580909,447279993.421,144259748.018,32.25267173580381
20251205,000016,上证50,50,100.0,44425764.52,9521689.91,21.43281047130531,123245309.229,27633867.873,22.42184148498016
20251205,399006,创业板,100,100.0,34545831.02,17126652.57,49.57661189300867,186575592.531,64328402.806,34.47846630598892
20251205,000688,科创50,49,98.0,7669961.04,2231965.78,29.100092795256227,73450296.6,31540718.591,42.94158097518152
20251205,STAR,科创板,87,100.0,3884335.15,1284562.41,33.070328908153044,23187037.463,8730266.657,37.65149675085079
20251205,000905,中证500,426,99.3,153100203.0,58716725.92,38.35182760665575,242875553.566,79381976.512,32.68421845940473
20251205,000852,中证1000,767,99.4,153545690.41,43456275.36,28.30185285172277,241886629.935,72408446.352,29.93486922838921
20251205,399330,深证100,100,100.0,77504650.67,40008817.9,51.62118344401022,220763815.63,64328402.806,29.13901565907629
20251208,000001,上证指数,429,99.1,118946161.69,43315433.62,36.4159994778895,185212893.764,68740892.646,37.11452871828151
20251208,399001,深证成指,400,95.2,96697460.3,31752414.16,32.83686465134597,227623315.941,91248155.551,40.0873500914342
20251208,000300,沪深300,286,99.3,205853614.27,64375601.58,31.272514601353663,553987564.476,182405663.365,32.92594907568584
20251208,000016,上证50,50,100.0,46635342.16,9683826.6,20.76499528356843,144006452.69099998,29520597.165,20.49949610823582
20251208,399006,创业板,100,100.0,40630266.91,18201769.54,44.79854779275433,252669381.385,90600838.526,35.85746639714479
20251208,000688,科创50,49,98.0,8873381.63,2320880.49,26.155535586943984,80531322.97,25783315.665,32.01650576956863
20251208,STAR,科创板,87,100.0,4613004.16,1546130.44,33.516779659700106,28789490.98,11232816.651,39.01707278813444
20251208,000905,中证500,426,99.3,172794801.1,64039374.36,37.06093814879249,296038456.371,103389012.588,34.92418311303153
20251208,000852,中证1000,767,99.4,169562510.56,48054325.85,28.340183034147685,284227701.184,88235569.056,31.04397238145309
20251208,399330,深证100,100,100.0,73152874.37,29475378.82,40.29285120215024,281749229.604,90600838.526,32.15655235449621
20251209,000001,上证指数,429,99.1,119765438.88,50660789.88,42.3000077098703,167445407.618,63416790.947,37.873114496920266
20251209,399001,深证成指,400,95.2,89831262.6,28636803.35,31.87843799715224,214510080.17,90824197.892,42.34029366826096
20251209,000300,沪深300,286,99.3,191007092.21,62447195.86,32.69365296202893,507775048.086,172394810.065,33.95102038093887
20251209,000016,上证50,50,100.0,44232238.3,10110174.41,22.85702645529471,126548214.504,24974592.94,19.73523928242432
20251209,399006,创业板,100,100.0,32786453.66,12193044.36,37.18927483418467,224644023.254,89355628.34799999,39.776543819715855
20251209,000688,科创50,49,98.0,7450313.95,2086485.07,28.00533083575625,67746022.121,23199505.03,34.24482250568715
20251209,STAR,科创板,87,100.0,3475825.82,1076910.12,30.982856327363383,22076151.5,8308126.566000001,37.633944331284376
20251209,000905,中证500,426,99.3,143110760.7,52237283.71,36.501296935667824,249261622.289,83521528.798,33.507576509777785
20251209,000852,中证1000,768,99.5,161695245.58,48791439.29,30.17493749737994,271876192.91,89780576.421,33.02259585881443
20251209,399330,深证100,100,100.0,62553645.24,20446957.93,32.68707659090212,263860561.066,89355628.34799999,33.86471550996561
20251210,000001,上证指数,429,99.1,111755304.3,46161358.36,41.30574262147126,155872065.058,55449086.798,35.573460053517216
20251210,399001,深证成指,400,95.2,87305788.63,29906154.19,34.254491780312094,189737759.494,72856929.17,38.39875065685274
20251210,000300,沪深300,286,99.3,179556596.74,59973753.79,33.401030582486854,450056650.562,150549272.502,33.45118271533247
20251210,000016,上证50,50,100.0,40690144.42,9428445.76,23.17132537717348,115383014.377,23292078.134,20.186747815320512
20251210,399006,创业板,100,100.0,28788093.24,9321260.45,32.37887404452494,201434598.186,82137512.84,40.7762686150649
20251210,000688,科创50,49,98.0,8881806.42,2458948.37,27.685228136282664,73881498.153,29323748.015,39.6902455257119
20251210,STAR,科创板,87,100.0,3645617.1,1287859.61,35.32624449232477,22524728.85,9092200.727,40.3654169936878
20251210,000905,中证500,426,99.3,132435163.39,46892674.0,35.4080236695965,229922748.296,74959397.001,32.601992432909725
20251210,000852,中证1000,769,99.6,151197411.48,44345792.25,29.329729798890074,252367504.668,78531546.445,31.117931188609848
20251210,399330,深证100,100,100.0,57793188.06,20651530.04,35.73350204968776,232211463.107,82137512.84,35.37185965800151
20251211,000001,上证指数,429,99.1,109619475.14,40147444.91,36.62437250199007,158664549.209,53582857.822,33.77115939832173
20251211,399001,深证成指,400,95.2,89152980.29,31228563.13,35.028064152671746,197985382.252,79990033.13599999,40.40198939242241
20251211,000300,沪深300,286,99.3,178438731.56,53298400.52,29.869300265720856,476850968.917,171875931.501,36.04395140296264
20251211,000016,上证50,50,100.0,41771714.12,8260052.26,19.77427173869589,118580623.99,25080409.979,21.15051273563466
20251211,399006,创业板,100,100.0,32124733.71,12035754.67,37.46569474676589,221227151.667,85737072.335,38.75522135911006
20251211,000688,科创50,49,98.0,8706649.18,2430680.59,27.9175207332748,74795044.047,26524086.108,35.46235776174246
20251211,STAR,科创板,87,100.0,4224575.32,1621298.7,38.37779130897351,24026119.854,9363433.527,38.9718921902453
20251211,000905,中证500,426,99.3,143613933.13,52143172.51,36.30787861147133,251226620.758,83813925.328,33.36188062997342
20251211,000852,中证1000,769,99.6,160951963.6,47018504.54,29.212756084698054,260492529.756,81467915.986,31.274569010600786
20251211,399330,深证100,100,100.0,60658231.18,20971875.27,34.573832540166066,255456431.237,91018400.549,35.629715841664435
20251212,000001,上证指数,429,99.1,141653282.29,54463922.74,38.44875449373536,213354183.314,76693840.086,35.94672431293615
20251212,399001,深证成指,400,95.2,96232906.18,31178651.54,32.39915822731313,222767343.392,83407173.832,37.44138281760168
20251212,000300,沪深300,286,99.3,224812842.64,59934323.66,26.659652961185472,592368628.9350001,181277303.63,30.60211070864986
20251212,000016,上证50,50,100.0,62055040.69,15678873.36,25.26607538350484,162382998.33900002,29722340.057000004,18.303849763230723
20251212,399006,创业板,100,100.0,36068931.08,9681196.15,26.840818011843343,251316223.97,94298193.61,37.52172944523331
20251212,000688,科创50,49,98.0,12862585.72,3339119.02,25.95993599333618,105751240.629,29621964.301,28.01098514287955
20251212,STAR,科创板,87,100.0,5146351.13,1788205.46,34.747055045970015,32428378.025,11747416.797,36.22573040175974
20251212,000905,中证500,426,99.3,159920195.07,49926976.7,31.219932340719105,303899677.587,91564942.669,30.129990066470835
20251212,000852,中证1000,769,99.6,177606226.55,47997080.43,27.02443566441505,293971201.971,87163354.303,29.650303743561444
20251212,399330,深证100,100,100.0,68704524.79,20493670.8,29.82870613346105,293871528.336,95913253.65,32.63781768621591
20251215,000001,上证指数,429,99.1,116787588.15,44176869.64,37.826682047119576,185464241.901,68878371.792,37.138356745213976
20251215,399001,深证成指,400,95.2,80688740.12,23912919.64,29.636005723272905,191847886.602,71797489.434,37.424175322268844
20251215,000300,沪深300,286,99.3,172317781.35,46030612.93,26.71263091329257,449947416.204,131414295.255,29.20658959744277
20251215,000016,上证50,50,100.0,41893769.76,8363310.35,19.963136279956487,123835628.461,26063400.849,21.04677076614364
20251215,399006,创业板,100,100.0,28109178.66,8288801.3,29.487881521757703,183603458.336,63941691.387,34.82597330491713
20251215,000688,科创50,49,98.0,8906870.95,2182677.28,24.50554512637236,72069045.823,19477971.549,27.0268203589617
20251215,STAR,科创板,87,100.0,4525112.82,1556908.99,34.405970678096814,26373894.102,9615952.201,36.46011530876208
20251215,000905,中证500,427,99.5,145288709.87,52843010.31,36.37103692178309,256953811.497,84499056.765,32.88492055156245
20251215,000852,中证1000,769,99.6,159731154.96,47502612.12,29.739102638990893,267845031.049,85953199.915,32.090645691043484
20251215,399330,深证100,100,100.0,53945087.89,17022461.6,31.555165198193176,217184821.399,63986211.106,29.461640410150054
20251216,000001,上证指数,429,99.1,107522102.27,38118675.92,35.4519444051417,162714874.587,56945839.462,34.9973163833601
20251216,399001,深证成指,400,95.2,79957746.86,22608593.47,28.27567603872824,178584306.678,61785687.997,34.59749019739115
20251216,000300,沪深300,286,99.3,166820817.75,45200214.77,27.09506845706612,404664928.453,114645133.161,28.33087947583664
20251216,000016,上证50,50,100.0,41027152.12,7387963.77,18.007498420536237,115875191.292,21749419.586,18.769694654650014
20251216,399006,创业板,100,100.0,26268383.37,7297698.46,27.781300269640457,167500102.795,60347154.649,36.02812991873663
20251216,000688,科创50,49,98.0,7768191.5,2263112.88,29.133072736427778,59860753.402,18566917.106,31.01684501247801
20251216,STAR,科创板,87,100.0,4149256.38,1436547.42,34.6218042086857,22825279.657,8108408.776,35.52380911798964
20251216,000905,中证500,427,99.5,145559851.38,50725323.41,34.84843033919838,239985192.6,71597057.672,29.83394804334274
20251216,000852,中证1000,769,99.6,172569166.22,54957496.24,31.846648763393443,272003092.602,88148960.494,32.407337597069606
20251216,399330,深证100,100,100.0,55551126.26,20415864.41,36.75148603548763,195044056.943,60347154.649,30.940268365437024
20251217,000001,上证指数,429,99.1,109929036.78,41310292.76,37.579054606540325,177189992.119,70098628.82800001,39.56127995136548
20251217,399001,深证成指,400,95.2,83924352.33,25041511.97,29.838195082559537,195069836.919,74656349.324,38.27160082929685
20251217,000300,沪深300,286,99.3,181377981.96,46199385.37,25.471330572080426,473563952.577,137912706.435,29.122298199539543
20251217,000016,上证50,50,100.0,41662012.23,7578373.2,18.19012763512887,121050653.885,20124292.733,16.62468734131613
20251217,399006,创业板,100,100.0,32398705.49,10195078.86,31.46755003266027,204120286.589,73884821.814,36.19670687743471
20251217,000688,科创50,50,100.0,8195183.17,2229766.64,27.208258726448943,73094136.065,24083062.747,32.948009298015094
20251217,STAR,科创板,87,100.0,3973370.65,1377262.31,34.66231648940177,23015976.972,8923600.49,38.77133045821159
20251217,000905,中证500,427,99.5,146499618.96,53017800.77,36.18971922683013,255734031.598,83900978.67,32.807905207503936
20251217,000852,中证1000,769,99.6,161029697.44,49265979.38,30.59434387769164,263053112.853,83917070.246,31.901188826795885
20251217,399330,深证100,100,100.0,62444832.47,20447017.02,32.74412983624104,241000865.446,73884821.814,30.65749231948507
20251218,000001,上证指数,430,99.3,101444682.11,38955806.0,38.40103314411184,162872029.671,62031424.487,38.08598972598482
20251218,399001,深证成指,400,95.2,70730285.85,20945591.4,29.613327796271022,172292391.136,66543246.452,38.622278101343255
20251218,000300,沪深300,288,100.0,156260328.34,41940643.38,26.840237586563365,407118949.288,126999310.748,31.194644948388152
20251218,000016,上证50,50,100.0,34956852.83,8025617.279999999,22.958637950131507,98249924.26,18194245.018,18.51832981555522
20251218,399006,创业板,100,100.0,27226810.73,9204467.22,33.806630204609355,170923317.366,61005002.561,35.69144543945944
20251218,000688,科创50,50,100.0,6867758.31,1977566.19,28.79492988447929,53696950.762,14013909.871,26.098148353178548
20251218,STAR,科创板,87,100.0,4135758.1,1648320.85,39.85534961534621,22123156.764,8614609.28,38.93933118088355
20251218,000905,中证500,428,99.8,129686474.42,48609620.13,37.4824131409216,229299738.141,77093590.254,33.62131630808664
20251218,000852,中证1000,768,99.5,145626819.67,45992539.18,31.582464881278145,254005923.195,91597332.323,36.0611009266429
20251218,399330,深证100,100,100.0,48758431.37,15659347.51,32.11618395015648,197414001.176,62322093.832,31.56923696432157
20251219,000001,上证指数,430,99.3,108465533.41,40970550.43,37.77287507095108,168554472.854,60867992.074,36.11176318454816
20251219,399001,深证成指,400,95.2,76962699.47,21599663.89,28.065106913797287,173043875.56,57180116.146,33.04370984581524
20251219,000300,沪深300,287,99.7,160620307.88,44105468.25,27.45945941216309,392313154.814,108036307.727,27.53828323147135
20251219,000016,上证50,49,98.0,38657221.64,7039489.75,18.21002506480184,106902648.001,18892370.096,17.67249965204162
20251219,399006,创业板,100,100.0,26773281.16,9389186.94,35.06924266730406,154972651.089,50318775.669,32.46945529769778
20251219,000688,科创50,49,98.0,6869856.48,1855559.79,27.01016819495478,53138577.65,14007352.683,26.36004443939045
20251219,STAR,科创板,87,100.0,3945902.12,1518929.72,38.49385194582576,21677379.857,8083945.244,37.29207725900302
20251219,000905,中证500,428,99.8,151555899.18,59629389.16,39.34481566380951,246949183.03,81636096.364,33.057852373653176
20251219,000852,中证1000,767,99.4,157569027.29,48544630.21,30.80848504614768,259699901.626,87545257.714,33.71016206239308
20251219,399330,深证100,100,100.0,45377793.32,12942362.29,28.52135668813081,180240344.351,50318775.669,27.91759849892942
20251222,000001,上证指数,430,99.3,106807114.19,40558252.43,37.97336229668242,180645378.643,66536944.312,36.832906998132216
20251222,399001,深证成指,400,95.2,82080754.57000001,24288863.3,29.5914230165684,196357199.877,72951080.569,37.15223104357632
20251222,000300,沪深300,287,99.7,188751454.17,64855624.41,34.36033099463564,473684519.92,153742831.561,32.45679879658415
20251222,000016,上证50,49,98.0,37263058.17,6515841.99,17.486063436537314,119731930.34,25827622.982,21.571207370212687
20251222,399006,创业板,100,100.0,28404136.31,8262948.73,29.09065299440538,196699146.647,74698333.757,37.97593178736817
20251222,000688,科创50,49,98.0,8463077.02,2733025.77,32.293523543993466,68502542.895,24455401.418,35.69999066382834
20251222,STAR,科创板,87,100.0,4351428.81,1372371.76,31.538416918281147,26447524.097,9788542.38,37.01118616661109
20251222,000905,中证500,428,99.8,149216502.04,56434705.95,37.82068683989907,264667920.061,83321905.101,31.48167903454116
20251222,000852,中证1000,767,99.4,160274766.22,48662230.53,30.36175417857365,279497327.213,90651340.722,32.43370576238685
20251222,399330,深证100,100,100.0,56906614.75,17942405.3,31.52956010267681,234302537.432,74698333.757,31.881145879045025
20251223,000001,上证指数,430,99.3,114074544.94,47231359.3,41.40394276816301,192925298.091,78261558.664,40.56573162690421
20251223,399001,深证成指,400,95.2,79881037.47,23065674.06,28.875030658762423,193124601.45,72198815.661,37.38457716879344
20251223,000300,沪深300,287,99.7,193623411.6,69702615.85,35.999063994387335,470478866.359,150374192.183,31.961944081938125
20251223,000016,上证50,49,98.0,39394650.3,7626249.1,19.35859067646045,124629743.554,33196984.066,26.63648589761905
20251223,399006,创业板,100,100.0,29358519.78,8265122.38,28.15238112117109,186310144.997,57948020.695,31.102987277441645
20251223,000688,科创50,49,98.0,8098802.79,2500118.11,30.870218411627725,66199368.077,23214175.906,35.067065714280474
20251223,STAR,科创板,87,100.0,4786964.95,1680807.63,35.112177497769224,28449150.154,10360699.832,36.41831047998201
20251223,000905,中证500,428,99.8,146099912.52,59069931.82,40.43118904120751,263459599.944,84382331.291,32.02856578729186
20251223,000852,中证1000,769,99.6,164004703.37,49892227.82,30.421217681447523,298177756.658,104411521.048,35.01653584702381
20251223,399330,深证100,100,100.0,52970295.07,16539345.03,31.2238113987157,211545137.888,57948020.695,27.39274524271027
20251224,000001,上证指数,430,99.3,101311551.68,36790557.19,36.31427668407022,176734540.791,62236601.443,35.214735707265504
20251224,399001,深证成指,400,95.2,81678562.23,24606634.59,30.12618478850028,211997396.556,86231964.808,40.67595461495277
20251224,000300,沪深300,287,99.7,165873566.17,49396817.44,29.779800712413905,442567414.292,136706177.262,30.88934540756837
20251224,000016,上证50,49,98.0,35092130.66,6420858.88,18.29714742091411,107000486.27,22165847.419,20.715651107479776
20251224,399006,创业板,100,100.0,30238594.05,9527313.75,31.50713202553807,194430245.759,57328558.663,29.48541181913633
20251224,000688,科创50,49,98.0,7796189.64,2131973.7,27.34635505864889,64464744.122,19243311.514,29.85090808331123
20251224,STAR,科创板,87,100.0,4633139.65,1485426.54,32.06090582657054,27711384.024,8952170.681,32.30502912899187
20251224,000905,中证500,428,99.8,141369239.17,50924378.71,36.02224855207871,275148163.597,90700070.973,32.96408370940293
20251224,000852,中证1000,769,99.6,160188277.32,46148448.37,28.808879864418284,301696660.204,98573697.602,32.673115285846
20251224,399330,深证100,100,100.0,52657100.11,16249426.91,30.85894756083255,214993387.308,57764700.525,26.868128944936416
20251225,000001,上证指数,430,99.3,94976572.53,33489940.97,35.26126504451571,173566074.183,64824654.118,37.34868949657288
20251225,399001,深证成指,400,95.2,82028332.41,23660766.04,28.84462641729328,207444296.481,78515475.374,37.84894388802408
20251225,000300,沪深300,287,99.7,150047682.15,41802270.51,27.859324390103545,419829055.982,130406395.221,31.06178416259763
20251225,000016,上证50,49,98.0,30900827.66,5701256.52,18.450174159509874,96148267.36,17119753.788,17.805577009411852
20251225,399006,创业板,100,100.0,30843175.48,10891279.6,35.31179727931178,194655480.292,56296243.401,28.92096503861632
20251225,000688,科创50,49,98.0,7749623.5,2241257.97,28.920862671586555,57545158.992,14676652.559,25.5045825158644
20251225,STAR,科创板,87,100.0,4638277.06,1520265.17,32.776506240013184,29243341.521,11441729.159,39.12592940442033
20251225,000905,中证500,428,99.8,141120086.73,49902346.45,35.36161832544532,274837993.15,92822366.712,33.7734843891615
20251225,000852,中证1000,770,99.7,167499415.2,49166144.84,29.35302477402322,319648270.809,105962637.335,33.14976085020527
20251225,399330,深证100,100,100.0,47345265.59,12552232.97,26.512118611182128,202405272.225,58118133.403,28.713744836841045
20251226,000001,上证指数,430,99.3,119416678.34,47473139.42,39.75419520951314,208502649.053,83752770.816,40.16868428118177
20251226,399001,深证成指,400,95.2,99734897.32,36201592.93,36.29781942206947,240108718.588,98679871.136,41.09799582301872
20251226,000300,沪深300,287,99.7,187744811.22,63064842.42,33.59072456394036,486892922.089,143763081.13799998,29.52663195866324
20251226,000016,上证50,49,98.0,40518828.23,10351012.88,25.546180213415315,121514800.476,25333157.939,20.84779618594977
20251226,399006,创业板,100,100.0,35227365.67,12180727.69,34.57745834333913,216835822.711,64797597.166,29.883252848106466
20251226,000688,科创50,49,98.0,9008218.43,3259148.25,36.17972049996128,56438584.799,14360085.304,25.443737391966703
20251226,STAR,科创板,87,100.0,5081948.72,1713109.13,33.70968942008529,30723665.611,12098427.551,39.37820344805601
20251226,000905,中证500,428,99.8,171145330.4,61437947.19,35.89811480477296,325087477.471,111896620.98,34.42046487010006
20251226,000852,中证1000,770,99.7,187073054.86,55264938.0,29.541901713936653,343552046.216,110874389.104,32.2729526210682
20251226,399330,深证100,100,100.0,58327487.1,19194551.79,32.90824402754014,237289232.548,65360039.075,27.54446056113341
20251229,000001,上证指数,429,99.1,135902256.31,54588133.09,40.16720146682604,215931052.633,77361256.965,35.82683269575149
20251229,399001,深证成指,400,95.2,97634105.62,32128403.11,32.90694671291034,243236893.567,96480707.188,39.66532616542573
20251229,000300,沪深300,287,99.7,208682577.87,65060694.12,31.176869091836657,515065667.759,149423841.318,29.010638967285164
20251229,000016,上证50,49,98.0,48092480.99,11226881.68,23.344359552451525,135109494.26,32101309.056,23.75947688341232
20251229,399006,创业板,100,100.0,33068055.57,10268588.68,31.0528953184531,207221022.736,58222952.308,28.09702970252017
20251229,000688,科创50,49,98.0,10764181.64,4889296.77,45.42190882241559,68914241.521,24101578.693,34.973291675358006
20251229,STAR,科创板,87,100.0,4878236.92,1702644.43,34.902864660374064,31007999.55,13058322.368,42.11275334593456
20251229,000905,中证500,428,99.8,166180581.78,55914318.69,33.64672219286293,318364143.872,107953789.936,33.90890337807747
20251229,000852,中证1000,769,99.6,188870954.33,54164008.62,28.67778627589465,335461775.313,100226984.102,29.877318811803217
20251229,399330,深证100,100,100.0,65696629.32,24072913.77,36.64254014120553,237059184.818,58982311.244,24.880837791323348
20251230,000001,上证指数,429,99.1,119722874.71,47937277.45,40.04019913998606,195356068.001,68579635.967,35.10494281992251
20251230,399001,深证成指,399,95.0,95432791.35,32092997.79,33.62889981107107,238123812.464,98925979.798,41.54392573105465
20251230,000300,沪深300,286,99.3,190144823.33,56229611.02,29.571991514285106,502374956.389,162092270.643,32.26519725586965
20251230,000016,上证50,49,98.0,42622812.62,9225539.32,21.64460473842845,127809675.865,28439094.926,22.251128276108783
20251230,399006,创业板,100,100.0,39105515.4,15913573.16,40.69393536237602,209823186.629,56226399.615,26.79703826747089
20251230,000688,科创50,49,98.0,8425042.38,2539369.99,30.1407384730568,70606622.678,26067187.026,36.918898025867705
20251230,STAR,科创板,87,100.0,4632251.67,1494887.92,32.27130187423517,29118753.065,10619036.267,36.46803227904636
20251230,000905,中证500,428,99.8,160107658.42,57402092.88,35.8521843654854,313571101.254,108842778.525,34.71071731091532
20251230,000852,中证1000,769,99.6,188505067.27,56310225.89,29.87199585958377,348852890.884,115667155.822,33.15642749265949
20251230,399330,深证100,99,99.0,60644264.46,19592962.77,32.30802276928135,223375169.531,59950334.194,26.838405683081124
20251231,000001,上证指数,429,99.1,110637477.17,44203168.88,39.9531605480118,184359077.387,67850566.112,36.80348539039958
20251231,399001,深证成指,399,95.0,93107841.24,32005302.03,34.374443230298226,225166346.042,89413136.575,39.70981372070669
20251231,000300,沪深300,286,99.3,178961122.91,59668649.69,33.34168266255656,474808979.018,155286594.874,32.7050670345712
20251231,000016,上证50,49,98.0,41746165.87,10416068.64,24.95095878370303,124023079.901,29291047.009,23.617416236059643
20251231,399006,创业板,100,100.0,38240320.84,17025418.72,44.52216494530854,199318131.178,58554186.737,29.377250524543854
20251231,000688,科创50,49,98.0,7842030.3,2401030.11,30.617455150613225,60089686.897,19089747.084,31.768757784878822
20251231,STAR,科创板,87,100.0,4527547.99,1491435.8,32.94135817652592,26845842.199,9530233.426,35.49984893509878
20251231,000905,中证500,428,99.8,155179162.34,59499927.79,38.34273035939885,301927136.066,111908904.504,37.06487133357142
20251231,000852,中证1000,769,99.6,177137153.3,50530573.97,28.526242535026668,326824701.828,105780059.169,32.36599271026628
20251231,399330,深证100,99,99.0,60089472.99,22690639.66,37.76142231065355,221662497.073,65188104.93,29.40872082142593
20260105,000001,上证指数,429,99.1,147077445.7,56112398.33,38.15159969833498,249730399.853,91077235.736,36.470223805196014
20260105,399001,深证成指,399,95.0,119599522.75,41492653.97,34.6929929283518,292450106.711,117719977.85,40.25301244507023
20260105,000300,沪深300,287,99.7,245129788.84,71077466.35,28.995850192810856,683393139.958,200380266.793,29.32137521973296
20260105,000016,上证50,50,100.0,58611484.18,12302851.989999998,20.990514337117062,192964632.004,34173950.266,17.709955400164525
20260105,399006,创业板,100,100.0,54067571.7,23021644.04,42.57939337046276,283903065.15,81737118.802,28.790502405746928
20260105,000688,科创50,50,100.0,10921964.05,2992542.72,27.39930937604578,95645001.077,29248312.675,30.58007459423137
20260105,STAR,科创板,87,100.0,6108091.46,1991890.96,32.61069309528643,36498182.602,11603572.983,31.792193900537274
20260105,000905,中证500,428,99.8,197653891.73,67807410.98,34.30613502547502,390136467.214,134301695.626,34.424286605418004
20260105,000852,中证1000,769,99.6,219832621.03,59826926.16,27.21476270431929,393560704.988,115009734.943,29.22287044548992
20260105,399330,深证100,99,99.0,81331471.04,26911612.02,33.088805201573784,307496061.854,82397462.263,26.796265866365
20260106,000001,上证指数,429,99.1,167126229.02,62989325.21,37.68967060368607,284226538.467,105133584.515,36.9893624578644
20260106,399001,深证成指,399,95.0,136219782.63,50133771.94,36.80359120537821,328854278.193,129954053.562,39.517215429300805
20260106,000300,沪深300,287,99.7,294341015.27,93372986.28,31.722723452030177,770004689.777,213841627.696,27.771470815058336
20260106,000016,上证50,50,100.0,64028662.66,14822941.06,23.15047737091062,207580005.777,36370060.607,17.52098448540935
20260106,399006,创业板,100,100.0,60750195.03,27262502.57,44.87640337045351,319874068.777,89373349.701,27.94016721727656
20260106,000688,科创50,50,100.0,12359338.01,4087412.14,33.07144878384955,95370873.075,27620328.408,28.96096839365125
20260106,STAR,科创板,87,100.0,6102959.25,2037547.87,33.38622767307516,36204979.618,11661629.671,32.21001584324107
20260106,000905,中证500,428,99.8,251220004.17,94741846.27,37.712699903423456,448268493.407,140052905.77,31.243084854246195
20260106,000852,中证1000,770,99.7,243379111.2,65641275.68,26.97079275059823,429771642.504,118235774.5,27.511302004738376
20260106,399330,深证100,99,99.0,116406652.69,54805931.24,47.08144248933304,356882446.363,91474582.694,25.63157242005604
20260107,000001,上证指数,430,99.3,156735271.82,57437797.37,36.646376213239016,277038755.225,97974884.745,35.365046549327964
20260107,399001,深证成指,399,95.0,125828306.52,43770466.44,34.785866273295845,325503527.907,130385124.739,40.05643981107709
20260107,000300,沪深300,287,99.7,265519740.31,86787776.79,32.68599791814854,716858119.16,202048814.915,28.18532838154317
20260107,000016,上证50,50,100.0,56754343.3,11667203.19,20.55737501591354,197124711.191,41173085.09,20.886820754860192
20260107,399006,创业板,100,100.0,54459355.9,20902346.76,38.381553388882445,304130033.461,70421810.251,23.155164733189864
20260107,000688,科创50,50,100.0,12853483.95,3737790.93,29.079982863323217,101358899.93,26355428.866,26.002086530340662
20260107,STAR,科创板,87,100.0,6809497.71,2405960.46,35.33242189753229,42988230.713,13205126.912,30.71800512135676
20260107,000905,中证500,428,99.8,233421639.54,85839348.4,36.77437471914006,455953715.916,154075044.461,33.791816818833674
20260107,000852,中证1000,771,99.9,238978662.05,62328171.7,26.08106144931025,453148183.76,125709535.893,27.741374763973297
20260107,399330,深证100,99,99.0,90658265.07,37901077.21,41.80653267601738,316653850.20600003,74302731.86,23.4649702859012
20260108,000001,上证指数,430,99.3,153693397.53,62525657.96,40.68207155599861,267290819.244,104752093.604,39.19030735895783
20260108,399001,深证成指,399,95.0,124674527.97,44351407.66,35.573752218794944,308863701.126,119023883.542,38.53605428805134
20260108,000300,沪深300,287,99.7,248151963.58,70357204.12,28.352467216048456,680204535.265,196070829.902,28.82527530129052
20260108,000016,上证50,50,100.0,57367098.53,10663442.42,18.588080438517515,208542149.887,46211707.395,22.159408743047933
20260108,399006,创业板,100,100.0,50468540.05,19938916.16,39.5076143281462,274184408.14,68029087.889,24.81143561389676
20260108,000688,科创50,50,100.0,14004771.74,4885527.8,34.884737078906504,116082147.724,42387543.496,36.51512685377061
20260108,STAR,科创板,87,100.0,6638254.08,2268237.44,34.16918684739467,39613663.171,12117054.381,30.5880683861384
20260108,000905,中证500,428,99.8,234892840.1,95560420.32,40.6825598768006,448797085.568,155655430.805,34.68280784577771
20260108,000852,中证1000,771,99.9,236707662.24,65409206.24,27.6329061852172,450445648.826,128633551.654,28.556952873062187
20260108,399330,深证100,99,99.0,80313071.21,26136101.48,32.54277427849842,279750685.364,64655031.182,23.111661405895592
20260109,000001,上证指数,430,99.3,163215059.37,60110746.09,36.82916657447159,295794927.931,111794892.229,37.79472927780505
20260109,399001,深证成指,399,95.0,135894159.14,44863067.56,33.01324195529365,339538493.882,125783935.213,37.04555962856858
20260109,000300,沪深300,287,99.7,260546226.47,76280082.18,29.27698597422715,723811501.075,205725848.995,28.42257254678288
20260109,000016,上证50,50,100.0,64958596.68,17349005.05,26.70778917140856,201454817.207,39594201.606,19.65413493454264
20260109,399006,创业板,100,100.0,60258525.72,23281840.94,38.63659235239584,318182301.225,85421080.297,26.84658447944129
20260109,000688,科创50,50,100.0,13690698.99,4520932.79,33.021928195939395,105784348.51,30135174.13,28.4873656211545
20260109,STAR,科创板,87,100.0,7530142.86,2583513.42,34.30895625796932,48061553.961,17902584.822,37.249284191949386
20260109,000905,中证500,428,99.8,265395906.56,109740313.81,41.34966331336018,508977684.973,181334170.484,35.627135695274994
20260109,000852,中证1000,771,99.9,279670259.6,81208137.37,29.0371015803212,535429329.699,159023686.628,29.700219582180463
20260109,399330,深证100,99,99.0,89199680.17,31663733.89,35.49758679588773,319534174.826,77856571.75,24.36564783481962
20260112,000001,上证指数,430,99.3,181100260.49,64832033.27,35.79897295265342,322643078.271,109290440.323,33.87348053727743
20260112,399001,深证成指,399,95.0,160188163.23,51498827.89,32.148959605746526,404217701.309,144621376.809,35.77809094967013
20260112,000300,沪深300,287,99.7,301851294.71,86977346.14,28.814634114311964,840002491.509,219176033.592,26.09230755950105
20260112,000016,上证50,50,100.0,69594991.11,15482585.56,22.24669521909793,216492803.01,38734668.826,17.891896768601036
20260112,399006,创业板,100,100.0,75674613.97,28681107.38,37.90056648504368,405542985.597,101288260.329,24.97596159378605
20260112,000688,科创50,50,100.0,16067798.0,5181591.16,32.24829662409249,123544078.489,28653719.699,23.19311459476485
20260112,STAR,科创板,87,100.0,8845102.51,2967710.26,33.55201657238906,57513938.902,19356698.057,33.655664046906175
20260112,000905,中证500,427,99.5,285567216.02,104491611.25,36.59089888059203,560009159.684,171503242.732,30.625078137788897
20260112,000852,中证1000,771,99.9,328345634.26,91183451.69,27.77056923430769,613343624.18,163002506.048,26.576049643611054
20260112,399330,深证100,99,99.0,100523501.83,31095407.14,30.933469859204564,395677580.312,93541515.741,23.64084304883804
20260113,000001,上证指数,429,99.1,198173328.16,79591255.45,40.16244576855473,334975818.355,121660704.452,36.31924986390112
20260113,399001,深证成指,399,95.0,160893747.75,54920731.5,34.13478290364456,401812356.975,150095334.52899998,37.35458402996268
20260113,000300,沪深300,287,99.7,311454338.82,88063427.41,28.27490788654411,863645773.659,234954159.377,27.20492203436276
20260113,000016,上证50,50,100.0,68622432.1,14189524.9,20.677677059481542,218249970.309,38619927.186,17.69527259560293
20260113,399006,创业板,100,100.0,75117766.91,30334300.92,40.38232520456059,376768845.728,99261894.864,26.34556863962684
20260113,000688,科创50,50,100.0,15914097.54,4969545.45,31.227315513864824,122612605.76,29856958.994,24.350643890923863
20260113,STAR,科创板,87,100.0,8771638.08,3132597.82,35.71280291582664,55062554.251,19216996.887,34.90030048261155
20260113,000905,中证500,426,99.3,310927559.66,131063694.65,42.15248554786152,593427566.771,208108968.366,35.06897556147875
20260113,000852,中证1000,770,99.7,337108648.11,100015123.86,29.66851322881655,627733949.219,182067884.573,29.003988839463148
20260113,399330,深证100,99,99.0,102446065.06,31839459.81,31.07924134650995,389984723.871,84648177.669,21.7055111361234
20260114,000001,上证指数,429,99.1,224138989.23,88780072.74,39.60938391173809,369440944.295,127356861.352,34.47286049872833
20260114,399001,深证成指,399,95.0,175738200.01,59061788.44,33.60782598014502,435917133.334,162814202.152,37.34980566300698
20260114,000300,沪深300,287,99.7,360187739.89,106832942.11,29.660349389633968,944819840.784,259292691.363,27.443612016852025
20260114,000016,上证50,50,100.0,84005412.08,19094129.11,22.72964162334718,261847492.833,56044776.42,21.40359482293917
20260114,399006,创业板,100,100.0,78730759.95,30475872.94,38.70897849754593,404874921.604,105532513.032,26.06546056592244
20260114,000688,科创50,50,100.0,18330385.13,6097490.33,33.26438744607,142176293.313,32352605.605,22.755274350679542
20260114,STAR,科创板,87,100.0,9188205.0,3108848.72,33.83521286257762,59379931.72,20835480.307,35.08842079045758
20260114,000905,中证500,426,99.3,352408833.55,140751686.2,39.939885950682346,649764763.34,216674396.965,33.346590826382126
20260114,000852,中证1000,770,99.7,364522184.42,104701465.95,28.72293386384508,664485586.658,189370524.91,28.49881603338162
20260114,399330,深证100,99,99.0,127410206.86,53935125.78,42.33187207620236,414174967.526,96764197.968,23.363120795542912
20260115,000001,上证指数,429,99.1,149623259.92,58937119.21,39.39034561973338,260249725.789,90898896.046,34.92756650191331
20260115,399001,深证成指,400,95.2,132813152.91,45490798.0,34.251726582250896,332464548.997,120391325.592,36.211778355077
20260115,000300,沪深300,288,100.0,253131687.26,69929100.0,27.62558127626807,715885378.633,188393922.195,26.31621315618188
20260115,000016,上证50,50,100.0,62159635.89,14146933.74,22.759035727035048,188876033.726,39695283.747,21.01658053905634
20260115,399006,创业板,100,100.0,59584858.93,23336536.36,39.16521206740734,324820261.138,91831826.819,28.27158210429036
20260115,000688,科创50,50,100.0,14669540.61,4249919.74,28.971048603273204,111447310.101,21672283.799,19.44621523781895
20260115,STAR,科创板,87,100.0,7093558.17,2736762.33,38.58095280834217,43735140.318,15252200.826,34.874018272493515
20260115,000905,中证500,425,99.1,246736662.01,93886963.54,38.05148484022,465128461.408,138936403.105,29.87054429746628
20260115,000852,中证1000,770,99.7,250848699.85,74532811.68,29.71225751800524,464591621.316,131221335.012,28.244447164222
20260115,399330,深证100,100,100.0,85348920.62,29985534.47,35.13288071152644,329911520.263,85697012.141,25.975756188411896
20260116,000001,上证指数,429,99.1,205247719.81,95061675.08,46.31558156553437,310175052.966,110638517.725,35.669702210747325
20260116,399001,深证成指,400,95.2,127099657.47,40776580.8,32.08236875825154,334290563.599,124271162.435,37.17459478876291
20260116,000300,沪深300,288,100.0,315590826.3,98035107.45,31.06399149790496,816381709.572,220198863.651,26.972537609452623
20260116,000016,上证50,50,100.0,80582726.19,18832939.19,23.37093826485247,243093220.734,52955127.847,21.78387685477462
20260116,399006,创业板,100,100.0,57172420.03,18985019.07,33.20660391852928,336649553.876,83013930.672,24.65885658133888
20260116,000688,科创50,50,100.0,17128206.47,5529147.76,32.28094996218247,130036177.139,30318092.672,23.31512148314848
20260116,STAR,科创板,87,100.0,7081402.36,2720268.97,38.41426926064402,42379219.221,12654285.373,29.85964726487805
20260116,000905,中证500,425,99.1,239633974.51,83618578.03,34.894291680043295,487557365.707,147143686.929,30.17976904433164
20260116,000852,中证1000,770,99.7,257150864.61,74039497.96,28.79224150083638,465184296.057,115245798.073,24.77422368937379
20260116,399330,深证100,100,100.0,86318950.91,27858494.53,32.27390304945494,348290613.321,85893100.285,24.66133079671519
20260119,000001,上证指数,429,99.1,171878115.96,72341299.32000001,42.08872020498264,280938261.778,102298973.178,36.41332886826131
20260119,399001,深证成指,400,95.2,123539433.85,41402386.61,33.51349874265269,325166903.404,123203210.176,37.8892220844898
20260119,000300,沪深300,288,100.0,272028310.75,91043178.05,33.46827313634671,702168117.525,193121615.481,27.503614969263268
20260119,000016,上证50,50,100.0,63538464.71,14388201.92,22.644868719554555,205066647.813,45540255.019,22.207538624480804
20260119,399006,创业板,100,100.0,43737903.51,14172360.31,32.40292554662504,265771323.723,61909031.729,23.29409767079486
20260119,000688,科创50,50,100.0,12987165.88,3886097.27,29.92259670745038,101082985.239,27568429.261,27.27306598219016
20260119,STAR,科创板,87,100.0,6481364.86,2327722.75,35.91408291740576,36185446.193,8839774.877,24.429089059319207
20260119,000905,中证500,425,99.1,221549833.32,82775019.9,37.36180644308688,437523074.239,131312931.579,30.01280145221996
20260119,000852,中证1000,771,99.9,240459699.53,66184915.82,27.52432775611229,437199443.165,106413648.904,24.33984090502129
20260119,399330,深证100,100,100.0,74954800.94,24128200.59,32.19033375769245,289431046.024,66673214.357,23.035958053881814
20260120,000001,上证指数,429,99.1,197637354.67,85603787.88,43.31356692308231,310829463.543,113239952.766,36.43153756250474
20260120,399001,深证成指,400,95.2,131964083.33,41157165.02,31.18815664189406,331035149.62,119857588.026,36.20690677820354
20260120,000300,沪深300,288,100.0,288129203.54,91125249.57,31.626523257768064,721451398.482,190601334.57,26.419151029583244
20260120,000016,上证50,50,100.0,68265158.39,15793789.53,23.135945045010832,216550919.061,49614675.95,22.91132088708619
20260120,399006,创业板,100,100.0,45477645.74,15495817.44,34.073482010460815,263312367.612,70974173.512,26.954363805874447
20260120,000688,科创50,50,100.0,14224798.17,4563508.3100000005,32.081357186665805,107696758.582,30801500.53,28.60021131141828
20260120,STAR,科创板,87,100.0,6888362.22,2453343.99,35.6157808147319,40054703.647,11182343.982,27.91767998222983
20260120,000905,中证500,425,99.1,247753207.45,91492772.62,36.92899622236556,460069117.703,149962088.188,32.595556280047646
20260120,000852,中证1000,772,100.0,249044836.21,66604086.39,26.74381344483609,435420395.059,100395487.113,23.057139319208115
20260120,399330,深证100,100,100.0,77717362.19,22026126.02,28.341319621928875,296534661.571,68301754.371,23.033312196674306
20260121,000001,上证指数,429,99.1,167249696.06,70089138.76,41.906885579544415,276157097.105,97912158.761,35.45523898803585
20260121,399001,深证成指,400,95.2,121194146.21,40777560.59,33.64647704959479,305174284.318,112894161.684,36.99334035837737
20260121,000300,沪深300,288,100.0,265429795.92,82530010.19,31.09297127097004,701252523.525,195209410.449,27.837248908244494
20260121,000016,上证50,50,100.0,69661691.2,15615747.64,22.416549714773502,229301607.435,48483231.394,21.14386895771916
20260121,399006,创业板,100,100.0,41341703.03,15706249.83,37.991298565041234,249794687.13,71475334.793,28.61363290557188
20260121,000688,科创50,50,100.0,14576935.81,4480983.92,30.740232229917456,126384425.406,44094530.895,34.88921261725865
20260121,STAR,科创板,87,100.0,6362899.17,1954961.7,30.724385972000245,36195301.219,7935486.014,21.924077840895063
20260121,000905,中证500,425,99.1,211561061.06,81495343.44,38.52095609261831,417271454.915,135434014.611,32.45705236141506
20260121,000852,中证1000,772,100.0,240339912.29,71089543.8,29.57875082945925,420475223.647,101950176.113,24.246417001395034
20260121,399330,深证100,100,100.0,76324752.34,26234481.73,34.372180617284656,276468672.087,62426853.828,22.58008234956738
20260122,000001,上证指数,429,99.1,172465533.17,72282351.74,41.91118678115875,276367943.714,94679880.642,34.25863338910959
20260122,399001,深证成指,400,95.2,116326212.69,39145720.02,33.65167584740354,299373326.6,118245135.043,39.49755189813226
20260122,000300,沪深300,288,100.0,274245918.48,87146605.02,31.77681020851924,722939401.774,207747457.776,28.73649676116899
20260122,000016,上证50,50,100.0,66597301.34,13632269.42,20.46970244395192,224120258.928,48370256.848000005,21.58227778218802
20260122,399006,创业板,100,100.0,41122954.42,15069437.35,36.64483148776643,274436025.232,85358911.823,31.103391674194427
20260122,000688,科创50,50,100.0,15503088.74,5164071.640000001,33.309953433189214,124837542.539,42928285.633,34.387320320398764
20260122,STAR,科创板,87,100.0,6314110.03,2409955.76,38.16778213476904,36745296.535,9846938.744,26.797820871089616
20260122,000905,中证500,425,99.1,233957290.05,97316451.03,41.595819052786126,436434308.3,148090713.873,33.93195976041464
20260122,000852,中证1000,772,100.0,238470807.08,68553218.37,28.74700648243389,424316651.903,108021300.16,25.45770939592868
20260122,399330,深证100,100,100.0,70795551.19,22582331.85,31.89795329002227,289210728.866,79364330.062,27.4416963620917
20260123,000001,上证指数,430,99.3,196689980.29,80826886.79,41.09354562486037,327778219.661,113154593.615,34.52169388558781
20260123,399001,深证成指,400,95.2,135023527.7,46452938.13,34.40358796817304,333385329.445,123175314.054,36.9468309415579
20260123,000300,沪深300,288,100.0,300977187.94,87209054.96000001,28.97530392814528,786563168.172,203444814.533,25.86503192182425
20260123,000016,上证50,50,100.0,74825796.76,15513197.3,20.7324184595826,232442471.004,43415075.229,18.67777219949313
20260123,399006,创业板,100,100.0,50863116.42,18505507.36,36.382960114342126,310303192.725,89873524.715,28.963132453054907
20260123,000688,科创50,50,100.0,21718471.34,9598126.27,44.193378621094055,123065083.018,31899868.861,25.92113707535889
20260123,STAR,科创板,87,100.0,8282881.97,3449530.27,41.64649795196828,45781604.171,14296516.358,31.22764397813744
20260123,000905,中证500,426,99.3,256808133.29,100742914.71,39.22886452986141,493313169.882,157716302.935,31.970827572417253
20260123,000852,中证1000,772,100.0,283056298.26,73813168.41,26.07720402751797,510284493.777,123230209.753,24.14931499111023
20260123,399330,深证100,100,100.0,93431480.29,35001445.02,37.46215398852694,325734816.759,81132352.062,24.9074854414556
20260126,000001,上证指数,430,99.3,237649891.8,106238585.64,44.703822431952815,372977481.486,139073100.369,37.287264586299216
20260126,399001,深证成指,400,95.2,156761772.92,58131015.73,37.08239237614767,370133668.607,131994860.427,35.66140333133253
20260126,000300,沪深300,288,100.0,357536470.63,106949309.48,29.912839182964778,840537422.991,201177013.814,23.93433157302196
20260126,000016,上证50,50,100.0,97020298.36,19721669.74,20.327364555014547,272921548.843,56827247.919,20.821825231429514
20260126,399006,创业板,100,100.0,58499973.56,21838623.15,37.33099661592394,309887251.876,71611518.971,23.10889477946484
20260126,000688,科创50,50,100.0,21364204.95,10519848.88,49.24053530014464,118696461.034,28807429.691,24.26983032185623
20260126,STAR,科创板,87,100.0,7541528.51,2594492.27,34.402737675256766,43283333.124,12322109.349,28.46848534908132
20260126,000905,中证500,427,99.5,290469997.79,108231043.91,37.26066193874088,541285961.745,167942200.181,31.026520554789045
20260126,000852,中证1000,772,100.0,294890313.48,72256227.07000001,24.502746874695344,524259983.835,120838848.147,23.049412862499064
20260126,399330,深证100,100,100.0,93678931.03,33443185.23,35.69979381947693,308539180.613,60565470.207,19.629750129844005
20260127,000001,上证指数,430,99.3,194521215.37,81868220.9,42.08703957780541,316309797.896,112379094.991,35.52817387842956
20260127,399001,深证成指,400,95.2,143793121.67,56494357.95,39.28863724069675,330321989.696,118478232.039,35.86749769460919
20260127,000300,沪深300,288,100.0,296685485.6,94278747.54,31.77733732047457,753587703.911,198826422.329,26.38397910384187
20260127,000016,上证50,50,100.0,81201538.99,19241379.62,23.69583121124045,232836911.172,53650311.686,23.042013148150613
20260127,399006,创业板,100,100.0,50125936.55,19030214.63,37.9648061259017,295706199.522,83872764.104,28.36354606010214
20260127,000688,科创50,50,100.0,19637245.92,9313029.71,47.42533524273347,112164607.669,27118276.875,24.177213684932216
20260127,STAR,科创板,87,100.0,6982098.45,2382243.84,34.119310362918185,40750155.056,11064535.237,27.1521303950741
20260127,000905,中证500,427,99.5,251231438.59,95079862.78,37.84552734069507,480050503.881,146360464.048,30.48855544671637
20260127,000852,中证1000,771,99.9,260179128.99,66973707.8,25.74138366132133,466949782.376,119126979.81,25.51173259013876
20260127,399330,深证100,100,100.0,86872185.12,35416592.26,40.76862140750535,301091044.21,73696914.405,24.47662121547497
20260128,000001,上证指数,430,99.3,238580790.78,118397275.15,49.62565291317876,352561129.15500003,130164195.497,36.91961045421277
20260128,399001,深证成指,399,95.0,149371148.26,59718042.61,39.97963683458666,352810338.351,134211193.881,38.04060689045837
20260128,000300,沪深300,288,100.0,375716005.37,123009485.42,32.74001736999784,855798298.32,206887653.437,24.17481477155737
20260128,000016,上证50,50,100.0,101896136.06,21441247.46,21.04225762532805,282766290.737,53475957.056,18.911715719939835
20260128,399006,创业板,100,100.0,52942065.19,22182492.63,41.89956049200354,304233784.964,83769578.879,27.534607600833173
20260128,000688,科创50,50,100.0,15696584.86,5960055.52,37.97039657453233,118001037.203,33063966.776,28.02006453478817
20260128,STAR,科创板,87,100.0,5992716.8,1965808.83,32.803299331615335,36918728.934,9616450.868,26.04762175098561
20260128,000905,中证500,427,99.5,265296067.09,103432364.23,38.98752264386612,485885485.914,149829176.967,30.836314586585377
20260128,000852,中证1000,771,99.9,252898413.81,65361949.97,25.845140341254087,457907501.807,114892786.394,25.09082859324399
20260128,399330,深证100,100,100.0,87681780.18,29950387.69,34.15805156842791,322925674.79,77737187.138,24.07277996354821
20260129,000001,上证指数,430,99.3,254992030.99,118692413.64,46.547499221516745,405592211.962,162604630.49,40.09066882803816
20260129,399001,深证成指,399,95.0,167935300.0,71768613.73,42.73587133259059,374607323.149,142119056.30900002,37.93814149556072
20260129,000300,沪深300,288,100.0,406264112.8,141631742.38,34.861987046767275,938501626.659,254297051.049,27.096069290181163
20260129,000016,上证50,50,100.0,108624029.75,26709148.14,24.588618376128696,328031069.504,81233398.324,24.76393423550676
20260129,399006,创业板,100,100.0,62223703.49,28483940.05,45.77667103112509,316081518.343,81840040.686,25.89206769033241
20260129,000688,科创50,50,100.0,16458267.59,7069882.62,42.9564204211605,109455154.034,27992681.655,25.57456695580059
20260129,STAR,科创板,87,100.0,6506248.37,1839562.52,28.27378260691883,40711646.931,10405888.195,25.55997848143158
20260129,000905,中证500,429,100.0,302950053.54,123450218.02,40.74936332820296,538284521.108,171898362.30200002,31.93447991931218
20260129,000852,中证1000,770,99.7,287325652.58,81326609.1,28.304680897698915,497780554.898,129974799.94,26.11086324306764
20260129,399330,深证100,100,100.0,105033677.8,41032125.13,39.06568444468961,348562260.107,68737520.629,19.72029921079215
20260130,000001,上证指数,430,99.3,206391680.02,85284332.67,41.32159429185114,327041934.328,116110474.13,35.5032373351698
20260130,399001,深证成指,399,95.0,142687235.09,54061047.75,37.88779544007632,324149900.528,122019898.696,37.64304678090128
20260130,000300,沪深300,288,100.0,316094789.13,101838236.77,32.21762593755289,783276289.7129999,220361137.892,28.13325780265128
20260130,000016,上证50,50,100.0,85777340.69,19822908.9,23.10972657877113,252000276.864,56395054.731,22.378965385595745
20260130,399006,创业板,99,99.0,53681686.69,20881782.94,38.89926756695953,312862096.001,98856620.017,31.59750614746378
20260130,000688,科创50,50,100.0,15018846.1,5780666.17,38.48941610767288,102690950.695,30612243.309,29.81006904875261
20260130,STAR,科创板,87,100.0,6459793.35,2154390.08,33.35075850375307,38208320.113,10299011.848,26.95489311631857
20260130,000905,中证500,428,99.8,276676578.12,101473039.88,36.67568847695853,487963806.354,146295090.223,29.98072568457428
20260130,000852,中证1000,770,99.7,257538654.61,69679717.18,27.05602282714356,429729257.965,108866425.717,25.333724362297627
20260130,399330,深证100,100,100.0,88993391.68,32901683.03,36.97092830027983,335755768.883,89990813.75299999,26.802462412599343
20260202,000001,上证指数,430,99.3,201374892.25,87160936.93,43.28292169700714,302126568.246,115408082.625,38.1985878617042
20260202,399001,深证成指,399,95.0,123445383.36,39847350.49,32.279336339208726,291499615.642,105022619.499,36.028390386621176
20260202,000300,沪深300,288,100.0,306243223.84,95908502.94,31.31775512855377,755167890.828,239411104.266,31.703030170350456
20260202,000016,上证50,50,100.0,89939875.78,20596392.89,22.90017938248036,244209008.209,56052426.206,22.95264479270518
20260202,399006,创业板,99,99.0,48615815.55,19106951.12,39.30192449481597,310029684.713,115904380.334,37.384929911242125
20260202,000688,科创50,50,100.0,13417499.86,4970301.43,37.04342449681978,97730315.093,29229041.324,29.90785540411457
20260202,STAR,科创板,87,100.0,5921902.1,2075781.17,35.052608688009215,32975693.294,8516133.204,25.825486451711782
20260202,000905,中证500,428,99.8,245367434.01,79888749.31,32.55882331423987,433412583.523,129276035.698,29.827476315334
20260202,000852,中证1000,770,99.7,227766150.16,60195699.58,26.42872943925778,368640467.973,91161425.648,24.729087978120965
20260202,399330,深证100,100,100.0,72143830.81,18962194.91,26.283875831239627,326384869.59,109306535.879,33.49007446831384
20260203,000001,上证指数,430,99.3,169049654.33,69456241.78,41.08629624548964,291454913.559,115944696.892,39.781349189204526
20260203,399001,深证成指,399,95.0,124538896.59,50270738.98,40.36549251395612,291846126.03,114846366.371,39.35168437329009
20260203,000300,沪深300,288,100.0,272045647.35,83237316.89,30.59681994577591,715509917.611,218647332.296,30.55825320018437
20260203,000016,上证50,50,100.0,72675333.35,14036933.69,19.31457764685988,224135767.752,56712343.02,25.3026741732496
20260203,399006,创业板,99,99.0,48249013.76,19506545.6,40.42890015748169,292804923.926,103110766.33,35.21483346231533
20260203,000688,科创50,50,100.0,14134426.52,6190126.09,43.79467452210435,110949229.724,44605393.14,40.2034275055009
20260203,STAR,科创板,87,100.0,5552059.71,1764898.93,31.78818352441674,35522442.964,11077596.862,31.18478330228166
20260203,000905,中证500,428,99.8,225913802.24,84171813.8,37.25837596703361,434482980.969,153248176.14,35.27138756924845
20260203,000852,中证1000,770,99.7,215940545.74,63547107.37,29.428057223914283,388709881.271,119727164.295,30.801163043120283
20260203,399330,深证100,100,100.0,80115228.87,31570437.81,39.40628798705447,297058492.66,89731809.361,30.206781350534573
20260204,000001,上证指数,430,99.3,176888910.89,70518719.06,39.86610506288476,281841593.178,101819205.004,36.12639421169288
20260204,399001,深证成指,400,95.2,122624169.95,50408297.02,41.10796186474002,283110199.034,111812783.297,39.49443844782572
20260204,000300,沪深300,288,100.0,268957773.09,81107427.17999999,30.156193757917315,661633502.933,194432740.266,29.3867737053952
20260204,000016,上证50,50,100.0,62254701.21,13300208.05,21.364182610298325,186319874.246,41946913.413,22.51338649875701
20260204,399006,创业板,99,99.0,50674818.87,21492028.01,42.41165235367717,296614575.168,100392924.792,33.84625476854544
20260204,000688,科创50,50,100.0,15798003.34,8510356.87,53.86982574216875,87532945.9,26373032.376,30.12926402149113
20260204,STAR,科创板,87,100.0,4724393.97,1306663.02,27.65779120660422,31226761.409,9824807.123,31.46277961495024
20260204,000905,中证500,428,99.8,226447328.78,83988721.35,37.08973817553724,408946334.455,142007239.622,34.725152827510264
20260204,000852,中证1000,770,99.7,215356529.13,65405026.47,30.37057977031114,368070899.493,111219892.741,30.216975287695952
20260204,399330,深证100,100,100.0,75331910.28,28919455.98,38.3893835593837,285969748.036,91738490.713,32.079788629058505
20260205,000001,上证指数,430,99.3,146099416.76,54259748.58,37.13892210064974,243930633.77,87358793.34,35.81296534586542
20260205,399001,深证成指,400,95.2,113363643.7,46724529.09,41.216502544369085,250715668.788,93966434.704,37.47928286981381
20260205,000300,沪深300,288,100.0,237675709.01,67175553.5,28.26353344218851,572859371.266,146972517.55699998,25.655950644954213
20260205,000016,上证50,50,100.0,56447544.68,10756797.46,19.056271660671992,164509488.82,35948095.427,21.85168508202772
20260205,399006,创业板,99,99.0,44503528.09,19331606.52,43.43836848374239,231166751.622,65788519.604,28.45933471937015
20260205,000688,科创50,50,100.0,15299838.29,8632179.84,56.42007239803317,75645813.955,18773266.773,24.81732404144372
20260205,STAR,科创板,87,100.0,4280942.19,1287757.42,30.081168183212487,26965229.385,7504683.082,27.83096325586848
20260205,000905,中证500,428,99.8,191182258.5,64754811.29,33.870722000075126,348464368.873,106638638.306,30.60245116333977
20260205,000852,中证1000,770,99.7,191649156.01,54613327.49,28.49651343476324,320120556.202,88403362.687,27.61564697245384
20260205,399330,深证100,100,100.0,64540023.72,23153732.55,35.874998513248144,233602798.823,61054983.331,26.13623793833958
20260206,000001,上证指数,430,99.3,134069586.33,50821441.67,37.90676398814842,228490433.806,87073488.928,38.108155110742985
20260206,399001,深证成指,400,95.2,106513739.88,40691171.98,38.20274457158607,244896100.107,89943537.713,36.72722337093236
20260206,000300,沪深300,287,99.7,202588862.32,57968232.42,28.61373115785411,529258258.111,146849630.686,27.74630880775064
20260206,000016,上证50,50,100.0,49133699.36,9601616.9,19.541815546290263,147744254.083,32399066.443,21.929154973971983
20260206,399006,创业板,99,99.0,41006858.84,16354760.9,39.882988755156255,231063196.874,72238039.31,31.26332548293781
20260206,000688,科创50,50,100.0,13150930.36,7298328.790000001,55.496672784449295,70837651.61,18368857.749,25.93092420698897
20260206,STAR,科创板,87,100.0,4169264.48,1326514.78,31.816517910132674,25213664.158,7066082.565,28.024814325759213
20260206,000905,中证500,429,100.0,181392870.47,60619404.47,33.41884623851612,348662704.492,110451255.575,31.678540363508905
20260206,000852,中证1000,770,99.7,188107791.0,50805459.7,27.00869508376716,315155518.024,85822351.226,27.231746334031943
20260206,399330,深证100,99,99.0,57850600.65,18852283.98,32.58787941383285,234146256.635,69988669.101,29.891004924371767
20260209,000001,上证指数,430,99.3,132730506.7,47574739.87,35.8431087568507,235019726.249,90592376.752,38.54671188580089
20260209,399001,深证成指,400,95.2,105604795.97,39127043.52,37.050441848412966,253224142.092,91577954.238,36.16478013566669
20260209,000300,沪深300,287,99.7,207548007.09,65833029.55,31.719422640108764,543727933.542,157814674.877,29.024566357838168
20260209,000016,上证50,50,100.0,44630512.25,9859351.99,22.09105720044699,153003626.092,29675905.009,19.39555667207265
20260209,399006,创业板,99,99.0,45570938.44,18321814.47,40.205040969527154,263945415.353,80168964.686,30.37331206483819
20260209,000688,科创50,50,100.0,15926773.33,8894499.36,55.84621050169739,84396368.848,23121064.753,27.395805137827224
20260209,STAR,科创板,87,100.0,4871017.83,1641695.47,33.70333526371017,30577174.906,9279495.141,30.34778448148633
20260209,000905,中证500,429,100.0,177451457.06,61984586.65,34.93044671312094,363984314.387,126806601.007,34.83847957035178
20260209,000852,中证1000,770,99.7,203674702.29,65795768.49,32.30434008260752,345727533.235,99963626.817,28.91399070291926
20260209,399330,深证100,99,99.0,58408328.94,18359516.89,31.433045976815787,242174413.728,77232664.42300001,31.89133948301593
20260210,000001,上证指数,430,99.3,116147426.47,41789181.37,35.97942945450782,207385831.066,75694697.625,36.49945477755921
20260210,399001,深证成指,400,95.2,100361226.44,39648880.18,39.50617343611649,227868706.876,79181591.809,34.748778318248185
20260210,000300,沪深300,287,99.7,186739017.47,60854296.27,32.58788500361279,466989103.085,125744597.959,26.926666410053755
20260210,000016,上证50,50,100.0,39667891.18,7935309.890000001,20.004365379526085,134488968.535,25998138.165,19.331056255542723
20260210,399006,创业板,99,99.0,44912982.13,20727441.42,46.15022302461393,217157693.6,58864676.042,27.10688028876726
20260210,000688,科创50,50,100.0,11906027.07,5899206.63,49.54807002635179,78618238.478,25114369.723,31.94471182412442
20260210,STAR,科创板,87,100.0,4140538.09,1314381.13,31.744210569501124,29120040.98,10037746.459,34.47023466036345
20260210,000905,中证500,429,100.0,161806715.37,61264227.58,37.862598866745664,332019519.794,118428948.48,35.66927286488418
20260210,000852,中证1000,772,100.0,194645813.01,66529025.46,34.17953072362366,333784765.251,104584431.629,31.33289548142032
20260210,399330,深证100,99,99.0,50236223.62,16440390.08,32.726166290602244,192758429.276,53237199.227,27.618610209140392
20260211,000001,上证指数,430,99.3,112133998.23,38453856.64,34.29277226085048,206648910.016,83901890.227,40.60117724332725
20260211,399001,深证成指,400,95.2,97070889.08,38820288.64,39.99168958677885,220746293.505,80190746.774,36.3271090538984
20260211,000300,沪深300,287,99.7,175291724.29,58231328.05,33.2196675489728,455982817.63,133030336.765,29.17441877666218
20260211,000016,上证50,50,100.0,38647383.08,7784433.140000001,20.14219985836102,127083974.31,27329707.437,21.50523508993649
20260211,399006,创业板,99,99.0,42181595.03,20226096.31,47.95005095377494,218372037.123,74622011.014,34.1719626730269
20260211,000688,科创50,50,100.0,9081305.42,4583768.14,50.47477128018451,55995440.688,14823455.087,26.472610814145646
20260211,STAR,科创板,87,100.0,3522989.86,982874.84,27.89888359201806,24334826.96,7060306.21,29.013176143003893
20260211,000905,中证500,429,100.0,169081772.5,60019686.79,35.497431747115144,327189313.853,108081414.42,33.033295967776915
20260211,000852,中证1000,772,100.0,190701604.48,67222879.75,35.250295839566505,322093401.753,102218351.934,31.735624318186744
20260211,399330,深证100,99,99.0,46170475.09,14489023.09,31.38157677987194,191841304.919,62434452.24,32.544843388321055
20260212,000001,上证指数,430,99.3,123379372.72,47091839.08,38.16832428453928,214260400.423,78905021.207,36.8266936173101
20260212,399001,深证成指,400,95.2,101194824.64,37256161.45,36.81627156580248,245560982.333,90703566.415,36.93728765590245
20260212,000300,沪深300,287,99.7,198514991.28,62359143.56,31.41281328826402,522795039.589,152619342.215,29.192959125048905
20260212,000016,上证50,50,100.0,47949041.61,11253037.05,23.46874238181463,151552781.605,28291037.764,18.66744870294524
20260212,399006,创业板,99,99.0,47643648.7,22937706.16,48.14431049232382,249150306.205,74711414.849,29.98648325462129
20260212,000688,科创50,50,100.0,10176219.96,4156199.09,40.84226860599425,78374600.139,22423077.071,28.610132659346167
20260212,STAR,科创板,87,100.0,4489792.66,1434962.08,31.960542249182616,31826646.832,11439292.157,35.94249880417311
20260212,000905,中证500,429,100.0,175277568.19,65403061.96,37.31399438923263,359301905.132,117623172.079,32.73658458220189
20260212,000852,中证1000,772,100.0,194959672.67,64619521.62,33.14507084210114,345411144.8,106174957.514,30.73871793438438
20260212,399330,深证100,99,99.0,54359911.97,19287017.12,35.4802214003659,221751791.547,68863261.643,31.05420757261595
20260213,000001,上证指数,430,99.3,123715400.57,46357511.19,37.47109169627611,203942940.517,72180423.387,35.392459873345445
20260213,399001,深证成指,400,95.2,92500424.5,33836286.63,36.57960145901817,226032937.696,86323291.072,38.19058051977334
20260213,000300,沪深300,287,99.7,189964775.24,56093032.35,29.528122926543883,478785761.86,131407760.062,27.446045920727368
20260213,000016,上证50,50,100.0,48480833.23,9877772.67,20.374593446318126,144138017.929,30175482.347,20.93513063421196
20260213,399006,创业板,99,99.0,40782092.22,18859776.73,46.2452407499362,213573925.053,56961370.367,26.67056399926377
20260213,000688,科创50,50,100.0,10097635.67,4283738.140000001,42.42317984126675,70483433.877,18210569.523,25.83666617999784
20260213,STAR,科创板,87,100.0,4392865.9,1373074.41,31.25691612848915,29900475.851,9602051.611,32.11337391033148
20260213,000905,中证500,429,100.0,166780919.88,55284135.95,33.147758142704404,329423430.501,100869596.787,30.620043217203342
20260213,000852,中证1000,772,100.0,184788588.3,61118566.92,33.074860023702016,316683835.727,91968471.778,29.04110074543944
20260213,399330,深证100,99,99.0,50797557.82,16333393.13,32.15389446059004,202085387.663,51557095.492,25.512530167682
20260224,000001,上证指数,430,99.3,145862739.07,61906767.59,42.44179698304633,228670711.43,82214219.267,35.9531042488435
20260224,399001,深证成指,400,95.2,105090244.37,37767451.58,35.93811376727699,257349369.781,96071686.169,37.33123040120728
20260224,000300,沪深300,288,100.0,215791562.65,66915920.73,31.00951673376281,556167041.746,149415611.559,26.86524017855012
20260224,000016,上证50,50,100.0,47209471.07,9190560.09,19.46761927574377,150119874.177,28312337.452,18.85981959898136
20260224,399006,创业板,100,100.0,41579384.08,16340998.06,39.30072179174041,241075844.103,70151002.88599999,29.09914228321768
20260224,000688,科创50,50,100.0,10453396.94,4332973.26,41.45038483538156,79347248.541,21570605.438,27.18507047771685
20260224,STAR,科创板,87,100.0,4300023.1,1205882.95,28.04363888184693,28781099.033,9140557.102,31.75888832987082
20260224,000905,中证500,429,100.0,192042886.17,66469729.85,34.611919855838735,368419263.709,101769892.59,27.623390689577
20260224,000852,中证1000,772,100.0,204043672.53,63524264.05,31.1326802063221,346091618.403,91768558.753,26.515683672564933
20260224,399330,深证100,100,100.0,64446122.29,22908781.87,35.547184308333044,250921975.315,68954955.28999999,27.480636242973933
20260225,000001,上证指数,429,99.1,184894931.24,85191762.14,46.07576939435843,268005603.686,89574304.101,33.42254895757583
20260225,399001,深证成指,400,95.2,119902271.82,42445665.54,35.40021794059114,297782465.998,119892698.248,40.26183940890772
20260225,000300,沪深300,287,99.7,284992148.59,98721810.31,34.64018598351801,637344172.715,159771053.836,25.068253649420985
20260225,000016,上证50,50,100.0,59109659.82,12759203.88,21.58564931494136,171834512.327,37141464.908,21.61467123514747
20260225,399006,创业板,100,100.0,44598278.09,17382370.310000002,38.97542921931227,253835824.98,62532892.944000006,24.63517233980942
20260225,000688,科创50,50,100.0,11253034.93,4532888.59,40.28147622572074,78347621.085,18974815.775,24.21875165094555
20260225,STAR,科创板,87,100.0,4634266.48,1524215.43,32.89011187807224,31713211.987,10548539.143,33.262285596691044
20260225,000905,中证500,429,100.0,237744815.31,89722526.07,37.73900429879368,412847834.543,117318730.654,28.41694223341765
20260225,000852,中证1000,772,100.0,233755101.49,71539004.99,30.604253996595844,384356156.1,95833899.274,24.93361892428396
20260225,399330,深证100,100,100.0,67089656.5,22252759.71,33.168689289682085,260159898.758,64551397.435,24.812201166731512
20260226,000001,上证指数,429,99.1,145481485.78,54618903.99,37.543542875686455,253797892.625,90235162.976,35.55394492945113
20260226,399001,深证成指,400,95.2,117641484.45,40363256.61,34.31039381958428,316285023.21,125921865.57,39.81278161451014
20260226,000300,沪深300,287,99.7,239757520.35,79594270.44,33.19782016589412,644398608.502,189945143.709,29.47634293478001
20260226,000016,上证50,50,100.0,47667774.28,9498634.85,19.926742948401827,163653843.681,36019154.083000004,22.009354178817727
20260226,399006,创业板,100,100.0,44155055.58,15602553.74,35.335826294525525,279422898.786,84430708.229,30.21610204311224
20260226,000688,科创50,50,100.0,11335582.49,4365562.62,38.5120272720983,93607269.308,29976035.06,32.023191448271575
20260226,STAR,科创板,87,100.0,5520298.98,1892650.27,34.28528557705039,38074071.595,12920774.415,33.935888319064865
20260226,000905,中证500,429,100.0,213997865.13,83088257.25,38.82667577058553,412112229.239,119448779.335,28.98452675271788
20260226,000852,中证1000,772,100.0,232966317.64,72228645.33,31.00390050445577,410281337.387,104783956.915,25.539537718763448
20260226,399330,深证100,100,100.0,64681749.82,17274824.94,26.70741745248598,305070647.124,84430708.229,27.67578887872553
20260227,000001,上证指数,429,99.1,150165055.13,60657701.14,40.39401915944277,255467139.605,90357436.679,35.36949480810311
20260227,399001,深证成指,400,95.2,112407821.73,40023209.76,35.60536014667598,295338525.25,119035441.105,40.30474554724554
20260227,000300,沪深300,287,99.7,261029377.37,100400951.58,38.46346820867031,619170613.162,184354426.141,29.77441471253505
20260227,000016,上证50,50,100.0,46185111.0,8786571.41,19.02468397228709,155694247.838,37760192.808,24.252786042095472
20260227,399006,创业板,100,100.0,44000442.65,17318612.689999998,39.36008741493877,262583279.507,79623825.398,30.32326565023245
20260227,000688,科创50,50,100.0,10240552.08,3966677.23,38.73499396333327,88708316.394,30954960.61,34.89521824821119
20260227,STAR,科创板,87,100.0,5416498.59,1680510.1,31.0257645613086,38913733.349,14818677.136,38.08084154531734
20260227,000905,中证500,429,100.0,237436396.22,101137291.43,42.59553001987523,409927654.595,124812923.404,30.447548977224425
20260227,000852,中证1000,772,100.0,225995511.53,72414110.07,32.04227799913066,405532986.796,107154954.064,26.423239922009945
20260227,399330,深证100,100,100.0,71176268.27,28723820.55,40.35589564914964,277888373.062,79623825.398,28.65316908391668
20260302,000001,上证指数,429,99.1,219262155.43,93847439.62,42.801476358723946,350688958.068,124308061.932,35.44681378530776
20260302,399001,深证成指,400,95.2,144977293.96,48634274.99,33.546132405684475,369764248.482,139810874.078,37.81081449922976
20260302,000300,沪深300,287,99.7,351608445.97,122931683.62,34.9626651546615,799119474.365,211150589.608,26.4229062588902
20260302,000016,上证50,50,100.0,85751465.8,24413228.77,28.469750974216,214662290.972,44219570.193,20.59959855677115
20260302,399006,创业板,100,100.0,45011428.48,15581969.65,34.61780746843785,283344397.414,91145727.623,32.16782419375853
20260302,000688,科创50,50,100.0,13762113.56,5032607.4,36.56856469072764,91986170.193,23038662.918,25.04578989391734
20260302,STAR,科创板,87,100.0,6676361.95,2195373.72,32.88278461295826,46174261.631,16184662.882,35.05126516443114
20260302,000905,中证500,428,99.8,295613167.34,117156999.11,39.63186084172349,498147368.435,140609222.842,28.226430922187472
20260302,000852,中证1000,772,100.0,280875477.62,77492965.83,27.589794056297507,489193967.033,122338121.878,25.00810110557789
20260302,399330,深证100,100,100.0,86862283.46,29933866.26,34.46129328822506,337735044.432,93317222.907,27.63030501141513
20260303,000001,上证指数,429,99.1,249457209.93,112105203.64,44.93965264481943,396764495.003,142985098.084,36.037775528004055
20260303,399001,深证成指,399,95.0,144937856.42,43860651.88,30.261694883151087,372144776.587,136018026.514,36.54976102619076
20260303,000300,沪深300,287,99.7,371398073.2,127340663.11,34.28683999699329,845391459.218,204858833.342,24.232422874427613
20260303,000016,上证50,50,100.0,106945496.73,32683252.33,30.56066251439627,247106674.777,40693774.151,16.468099936079778
20260303,399006,创业板,100,100.0,46479092.1,14241389.72,30.64042148103835,292436484.502,85010360.641,29.069683553940624
20260303,000688,科创50,50,100.0,14618506.35,5498064.42,37.61030223173245,101427404.553,24519922.629,24.174849723367743
20260303,STAR,科创板,87,100.0,7398663.29,2504329.81,33.84840898740237,49136180.542,16328544.79,33.23120480649263
20260303,000905,中证500,428,99.8,302341164.75,113899236.07,37.67242087731621,512335944.633,141126531.548,27.545701804914884
20260303,000852,中证1000,771,99.9,296409578.11,77330916.04,26.08920957719587,503607094.443,118926957.133,23.615028152956363
20260303,399330,深证100,100,100.0,86252860.01,26944104.07,31.23850509638306,343780054.269,85010360.641,24.72812473712665
20260304,000001,上证指数,429,99.1,211722758.32,101583027.77,47.97926712085734,324780927.649,126021004.804,38.80184890049778
20260304,399001,深证成指,399,95.0,111792328.6,33982957.98,30.398291551465185,283982608.849,106702616.172,37.57364459903818
20260304,000300,沪深300,287,99.7,301236939.13,103840612.97,34.47140754712926,648354374.717,161244726.23,24.86984472039409
20260304,000016,上证50,50,100.0,91211441.91,28973509.46,31.765213720213627,201153210.62,38577268.457,19.178052559089696
20260304,399006,创业板,100,100.0,31556607.66,9809114.1,31.08418435113884,198242133.463,56129909.242,28.313814153173507
20260304,000688,科创50,50,100.0,10963544.9,3744281.25,34.152103942220364,75309976.384,19370054.914,25.720436845224228
20260304,STAR,科创板,87,100.0,5398557.35,1899122.32,35.17833000329246,35669449.814,12697519.816,35.59774507936569
20260304,000905,中证500,428,99.8,239751900.04,98149408.82,40.93790656241924,374209305.954,98685526.301,26.3717456329456
20260304,000852,中证1000,771,99.9,236553051.32,75083681.04,31.74073664280477,376958544.706,101828622.512,27.01321509807368
20260304,399330,深证100,100,100.0,65006418.92,20149010.72,30.995417152260508,248728494.382,59435889.686,23.8958909125698
20260305,000001,上证指数,429,99.1,178770720.29,83950273.89,46.95974472431321,283277663.006,107213913.596,37.847641235916704
20260305,399001,深证成指,399,95.0,101252900.93,31194047.86,30.808053471540177,275689157.055,108328222.978,39.29361028746898
20260305,000300,沪深300,287,99.7,260358629.24,94366611.96,36.24485665616727,621165773.722,185034370.309,29.788243032175068
20260305,000016,上证50,50,100.0,70821476.65,20244252.78,28.58490635552146,172017390.774,37710324.148,21.922390508494928
20260305,399006,创业板,100,100.0,32236361.19,10442207.83,32.39263814068216,225212766.108,83835302.104,37.22493336092549
20260305,000688,科创50,50,100.0,11314292.5,3719684.13,32.875976381201035,95701395.117,33740695.013,35.25622063476736
20260305,STAR,科创板,87,100.0,5662775.65,2206696.18,38.96845498373223,35852205.79,12900529.627,35.98252699586549
20260305,000905,中证500,428,99.8,220825673.63,88330671.29,40.0001819706891,369106392.159,103096476.789,27.931371273729965
20260305,000852,中证1000,771,99.9,226975626.31,76238764.2,33.58896522918906,369584779.56,100129299.222,27.092376298939165
20260305,399330,深证100,100,100.0,67015414.33,26280659.06,39.21584209057893,270723403.851,89524770.42999999,33.068722229597995
20260306,000001,上证指数,429,99.1,176334135.44,88111537.8,49.96850869523281,267526526.35,104651003.111,39.1179912283117
20260306,399001,深证成指,399,95.0,95596970.14,28857166.15,30.186276937165697,261115264.893,100312729.254,38.41702984890838
20260306,000300,沪深300,287,99.7,242500972.68,94235198.71,38.85971988836148,531082860.552,140283929.098,26.414697125075897
20260306,000016,上证50,50,100.0,55928621.0,15031220.63,26.875721877712667,138996557.735,29239114.655,21.03585522653375
20260306,399006,创业板,100,100.0,27780432.75,8896295.95,32.023604635892504,176779766.504,55317274.996,31.29163257195972
20260306,000688,科创50,50,100.0,9873293.56,3772384.43,38.207963807368046,69048596.228,20293663.901,29.39040763984524
20260306,STAR,科创板,87,100.0,5059560.67,1746558.29,34.519959417741305,32197635.084,10520247.612,32.673976161770454
20260306,000905,中证500,428,99.8,199481682.67,78400591.7,39.30215077927586,337668230.374,99795309.606,29.554249002183923
20260306,000852,中证1000,771,99.9,214396205.53,74137362.59,34.57960573823035,344433072.611,96341224.594,27.970956407779983
20260306,399330,深证100,100,100.0,58831493.1,23058614.24,39.19433797270054,221047161.566,61617219.303,27.875146130117763
20260309,000001,上证指数,429,99.1,230942948.65,116897784.97,50.61760302851316,337578729.634,131084005.472,38.8306471838792
20260309,399001,深证成指,399,95.0,120827713.3,38590339.59,31.938318235142827,323452678.426,126688657.258,39.16760184967336
20260309,000300,沪深300,287,99.7,320983096.69,115866222.93,36.09729737323259,696551074.17,174704576.754,25.08137353203789
20260309,000016,上证50,50,100.0,81258363.64,23164409.26,28.50710772693576,194497014.289,38392530.83,19.73939341451954
20260309,399006,创业板,100,100.0,40095427.84,14566761.04,36.330229716286766,237271997.993,68719884.54,28.962492464883017
20260309,000688,科创50,50,100.0,11992393.18,4131227.93,34.448736528166435,83804223.189,22381037.398,26.70633596534274
20260309,STAR,科创板,87,100.0,5535057.97,1780775.84,32.17266828372531,34678423.173,10546609.424,30.41259797594084
20260309,000905,中证500,428,99.8,246266767.61,95112500.52,38.62173586921998,410536988.377,106887311.372,26.035975904281827
20260309,000852,中证1000,771,99.9,253616479.99,76819484.93,30.289626657159253,410909555.113,105651079.889,25.71151694439084
20260309,399330,深证100,100,100.0,72140538.62,22189526.95,30.758748651549777,289415730.392,72316963.264,24.98722621816377
20260310,000001,上证指数,429,99.1,192697672.43,99177879.53,51.4681253174076,279240926.315,109910703.653,39.360528237545786
20260310,399001,深证成指,399,95.0,103686478.92,35510030.61,34.24750360883409,287997121.664,119419179.159,41.46540717803554
20260310,000300,沪深300,287,99.7,264635041.76,100715475.0,38.05825348380726,594590056.986,163659395.273,27.52474471278511
20260310,000016,上证50,50,100.0,57505570.58,15202002.62,26.43570434424512,142892353.031,25444113.458,17.80649063318314
20260310,399006,创业板,100,100.0,39561278.87,16062584.12,40.60178178966943,246257165.267,75395094.215,30.61640628131742
20260310,000688,科创50,50,100.0,12298489.67,5959795.630000001,48.45957341036658,74496878.675,19586491.575,26.291694260705885
20260310,STAR,科创板,87,100.0,4697566.18,1470133.5,31.295642119085592,33993206.317,12575475.678,36.994085114327696
20260310,000905,中证500,428,99.8,207153580.67,81789980.94,39.48277441088173,373309475.406,109456175.358,29.32049213027845
20260310,000852,中证1000,771,99.9,226811746.94,77479079.74,34.16008244074592,381285170.446,112531799.204,29.51381483637781
20260310,399330,深证100,100,100.0,57071323.27,16126535.37,28.25680998091916,264457814.273,77477103.482,29.296583160148305
20260311,000001,上证指数,430,99.3,192508421.86,98020097.84,50.917303717384485,287488643.36,117624827.137,40.91459953418314
20260311,399001,深证成指,399,95.0,111317339.35,37721391.99,33.88635787583617,327004172.849,139989581.339,42.80972322749003
20260311,000300,沪深300,288,100.0,271212474.37,96480410.44,35.573736298123656,615416124.433,164718740.426,26.76542487049068
20260311,000016,上证50,50,100.0,57662004.14,14112883.57,24.47518739677299,139539177.378,24469797.422,17.536148543941437
20260311,399006,创业板,100,100.0,38794481.31,12843486.43,33.106478025495214,255548942.591,82847681.511,32.41949689598041
20260311,000688,科创50,50,100.0,13147353.54,6594280.46,50.15671359211049,75405055.262,21704558.012,28.78395611088148
20260311,STAR,科创板,87,100.0,4776313.2,1456272.69,30.489472298424648,32766170.391,11222879.948,34.251423996386926
20260311,000905,中证500,428,99.8,228879061.63,97014473.38,42.38678395878392,397660997.123,119184688.279,29.971430223551724
20260311,000852,中证1000,771,99.9,235524230.14,80280128.27,34.085719427797294,394969562.115,114580719.279,29.01001248436417
20260311,399330,深证100,100,100.0,62269247.4,17478691.55,28.06954039081577,289447741.572,90287154.968,31.192903588622784
20260312,000001,上证指数,430,99.3,233228631.97,130633667.76,56.01099087045338,311634633.874,128049312.991,41.08956421152241
20260312,399001,深证成指,399,95.0,114496960.54,38221377.21,33.382001609245506,326162546.756,137159937.943,42.05263274621424
20260312,000300,沪深300,288,100.0,303872667.2,125488145.7,41.29629257422071,614681669.508,172516137.586,28.06593170804725
20260312,000016,上证50,50,100.0,58164897.56,14059161.79,24.171213876027668,140740691.765,21661266.111,15.390904960996377
20260312,399006,创业板,100,100.0,35103117.15,11632245.66,33.13735817333248,219134966.857,66956103.727,30.55473286045365
20260312,000688,科创50,50,100.0,11713850.76,4976021.31,42.4798079807532,71103207.403,19072185.92,26.823242743329896
20260312,STAR,科创板,87,100.0,5395542.89,1844618.1,34.18781274853326,34218659.409,11460909.584,33.49315777398812
20260312,000905,中证500,428,99.8,244812681.44,106169167.37,43.36751133377072,381463317.615,101955792.188,26.72754822808443
20260312,000852,中证1000,771,99.9,248435918.83,83175869.89,33.47980850825184,396508822.02,109794315.01,27.690257798214123
20260312,399330,深证100,100,100.0,64769096.88,19688376.35,30.39779354416097,271754519.778,83156180.409,30.59974144199383
20260313,000001,上证指数,430,99.3,231732418.34,130590670.19,56.35407903886633,295335945.53,119320531.862,40.40162860903077
20260313,399001,深证成指,399,95.0,116224879.52,38289624.23,32.944430132458095,314490221.71,128208028.782,40.766936436015534
20260313,000300,沪深300,288,100.0,311959994.14,126667173.13,40.60365928624645,620053881.829,173986659.329,28.05992582705618
20260313,000016,上证50,50,100.0,68515184.83,16470062.06,24.03855743929692,148065029.325,26356672.795,17.800741279122427
20260313,399006,创业板,100,100.0,34272932.85,10836848.53,31.619262283239348,214594217.533,68152787.77,31.758911565042315
20260313,000688,科创50,50,100.0,11881254.91,4651388.38,39.14896545216872,75761429.573,22489827.988,29.68506285421911
20260313,STAR,科创板,87,100.0,5066935.63,1896723.09,37.43333700096759,30387656.891,8830030.357,29.05795069581432
20260313,000905,中证500,428,99.8,247751959.82,109951024.67,44.37947726019325,387175558.59,107357355.113,27.72833995616087
20260313,000852,中证1000,771,99.9,250142273.86,85861351.44,34.325006371396064,384243880.337,101751714.019,26.48102396055312
20260313,399330,深证100,100,100.0,60780020.37,17211557.75,28.31778871613432,273077161.064,79616522.607,29.155320897869075
20260316,000001,上证指数,430,99.3,208468082.47,111488686.29,53.47997879053932,282416740.151,110473569.896,39.11721728567967
20260316,399001,深证成指,399,95.0,111659170.38,36414221.99,32.611940305551826,308270977.681,127028232.599,41.20667912191504
20260316,000300,沪深300,288,100.0,296086861.04,120562089.13,40.71848669898007,638233127.91,191644163.652,30.02729806263278
20260316,000016,上证50,50,100.0,61741854.36,14001696.95,22.67780437620144,168134318.198,36754203.574,21.860024751590064
20260316,399006,创业板,100,100.0,31910140.72,9267107.44,29.04126158927199,222715767.877,73081687.821,32.813881350942815
20260316,000688,科创50,50,100.0,11130748.72,3953201.34,35.51604154801187,81269699.425,25251101.413000003,31.07074542130313
20260316,STAR,科创板,87,100.0,4822891.99,1852959.57,38.420092629940896,28746592.266,8255700.138,28.718882786550044
20260316,000905,中证500,429,100.0,218132192.34,80778767.78,37.03202489896178,361323776.59,93578561.982,25.898810995819165
20260316,000852,中证1000,771,99.9,237294142.79,85076708.71,35.852848161233794,359982707.25,95628284.318,26.56468835642938
20260316,399330,深证100,100,100.0,69617845.7,26931886.59,38.68532029281107,279774391.545,76303205.409,27.273119954843
20260317,000001,上证指数,430,99.3,181947135.38,90980604.29,50.00386738707664,261746207.866,103293060.777,39.46305912858936
20260317,399001,深证成指,400,95.2,105087527.35,34965829.47,33.27305375979046,291429225.371,123776404.18,42.47220024773705
20260317,000300,沪深300,288,100.0,265654310.42,93144381.52,35.06225115366603,607110366.123,183931141.387,30.29616222196669
20260317,000016,上证50,50,100.0,65374563.93,16273874.98,24.89328264954134,154532276.443,27101347.64,17.537661557711196
20260317,399006,创业板,100,100.0,32745462.15,10899926.31,33.28682997378311,229996099.99,79661173.974,34.635880337737724
20260317,000688,科创50,50,100.0,9343431.78,3437038.37,36.78560994427254,66868871.27,19443786.603,29.07748588201943
20260317,STAR,科创板,87,100.0,4129581.64,1356748.41,32.854379166602456,26632874.213,8836512.838,33.17896809532759
20260317,000905,中证500,428,99.8,197732210.53,75808905.2,38.33917852675715,324776409.458,83810816.499,25.80569710677782
20260317,000852,中证1000,772,100.0,220803988.66,80483867.15,36.45036832823308,331907192.076,86792082.995,26.1495035561406
20260317,399330,深证100,100,100.0,67375654.44,21512012.28,31.928465049875072,293816530.086,80257463.887,27.315503271211
20260318,000001,上证指数,430,99.3,162990064.35999998,82628464.94,50.69539990946722,225276305.838,82791404.909,36.75104871816244
20260318,399001,深证成指,400,95.2,94278772.97,32421666.720000003,34.38914794777478,269614193.264,119800492.25,44.43404510707421
20260318,000300,沪深300,288,100.0,237563286.25,84506470.03,35.57219272554999,560432883.223,187240257.633,33.40993422016884
20260318,000016,上证50,50,100.0,56623912.6,15165147.45,26.782231664436413,135117336.12,27556797.899,20.394716688705543
20260318,399006,创业板,100,100.0,29932296.95,10073507.96,33.654309847410495,227072847.71,83517150.0,36.779892815129394
20260318,000688,科创50,50,100.0,9896141.79,4176532.17,42.20364116266366,70635658.787,26539042.922,37.571735547944414
20260318,STAR,科创板,87,100.0,3959537.27,1288234.2799999998,32.534970431027155,26145302.591,9049728.899,34.61321156066937
20260318,000905,中证500,428,99.8,173693779.95,64869405.57,37.3469939963731,297619091.519,87430367.40799999,29.376599115926822
20260318,000852,中证1000,772,100.0,200712897.85,71976597.94,35.86047469345528,310348554.894,91636573.568,29.526985746493523
20260318,399330,深证100,100,100.0,56758570.3,17083471.03,30.09848722352332,273541846.32,88806300.23699999,32.465343577856416
20260319,000001,上证指数,429,99.1,169517229.33,84205916.69,49.67395764006733,239408379.225,85708286.848,35.80003637527236
20260319,399001,深证成指,400,95.2,98356334.93,32299122.15,32.83888340592115,262138625.256,106506157.556,40.62970783187252
20260319,000300,沪深300,288,100.0,258174420.79,91079595.0,35.27831871232684,584891023.167,175784805.1,30.054283300191685
20260319,000016,上证50,50,100.0,69652343.47,16320291.96,23.43107373986537,154263869.121,35760507.098,23.18138868275793
20260319,399006,创业板,100,100.0,31603953.1,10455928.38,33.08424217348937,221834980.811,74822282.48,33.728802466797354
20260319,000688,科创50,50,100.0,11124331.86,4954193.609999999,44.53475204038006,69102339.335,21753290.698,31.47981806019997
20260319,STAR,科创板,87,100.0,4498232.53,1472947.27,32.745022854565505,30331324.33,11306451.227,37.2764838883644
20260319,000905,中证500,428,99.8,187735199.71,66611371.74,35.481556917880354,307301944.617,82262313.104,26.76921332421964
20260319,000852,中证1000,772,100.0,213102602.59,73442109.72,34.46326268539262,327763603.912,95971418.383,29.280681941966623
20260319,399330,深证100,100,100.0,64360866.27,20385256.54,31.673371912804736,273043527.649,79924814.46,29.271821657220933
20260320,000001,上证指数,429,99.1,166974039.44,79523420.94,47.62621854673147,250063644.401,95358261.901,38.133596800694576
20260320,399001,深证成指,400,95.2,103261250.13,35545160.67,34.42255504872416,279968523.207,119618771.406,42.725792898352935
20260320,000300,沪深300,288,100.0,255747023.48,87955034.94,34.391420765402685,636188486.616,214177159.252,33.66567672282888
20260320,000016,上证50,50,100.0,67439174.91,17061010.82,25.298368259648097,151809752.544,32130788.371,21.165167476106205
20260320,399006,创业板,100,100.0,39838998.09,12467447.4,31.294580681559506,314808659.881,121119620.612,38.47404345794811
20260320,000688,科创50,50,100.0,14123924.52,7586621.44,53.71468411104197,82591616.194,26643599.704,32.25944827307492
20260320,STAR,科创板,87,100.0,4746151.45,1460550.32,30.77336101442781,38676275.625,18852557.841,48.74450172966984
20260320,000905,中证500,428,99.8,188659445.91,64695803.86,34.2923745736342,344425340.126,105216842.289,30.54851952835668
20260320,000852,中证1000,772,100.0,223223874.68,79280711.99,35.51623324505586,346824108.836,102916436.884,29.67395698915074
20260320,399330,深证100,100,100.0,66674094.39,21512663.75,32.265400747950075,332483463.604,126062112.856,37.91530306185231
20260323,000001,上证指数,430,99.3,207007707.05,92376891.42,44.62485611595493,290014628.176,99112293.184,34.1749289707732
20260323,399001,深证成指,400,95.2,122765538.19,36342014.07,29.602781534468345,298282112.862,109221166.559,36.6167335717952
20260323,000300,沪深300,288,100.0,322954682.57,98477260.1,30.49259398140332,679814929.969,181688001.19,26.726097527496943
20260323,000016,上证50,50,100.0,85670053.24,16792263.66,19.601089324594422,188137318.789,31009809.92,16.482540582380768
20260323,399006,创业板,100,100.0,39683750.66,10459108.45,26.35614899310024,264327763.069,89901773.493,34.01147592261509
20260323,000688,科创50,50,100.0,14228815.15,6385852.0,44.87971719837825,81650906.661,21676293.547,26.54752339370352
20260323,STAR,科创板,87,100.0,5714031.34,1780259.91,31.155935347039943,36199516.626,14379185.83,39.72203822100837
20260323,000905,中证500,429,100.0,233477619.8,74549078.38,31.92986053389601,370581452.148,85778845.924,23.147096387798246
20260323,000852,中证1000,772,100.0,257391208.15,75988275.57000001,29.522482961312445,369993772.731,89877844.874,24.29171826611923
20260323,399330,深证100,100,100.0,83036191.65,28012880.41,33.73574805558896,315447804.514,100166036.166,31.75360066947447
20260324,000001,上证指数,430,99.3,165579969.5,75317673.13,45.48718867229891,239688480.73,86874022.266,36.24455459912582
20260324,399001,深证成指,400,95.2,99636888.52,30453674.19,30.564657971918773,242966903.759,91625700.759,37.71118590286847
20260324,000300,沪深300,288,100.0,252858701.47,84832211.47,33.54925536547722,550579398.576,154223960.292,28.011211587444
20260324,000016,上证50,50,100.0,63756142.81,15150589.51,23.76334082058625,150567800.812,32528031.552,21.603577508988607
20260324,399006,创业板,100,100.0,31469950.77,8778345.1,27.894371885603046,211301843.387,73419212.873,34.746129847306854
20260324,000688,科创50,50,100.0,11792720.33,5349127.41,45.359571501005824,75481396.381,24049476.629,31.86146227026304
20260324,STAR,科创板,87,100.0,4616265.89,1415788.59,30.669563316683217,29716383.322,11340295.829,38.16176317999106
20260324,000905,中证500,429,100.0,199133730.33,73977086.77,37.149450596544746,316971933.603,83142543.3,26.23025400227836
20260324,000852,中证1000,772,100.0,215451081.67,74565123.09,34.608841372265275,309545760.161,84719078.916,27.368838414047787
20260324,399330,深证100,100,100.0,65650104.68,23076561.22,35.15083689886357,253810484.111,77094264.90200001,30.374736162704792
20260325,000001,上证指数,430,99.3,173304567.39000002,82817217.21000001,47.78709439528523,250056353.127,92918626.891,37.1590746361913
20260325,399001,深证成指,400,95.2,98912911.45,31681272.69,32.02946129637962,258937862.982,105360396.128,40.6894514825451
20260325,000300,沪深300,288,100.0,261744836.91,91539077.88,34.97263936918663,580704401.214,166306143.349,28.63869173392285
20260325,000016,上证50,50,100.0,62807022.43,17085324.05,27.202888130928383,145941897.152,31088103.686,21.301699027265222
20260325,399006,创业板,100,100.0,35817348.36,13096205.14,36.56386008358326,233906753.57,77104111.617,32.96361068682246
20260325,000688,科创50,50,100.0,11062440.9,4542718.300000001,41.06433960700301,79396997.747,27443760.563,34.56523715222842
20260325,STAR,科创板,87,100.0,4334288.35,1398332.92,32.262111033752525,31111983.069,13649211.74,43.871236718433686
20260325,000905,中证500,429,100.0,209562730.84,82186131.51,39.217913977628335,344862788.837,100308995.043,29.086639176490337
20260325,000852,中证1000,772,100.0,227273415.15,87581402.51,38.53570046993682,340949173.011,109098904.21,31.99858302823341
20260325,399330,深证100,100,100.0,62706008.61,20527810.96,32.73659321497038,267120001.901,80146545.895,30.003947785499008
20260326,000001,上证指数,430,99.3,148333854.09,67836960.36,45.73262171077995,215209354.661,80728148.086,37.51144935737752
20260326,399001,深证成指,400,95.2,86993026.7,28937616.37,33.26429424026466,233104889.96,103703869.772,44.48807135268386
20260326,000300,沪深300,288,100.0,213709928.98,67629098.87,31.645276938129097,499928790.25,150968237.973,30.197948371308065
20260326,000016,上证50,50,100.0,52295254.89,12730629.49,24.343756458933285,127567996.477,24905669.028,19.52344609605152
20260326,399006,创业板,100,100.0,30808687.61,10209011.5,33.13679449521998,205362269.856,67337893.701,32.78980785916387
20260326,000688,科创50,50,100.0,8677354.63,3480511.77,40.110286122995525,62503148.966,19903998.215,31.84479269328851
20260326,STAR,科创板,87,100.0,3836845.09,1290193.16,33.62640736689216,27294886.952,12311113.257,45.10410055425388
20260326,000905,中证500,429,100.0,180050576.5,70531519.39,39.17317053966778,300663356.172,91848131.672,30.54849544733233
20260326,000852,中证1000,772,100.0,200919777.82,77830150.76,38.73692854156273,290689964.768,87511070.104,30.1046065260088
20260326,399330,深证100,100,100.0,54891682.32,16704449.61,30.43165904921385,241062336.344,72801551.603,30.200301178161222
20260327,000001,上证指数,429,99.1,132376366.5,56630039.21,42.779569123465855,200916839.565,71617561.254,35.64537517564848
20260327,399001,深证成指,400,95.2,83211667.85,24615621.18,29.58193462048244,219074462.095,86147072.809,39.32319266480406
20260327,000300,沪深300,288,100.0,191399257.35,56633846.47,29.58937628814159,463196747.337,131754488.766,28.44460578004484
20260327,000016,上证50,50,100.0,45444188.32,10949644.17,24.0947073207622,111837087.437,20067654.332,17.943648919956445
20260327,399006,创业板,100,100.0,30035993.2,8944655.16,29.77978820424024,195433471.11,57893405.128,29.623075719416875
20260327,000688,科创50,50,100.0,8618632.16,3726393.22,43.236480578607264,58771248.322,16992898.003,28.913624413587623
20260327,STAR,科创板,87,100.0,3878992.22,1325182.58,34.163063621715644,27844854.536,12071952.974,43.3543402368737
20260327,000905,中证500,428,99.8,161211002.06,58867640.82,36.51589535935671,288076448.127,82413761.915,28.60829562806449
20260327,000852,中证1000,771,99.9,196918578.62,74688240.95,37.92848875581631,294331043.184,88155996.364,29.95130768754473
20260327,399330,深证100,100,100.0,53967068.67,15631445.98,28.96478605422094,230855595.585,59997923.016,25.98937351462596
20260330,000001,上证指数,428,98.8,154866638.18,71844593.94,46.3912659203564,229300402.844,86675320.084,37.79989873937023
20260330,399001,深证成指,400,95.2,86148000.54,24199427.29,28.090526928438447,227753204.383,85795675.48,37.67045812260984
20260330,000300,沪深300,288,100.0,206801581.76,64088748.94,30.99045393877939,463939857.313,118001207.614,25.434591521717376
20260330,000016,上证50,50,100.0,53764239.63,14264656.3,26.531866530928188,117446335.526,20804164.603,17.713762213035945
20260330,399006,创业板,100,100.0,29027457.65,8935322.5,30.782311726152844,184080491.732,52669175.864,28.612035620091813
20260330,000688,科创50,50,100.0,9376338.58,4028147.07,42.96076806134276,60422553.962,16604369.36,27.480416287008584
20260330,STAR,科创板,87,100.0,3910772.63,1226707.09,31.367384556948785,28138577.43,11851906.686,42.11977920875299
20260330,000905,中证500,428,99.8,172695697.87,60796309.86,35.20429901257042,304870649.267,87419147.14,28.67417619576752
20260330,000852,中证1000,771,99.9,196967713.18,64848693.85,32.92351462228618,301314237.184,81241776.631,26.962475251837848
20260330,399330,深证100,100,100.0,54841459.31,15102444.41,27.538370787383776,222892024.628,54770856.282,24.572820123739685
20260331,000001,上证指数,429,99.1,157347351.98,73135070.56,46.48001357486843,239590002.314,95454683.226,39.84084573817055
20260331,399001,深证成指,400,95.2,89230768.33,26758914.69,29.988439179452264,235799352.358,92994293.491,39.43789181821515
20260331,000300,沪深300,288,100.0,223493453.65,66852477.22,29.91249905900768,507956463.786,134731997.693,26.5243199562398
20260331,000016,上证50,50,100.0,59939343.61,16449566.98,27.44368888493405,138894722.012,27746096.474,19.976350484795844
20260331,399006,创业板,100,100.0,32497136.98,10889561.53,33.50929510098646,191566704.903,55342951.657000005,28.889650571075475
20260331,000688,科创50,50,100.0,9580388.21,3699840.56,38.618900183377846,63510346.244,18777133.868,29.565472365494983
20260331,STAR,科创板,87,100.0,4077040.14,1175204.15,28.824934502607075,28514831.403,10808099.143,37.90342993878932
20260331,000905,中证500,428,99.8,167276487.34,57075770.86,34.120617767391245,312133759.455,96820169.195,31.01880724598726
20260331,000852,中证1000,771,99.9,193368945.19,64483473.53,33.34737822903258,294204118.517,80905146.081,27.499664684784165
20260331,399330,深证100,100,100.0,54715926.7,15445591.04,28.22869312748019,223688314.651,55404709.555,24.76870981903673
20260401,000001,上证指数,429,99.1,135459806.03,53106762.47,39.20481213315672,224452685.865,81454153.273,36.29012188430289
20260401,399001,深证成指,400,95.2,88932644.67999999,28245722.02,31.76080293309006,222657493.588,80756025.993,36.26917050563274
20260401,000300,沪深300,288,100.0,215984574.68,66292891.94,30.69334559573002,513105435.483,142808902.513,27.83227240198111
20260401,000016,上证50,50,100.0,51858055.42,10602810.55,20.445831345058178,141579108.32,31118386.496,21.97950450829623
20260401,399006,创业板,100,100.0,35634997.93,12456293.89,34.95522551865629,217028000.798,74989433.441,34.552884035823936
20260401,000688,科创50,50,100.0,9843962.79,3800815.27,38.61062207448673,73955409.351,26155416.033,35.36646779799933
20260401,STAR,科创板,87,100.0,4285786.1,1263159.08,29.473217993777155,31217459.659,13367468.203,42.82048683338702
20260401,000905,中证500,428,99.8,150571271.48,48469966.12,32.19071317096379,301732671.264,94215872.263,31.22494884903137
20260401,000852,中证1000,771,99.9,195268846.52,67257693.67,34.44363751240333,303339932.271,86529433.922,28.525566440984008
20260401,399330,深证100,100,100.0,55794655.23,16762676.06,30.043515800751724,235297174.337,74989433.441,31.870095190177583
20260402,000001,上证指数,430,99.3,130545370.93,53416326.3,40.91782490598037,205441185.397,75940255.465,36.96447492660785
20260402,399001,深证成指,400,95.2,82163114.66,24552145.38,29.88219894243236,204603081.084,73254936.021,35.80343738368491
20260402,000300,沪深300,288,100.0,188569837.43,57230702.73,30.349871172395165,440632693.683,112494229.541,25.530159507848644
20260402,000016,上证50,50,100.0,49134957.21,11996380.79,24.41516482598764,116620461.497,22155706.762,18.9981298972736
20260402,399006,创业板,100,100.0,30402600.09,10154803.61,33.401102471298536,175967478.645,53072181.518,30.160221608373888
20260402,000688,科创50,50,100.0,7542468.84,2278140.41,30.20417396911646,56913272.227,17599018.39,30.92252070800969
20260402,STAR,科创板,87,100.0,3749316.2,1062165.36,28.32957540364293,25184080.31,9283354.358,36.86199473527648
20260402,000905,中证500,428,99.8,147506823.98,49601901.39,33.62685200023382,273385568.735,83754147.353,30.635906547863595
20260402,000852,中证1000,771,99.9,184312869.63,62744448.73,34.04235898228741,278895927.234,77556949.161,27.808562832087524
20260402,399330,深证100,100,100.0,50555313.5,14157982.44,28.004934515933723,203585491.003,53072181.518,26.068744514420207
20260403,000001,上证指数,430,99.3,115550536.67,48730384.86,42.1723570174051,182455164.868,73063500.487,40.04463263062952
20260403,399001,深证成指,400,95.2,71746874.15,20212769.26,28.17233433437323,178610825.883,69321874.624,38.811686963146165
20260403,000300,沪深300,288,100.0,167974286.08,57346660.84,34.14014262438233,386378022.467,124036442.333,32.102354461321305
20260403,000016,上证50,50,100.0,37964748.42,8498426.71,22.385046822865267,90017450.962,15987133.895,17.76003844160041
20260403,399006,创业板,100,100.0,26021648.59,8039216.689999999,30.894340388139103,177181294.287,63013819.435,35.56460047804459
20260403,000688,科创50,50,100.0,6647715.81,2463564.67,37.05881449225189,49107781.682,14959075.609,30.46172133342996
20260403,STAR,科创板,87,100.0,3441332.39,1121175.78,32.57970032938318,25923016.573,12645210.408,48.7798569753281
20260403,000905,中证500,428,99.8,129848518.53,45835103.06,35.29890335207046,246355638.45,82158863.129,33.34969869004027
20260403,000852,中证1000,770,99.7,169840977.82,57268009.37,33.718605548004724,254848109.24,76721152.539,30.104658326795285
20260403,399330,深证100,100,100.0,45637146.12,15625777.5,34.23916442740088,194540153.1,63013819.435,32.39116369082368
20260407,000001,上证指数,430,99.3,110571678.28,43765840.72,39.58142030653819,186195110.922,71619144.743,38.46456783336399
20260407,399001,深证成指,400,95.2,68656581.39,19616514.17,28.571935527301378,178439717.837,66957868.271,37.524083249315744
20260407,000300,沪深300,288,100.0,163878254.54,55603922.8,33.930018937581494,399511800.999,117188679.27,29.3329706349008
20260407,000016,上证50,50,100.0,37789443.16,7966572.56,21.081476449043294,108807788.648,25445804.582,23.38601390413215
20260407,399006,创业板,100,100.0,23517098.41,7090294.140000001,30.1495278728138,155285147.318,51199102.621,32.97102363315672
20260407,000688,科创50,50,100.0,6352171.69,1946307.64,30.64003517197124,64017598.215,26898902.882,42.01798197998828
20260407,STAR,科创板,87,100.0,3368583.76,1151985.4,34.19791467497902,23723717.542,10588470.076,44.6324234692745
20260407,000905,中证500,428,99.8,126723667.75,47084476.2,37.15523472133721,235055778.715,73887519.778,31.43403671329732
20260407,000852,中证1000,770,99.7,158219345.51,55252625.5,34.9215358728101,243645890.248,76390629.644,31.35313695061477
20260407,399330,深证100,100,100.0,45985637.14,16377145.6,35.61361028910167,179902767.104,54042942.138,30.04008387862001
20260408,000001,上证指数,430,99.3,163636645.26,64672058.06,39.521745240647945,274333845.622,100353646.097,36.5808476418457
20260408,399001,深证成指,400,95.2,108795638.49,33566847.37,30.85311859545299,294091025.313,117614219.362,39.99245445753525
20260408,000300,沪深300,288,100.0,256205434.49,78852384.89,30.77701495558156,676039517.097,202733371.984,29.9883907459379
20260408,000016,上证50,50,100.0,63828280.9,13644548.06,21.37696310727366,185506822.952,45080113.386,24.301054089888925
20260408,399006,创业板,100,100.0,45363753.63,17140897.919999998,37.78544884051298,287180832.068,91880604.5,31.99398923610753
20260408,000688,科创50,50,100.0,11463381.73,3834402.87,33.449142323903054,94379530.026,27578216.027000003,29.22054816272412
20260408,STAR,科创板,87,100.0,5233125.62,1707153.99,32.62207166355009,36597470.749,14124715.997,38.5947873115957
20260408,000905,中证500,428,99.8,198396987.69,65263941.69,32.895631355036734,388533920.869,117234436.781,30.17353967931344
20260408,000852,中证1000,770,99.7,220196141.34,63581351.11,28.87487070530697,365908799.282,100127810.502,27.36414393380934
20260408,399330,深证100,100,100.0,74432735.38,25241123.04,33.91131994697895,308906406.058,91880604.5,29.74383266197094
20260409,000001,上证指数,430,99.3,128142021.73,50060437.68,39.06637104998952,220919228.925,84042702.964,38.0422760720986
20260409,399001,深证成指,400,95.2,87738340.5,26673880.79,30.40162446427853,270233451.777,119542375.324,44.23670516655645
20260409,000300,沪深300,288,100.0,187044251.33,55203979.82,29.513860718768765,531026719.533,170852981.01,32.174083661977114
20260409,000016,上证50,50,100.0,42422819.51,9211978.89,21.71467855366976,127997892.846,30229766.364,23.61739376473235
20260409,399006,创业板,100,100.0,40317257.99,15988318.44,39.65626443138972,241253357.736,73090415.268,30.29612352503784
20260409,000688,科创50,50,100.0,7848361.03,2345039.95,29.87935877358588,72937831.436,24196635.138,33.17432759052011
20260409,STAR,科创板,87,100.0,4124636.42,1262101.83,30.5991050236617,28824980.778,10713357.526,37.166919931397565
20260409,000905,中证500,428,99.8,161599386.75,59965831.79,37.10770999568784,343509324.875,125436094.783,36.51606687202599
20260409,000852,中证1000,770,99.7,200027986.8,69119356.33,34.55484276763215,333603522.269,100371459.485,30.0870502812215
20260409,399330,深证100,100,100.0,58139370.79,16484814.28,28.353960588158618,268868450.663,77640869.627,28.87689851135236
20260410,000001,上证指数,430,99.3,127129217.87,48165142.14,37.88676037419879,237282823.25,100408071.991,42.3157776933607
20260410,399001,深证成指,400,95.2,102873498.24,36978793.94,35.94588943960073,311554006.354,146751693.69099998,47.1031316234319
20260410,000300,沪深300,288,100.0,209518662.9,60568374.82,28.90834352494333,658054210.376,227899412.628,34.632315854005775
20260410,000016,上证50,50,100.0,46864511.07,9917756.95,21.1626169217602,148356451.81,35956806.239,24.23676611317845
20260410,399006,创业板,100,100.0,47262496.86,18686228.77,39.537117189030376,309125669.491,98416985.387,31.837208973635672
20260410,000688,科创50,50,100.0,8385660.73,2461596.98,29.354836300418743,81889359.099,27924448.513,34.1002162188628
20260410,STAR,科创板,87,100.0,4384011.69,1216671.49,27.75246910894984,34641082.751,14901863.543,43.01789193517578
20260410,000905,中证500,428,99.8,174800125.78,60300863.26,34.49703653868846,374988746.281,129837677.18,34.62441965730496
20260410,000852,中证1000,770,99.7,198332832.64,64577210.72,32.560020376059505,339681078.201,95495120.778,28.113170531533854
20260410,399330,深证100,100,100.0,71369327.32,22459292.7,31.469110811846168,359966870.267,109524096.623,30.42616020239922
20260413,000001,上证指数,430,99.3,123451980.25,47246591.9,38.27123048518292,227203015.493,96165978.259,42.32601316946994
20260413,399001,深证成指,400,95.2,92706633.46,31836688.55,34.34132743449964,275923690.983,124258038.672,45.0334794483652
20260413,000300,沪深300,288,100.0,198401006.66,60886832.39,30.688771904439893,594740631.483,185864103.8,31.25128736144081
20260413,000016,上证50,50,100.0,43598439.31,7570934.68,17.3651506792893,141988960.626,31156137.502,21.94264776968508
20260413,399006,创业板,100,100.0,40284543.08,15528901.16,38.54803846021431,261879996.369,79967226.207,30.53582836251564
20260413,000688,科创50,50,100.0,9018589.63,2624189.47,29.09755934864507,86564766.88,30292554.228,34.99409207673708
20260413,STAR,科创板,87,100.0,4369629.74,1283657.58,29.3768043605452,31335684.086,12457311.291,39.75439392614255
20260413,000905,中证500,429,100.0,167197496.23,56414183.98,33.74104591996736,348846325.972,121023530.89,34.69250551880942
20260413,000852,中证1000,771,99.9,186642420.61,63250197.6,33.888436183628855,311376621.672,83680958.271,26.87451544103025
20260413,399330,深证100,100,100.0,61375742.13,15521463.45,25.28924769190404,306149770.394,83388142.369,27.23769554413955
20260414,000001,上证指数,430,99.3,124204750.38,46256086.24,37.241801218134704,228996141.956,88766384.949,38.76326657331015
20260414,399001,深证成指,400,95.2,102385315.38,35639016.57,34.8087188457904,311597698.453,138279124.258,44.377453666865705
20260414,000300,沪深300,288,100.0,206591591.16,61719997.05,29.875367483955056,651146477.899,214766281.123,32.98279087924554
20260414,000016,上证50,50,100.0,45059227.13,9559988.51,21.21649464252584,152215490.163,33089667.896,21.73869943234156
20260414,399006,创业板,100,100.0,45820006.93,17638822.67,38.49589699309109,304702719.983,95005347.387,31.179684707868887
20260414,000688,科创50,50,100.0,9344257.99,2685588.69,28.74052378341921,97869545.174,33909127.584,34.64727206375972
20260414,STAR,科创板,87,100.0,4650654.55,1355510.26,29.146655496052706,36945715.332,15599020.952,42.221461438287896
20260414,000905,中证500,429,100.0,173776182.13,60289535.53,34.69378529958615,376448649.292,129980051.983,34.527963436037815
20260414,000852,中证1000,771,99.9,203233620.98,69546201.44,34.219830904279355,360098741.179,103899792.548,28.85313961604572
20260414,399330,深证100,100,100.0,64725374.05,16313839.5,25.204704861802185,338193734.274,96298895.081,28.47447640853687
20260415,000001,上证指数,430,99.3,135079928.74,55046984.98,40.75141695251682,239079618.674,94646388.378,39.58781133370313
20260415,399001,深证成指,400,95.2,99906361.16,33226376.4,33.25751835439984,304686887.206,128790385.676,42.26975005620256
20260415,000300,沪深300,288,100.0,204668752.42,56984229.31,27.84217357863348,648045347.97,212979119.787,32.86484818603457
20260415,000016,上证50,50,100.0,50662470.09,11888655.43,23.466395161704995,170614859.254,37731392.617,22.11495105524661
20260415,399006,创业板,100,100.0,40787094.53,13435449.01,32.94044149214371,290577506.656,92816568.748,31.942103783649305
20260415,000688,科创50,50,100.0,9712277.06,2886651.19,29.72167260228468,108331148.725,36676680.941,33.85608052039051
20260415,STAR,科创板,87,100.0,4760438.94,1377106.53,28.92814186584231,37144024.646,15147769.005,40.78117314794332
20260415,000905,中证500,429,100.0,167447834.09,55041626.6,32.87090985626973,380702358.816,131607978.377,34.56978275267488
20260415,000852,中证1000,771,99.9,204843904.29,70781355.08,34.55380101513491,366699079.867,108030624.351,29.46029327103362
20260415,399330,深证100,100,100.0,62562521.05,15528946.24,24.82148413998416,323886885.326,94521675.503,29.183545177465785
20260416,000001,上证指数,430,99.3,125757172.81,51268109.58,40.76754306289816,225166523.464,85000099.216,37.74988302361473
20260416,399001,深证成指,400,95.2,92610588.29,28873973.54,31.17783190144985,273927198.065,107673061.789,39.30718181677248
20260416,000300,沪深300,288,100.0,193223034.37,51838803.62,26.828480252895016,609790529.156,199731232.938,32.75407265088954
20260416,000016,上证50,50,100.0,45145530.69,9756499.95,21.61121998320229,138606366.687,28617132.752,20.646333524219003
20260416,399006,创业板,100,100.0,43264012.95,16198643.65,37.441380365526165,298449419.726,101967859.577,34.16587630514226
20260416,000688,科创50,50,100.0,10054531.39,3570289.67,35.50925977068336,96030160.03,33880202.036,35.280793060654865
20260416,STAR,科创板,87,100.0,4680149.99,1481490.43,31.65476391067543,35688425.825,14798556.775,41.46598353081043
20260416,000905,中证500,429,100.0,155504927.71,52012700.13,33.447621818774834,353161804.176,119167819.105,33.74312218815489
20260416,000852,中证1000,771,99.9,206836712.33,73327237.44,35.45175158412362,363495491.201,110737469.758,30.464606147416053
20260416,399330,深证100,100,100.0,61841963.96,14912403.65,24.11372908474493,317113863.335,101967859.577,32.154967463305404
20260417,000001,上证指数,429,99.1,127423899.4,50862276.73,39.91580619451675,240949853.803,99643856.304,41.35460334641605
20260417,399001,深证成指,400,95.2,100696635.89,32568366.36,32.343053044569785,301162944.712,120554913.078,40.02979622651976
20260417,000300,沪深300,288,100.0,186721485.32,46868007.64,25.10048994076844,636212673.646,226063989.83,35.53277059610825
20260417,000016,上证50,50,100.0,43710217.62,8550652.379999999,19.56213637355027,154909021.593,35012716.844,22.60211605750801
20260417,399006,创业板,100,100.0,42005828.09,15584544.74,37.10091063223223,307835086.613,112455500.504,36.531086089408426
20260417,000688,科创50,50,100.0,9572047.29,2916314.89,30.466992082735526,97795819.726,31774541.565,32.49069505631683
20260417,STAR,科创板,87,100.0,4637522.31,1309302.01,28.232791617556664,38684612.139,17144063.357,44.31752681246652
20260417,000905,中证500,429,100.0,158491133.72,51933131.87,32.76721583792075,366944613.171,130944630.896,35.6851214586378
20260417,000852,中证1000,772,100.0,213753434.87,75554827.94,35.34671991865335,379801675.257,116189326.568,30.5921048108538
20260417,399330,深证100,100,100.0,58159650.86,12740333.23,21.90579386500808,331228520.49,115160277.727,34.76762132579606
20260420,000001,上证指数,430,99.3,143736565.6,62335100.36,43.36760106921604,260543102.318,105455799.405,40.47537565446208
20260420,399001,深证成指,400,95.2,107475414.17,36122509.74,33.610021435100464,341609447.194,150418506.224,44.03230281233333
20260420,000300,沪深300,287,99.7,226024604.39,69516319.55,30.756085045525072,676208300.602,224356969.907,33.17867729622135
20260420,000016,上证50,50,100.0,50916323.9,9323057.85,18.31054784770116,152231805.333,27604026.138,18.132890218057568
20260420,399006,创业板,100,100.0,43079200.77,15332139.77,35.59058547037199,302360548.006,99955327.925,33.05832344338009
20260420,000688,科创50,50,100.0,11288430.57,3787624.92,33.55315777966467,97675186.797,26291524.221,26.91730119302676
20260420,STAR,科创板,87,100.0,5376992.79,1601041.84,29.77578550928278,43087949.761,17704097.982,41.088281248472
20260420,000905,中证500,429,100.0,174937493.87,57131393.23,32.65817519511033,411371685.467,143612441.074,34.9106285501802
20260420,000852,中证1000,772,100.0,218081749.1,73058049.17,33.500304116003626,400788488.043,118449169.15,29.55403477988414
20260420,399330,深证100,100,100.0,75198485.42,25412718.15,33.79418881652258,357363217.44,109902595.589,30.75375142867138
20260421,000001,上证指数,430,99.3,140839272.96,64276473.39,45.638174664715336,243081838.406,95572542.844,39.31702321765927
20260421,399001,深证成指,400,95.2,93575117.33,27994080.39,29.91615847114215,281187316.467,114329909.791,40.65969661345578
20260421,000300,沪深300,287,99.7,205685295.9,64461055.48,31.339651771383625,620120023.933,217626068.524,35.09418501659496
20260421,000016,上证50,50,100.0,46042514.33,8908323.55,19.348038828095863,138374064.151,34712334.452,25.08586754676826
20260421,399006,创业板,100,100.0,38157869.91,12358026.63,32.386573619407784,276212358.703,99489855.169,36.01933513625921
20260421,000688,科创50,50,100.0,9670110.48,3115800.62,32.22094128546089,87388212.985,28107865.065,32.164366457321485
20260421,STAR,科创板,87,100.0,4910956.15,1468521.89,29.90297296790157,37513352.455,14118060.187,37.63476006026292
20260421,000905,中证500,429,100.0,171385513.64,60345803.78,35.21056272396395,366056456.422,115647748.086,31.592872098580905
20260421,000852,中证1000,772,100.0,208767627.92,70477119.4,33.75864357045189,377153707.164,114363987.905,30.32291231205383
20260421,399330,深证100,100,100.0,64155494.31,21421503.54,33.389975044835715,315761352.516,99931494.696,31.64779156782221
20260422,000001,上证指数,429,99.1,132866429.56,53814574.89,40.50276286358575,253745799.509,102216214.747,40.282918946752666
20260422,399001,深证成指,400,95.2,101662944.56,35259402.91,34.682649673982645,323753284.419,147968298.325,45.704030027229045
20260422,000300,沪深300,287,99.7,205544893.33,56671255.91,27.57123030004688,676597850.934,240031023.748,35.47617294625641
20260422,000016,上证50,50,100.0,47209504.29,9891802.44,20.95298942186796,145953262.681,33159253.046,22.719089958594417
20260422,399006,创业板,100,100.0,43670708.04,15424247.16,35.31943458730329,309703461.01,106412183.222,34.359378120919374
20260422,000688,科创50,50,100.0,9730295.54,3022576.36,31.06356171376888,90480939.695,26328908.004,29.098844566326875
20260422,STAR,科创板,87,100.0,5258707.37,1518180.71,28.869845822966944,46245844.698,21470050.971,46.42590293507715
20260422,000905,中证500,429,100.0,175626361.28,62289897.72,35.46728251158812,396709526.715,131388992.687,33.11969686611312
20260422,000852,中证1000,771,99.9,214232747.54,71392584.1,33.32477640313608,402820497.015,121135671.276,30.071873743676257
20260422,399330,深证100,100,100.0,66706172.41,18604394.32,27.89006421422404,353364128.073,106780347.385,30.218219366890768
20260423,000001,上证指数,429,99.1,157590346.18,64046263.47,40.64098152106743,294505201.281,123075989.087,41.79076924674343
20260423,399001,深证成指,400,95.2,107630411.37,33176883.71,30.82482291733342,336428090.128,145270138.487,43.18014540097689
20260423,000300,沪深300,287,99.7,234390835.73,66737470.05,28.472730105743715,739898672.946,240400584.11,32.49101436455005
20260423,000016,上证50,50,100.0,55266790.39,11324379.8,20.490388025227244,179160307.96,36306969.531,20.26507430379392
20260423,399006,创业板,100,100.0,48086779.94,16922393.32,35.19136307549564,334485936.485,104884262.285,31.356852663879792
20260423,000688,科创50,50,100.0,11333058.56,3406928.51,30.061862752785423,105063144.331,32508518.888,30.94188651501078
20260423,STAR,科创板,87,100.0,5664898.19,1661620.99,29.33187736600788,45959282.549,19523414.359,42.47980663794065
20260423,000905,中证500,429,100.0,217584410.54,78778720.83,36.20605016438785,477138027.805,165052421.597,34.592175005689285
20260423,000852,中证1000,770,99.7,241536742.19,79877225.82000001,33.07042443967643,440763631.666,135158929.874,30.664719174566603
20260423,399330,深证100,100,100.0,69301706.09,19311279.29,27.86551786318368,363993005.54,110703413.078,30.41360998510576
20260424,000001,上证指数,430,99.3,142109796.22,57312638.32,40.32982936044351,269447301.573,111321090.144,41.314605673956
20260424,399001,深证成指,400,95.2,106630031.55,33924732.31,31.81536366149561,329702162.981,145086601.681,44.00535330711829
20260424,000300,沪深300,287,99.7,194356709.33,49185950.23,25.307050319774007,721934818.765,274770202.681,38.06025080644317
20260424,000016,上证50,50,100.0,43782623.55,7349306.85,16.785898728994734,172195126.697,42457987.255,24.656904100259712
20260424,399006,创业板,100,100.0,48274727.18,17167177.16,35.56141725252936,354700355.974,136162611.344,38.388067294181376
20260424,000688,科创50,50,100.0,11699834.1,3195760.72,27.31458149479231,127448810.648,42280473.626,33.17447484290313
20260424,STAR,科创板,87,100.0,5325696.33,1650401.96,30.98941167004165,48219764.187,21992425.734,45.60873763030375
20260424,000905,中证500,429,100.0,189653433.49,68727461.13,36.238448134198336,429448718.222,152272289.335,35.4576187735375
20260424,000852,中证1000,771,99.9,226812901.9,78776236.54,34.73181458378052,405128604.233,126031251.158,31.10894906979122
20260424,399330,深证100,100,100.0,62538811.67,16009291.45,25.598969699770755,376709320.039,141763375.702,37.63203301880704
20260427,000001,上证指数,429,99.1,138773600.28,51588991.51,37.17493197979312,278312645.449,118474901.736,42.56899701587946
20260427,399001,深证成指,400,95.2,109259303.29,37860151.95,34.65165053222993,336289189.856,152840059.206,45.448995631244216
20260427,000300,沪深300,287,99.7,193813351.77,46835084.02,24.165045179952106,693758679.598,229538670.988,33.08624133120852
20260427,000016,上证50,50,100.0,45078998.58,6883178.68,15.269147267734182,174924060.478,39676563.244,22.68216455505278
20260427,399006,创业板,100,100.0,40205147.18,12004180.58,29.857322810576512,301804354.381,91197013.38,30.21726229465604
20260427,000688,科创50,50,100.0,13635446.08,3739739.01,27.42659820631259,136727483.19799998,39676563.244,29.01871834102508
20260427,STAR,科创板,87,100.0,6252133.58,1956249.13,31.2893047624232,48804608.688,18570190.603,38.050075806808
20260427,000905,中证500,429,100.0,188706617.99,65225491.16,34.56449585856943,425043296.517,138262249.177,32.52898006155711
20260427,000852,中证1000,771,99.9,215441210.61,67356105.83,31.26426259826892,386817044.805,109273941.655,28.24951566187745
20260427,399330,深证100,100,100.0,64424345.7,17563645.47,27.26243515423083,344193167.146,107725039.17,31.297843610098496
20260428,000001,上证指数,430,99.3,150335659.13,56316745.36,37.46067013369139,280175394.906,108926358.752,38.87791745186805
20260428,399001,深证成指,400,95.2,108871565.51,34377658.04,31.57634215964532,318610893.288,126402193.651,39.67290394454343
20260428,000300,沪深300,287,99.7,213897033.35,52283826.76,24.44345577923369,657062943.914,197985429.304,30.13188175316023
20260428,000016,上证50,50,100.0,50516443.26,8664811.45,17.152457478852202,176117696.997,34302074.002000004,19.476790002871947
20260428,399006,创业板,100,100.0,41293215.75,13344968.92,32.3175821442291,294449563.85,85371661.78400001,28.993645182470186
20260428,000688,科创50,50,100.0,11994125.59,3652179.35,30.449734101875453,115528728.073,31755443.497,27.487053676324084
20260428,STAR,科创板,87,100.0,5922894.14,1794979.73,30.30578780528399,47058986.151,18700064.564,39.73749987727397
20260428,000905,中证500,429,100.0,189340457.93,60065359.58,31.723467998691767,410788572.755,124870937.102,30.397860452772324
20260428,000852,中证1000,771,99.9,223010838.15,69643334.36,31.228677017552386,390234667.087,109835175.342,28.145929771409328
20260428,399330,深证100,100,100.0,63089395.46,14767957.98,23.407987780392023,316170956.595,89813909.183,28.406755051207107
20260429,000001,上证指数,429,99.1,151356714.63,57356735.5,37.89507167898813,274336228.83,100769181.975,36.73199941719852
20260429,399001,深证成指,400,95.2,112554406.34,33389497.19,29.66520661051536,319951173.471,125213946.679,39.13532971941084
20260429,000300,沪深300,287,99.7,229174792.63,61716322.24,26.929803898476862,707408731.613,210820833.837,29.80184219048248
20260429,000016,上证50,50,100.0,62461429.26,13955798.11,22.34306559318076,198779843.239,37066473.84,18.64699822478161
20260429,399006,创业板,100,100.0,41843757.13,12585439.1,30.07722050603537,307014987.099,88540814.856,28.83924843299235
20260429,000688,科创50,50,100.0,11592057.98,3712506.81,32.02629607620372,108303035.258,31308563.172,28.90829707349992
20260429,STAR,科创板,87,100.0,5476438.35,1505365.68,27.488042114086795,45277046.647,18659306.787,41.21140438438103
20260429,000905,中证500,429,100.0,193985096.35,64996043.14,33.505689026094096,416150982.259,131503035.889,31.59983791823815
20260429,000852,中证1000,771,99.9,225474303.1,71782749.72,31.836332891630526,402032543.837,117056514.421,29.11617883065192
20260429,399330,深证100,100,100.0,71471014.17,16723074.81,23.39840144176871,344519258.508,90348859.037,26.224617871369887
20260430,000001,上证指数,429,99.1,156803447.56,56017161.86,35.724445305046835,284336093.665,100263910.304,35.262463168720764
20260430,399001,深证成指,399,95.0,111978906.97,33609655.4,30.01427349974427,330180873.856,138436928.075,41.927603636840495
20260430,000300,沪深300,287,99.7,257405096.83,68007798.06,26.42053280899675,777902086.088,223198906.264,28.69241646933322
20260430,000016,上证50,50,100.0,63135244.99,9876357.75,15.643176408936588,240598914.653,61373380.431,25.508585738848737
20260430,399006,创业板,100,100.0,38344135.48,11554210.45,30.13292725305174,275572350.524,68885842.408,24.997370845447225
20260430,000688,科创50,50,100.0,15290720.66,4161661.51,27.21690888570585,157257032.451,54768059.767,34.827097340823386
20260430,STAR,科创板,87,100.0,5986164.54,1872146.25,31.27455380636764,46548942.529,18061519.626,38.80113842489048
20260430,000905,中证500,429,100.0,202221932.72,62785399.06,31.04776925801305,434467196.728,134898507.767,31.04918133818369
20260430,000852,中证1000,771,99.9,231115864.09,72979632.74,31.57707629779176,423984175.646,122458419.399,28.882780639729592
20260430,399330,深证100,100,100.0,78908626.33,23655034.16,29.977754347254017,339858158.048,73593157.19500001,21.65407993078279
20260506,000001,上证指数,429,99.1,169935115.22,59672416.11,35.114823697708026,322442778.464,116772009.483,36.21480066610868
20260506,399001,深证成指,400,95.2,135179849.0,45677765.19,33.79036559657646,405844091.948,168155714.694,41.43357462390889
20260506,000300,沪深300,287,99.7,276182826.63,68355391.26,24.750051295396148,947119425.562,294522548.545,31.09666432722956
20260506,000016,上证50,50,100.0,71031571.0,11575910.36,16.29685250802069,287287351.176,80011628.712,27.850731466065387
20260506,399006,创业板,100,100.0,50531655.72,16603271.87,32.85716969576472,383167348.001,105427654.596,27.514780459770503
20260506,000688,科创50,50,100.0,18461773.76,4946242.5,26.79180540450952,219926108.982,80011628.712,36.381141412613545
20260506,STAR,科创板,87,100.0,6737090.36,1927363.31,28.608244910047485,54710195.371,20976903.429,38.34185435959737
20260506,000905,中证500,429,100.0,228425022.93,68110865.75,29.81760267607473,504465856.134,147918951.568,29.321895579134825
20260506,000852,中证1000,771,99.9,254096516.06,77252230.05,30.402711240542303,496736601.142,138261243.029,27.833914938246284
20260506,399330,深证100,100,100.0,86673959.21,25292948.23,29.1817155470173,431244112.47,107926260.21,25.026720850016943
20260507,000001,上证指数,429,99.1,173960836.86,70541953.17,40.550479316658304,317819972.313,122853038.172,38.65491437744199
20260507,399001,深证成指,400,95.2,129203014.31,46136980.64,35.708904228273184,391202169.164,167380697.724,42.786239677988746
20260507,000300,沪深300,288,100.0,258166761.91,67963104.56,26.32527288067112,849394701.718,267119094.41,31.44817054659282
20260507,000016,上证50,50,100.0,59931241.01,10288151.56,17.16659189200394,231720035.446,56804661.276,24.51435033084904
20260507,399006,创业板,100,100.0,47480302.6,16300610.77,34.33131188595247,365796143.6,108015241.605,29.52880818861645
20260507,000688,科创50,50,100.0,14112657.56,3824488.34,27.09970339562324,162630009.184,54936101.826000005,33.77980613888128
20260507,STAR,科创板,87,100.0,6316946.67,2132473.86,33.75798421929688,50590186.448,19829580.726,39.19649662960262
20260507,000905,中证500,429,100.0,230657304.12,85053118.29,36.87423583419276,504308861.406,167263672.423,33.16691123702908
20260507,000852,中证1000,771,99.9,254695132.88,85560014.03,33.59310916644478,493570388.225,140961944.848,28.559643813911457
20260507,399330,深证100,100,100.0,79830069.03,22748307.23,28.49591326477649,405273228.464,108015241.605,26.65244926598819
20260508,000001,上证指数,428,98.8,181929882.27,85971931.81,47.2555309426354,299377853.856,119103470.882,39.78366113189136
20260508,399001,深证成指,400,95.2,119221297.52,38946227.77,32.66717321497576,367737963.486,156976742.583,42.687119136389136
20260508,000300,沪深300,288,100.0,261733273.27,85510438.08,32.67083203127512,771798303.314,233703005.677,30.28032125407767
20260508,000016,上证50,50,100.0,52359882.85,9412905.73,17.97732389311486,203510486.117,53643489.288,26.359078744060337
20260508,399006,创业板,100,100.0,44558721.07,15121476.81,33.936065593634865,314552310.483,83611038.246,26.580964583478643
20260508,000688,科创50,50,100.0,15152937.17,5401278.17,35.64509051547793,147392426.565,51824841.666,35.16112928851556
20260508,STAR,科创板,87,100.0,6203266.06,1996661.71,32.187265396770684,47866837.697,19190061.11,40.090513669347146
20260508,000905,中证500,429,100.0,232713193.08,89476757.37,38.44937031105087,497803874.168,164661561.368,33.07759740584695
20260508,000852,中证1000,772,100.0,245688303.54,82483040.85,33.57222939046876,474508070.548,135783428.578,28.61562047220533
20260508,399330,深证100,100,100.0,75928872.43,21811613.96,28.726376754914227,360711487.776,88946600.235,24.658654700300364
20260511,000001,上证指数,428,98.8,198342798.46,80903266.29,40.78961621907127,372926301.862,149523697.271,40.094704107604265
20260511,399001,深证成指,400,95.2,144473968.84,50869903.77,35.21042868721679,445057330.177,187216724.662,42.06575467199779
20260511,000300,沪深300,288,100.0,310693501.05,92244611.39,29.68990695919161,968459390.206,314516225.077,32.47593324590509
20260511,000016,上证50,50,100.0,72624240.77,13090973.81,18.02562570183548,274633140.457,75068662.466,27.334160160380826
20260511,399006,创业板,100,100.0,52702873.12,17556785.66,33.31276763607305,403365994.276,115018588.201,28.51469628902317
20260511,000688,科创50,50,100.0,18259454.97,6253408.04,34.24750656727845,195326889.227,73036557.52,37.391962678072574
20260511,STAR,科创板,87,100.0,7063130.94,2090403.86,29.59599471902188,57955216.986,19715411.857,34.018355693090705
20260511,000905,中证500,429,100.0,245027862.14,80976538.88,33.04789021655544,572265843.134,177924712.884,31.09126903496453
20260511,000852,中证1000,772,100.0,266628907.65,78191027.03,29.325787559629603,536838779.791,143357401.625,26.70399513254452
20260511,399330,深证100,100,100.0,94599529.8,28802145.27,30.44639368810056,445759251.772,124497346.428,27.929279298880093
20260512,000001,上证指数,429,99.1,187227862.12,85231691.09,45.52297405146486,333150521.86,142753312.224,42.84949380448195
20260512,399001,深证成指,400,95.2,136840044.09,49625298.09,36.26518715337546,401138008.276,166287600.102,41.45396264409506
20260512,000300,沪深300,288,100.0,276025523.2,82639316.89,29.939012860822285,869627053.732,291672017.767,33.53989696103532
20260512,000016,上证50,50,100.0,66411313.95,11355847.61,17.09926657760398,258702834.113,64483229.637,24.925598460523272
20260512,399006,创业板,100,100.0,43883864.84,13356005.79,30.4348895401438,361828737.99,115437305.576,31.90385214211216
20260512,000688,科创50,50,100.0,16841397.55,5927184.08,35.19413434902259,174015321.564,64483229.637,37.05606440711263
20260512,STAR,科创板,87,100.0,5890243.7,1652433.25,28.053733158782546,50239927.961,18310135.356,36.44538537199675
20260512,000905,中证500,429,100.0,232140145.6,82660752.29,35.60812459919471,523865455.197,174382150.745,33.28758348446997
20260512,000852,中证1000,772,100.0,248659914.42,80289452.43,32.28886031641867,496921832.421,138536467.998,27.878925609497013
20260512,399330,深证100,100,100.0,78372881.39,22376137.82,28.550867880755355,392555931.061,120844129.737,30.78392661407065
20260513,000001,上证指数,429,99.1,174856631.51,78489510.13,44.88792300994956,316481494.571,131210734.226,41.45921214251722
20260513,399001,深证成指,400,95.2,132139493.01,45803346.54,34.6628744341661,402943918.125,167968026.784,41.685212067624136
20260513,000300,沪深300,288,100.0,272897110.82,83938831.25,30.758416971796063,878609425.825,286813733.05,32.644053730778786
20260513,000016,上证50,50,100.0,66974336.23,12220090.95,18.245930662208224,247206238.387,58388316.792,23.61927319188176
20260513,399006,创业板,100,100.0,49981540.0,17791944.3,35.59703102385401,381573813.531,111249068.355,29.15532051990823
20260513,000688,科创50,50,100.0,17683621.62,7027190.04,39.73840987443612,168754613.755,56262093.124,33.33958809901458
20260513,STAR,科创板,87,100.0,6220409.07,1876827.24,30.17208705857668,51040414.003,17367968.417,34.02787527542227
20260513,000905,中证500,429,100.0,220129104.4,75715130.88,34.39578382257753,514905201.191,168004085.571,32.62815857800594
20260513,000852,中证1000,772,100.0,248902077.71,84758191.47,34.0528260148769,500027474.592,148363810.841,29.671131763721228
20260513,399330,深证100,100,100.0,76417100.05,21955138.7,28.7306619665424,400963630.501,114398391.554,28.53086485950368
20260514,000001,上证指数,429,99.1,203089859.65,98475266.62,48.4885197073403,351384629.515,150549048.639,42.84451737311217
20260514,399001,深证成指,400,95.2,130740230.0,44606690.77,34.11856531841806,411714693.369,180031795.534,43.72731856150837
20260514,000300,沪深300,288,100.0,282186593.6,84778983.61,30.04359013957068,903793521.305,313238064.529,34.65814449263934
20260514,000016,上证50,50,100.0,65935542.85,11574260.71,17.553902204658954,246460047.484,67315682.243,27.313020073718068
20260514,399006,创业板,100,100.0,48113647.15,15022197.5,31.2223212951754,401269412.459,125227671.846,31.20787878612483
20260514,000688,科创50,50,100.0,20848348.59,9156308.46,43.91862703404653,178724709.581,67388165.087,37.70500746370436
20260514,STAR,科创板,87,100.0,6713267.03,2202595.66,32.80959404947132,55230264.656,19563189.252,35.42113979327951
20260514,000905,中证500,429,100.0,250522981.41,99315320.37,39.64319752664243,553608712.815,191831661.647,34.65112762976051
20260514,000852,中证1000,772,100.0,277634195.7,98797041.26,35.58532874918477,530341217.551,158329307.976,29.854233979235147
20260514,399330,深证100,100,100.0,83457447.21,26922929.48,32.25946920261665,422516798.582,127041190.405,30.06772531443965
20260515,000001,上证指数,429,99.1,193258675.74,83964425.43,43.44665258027604,345912591.683,135099865.404,39.05607042134151
20260515,399001,深证成指,400,95.2,126193440.65,40697393.58,32.25000710843206,383733288.337,158415522.093,41.28271560164393
20260515,000300,沪深300,288,100.0,273832700.67,73824297.67,26.95963538663222,914024476.492,307858023.787,33.68159515471078
20260515,000016,上证50,50,100.0,66867799.6,11864834.81,17.74371951967147,265478105.625,71854624.606,27.066120739726067
20260515,399006,创业板,100,100.0,50716554.76,15949768.87,31.448841399967364,403863944.596,121628407.216,30.116183641416512
20260515,000688,科创50,50,100.0,21578135.74,8300255.06,38.46604340621319,202815243.208,66883895.312,32.9777457818623
20260515,STAR,科创板,87,100.0,7098603.1,2232612.56,31.45143528309112,59079187.108,20231993.284,34.245551224350464
20260515,000905,中证500,429,100.0,237175221.12,83918719.48,35.382583004967834,547632223.847,178106561.475,32.52302434357117
20260515,000852,中证1000,772,100.0,267979860.84,91366390.03,34.09449864762457,523650194.558,148432329.156,28.345703047296293
20260515,399330,深证100,100,100.0,86530038.66,28875911.68,33.37096819459575,432819926.476,124062517.829,28.66377221564435
20260518,000001,上证指数,429,99.1,156401310.96,63006537.14,40.28517200607997,292566405.413,109512148.776,37.431552888448586
20260518,399001,深证成指,400,95.2,110230713.17,34506960.22,31.30430642028296,335151759.489,137687659.098,41.08218298120527
20260518,000300,沪深300,288,100.0,240204423.56,67655251.87,28.165697728335378,767828771.177,255289964.285,33.2482936128673
20260518,000016,上证50,50,100.0,60829520.69,16361254.75,26.89689901286645,217444069.71,63083010.757,29.01114334418608
20260518,399006,创业板,100,100.0,40993909.24,12861542.15,31.37427580936899,326984849.228,93113981.027,28.47654294895892
20260518,000688,科创50,50,100.0,15873939.81,5251732.65,33.08398994112099,161825626.84,51992352.911,32.12862753957122
20260518,STAR,科创板,87,100.0,6581047.95,2076131.28,31.5471228256284,54617059.493,17749081.846,32.497322284944346
20260518,000905,中证500,429,100.0,198771876.47,65619614.46,33.012524520743135,471233965.523,154975620.108,32.887192232843404
20260518,000852,中证1000,772,100.0,225045964.37,71620167.66,31.824684286383675,458716162.165,130290593.354,28.403314315124245
20260518,399330,深证100,100,100.0,76040049.4,22786413.66,29.96633200503944,358153866.713,95396695.396,26.63567373193946
20260519,000001,上证指数,429,99.1,155327621.54,68470702.22,44.08147214329643,292897891.771,119439659.113,40.77859980172988
20260519,399001,深证成指,400,95.2,111769694.78,34248007.28,30.641586118143643,344334859.111,149389006.411,43.38480477889776
20260519,000300,沪深300,288,100.0,227605539.55,62385214.71,27.4093569222182,756719718.952,264641051.481,34.97213629473116
20260519,000016,上证50,50,100.0,59478284.26,17355092.48,29.178872080665496,211498105.756,61660193.656,29.15401697598928
20260519,399006,创业板,100,100.0,42377823.0,14438775.12,34.071535765298755,321301428.771,95046147.849,29.58161381745424
20260519,000688,科创50,50,100.0,17106247.93,6426487.94,37.56807434510275,178685813.852,53686793.405,30.045358524917447
20260519,STAR,科创板,87,100.0,6406951.01,2242598.4,35.002583857746714,53008737.355,18574298.387,35.04006945611202
20260519,000905,中证500,429,100.0,203767662.96,78145857.7,38.35047061188516,464835882.769,153827186.17000002,33.092795085796844
20260519,000852,中证1000,772,100.0,231981726.15,75330041.42,32.47240318027955,466886665.579,129021491.255,27.634434814067056
20260519,399330,深证100,100,100.0,71437267.58,21873826.54,30.61962933493264,356204657.489,111686493.435,31.3545853730026
20260520,000001,上证指数,429,99.1,148073738.05,62189127.16,41.99875547073758,285909934.462,110846430.253,38.7697022356292
20260520,399001,深证成指,400,95.2,108434609.87,32218017.92,29.711932342105086,356466967.847,157185760.002,44.0954630246318
20260520,000300,沪深300,288,100.0,218208895.3,57594824.43,26.39435223335737,769359634.8379999,284922051.275,37.03366259070695
20260520,000016,上证50,50,100.0,58606290.4,13158114.13,22.451709603513827,239810029.091,80536351.884,33.58339606949429
20260520,399006,创业板,100,100.0,39973502.19,11776771.18,29.46144454399631,307033508.613,88635588.511,28.86837626010412
20260520,000688,科创50,50,100.0,18717990.68,6780711.19,36.22563610550959,206815136.391,73142106.21700001,35.365934763459094
20260520,STAR,科创板,87,100.0,6283032.68,1938247.28,30.84891291700237,54382218.383,19034166.269,35.00071684267688
20260520,000905,中证500,429,100.0,195500217.71,69165439.03,35.37870179387638,468033104.954,154115201.814,32.9282694285369
20260520,000852,中证1000,772,100.0,234190072.79,75577260.02,32.27176076236618,481824430.545,136271584.327,28.2824148565611
20260520,399330,深证100,100,100.0,67399171.83,18441723.89,27.361944352247097,345795993.471,100832951.863,29.15966459034648
20260521,000001,上证指数,429,99.1,184658192.44,75802486.45,41.050161624770645,342586765.431,126207582.943,36.83959676148649
20260521,399001,深证成指,400,95.2,133558007.87,42791557.41,32.03967930672609,420778533.605,191649163.653,45.54632623747579
20260521,000300,沪深300,288,100.0,268443263.78,69522227.95,25.898294846756244,924105387.608,301904507.114,32.66992176027288
20260521,000016,上证50,50,100.0,66375778.98,11541236.03,17.387722159129076,278498479.411,79456538.528,28.53033118746057
20260521,399006,创业板,100,100.0,51846688.05,18220125.3,35.142312817414386,380642327.445,93834285.524,24.651563622429343
20260521,000688,科创50,50,100.0,21398344.5,7159215.83,33.45686779647837,230248567.599,71786789.201,31.17795257081625
20260521,STAR,科创板,87,100.0,9076233.73,3650328.73,40.21854040552567,65398330.707,20940860.12,32.02048109426525
20260521,000905,中证500,429,100.0,241212967.37,80823581.84,33.50714628704996,565207650.477,171811232.487,30.397895771934795
20260521,000852,中证1000,772,100.0,262293858.73,80011855.0,30.504661980043764,544034351.378,150512051.648,27.66590956375526
20260521,399330,深证100,100,100.0,108265802.32,48273038.45,44.58752202040672,433949225.575,101540838.234,23.39924402433357
20260522,000001,上证指数,429,99.1,151982127.15,63234267.93,41.60638432675075,281627007.518,104866684.096,37.23601831379667
20260522,399001,深证成指,400,95.2,113242928.45,39758581.43,35.10910745085028,351682408.178,164567027.773,46.79421658467099
20260522,000300,沪深300,288,100.0,270865438.15,109439804.93,40.40375386297693,798313881.994,296799897.754,37.17834606767251
20260522,000016,上证50,50,100.0,54085891.22,10287695.81,19.021034095849,213548372.613,65659533.701000005,30.74691363721631
20260522,399006,创业板,100,100.0,43071107.92,14180305.71,32.92301125928409,354065586.771,109890673.211,31.03681275923444
20260522,000688,科创50,50,100.0,17688443.39,6147507.24,34.754371000646884,172345132.64000002,51200322.517000005,29.70801770418945
20260522,STAR,科创板,87,100.0,7631213.479999999,2955792.94,38.73293477828378,55276209.42,17745393.402,32.10313005938387
20260522,000905,中证500,429,100.0,192661176.23,67728794.86,35.15435552990966,458582731.574,143569983.787,31.307324480846173
20260522,000852,中证1000,772,100.0,216947298.2,67512514.76,31.11931576016281,450051494.21,127434785.179,28.315600951996228
20260522,399330,深证100,100,100.0,141399062.16,92015484.96,65.07503200826038,412850769.006,124216283.559,30.08745359929189
20260525,000001,上证指数,429,99.1,155816144.81,59415678.04,38.13191380934924,309621644.67,117402919.763,37.91818879075137
20260525,399001,深证成指,400,95.2,123245447.75,41699874.3,33.83481910389668,403386334.628,187788371.575,46.552982948264
20260525,000300,沪深300,288,100.0,256899769.05,93320207.3,36.3255317998504,906099926.898,351592098.19,38.80279511705322
20260525,000016,上证50,50,100.0,50095576.57,7995284.640000001,15.960061122019342,261854618.389,91074554.146,34.78057966146068
20260525,399006,创业板,100,100.0,43834368.95,12365156.27,28.208815516665485,391231386.314,119886072.957,30.64326563533432
20260525,000688,科创50,50,100.0,21735762.1,7847624.66,36.104667615956295,238720395.63,85715187.445,35.90610145345627
20260525,STAR,科创板,87,100.0,7986847.08,2986947.29,37.39832827749596,61926775.436,21173149.423,34.19062154282843
20260525,000905,中证500,429,100.0,201587315.69,67980104.48,33.722411674224325,508614808.455,155602198.518,30.593328375685115
20260525,000852,中证1000,772,100.0,229119368.43,72039933.71,31.442096843946853,487243213.851,141727221.389,29.087572152896207
20260525,399330,深证100,100,100.0,118749911.43,68265051.01,57.4864016216471,440721607.816,126905524.481,28.794940440946725
20260526,000001,上证指数,429,99.1,179659498.96,77999620.92999999,43.41525017130661,331577341.897,128181795.167,38.65818889603679
20260526,399001,深证成指,400,95.2,123120892.37,40871466.32,33.19620702323537,415397854.183,207592558.254,49.97439350337781
20260526,000300,沪深300,288,100.0,291366526.57,112636269.23,38.65793046166525,943338192.435,345807932.063,36.657895846491726
20260526,000016,上证50,50,100.0,61069746.45,13681044.919999998,22.402328018835256,267332472.682,81480453.162,30.479070628626346
20260526,399006,创业板,100,100.0,44336917.21,13235834.95,29.852853520033896,384823340.462,123627564.151,32.12579673638788
20260526,000688,科创50,50,100.0,19720135.07,6762801.77,34.293891730428186,210964188.526,69958460.337,33.16129662849298
20260526,STAR,科创板,87,100.0,7310218.5,2865270.65,39.195417346280415,54503107.465,18919787.948,34.71322797539504
20260526,000905,中证500,429,100.0,211382171.16,74102437.12,35.056143436009165,512706709.593,162470628.571,31.68880483346384
20260526,000852,中证1000,772,100.0,237129677.97,76874601.31,32.418802221679584,496632505.808,148317893.22800002,29.864717168823475
20260526,399330,深证100,100,100.0,135316897.77,79997092.28,59.11833155972298,469442590.463,133271585.41,28.389325578353983
20260527,000001,上证指数,429,99.1,180195448.67,78666122.08,43.65599833992744,341751770.442,138875997.63,40.63651153888293
20260527,399001,深证成指,400,95.2,120609967.21,37539794.84,31.124952363711035,398140692.194,188879490.874,47.440388429818086
20260527,000300,沪深300,288,100.0,287109728.29,106071680.51,36.94464870339068,947881099.944,347463483.838,36.65686380480926
20260527,000016,上证50,50,100.0,61430310.14,12488450.92,20.329460964039992,259917599.743,75518136.397,29.0546451920418
20260527,399006,创业板,100,100.0,43705271.72,11337749.07,25.94137646056945,405490243.406,119855677.069,29.558214782739828
20260527,000688,科创50,50,100.0,21694248.53,8587908.969999999,39.5861094617966,208598649.316,58650606.172,28.11648414997736
20260527,STAR,科创板,87,100.0,8488108.54,3616370.35,42.60513791686269,60217291.961,21019839.177,34.90664972216551
20260527,000905,中证500,429,100.0,221210688.38,84969402.38,38.411074529110415,532553493.957,180059761.518,33.81064316752724
20260527,000852,中证1000,772,100.0,235638063.57,76821313.72,32.60140257313692,480496109.019,144656377.017,30.105629223998548
20260527,399330,深证100,100,100.0,132238805.76,76666168.68,57.97554525646679,478231288.154,126715242.657,26.49664415436473
20260528,000001,上证指数,429,99.1,166413877.35,72944265.2,43.83304226881533,312731573.026,128741021.987,41.16662118291992
20260528,399001,深证成指,400,95.2,118736831.81,39798526.59,33.51826554854075,367236490.752,168377058.909,45.84976252338372
20260528,000300,沪深300,288,100.0,258351066.78,85103380.98,32.94098299678018,854649117.321,308798855.451,36.13165323553682
20260528,000016,上证50,50,100.0,55342409.78,9565589.47,17.28437469207724,232307706.992,72535791.554,31.22401425816576
20260528,399006,创业板,100,100.0,40609971.33,11799892.6,29.056638587880528,359570788.149,110616927.594,30.763602394798056
20260528,000688,科创50,50,100.0,21723901.95,9103575.95,41.90580481790473,193659574.096,58422093.367,30.167418078715425
20260528,STAR,科创板,87,100.0,7569981.27,3032441.84,40.058775997473504,58987669.471,22835545.854,38.71240559050497
20260528,000905,中证500,429,100.0,211207463.23,81139153.74,38.41680237011386,487825637.011,158819211.645,32.5565529147085
20260528,000852,中证1000,772,100.0,227196932.86,76003880.93,33.4528639859914,458038897.646,140085121.873,30.58367369953505
20260528,399330,深证100,100,100.0,106661673.85,54039808.17,50.664691654846,414046620.873,113601522.18,27.436891512476524
20260529,000001,上证指数,429,99.1,208600830.43,89526293.92999999,42.917515594475184,389067093.859,171792704.698,44.15503326021671
20260529,399001,深证成指,400,95.2,143985055.35,51665817.06,35.88276362043987,419177316.072,192917800.204,46.022958019718665
20260529,000300,沪深300,288,100.0,321176636.12,98708123.95,30.733282826064617,979689135.217,340868701.538,34.79355739333559
20260529,000016,上证50,50,100.0,69931311.15,11154657.92,15.950877706373449,266682155.033,68268357.356,25.599147174865266
20260529,399006,创业板,100,100.0,45721977.08,13818019.11,30.221832021442413,392827064.577,127609651.418,32.484943865925146
20260529,000688,科创50,50,100.0,23531578.2,9109417.61,38.711460542837706,196861237.958,60479905.288,30.72209944189383
20260529,STAR,科创板,87,100.0,8891215.07,3578261.83,40.24491367972274,62616901.548,22130563.576,35.342795681187546
20260529,000905,中证500,429,100.0,242542868.42,95323874.84,39.30186670132563,528928951.039,172517768.917,32.616435265665686
20260529,000852,中证1000,772,100.0,254229311.31,79778554.51,31.38054935479894,512795864.347,160967403.061,31.390152349605565
20260529,399330,深证100,100,100.0,128447862.93,63129449.620000005,49.14791743511026,473446846.253,127623563.948,26.95626023450173
20260601,000001,上证指数,430,99.3,189335028.22,78847222.65,41.64428705626651,332567344.06,135511899.617,40.74720565244424
20260601,399001,深证成指,399,95.0,121510688.06,37331995.74,30.72321977270516,352616580.815,159410108.79,45.20777452425993
20260601,000300,沪深300,288,100.0,286701152.2,94220144.83,32.86353895232096,855763922.562,301242444.303,35.20158262820141
20260601,000016,上证50,50,100.0,61205856.85,10720044.48,17.514736385885595,226510698.156,59186489.246,26.12966616050856
20260601,399006,创业板,100,100.0,41569214.03,13935243.87,33.52299098064039,340377087.409,104960140.966,30.83642960957563
20260601,000688,科创50,50,100.0,17069444.89,5553051.79,32.53211704179795,165214147.96,48155332.332,29.147220699076502
20260601,STAR,科创板,87,100.0,6821552.57,2593031.24,38.01233243299625,50101112.333,17816936.353,35.561957655907285
20260601,000905,中证500,429,100.0,224581935.21,88163776.25,39.256842349123325,466539281.708,151164868.173,32.40131626635715
20260601,000852,中证1000,772,100.0,241239007.49,88937704.27,36.867049485637885,445703626.027,144866159.057,32.502800201186666
20260601,399330,深证100,100,100.0,109588893.67,54178094.22,49.43757748220728,414011966.604,115803164.651,27.97097040476732
20260602,000001,上证指数,430,99.3,178212179.2,75685836.8,42.46950861594088,324529791.986,139022207.357,42.83804161899482
20260602,399001,深证成指,399,95.0,115246571.99,37010769.84,32.11442145386454,340668562.617,158643276.287,46.56821723387382
20260602,000300,沪深300,288,100.0,274507863.0,87611931.92999999,31.916000865155542,839838869.497,304614379.914,36.27057415149658
20260602,000016,上证50,50,100.0,61192459.51,11355432.81,18.55691518355184,212220342.249,54725720.379,25.78721709664845
20260602,399006,创业板,100,100.0,38936348.87,12206726.37,31.3504648593416,339003977.548,114685445.535,33.830117972218055
20260602,000688,科创50,50,100.0,15660733.88,5029886.23,32.11781943644138,149586314.731,43968028.856000006,29.393082472195
20260602,STAR,科创板,87,100.0,6168042.78,2162536.27,35.06033189348275,47888199.179,19513955.917,40.74898670559591
20260602,000905,中证500,429,100.0,206183147.03,75177456.47,36.46149433302691,453128037.506,155611753.305,34.341673969565285
20260602,000852,中证1000,772,100.0,228664225.41,84750894.36,37.063469026709264,422904471.243,139364340.092,32.954094735007324
20260602,399330,深证100,100,100.0,100103857.73,48835169.93,48.78450345212285,397412824.91,122210918.563,30.751629263770354
20260603,000001,上证指数,430,99.3,177787395.32,77716251.0,43.71302637069311,336597233.65,150745627.302,44.785165245519536
20260603,399001,深证成指,399,95.0,122383781.71,43230741.56,35.323913802924764,393100270.257,191941109.648,48.82751912699354
20260603,000300,沪深300,288,100.0,282074435.67,94193955.78,33.393297608223484,951168829.25,378719490.072,39.81622172907219
20260603,000016,上证50,50,100.0,58572007.98,9791594.69,16.717191415639086,239142677.314,74923975.575,31.330240347114223
20260603,399006,创业板,100,100.0,40701948.44,13146647.76,32.29979955229878,383301948.119,143441781.571,37.42265915290027
20260603,000688,科创50,50,100.0,16972972.03,5478198.29,32.27601082660831,186919206.444,59572822.65,31.87089426674176
20260603,STAR,科创板,87,100.0,6891894.2700000005,2586901.88,37.535426091207285,56128599.009,24499651.44,43.6491412088721
20260603,000905,中证500,429,100.0,220031684.75,83992405.76,38.17286853728915,508616576.743,190524960.348,37.45944765859859
20260603,000852,中证1000,772,100.0,244803190.43,88803012.51,36.275267636020736,488189705.352,165212004.0,33.841763189348086
20260603,399330,深证100,100,100.0,127542756.39,72969339.18,57.21166865554834,472201880.593,155290336.394,32.886429041532715
20260604,000001,上证指数,430,99.3,160704002.33,66595628.58,41.43993156016626,310960689.196,140505261.977,45.184252176788455
20260604,399001,深证成指,399,95.0,108797021.89,35617451.82,32.737524613505755,340117837.875,159871526.60300002,47.0047462379071
20260604,000300,沪深300,288,100.0,244668140.6,81379675.42,33.26124734525408,772843898.84,284153397.694,36.76724343952253
20260604,000016,上证50,50,100.0,48923746.44,10230487.22,20.911087078228267,189391277.4,58398981.73,30.83509575082469
20260604,399006,创业板,100,100.0,34957649.37,9815620.35,28.078605189122303,313922863.471,100682062.533,32.072229916538376
20260604,000688,科创50,50,100.0,15017960.68,5304516.3,35.32114920945445,146838538.1,48606025.224,33.101681515583
20260604,STAR,科创板,87,100.0,5911330.8,2096617.12,35.46776844226008,47086752.123,19281597.432,40.94909196886763
20260604,000905,中证500,429,100.0,196252255.86,68337451.36,34.82123100218003,437359431.682,149217765.693,34.117879913813056
20260604,000852,中证1000,772,100.0,221919006.8,75346886.17999999,33.95242582709684,437501092.138,140156280.933,32.03564138504843
20260604,399330,深证100,100,100.0,111734216.57,63996068.16,57.275264573862486,387259382.24,105542942.219,27.25381154318705
20260605,000001,上证指数,430,99.3,173886310.81,77873807.19,44.78432305984696,342955702.045,159000387.1,46.3617855460345
20260605,399001,深证成指,400,95.2,114494381.09,36192860.86,31.611036729872417,370207503.397,179544279.522,48.49828214569218
20260605,000300,沪深300,288,100.0,286888897.96,110674580.5,38.57750553854859,879260195.6389999,355816142.503,40.46767319478299
20260605,000016,上证50,50,100.0,55405105.32,10229537.55,18.463167772929705,205088745.014,60258203.364,29.3815262070508
20260605,399006,创业板,100,100.0,39266836.73,10876421.87,27.698747278235363,381835528.409,147558853.182,38.6446106251128
20260605,000688,科创50,50,100.0,16934921.32,5989087.18,35.36530856465768,155334485.512,48201077.266,31.03050626982399
20260605,STAR,科创板,87,100.0,7032294.84,2610881.46,37.12701926473834,53951866.51,24432093.446,45.2849827567532
20260605,000905,中证500,429,100.0,213183124.36,76406271.67,35.84067542840472,494922705.002,179865052.89,36.34204918710956
20260605,000852,中证1000,772,100.0,243329485.31,87519431.88,35.96745859569829,490675573.113,163813391.058,33.385275329423145
20260605,399330,深证100,100,100.0,139478370.38,84656416.69,60.69501418704488,476862187.065,170115200.0,35.67387069354945
20260608,000001,上证指数,430,99.3,178315828.79,74339274.31,41.68966648358981,342446133.724,154029924.04,44.97931466329327
20260608,399001,深证成指,400,95.2,114501275.81,34312846.21,29.967217367025423,336520074.201,155504131.158,46.20946656071369
20260608,000300,沪深300,288,100.0,290091935.13,106359435.32,36.66404420113808,790114904.167,281127153.146,35.580540458528105
20260608,000016,上证50,50,100.0,66542685.49,14996511.02,22.5366783885716,199832533.236,48781285.495000005,24.411082972856
20260608,399006,创业板,100,100.0,39484062.26,10949521.65,27.73149727578208,324168041.855,108219956.888,33.38390677524179
20260608,000688,科创50,50,100.0,15697384.83,5171108.64,32.94248498079281,134324093.828,37799007.39,28.14015439285305
20260608,STAR,科创板,87,100.0,6978769.32,2342787.69,33.57021249127632,51701881.399,21459935.989,41.5070697783448
20260608,000905,中证500,429,100.0,211177423.01,67972821.85,32.187542058784025,461296048.289,157500236.949,34.14298421440775
20260608,000852,中证1000,772,100.0,232484353.42,75964617.84,32.67515285330379,448651293.979,143912885.653,32.076779357229746
20260608,399330,深证100,100,100.0,122923190.51,69929961.51,56.889152665062895,396274247.159,126309168.974,31.87418054025602
20260609,000001,上证指数,429,99.1,157669080.28,68156568.1,43.22760555142625,306170060.467,144399265.828,47.1630915210156
20260609,399001,深证成指,400,95.2,102824557.15,32895301.79,31.991678546217788,315343349.71683,153128386.31831,48.5592565867697
20260609,000300,沪深300,288,100.0,248201719.45,92024751.88,37.0765972467561,741455361.81637,286162870.8339,38.59475371961387
20260609,000016,上证50,50,100.0,55245892.16,13288762.43,24.053847101452984,179138051.01500002,46457381.422,25.93384328944715
20260609,399006,创业板,100,100.0,37326280.69,10721714.78,28.724305186057368,332360888.26412,116951574.513,35.188127918367194
20260609,000688,科创50,50,100.0,14126561.88,5275005.779999999,37.34104465622458,126930641.966,35472487.564,27.946354808086262
20260609,STAR,科创板,87,100.0,6510909.21,2281566.01,35.04220280780109,49697791.456,20067250.013,40.37855491177423
20260609,000905,中证500,429,100.0,182500861.33,59882803.5,32.81234020683293,427353939.11536,156373361.71377,36.59106595284209
20260609,000852,中证1000,771,99.9,220316454.99,76934364.6,34.91993578214209,436018171.03115,146014952.92014,33.48827242103825
20260609,399330,深证100,100,100.0,108689740.54,62017459.08,57.05916563226714,383377320.50262,132927531.458,34.67276866657833
20260610,000001,上证指数,429,99.1,155421753.62,63996690.1,41.17614723127456,312734367.705,145430167.372,46.50277756142977
20260610,399001,深证成指,400,95.2,104331281.23,34566442.96,33.13142765284145,301648398.18373,137030746.16604,45.42730775005688
20260610,000300,沪深300,288,100.0,251252717.09,82922343.84,33.00356103623619,728864798.00855,246466458.1543,33.81511342401377
20260610,000016,上证50,50,100.0,60922945.56,11403804.09,18.7184056600956,206784219.621,52641827.014,25.457371510497
20260610,399006,创业板,100,100.0,34538433.48,9542067.73,27.62739003645165,284298675.30921,88308973.23348,31.06204175500749
20260610,000688,科创50,50,100.0,15932748.49,6164978.15,38.69375176460844,151944440.857,49210573.15,32.38721526924023
20260610,STAR,科创板,87,100.0,6474939.36,2288533.18,35.34447278591964,48735885.578,18117009.477,37.17385918432607
20260610,000905,中证500,429,100.0,178765697.58,55593743.22,31.09866376636439,401000082.211,136473484.61677998,34.03328095702727
20260610,000852,中证1000,771,99.9,221935107.71,75061920.69,33.82156228661331,428975094.43052,142100224.99824,33.1255186707012
20260610,399330,深证100,100,100.0,100613901.85,52127713.23,51.80965281290302,344323856.81855,103352399.127,30.016043640410345
20260611,000001,上证指数,429,99.1,146814049.1,56112109.72,38.219850255461694,311491105.368,144047889.145,46.24462357434567
20260611,399001,深证成指,400,95.2,100784098.02,31445115.38,31.20047308828413,293177946.09816,128847136.16714,43.94844082985704
20260611,000300,沪深300,288,100.0,241259208.74,78753117.14,32.642533129116984,687015058.90122,234405106.73196,34.119354982823324
20260611,000016,上证50,50,100.0,52224591.94,9305579.68,17.818386576751106,171272658.825,40371611.599,23.57154485483302
20260611,399006,创业板,100,100.0,34991185.28,9104959.88,26.020724382846623,295410382.11485,103144814.61087,34.91577170458729
20260611,000688,科创50,50,100.0,14226853.9,4999723.51,35.142861135306944,130705598.706,35125665.597,26.873879883301104
20260611,STAR,科创板,87,100.0,6353216.79,2371046.73,37.32041276683713,50867825.238,21144789.072,41.568101197698
20260611,000905,中证500,429,100.0,167603619.71,48937078.71,29.198103713198137,415830278.36081,155012745.91063,37.27788811379619
20260611,000852,中证1000,771,99.9,214122826.68,70509779.14,32.92959477196455,428939696.75559,151857380.93154,35.40296738216524
20260611,399330,深证100,100,100.0,99133444.13,51878702.64,52.33219030700492,345130481.29462,117368235.7186,34.006916827032974
20260612,000001,上证指数,429,99.1,191607645.59,74810610.46,39.04364579484419,394976190.975,174145909.22800002,44.09022953968954
20260612,399001,深证成指,400,95.2,135062219.03,47600005.31,35.243020329339544,376928519.36696,160339919.44301,42.53854808129033
20260612,000300,沪深300,288,100.0,338310964.32,107779435.88,31.858097208476543,929413328.12387,278478643.1618,29.96284158351181
20260612,000016,上证50,50,100.0,81546215.2,14579816.54,17.879206906465964,258571770.41,53551543.853,20.710514441730005
20260612,399006,创业板,100,100.0,46269152.97,13110068.18,28.33435958618112,391637182.22834,118021736.155,30.13547781226468
20260612,000688,科创50,50,100.0,20959878.02,8426820.02,40.20452796509166,198445289.989,51874451.05,26.140429461881133
20260612,STAR,科创板,87,100.0,7385418.49,2210371.76,29.92886270416343,65646851.498,28118059.809,42.83230523227248
20260612,000905,中证500,429,100.0,229920066.81,65800114.11,28.61869127951129,549906272.11822,192465003.55745,34.999601444093635
20260612,000852,中证1000,771,99.9,253851625.12,80315968.5,31.63894202451265,517748169.84076,175417107.19636,33.880777840375906
20260612,399330,深证100,100,100.0,118525272.77,56948641.75,48.04767828757472,427720893.474,124222106.5483,29.042796001699443
20260615,000001,上证指数,429,99.1,178595562.38,69432190.39,38.87677244872874,356735206.66,151250041.723,42.39840612848582
20260615,399001,深证成指,400,95.2,134529344.93,49374133.55,36.701385542084495,379268457.15786,171389359.47509998,45.18945782083953
20260615,000300,沪深300,288,100.0,314563060.97,107844346.3,34.283855824471765,889671468.81563,282948846.2687,31.80374511114468
20260615,000016,上证50,50,100.0,77484231.95,17535005.15,22.6304174523085,246129272.664,61859720.797000006,25.133020598263805
20260615,399006,创业板,100,100.0,44332347.53,14294865.37,32.244774225697306,377348797.59473,114987421.2451,30.47244935668132
20260615,000688,科创50,50,100.0,16140937.76,6008631.62,37.22603797463624,158477476.718,46665968.197,29.446435647154416
20260615,STAR,科创板,87,100.0,6812845.21,1987888.56,29.17853699482481,57296583.306,21323717.738,37.21638622693758
20260615,000905,中证500,429,100.0,225043651.25,64903877.5,28.84057254647836,522761189.35149,168983996.39788,32.325275831496334
20260615,000852,中证1000,771,99.9,231049814.47,70184740.58,30.376453987204105,468870807.28369,145390202.52222,31.008584937183294
20260615,399330,深证100,100,100.0,118142137.72,60580676.14,51.2777890337297,422547110.76723,125887140.3583,29.792450865354013
20260616,000001,上证指数,429,99.1,160564740.62,64353592.9,40.0795296971844,362747224.851,171178548.333,47.18948529607975
20260616,399001,深证成指,400,95.2,125156769.07,41542181.88,33.19211752483441,404537307.15027,189211740.44806,46.77238343749966
20260616,000300,沪深300,288,100.0,265989505.72,86772832.83,32.62265276034741,832966899.65906,267234573.5487,32.08225604859944
20260616,000016,上证50,50,100.0,57244026.27,12929307.49,22.58629997306093,203894424.738,52332946.875,25.66668850423288
20260616,399006,创业板,100,100.0,44609657.31,13232638.14,29.663169228232743,383603681.45481,100434952.3898,26.18195738083176
20260616,000688,科创50,50,100.0,15018218.22,5579928.890000001,37.15440013096307,142643106.071,37760624.591000006,26.472099234999003
20260616,STAR,科创板,87,100.0,7287208.37,2522950.61,34.62163399068551,62025455.702,23507565.329,37.89986718024549
20260616,000905,中证500,429,100.0,203141979.81,61034861.88,30.04542041831349,537875182.25126,188076355.88097,34.96654281273626
20260616,000852,中证1000,771,99.9,234012378.76,75534164.25,32.27784985146741,510546488.34377,175253922.7087,34.326731592499954
20260616,399330,深证100,100,100.0,105895349.13,51783219.53,48.900371881705134,410763379.99282,111265688.1401,27.087538363825143
20260617,000001,上证指数,429,99.1,165568330.05,73491021.16,44.38712472234661,356147065.229,173292851.246,48.65766649925192
20260617,399001,深证成指,400,95.2,115660224.73,38212619.36,33.03868676479269,398410389.71603,198409852.28795,49.80037102681186
20260617,000300,沪深300,288,100.0,248856095.85,74909884.03,30.10168739252123,822306916.7151,283894304.2802,34.52412943506339
20260617,000016,上证50,50,100.0,53482881.71,9104499.51,17.023202974303604,225869565.652,71613568.542,31.70571844651966
20260617,399006,创业板,100,100.0,40248999.96,10791766.53,26.812508486484145,374395196.63976,95753269.4835,25.575453516203368
20260617,000688,科创50,50,100.0,18018313.4,7200183.53,39.960363493289,176921688.223,53708416.03299999,30.357169079973684
20260617,STAR,科创板,87,100.0,6948141.62,2470874.67,35.561662457881795,57722154.536,20892773.412,36.19541505327846
20260617,000905,中证500,429,100.0,197880239.69,66631230.16,33.67250325974173,547962545.74053,216208586.39126,39.45681836685944
20260617,000852,中证1000,771,99.9,217237790.28,70178447.96000001,32.30489864104505,483817811.50388,167607558.51706,34.64270114324137
20260617,399330,深证100,100,100.0,99767378.9,50771843.12,50.89022452007106,384425284.59637,104933040.9839,27.29608201866201
20260618,000001,上证指数,429,99.1,179589260.21,77160059.78,42.96474059182272,379546309.846,174271354.474,45.9157024987834
20260618,399001,深证成指,400,95.2,125163980.79,43092698.52,34.42899326788022,414595404.97227,201599089.90441,48.62550030381881
20260618,000300,沪深300,288,100.0,308631447.1,104507529.62,33.86159466314474,993321355.35795,354211869.0026,35.6593429801937
20260618,000016,上证50,50,100.0,70913573.9,13358831.67,18.838187014573805,289737906.261,90967377.796,31.39643651392141
20260618,399006,创业板,100,100.0,43444854.27,12020921.7,27.66937972744177,400912357.82053,111323018.7583,27.76742013229091
20260618,000688,科创50,50,100.0,17710999.48,6274051.3,35.42460326468261,209534843.406,71480874.381,34.11407535810015
20260618,STAR,科创板,87,100.0,7158979.21,2227432.76,31.113831939735448,61110833.867,21708832.474,35.523705209532125
20260618,000905,中证500,429,100.0,209819243.83,68280599.99,32.5425822453742,555259793.78612,202019258.91141,36.38283577744972
20260618,000852,中证1000,771,99.9,225883853.42,71739487.28,31.759457877943262,506206790.19538,168888284.05622,33.36349636697572
20260618,399330,深证100,100,100.0,130883960.89,73569039.99,56.20936246866054,450447727.36923,127464008.7766,28.29718101166449
20260622,000001,上证指数,429,99.1,194833208.11,76728566.95,39.38166788624666,430757377.085,196267462.233,45.5633432353896
20260622,399001,深证成指,400,95.2,155258206.38,55973742.53,36.05203475879547,493894001.51627,238604205.71674,48.31081264081315
20260622,000300,沪深300,288,100.0,352401172.12,117591109.0,33.36853515344091,1109477787.31888,357030664.9751,32.180064265899915
20260622,000016,上证50,50,100.0,81229822.95,16483149.97,20.291992979162337,308371283.694,78726140.076,25.52965993880311
20260622,399006,创业板,100,100.0,58680744.02,20966190.51,35.729251324513115,492414870.92501,131144310.4741,26.632889910035228
20260622,000688,科创50,50,100.0,19191333.51,7354066.91,38.319728570023685,200856205.549,61116529.563,30.428001662159392
20260622,STAR,科创板,87,100.0,8403703.6,2542570.7,30.255359077633347,72287478.122,26096529.213,36.101036985903335
20260622,000905,中证500,429,100.0,247583049.39,75462005.19,30.479471585766788,639631577.6382,226177988.63046,35.36066644264315
20260622,000852,中证1000,771,99.9,263060294.57,78489960.08,29.837250888926505,585850499.41197,192611732.0737,32.8772839260235
20260622,399330,深证100,100,100.0,141142737.64000002,74048464.88,52.46353168298938,530434170.93683,138638673.2023,26.136829186068905
20260623,000001,上证指数,429,99.1,184629740.05,76732157.02,41.56002007001688,400693036.91,194185714.906,48.4624630374139
20260623,399001,深证成指,400,95.2,143002808.16,53491812.03,37.40612699727561,453497559.85779,224227498.17451,49.44403631296812
20260623,000300,沪深300,288,100.0,324630448.65,106775928.04,32.89153204329283,1019459794.43302,331528454.7146,32.52001270918016
20260623,000016,上证50,50,100.0,78188129.63,15854984.33,20.277994121394872,288935600.747,79627526.928,27.55891856944416
20260623,399006,创业板,100,100.0,52376462.81,19674680.11,37.56397254501807,429692558.93456,120344942.8035,28.00722058159446
20260623,000688,科创50,50,100.0,18137294.7,7094648.09,39.11635228598894,186831990.845,56085135.108,30.01902128984404
20260623,STAR,科创板,87,100.0,7361886.8,2667130.32,36.228896103102265,59625525.952,21683036.597,36.36535904849774
20260623,000905,中证500,429,100.0,240901094.15,81239856.83,33.72332413708964,601191549.44542,214015817.83456,35.598607138104775
20260623,000852,中证1000,771,99.9,237315793.15,69280554.5,29.19340241979172,525932554.70453,186740101.15618,35.506473118229195
20260623,399330,深证100,100,100.0,122063302.6,61337617.1,50.25066157762637,469491055.70726,125864867.0118,26.80878910934569
20260624,000001,上证指数,429,99.1,159903431.91,60744791.76,37.98842278393973,349403385.429,161549563.264,46.23583227897127
20260624,399001,深证成指,400,95.2,133684299.8,49777558.57,37.23515674201856,429267647.04608,210623725.87104,49.06582811921776
20260624,000300,沪深300,288,100.0,294455636.01,98225931.51,33.35848239857231,941604460.68722,326680950.2368,34.69407419739446
20260624,000016,上证50,50,100.0,64239800.09,12905779.31,20.090005404622985,266134735.961,81290365.202,30.54481592132809
20260624,399006,创业板,100,100.0,45331913.28,14393318.47,31.750961802775247,392635954.47001,99266553.7805,25.28208449847455
20260624,000688,科创50,50,100.0,18532527.68,7373876.97,39.78883559395822,194575244.326,57961859.406,29.788917704704577
20260624,STAR,科创板,87,100.0,7389710.97,2513640.95,34.01541630254045,58938605.229,21644269.268,36.72341614448353
20260624,000905,中证500,429,100.0,217396665.82,73656134.3,33.880986178962736,571905946.75821,213590739.70311,37.34717935944313
20260624,000852,中证1000,771,99.9,221755507.04,63644043.34,28.70009597034267,497701293.57402,168835751.06487,33.92310874911562
20260624,399330,深证100,100,100.0,127736379.81,67174868.1,52.5886737982699,440129498.37305,126632592.9519,28.771666843508704
20260625,000001,上证指数,429,99.1,175662765.95,70762786.08,40.28331541821541,391717274.041,183615637.834,46.87453171002651
20260625,399001,深证成指,400,95.2,141073807.23,50634359.84,35.892105582326955,481736235.79043,241086417.88335,50.04531525177399
20260625,000300,沪深300,288,100.0,317948883.2,100991321.82,31.763383095915216,1080018358.07788,387339152.5753,35.86412672323937
20260625,000016,上证50,50,100.0,70442505.97,13417446.25,19.047372130279143,299492828.602,87585509.07499999,29.24460979043793
20260625,399006,创业板,100,100.0,51159690.8,17273001.919999998,33.76291304716016,485032390.86942,153208942.86360002,31.587363183925337
20260625,000688,科创50,50,100.0,18510032.41,6845966.92,36.98516981689067,220503757.844,71623459.027,32.48174077725764
20260625,STAR,科创板,87,100.0,7911501.61,2818843.5,35.629690025431216,65324211.852,24181732.757,37.01802451407554
20260625,000905,中证500,429,100.0,228448973.47,76208298.58,33.35900241635697,621904074.68867,232658133.42924,37.41061409602606
20260625,000852,中证1000,771,99.9,234080453.43,72158186.86,30.82623337517516,526477003.00539,180602396.08899,34.303947761824844
20260625,399330,深证100,100,100.0,143045582.73,77924283.9,54.47514170855796,536739052.77263,165102146.5951,30.7602261736374
20260626,000001,上证指数,429,99.1,169263794.25,67882520.39,40.10457209161847,389166531.164,186622010.66,47.9542806782002
20260626,399001,深证成指,400,95.2,140278179.06,51391340.9,36.6353065347525,457959545.57545,227782584.57625,49.73858210336665
20260626,000300,沪深300,288,100.0,310796559.25,103835008.81,33.40931735556207,1034300475.02915,381113047.5809,36.8474207236692
20260626,000016,上证50,50,100.0,63782468.64,10475043.9,16.423076941601426,264764552.718,75736771.934,28.60532920910565
20260626,399006,创业板,100,100.0,48806791.53,13793079.78,28.260574702030617,461055509.001,132514019.3013,28.74144581602052
20260626,000688,科创50,50,100.0,19695170.34,7769259.18,39.44753483152662,201727512.998,60766395.686,30.12300840024854
20260626,STAR,科创板,87,100.0,8621984.61,3270279.59,37.92954566640081,66557744.485,23180247.198,34.82727273491681
20260626,000905,中证500,429,100.0,227420262.14,74974651.41,32.96744569041327,623544850.32665,240379192.58052,38.550425435250574
20260626,000852,中证1000,772,100.0,241147003.74,79483490.14,32.96059619538029,551722849.18134,197422179.81958,35.78285367599328
20260626,399330,深证100,100,100.0,146899462.03,85071599.0,57.91144353042393,499800958.08287,156937636.45450002,31.400027134097414
20260629,000001,上证指数,429,99.1,167541466.98,62212132.41,37.13237894558156,393086313.56,175719735.32,44.70258293365343
20260629,399001,深证成指,400,95.2,139291093.44,45772532.57,32.86106199583869,454640765.86284,215155953.12482,47.32438647829705
20260629,000300,沪深300,287,99.7,299149104.42,94458342.24,31.575672747922447,1021517520.49278,373618223.7325,36.57482287256968
20260629,000016,上证50,50,100.0,64564585.69,11615725.79,17.990862430019565,293638491.393,95879133.841,32.65209999757056
20260629,399006,创业板,100,100.0,50106009.75,13237157.23,26.418302507115925,445936860.22917,119421978.8611,26.78001966460638
20260629,000688,科创50,49,98.0,20661484.45,8069995.06,39.05815712094201,230072493.023,72536953.97399999,31.527868899455346
20260629,STAR,科创板,87,100.0,9470339.24,3419886.65,36.1115538032194,81676546.33,30735605.005,37.630882286351934
20260629,000905,中证500,429,100.0,220931009.91,71433513.68,32.332950321957824,610182921.98346,228037782.26466,37.37203616309034
20260629,000852,中证1000,771,99.9,233738493.19,72333656.8,30.9464033128689,544640518.83889,199544040.72289,36.63775165834055
20260629,399330,深证100,100,100.0,133239309.35,71409033.46000001,53.594568906402095,475402128.06926,142167490.547,29.90468114317907
20260630,000001,上证指数,429,99.1,156085155.67,61915266.97,39.66762034751283,359475683.515,158999265.156,44.23088193373318
20260630,399001,深证成指,400,95.2,122613765.63,39193297.19,31.964842600356896,420354545.0289,206563486.89522,49.14030057198941
20260630,000300,沪深300,287,99.7,288767628.33,100516492.06,34.808781247852004,959814359.73301,363387064.3439,37.86014041767231
20260630,000016,上证50,50,100.0,60119437.57,12047153.99,20.038700421927448,273985139.184,89171429.695,32.54608259432465
20260630,399006,创业板,100,100.0,43449410.71,12209133.26,28.09965212529346,404917646.55263,115834830.3173,28.60700967307537
20260630,000688,科创50,49,98.0,19617860.83,8053105.470000001,41.04986542510812,219350486.072,69451628.576,31.66240012488647
20260630,STAR,科创板,87,100.0,9815754.7,4135152.36,42.12770679772591,81996343.051,33870701.489,41.30757571460612
20260630,000905,中证500,429,100.0,197281944.45,63896935.1,32.38863813824297,575157684.45393,212685869.13916,36.97870599452907
20260630,000852,中证1000,771,99.9,213162388.01,66715529.37,31.29798366064008,490926138.8683,164297367.93885,33.466820144796934
20260630,399330,深证100,100,100.0,131419290.07,74303149.92,56.53899810326376,460798828.45498,153683125.7949,33.35145757861119
20260701,000001,上证指数,429,99.1,176079412.35,67184661.82,38.15588712123505,408302186.013,183608942.384,44.968885466156685
20260701,399001,深证成指,400,95.2,148043394.92,52883234.88,35.72144161418154,463845796.34342,218835972.39869,47.17860420937592
20260701,000300,沪深300,287,99.7,310405255.62,102854711.23,33.135621697048634,1055703816.26773,360198196.6046,34.119247373569465
20260701,000016,上证50,50,100.0,63271373.48,10959530.78,17.32146810984638,299913091.318,90362853.798,30.12967970183989
20260701,399006,创业板,100,100.0,55769708.87,17129941.93,30.715494624384977,468877142.34057,121922606.2108,26.003102988168536
20260701,000688,科创50,49,98.0,22580954.22,8530291.8,37.77648950036267,232328268.9,67153308.956,28.90449331626729
20260701,STAR,科创板,87,100.0,9530782.11,3730202.1,39.1384679341914,80334559.139,29459532.802,36.67105803248043
20260701,000905,中证500,429,100.0,232811318.52,73182837.43,31.434398419814425,625080317.01732,219728181.33703,35.15199172891916
20260701,000852,中证1000,771,99.9,244695091.72,71612407.63,29.26597633267803,565699624.46475,186715082.27878,33.00604670817041
20260701,399330,深证100,100,100.0,154531209.6,89601658.04,57.98288790460617,519305117.09127,144764975.2911,27.87667029009016
20260702,000001,上证指数,429,99.1,172038307.74,67055799.06,38.97724869587816,374188936.671,159412779.875,42.60221622082892
20260702,399001,深证成指,400,95.2,137334625.09,42893200.43,31.23261916060181,421460327.00919,181541430.54299,43.07438183595189
20260702,000300,沪深300,287,99.7,311548298.21,110960314.1,35.61576639561899,991693876.41017,338643604.9159,34.147997983183586
20260702,000016,上证50,50,100.0,65860429.86,14202717.4,21.56487200309932,276810186.003,77378741.939,27.95371913740248
20260702,399006,创业板,100,100.0,51499405.8,15511213.23,30.119208152106484,424667203.11162,113831645.6106,26.804906236350064
20260702,000688,科创50,49,98.0,20913362.96,7529374.92,36.00269805674524,214952503.503,63744548.317,29.6551783664666
20260702,STAR,科创板,87,100.0,9043305.63,3437090.25,38.00701193375458,75129253.098,26870412.649,35.76557937285724
20260702,000905,中证500,429,100.0,230082467.95,78084864.75,33.937772593333314,603436956.56876,208677024.47656,34.581412723398856
20260702,000852,中证1000,771,99.9,232444917.01,63064334.87,27.130872845581266,514273982.30931,158389257.58209,30.798613779926125
20260702,399330,深证100,100,100.0,156202987.37,94759118.19,60.66408830296112,492270945.23136,155905648.7152,31.6706988753778
20260703,000001,上证指数,429,99.1,151968600.12,58495319.98,38.491714692252174,337487330.303,145102907.463,42.99506809121544
20260703,399001,深证成指,400,95.2,122542501.15,38578215.75,31.481498572301664,379359255.84624,167316102.78524,44.104921708581095
20260703,000300,沪深300,287,99.7,278490823.99,93987984.12,33.74904162852235,916744074.47509,322425601.4824,35.17073199158824
20260703,000016,上证50,50,100.0,59887384.39,12757799.23,21.30298285682068,249211055.166,77209608.952,30.98161472033033
20260703,399006,创业板,100,100.0,45017606.27,12944994.47,28.755403813255665,370243740.6731,103526907.8989,27.96182528587491
20260703,000688,科创50,49,98.0,17583808.4,6622714.83,37.66371129248656,174846760.565,49387233.718,28.24601013962744
20260703,STAR,科创板,87,100.0,8293310.5,3273332.13,39.469547534726935,64068094.252,22505307.337,35.12716836633151
20260703,000905,中证500,429,100.0,202719014.1,62009225.28,30.588756341036287,542895572.21352,187639659.25927,34.56275366074852
20260703,000852,中证1000,771,99.9,219938269.11,64339892.16,29.253613943747563,490769243.82055,161324958.56015,32.87185588572428
20260703,399330,深证100,100,100.0,130334567.99,71921958.05,55.18256526965145,454186141.60416,144925087.1467,31.908742665470307
20260706,000001,上证指数,429,99.1,153014543.09,57820727.47,37.78773331106903,336566702.241,147471648.639,43.81647015497163
20260706,399001,深证成指,400,95.2,121466341.41,37907371.71,31.208128334125647,365986086.95088,149514220.48293,40.85243286939394
20260706,000300,沪深300,287,99.7,272045499.46,85738167.08,31.516113021603744,883956675.66555,293336635.9129,33.184503719262096
20260706,000016,上证50,50,100.0,60119224.97,11204136.68,18.636528806868284,247672499.367,70705328.978,28.547912731009006
20260706,399006,创业板,100,100.0,41421818.32,11096336.96,26.78862833658433,346872243.11806,101673056.5297,29.311384392061303
20260706,000688,科创50,49,98.0,16511996.55,5670347.48,34.34077437473786,173537383.477,50571745.701,29.14170116417745
20260706,STAR,科创板,87,100.0,7903907.82,2784876.33,35.23417015255626,65957124.431,26168388.623,39.67484763586933
20260706,000905,中证500,429,100.0,200439622.84,60116002.54,29.992075263475883,526422734.02295,176227958.79847,33.47650992420611
20260706,000852,中证1000,771,99.9,211126931.56,56858963.57,26.93117507552148,467688285.74128,147361303.72955,31.50844445376352
20260706,399330,深证100,100,100.0,125369104.46,65974998.34,52.6246068552319,426266062.39935,124250811.1439,29.148652004928994
20260707,000001,上证指数,429,99.1,134153935.61,53157513.66,39.62426701705915,283859907.236,123985184.193,43.678300821087504
20260707,399001,深证成指,400,95.2,105746819.27,34642712.98,32.760051998867084,308838298.97127,134068127.01566,43.41046025128244
20260707,000300,沪深300,287,99.7,229223293.62,71562156.39,31.21940849023562,742518227.03217,262502074.6942,35.352946922719376
20260707,000016,上证50,50,100.0,52000887.46,11711900.47,22.522501138098843,205659684.767,64524770.496,31.374535349065948
20260707,399006,创业板,100,100.0,35509095.75,9694163.95,27.30050919418301,288763420.0581,88595608.6719,30.68103593387082
20260707,000688,科创50,49,98.0,13973250.11,4874062.66,34.88138136532647,159559515.937,44234810.386,27.723078831265408
20260707,STAR,科创板,87,100.0,6689587.62,2304264.64,34.44554090465744,58969788.014,24221590.502,41.07457618170437
20260707,000905,中证500,429,100.0,173730628.23,55454946.39,31.92007474731734,432794752.23113,151627858.2237,35.03458797548556
20260707,000852,中证1000,771,99.9,186290449.94,54296528.32,29.146168436163904,392475224.14502,134493055.35595,34.26790968753092
20260707,399330,深证100,100,100.0,100221639.83,49995780.48,49.88521497433575,354849915.6209,110476569.0875,31.133322631398464
20260708,000001,上证指数,429,99.1,128437288.55,51203446.76,39.86649620064717,267001737.681,113594207.75,42.54437021144654
20260708,399001,深证成指,400,95.2,101570441.12,32507832.54,32.005209568395735,292707149.01618,123005064.4639,42.0232525503163
20260708,000300,沪深300,287,99.7,227090121.94,74832137.16,32.9526165738603,763493536.28212,282639732.7419,37.01926988383321
20260708,000016,上证50,50,100.0,51438183.67,12061340.33,23.448223614152354,210009504.592,67360994.465,32.07521230806523
20260708,399006,创业板,100,100.0,42198034.08,11590994.41,27.468091020604245,324784236.54299,91708125.1001,28.23663059397314
20260708,000688,科创50,49,98.0,15720587.57,6258771.53,39.81258017317224,169350311.761,44689892.72,26.389022999302043
20260708,STAR,科创板,87,100.0,6458503.95,2170215.52,33.60244937219555,59014696.926,25393061.655,43.028369165126776
20260708,000905,中证500,429,100.0,170536383.34,55073306.98,32.29416849435573,444011276.42625,154648281.08421,34.829809352803004
20260708,000852,中证1000,771,99.9,180593996.45,50983959.31,28.23125924017947,378263979.32524,124713057.6732,32.969847643348785
20260708,399330,深证100,100,100.0,102988907.82,54950337.71,53.35558835718509,367036980.74083,123917779.4612,33.761660531067875
20260709,000001,上证指数,429,99.1,142178416.79,56429669.16,39.689335719181344,311421945.989,141398555.507,45.40417184086135
20260709,399001,深证成指,400,95.2,119357612.91,42358770.45,35.488955766851724,371843176.67183,183900662.17207,49.4565111609864
20260709,000300,沪深300,287,99.7,262773467.02,90366525.57,34.38951679361224,924362959.69117,354653767.9588,38.36737119770463
20260709,000016,上证50,50,100.0,57288370.02,10470103.44,18.27614127674565,265882292.348,86410177.847,32.49941057898736
20260709,399006,创业板,99,99.0,46000680.04,13808083.83,30.01712978589261,368265043.40099,109539044.1552,29.74462173862292
20260709,000688,科创50,49,98.0,18580605.37,7170939.8100000005,38.59368232198777,224511523.905,70183262.881,31.260427821378737
20260709,STAR,科创板,87,100.0,7065102.83,2412967.0,34.15331748257088,66617295.602,28484547.347,42.75848650053099
20260709,000905,中证500,429,100.0,187581691.42,60107897.14,32.04358414991415,491075261.27218,172424922.09914,35.111710097644874
20260709,000852,中证1000,771,99.9,192745485.07,52568173.94,27.27336203019679,412529013.71122,141009676.82821,34.18175986208817
20260709,399330,深证100,100,100.0,120312866.73,64945411.9,53.98043755847591,455837747.47747,146596232.4104,32.15973956120113
20260710,000001,上证指数,429,99.1,161139606.42,61620207.94,38.240262160868696,345872689.43,154734344.172,44.737369818647146
20260710,399001,深证成指,399,95.0,134881714.53,45050296.13,33.39985429973167,451551346.60879,230044204.86855,50.94530369496454
20260710,000300,沪深300,287,99.7,283895922.03,89460697.69,31.511793846953,1055428698.4037,414591743.841,39.28183348321454
20260710,000016,上证50,50,100.0,60340926.47,11105611.92,18.404775282198283,302407179.323,102997517.447,34.0592170058862
20260710,399006,创业板,99,99.0,53486667.54,15473152.16,28.92898898296179,424191262.85399,129833409.1139,30.60728036696732
20260710,000688,科创50,49,98.0,23073428.76,9671543.06,41.9163669197122,235095867.644,62897931.181,26.75416280657252
20260710,STAR,科创板,87,100.0,10594994.03,4983821.609999999,47.039399889119146,76681432.936,30294276.913,39.506665111858645
20260710,000905,中证500,429,100.0,217853169.89,68957937.88,31.653401194400217,587590484.0662,220085845.46093,37.45565175560848
20260710,000852,中证1000,771,99.9,233094042.33,64928120.66,27.85490354493008,496833268.43606,162498475.01363,32.7068425842628
20260710,399330,深证100,100,100.0,127769641.66,63737072.81,49.88436375176416,516049933.09219,164516048.0314,31.87987004389553
20260713,000001,上证指数,429,99.1,156017474.99,61853441.84,39.64520118272938,296447075.62,121466108.349,40.97396072973952
20260713,399001,深证成指,399,95.0,117718816.37,36725215.24,31.197404435812203,366661953.27363,175153375.54015,47.76971648581103
20260713,000300,沪深300,288,100.0,260455783.9,83590432.15,32.093905114464235,881889197.87377,322863515.4767,36.61043997988887
20260713,000016,上证50,50,100.0,63724275.58,15230400.52,23.900468669713828,255468208.752,79293018.485,31.0383115270421
20260713,399006,创业板,99,99.0,43381990.11,11512030.29,26.536427353401564,335587229.01772,101364560.2426,30.20513043338954
20260713,000688,科创50,50,100.0,18337936.55,6543507.609999999,35.68290026611527,214851455.567,60982466.778,28.38354835300756
20260713,STAR,科创板,87,100.0,8486532.78,3538167.96,41.69156063755875,61844478.55,24166158.835,39.07569341936024
20260713,000905,中证500,429,100.0,195917742.12,62666166.92,31.98595810767197,472052406.10493,169758772.44244,35.96184877928686
20260713,000852,中证1000,772,100.0,219174530.15,58645253.07,26.75733034758373,422432375.87955,132384312.23634,31.33858098842484
20260713,399330,深证100,100,100.0,108394440.53,54298555.42,50.09348740996727,408961064.45063,123937366.8523,30.305419665998983
20260714,000001,上证指数,429,99.1,156253745.77,63197338.29,40.44532691268999,309818292.266,139751112.576,45.10744396461078
20260714,399001,深证成指,399,95.0,116860599.5,39352418.46,33.674667619688194,366174147.22947,182694246.59317,49.8927212572113
20260714,000300,沪深300,288,100.0,265123756.44,86758867.28,32.723912954829586,897508940.71118,334914473.6594,37.31600416080714
20260714,000016,上证50,50,100.0,66998207.95,14599655.82,21.79111392187617,260712822.999,75431882.73099999,28.932939263708302
20260714,399006,创业板,99,99.0,40744813.08,11117761.78,27.286324171302347,341296657.28816,121855041.3845,35.70355547948324
20260714,000688,科创50,50,100.0,16013949.69,5409580.04,33.780423597671486,202059847.034,53633094.417,26.54317282937233
20260714,STAR,科创板,87,100.0,7009261.97,2572790.66,36.7055857094752,64385795.301,32498065.803,50.47396813392358
20260714,000905,中证500,429,100.0,191681885.36,61479274.11,32.073596310123435,466820139.10397,178964019.3426,38.33682490350769
20260714,000852,中证1000,772,100.0,196660541.03,52862949.5,26.880303096458945,375640219.98718,122297890.79834,32.55718751376352
20260714,399330,深证100,100,100.0,107029114.8,51946923.35,48.53531998939788,433426043.34465,142580911.5223,32.89624924751535
20260715,000001,上证指数,429,99.1,150383678.96,52884992.54,35.16671018140651,303677661.123,133159894.299,43.84909110751666
20260715,399001,深证成指,399,95.0,117136954.31,36747904.2,31.37174294522598,346310426.42123,163334136.63134,47.16408290655122
20260715,000300,沪深300,288,100.0,263855102.69,77231624.44,29.270468394442407,837237418.31912,286387561.6529,34.20625444905055
20260715,000016,上证50,50,100.0,61948548.0,12360567.47,19.95295752533215,250453301.18,62327101.868,24.88571784614079
20260715,399006,创业板,99,99.0,40007568.45,11840811.73,29.5964293476076,291978689.35711,90165010.6256,30.88068201968055
20260715,000688,科创50,50,100.0,14281933.2,4871335.69,34.10837749892291,169644623.956,43682625.748,25.749490157336066
20260715,STAR,科创板,87,100.0,6149059.69,1968060.59,32.00587877201107,56951451.197,27372511.004,48.062885894366616
20260715,000905,中证500,429,100.0,185181817.98,55334232.67,29.88102896580063,424165483.55988,148573299.29491,35.027201659122206
20260715,000852,中证1000,772,100.0,196126522.07,49064042.5,25.016526057851795,358124150.31108,113414670.46284,31.66909306851376
20260715,399330,深证100,100,100.0,104369027.76,48179392.56,46.16253844080074,388234755.57783,124689333.4547,32.11699407723514
20260716,000001,上证指数,429,99.1,138286236.02,48749482.27,35.252591778511835,267575622.062,110934050.743,41.45895275814605
20260716,399001,深证成指,399,95.0,109848113.17,34648439.05,31.54213399767584,321526368.30577,153724440.93406,47.81083484508146
20260716,000300,沪深300,288,100.0,238454572.43,71871003.42,30.140333518283963,777882476.26254,281748414.2227,36.21992046618726
20260716,000016,上证50,50,100.0,56028390.37,10570826.18,18.86691034704448,232326668.661,71645046.578,30.838063917036163
20260716,399006,创业板,100,100.0,41991283.51,11640257.84,27.72065263789313,285236187.75139,82959693.49891,29.08456116767944
20260716,000688,科创50,50,100.0,14226782.32,4693045.02,32.98739598624856,174820562.239,55893466.966,31.97190665111072
20260716,STAR,科创板,87,100.0,6047083.23,1984336.65,32.81477324729992,51361054.794,21665638.808,42.18300986009147
20260716,000905,中证500,429,100.0,170769466.58,49054173.78,28.72537741225519,390397199.24421,128308690.40417,32.866191318116364
20260716,000852,中证1000,772,100.0,190772205.08,52395585.85,27.464999855732653,341033213.04002,106565820.11509,31.247930125381828
20260716,399330,深证100,100,100.0,95724799.51,43419655.01,45.35883619736818,369704639.37142,120421309.0413,32.5723012959867
20260717,000001,上证指数,429,99.1,173202656.32,65910754.18,38.054124330649294,298880992.909,119478817.921,39.975381759179854
20260717,399001,深证成指,400,95.2,127555147.75,39840499.04,31.23394056826687,339342946.31954,152263351.65287,44.87005057989101
20260717,000300,沪深300,288,100.0,284832860.78,85103301.24,29.87832970077576,896112690.96956,329850487.8099,36.80904099829389
20260717,000016,上证50,50,100.0,71440659.3,17228271.29,24.11549873532592,257315956.782,71210492.462,27.67433988648052
20260717,399006,创业板,100,100.0,48153424.03,13205396.79,27.423588365747204,358504138.85742,135933787.14429998,37.916936629387685
20260717,000688,科创50,50,100.0,16629023.77,5044064.1,30.33289367894144,191473530.246,54259849.539,28.338042062152617
20260717,STAR,科创板,87,100.0,7241215.11,2257970.71,31.18220734641316,58969381.505,26315812.435,44.62623104291621
20260717,000905,中证500,429,100.0,210397090.25,62016542.38,29.47595059718275,418759901.24618,124519395.8555,29.73527204609252
20260717,000852,中证1000,772,100.0,229714900.3,63251773.51,27.534902362622223,373966044.75557,108812814.6289,29.096977160057875
20260717,399330,深证100,100,100.0,110186849.41,50755423.61,46.06305006611224,439615954.6624,157542257.0677,35.83633746611482
20260720,000001,上证指数,429,99.1,202996607.5,82952586.64,40.8640260847709,342662214.738,146307210.528,42.69721149145864
20260720,399001,深证成指,400,95.2,131649805.9,37965566.87,28.83830067994046,339590217.29677,144811347.20348,42.64296785585213
20260720,000300,沪深300,288,100.0,315709061.68,92848084.9,29.40938229834848,908776563.31141,305937077.4319,33.6647191161184
20260720,000016,上证50,50,100.0,89029484.08,17935318.369999997,20.14536931819542,283178168.819,66557872.572,23.50388550416188
20260720,399006,创业板,100,100.0,47256338.8,12417982.46,26.27791905876552,339287906.70093,118968312.2683,35.06411808929172
20260720,000688,科创50,50,100.0,17984793.17,5576437.66,31.00640417317626,183748976.943,47762437.6,25.99330804155508
20260720,STAR,科创板,87,100.0,8270946.5,2697519.45,32.614398485106875,61715575.345,28295630.072,45.84844249417246
20260720,000905,中证500,429,100.0,227014558.27,65902437.92,29.03004918372629,448036371.83076,139420999.06113,31.11823231927128
20260720,000852,中证1000,772,100.0,238979538.59,64918728.79,27.16497369315638,376086645.08047,103997098.15464,27.652430501058628
20260720,399330,深证100,100,100.0,110000433.32,47116380.09,42.832904078600045,422857175.78631,141029859.4794,33.3516533607719
20260721,000001,上证指数,429,99.1,203102798.42,80910706.2,39.83731727451794,354989798.079,150445041.0,42.38010269988652
20260721,399001,深证成指,400,95.2,138545218.56,39061292.35,28.193894207243,375259603.35854,166668723.39677,44.41424600599152
20260721,000300,沪深300,288,100.0,323956607.92,93593294.24,28.89068842920856,988673095.54716,351204707.5025,35.52283450255448
20260721,000016,上证50,50,100.0,81847854.79,15484194.05,18.918264980466937,291847864.511,73989542.667,25.352093218489617
20260721,399006,创业板,100,100.0,52103482.01,13949577.46,26.77283153038163,388842951.42532,134027133.6403,34.468191630841694
20260721,000688,科创50,50,100.0,19512745.36,6079544.04,31.15678459302152,213055050.259,58166733.514,27.301269527894178
20260721,STAR,科创板,87,100.0,8131674.28,2495593.51,30.68978692540548,63246447.038,29672705.838,46.91600434119551
20260721,000905,中证500,429,100.0,238199230.62,71841396.43,30.160213466268,501858733.32613,170622961.27224,33.99820506089742
20260721,000852,中证1000,772,100.0,262427231.88,78171287.55,29.78779564528782,418402075.99804,127942340.37036,30.57880151889097
20260721,399330,深证100,100,100.0,122361290.65,55989693.45,45.75768460153947,469678654.10011,162466111.9692,34.590908177524085
20260722,000001,上证指数,429,99.1,168724476.2,66921799.26,39.663361693103305,309502924.184,135208625.532,43.68573443642757
20260722,399001,深证成指,400,95.2,118418358.72,38579863.56,32.57929258352754,344555429.00625,176058075.31434,51.097170583588856
20260722,000300,沪深300,288,100.0,269754365.55,79334609.33,29.40994455020044,897140209.62293,336924076.2224,37.55534225402849
20260722,000016,上证50,50,100.0,68932547.45,14222329.3,20.632240974869124,268344451.434,75123819.975,27.995294694392776
20260722,399006,创业板,100,100.0,42989110.95,10570547.05,24.588894295335503,340113315.90057,107950521.1961,31.739575061994536
20260722,000688,科创50,50,100.0,16238611.33,4905559.76,30.20923193682966,192916671.108,52031764.567,26.9711084418781
20260722,STAR,科创板,87,100.0,6511234.24,1963600.97,30.15712378979012,58583866.598,29276851.345,49.9742557893908
20260722,000905,中证500,429,100.0,205943475.33,64663031.29,31.398436481847824,466582190.1283,172715792.12015,37.01722778416743
20260722,000852,中证1000,772,100.0,229771991.77,70918133.83,30.864568515813065,379678196.60443,124855505.23909,32.88456022908564
20260722,399330,深证100,100,100.0,102173736.86,47334930.5,46.32788420458678,420725234.68062,145346549.5866,34.546667897620914
20260723,000001,上证指数,429,99.1,144924974.16,61600178.65,42.50487468225608,246393172.734,103979804.413,42.2007652481727
20260723,399001,深证成指,400,95.2,104817769.83,34334871.19,32.7567274572684,281581043.29825,130559208.71281,46.36647665749359
20260723,000300,沪深300,288,100.0,234678595.61,69312399.88,29.53503266875971,720155797.42762,245309613.8401,34.06340887851494
20260723,000016,上证50,50,100.0,57487361.86,12361519.47,21.503020959814144,204207137.403,49924945.696,24.44818840855391
20260723,399006,创业板,100,100.0,35404880.39,8899215.53,25.13556162871138,263397169.54854,85395569.45824,32.42083793254389
20260723,000688,科创50,50,100.0,11924268.79,3606974.5,30.2490204097454,139187112.196,38216600.513,27.45699649202024
20260723,STAR,科创板,87,100.0,5155778.49,1548133.36,30.02715037123326,42243470.232,20573277.588,48.701675016309295
20260723,000905,中证500,429,100.0,183317439.98,58918146.55,32.13995709105909,372176052.41938,124614296.30355,33.48262079020887
20260723,000852,中证1000,771,99.9,196617828.97,63817779.95,32.457778770274864,309307492.37590003,103354332.93025,33.41475246407673
20260723,399330,深证100,100,100.0,82947260.13,33767584.71,40.709704765506885,338921011.11137,115136828.4113,33.97158176583683
20260724,000001,上证指数,429,99.1,134859469.21,55757662.49,41.34501108199935,222581228.006,86828390.956,39.009754656245946
20260724,399001,深证成指,400,95.2,93405022.9,29429774.61,31.507700224545417,245019363.63024,112580573.77575,45.947623121593736
20260724,000300,沪深300,288,100.0,211721085.97,62191942.75,29.37446804840796,610446020.30761,199970605.63424,32.75811439207561
20260724,000016,上证50,50,100.0,58354918.14,11476996.27,19.667573249722324,189578557.27,49252753.398,25.980128822192505
20260724,399006,创业板,100,100.0,33013985.72,9307239.71,28.19180873505267,221147036.42519,64267606.58301,29.0610299924822
20260724,000688,科创50,50,100.0,10177526.29,2983934.74,29.318860546023707,120544745.795,34583413.89,28.68927522466472
20260724,STAR,科创板,87,100.0,4992666.27,1618501.25,32.417573346035006,37291825.91,15811241.1,42.39867776428756
20260724,000905,中证500,429,100.0,168298218.38,54800389.8,32.5614794544446,336066359.64386,116665394.50046,34.71498742810616
20260724,000852,中证1000,771,99.9,178976145.35,57699810.19,32.23882717842878,280418333.67146,96345482.35953,34.357768658738635
20260724,399330,深证100,100,100.0,71095647.02,29248883.23,41.14018854314944,268133854.21205,81103528.741,30.2474034766458
20260727,000001,上证指数,429,99.1,125369200.33,49967503.49,39.85628316881201,215772641.459,88774522.45,41.14262209042312
20260727,399001,深证成指,399,95.0,88023276.03,26821939.3,30.471416777147187,247947116.77623,123854658.11426,49.95204611555846
20260727,000300,沪深300,288,100.0,194525555.61,56516983.7,29.05375775577254,589383390.1255699,212231962.24074,36.00915224223121
20260727,000016,上证50,50,100.0,50914045.02,10687912.81,20.99207164899505,174000929.14699998,50336977.066,28.92914268490725
20260727,399006,创业板,100,100.0,33578589.04,9492532.69,28.269599650813674,238454148.10396,79006452.01011,33.13276478447554
20260727,000688,科创50,50,100.0,10347296.69,2933302.31,28.348489444927672,123092124.566,33033296.775,26.83623902948241
20260727,STAR,科创板,87,100.0,5311721.19,1714808.42,32.28347947231018,40525502.952,17878824.314999998,44.11746434381427
20260727,000905,中证500,429,100.0,154675210.57,49625887.24,32.083930616368065,336506302.51044,124143037.36915,36.89174212875211
20260727,000852,中证1000,771,99.9,172507088.37,53719161.79,31.140263450960937,283702736.48341,98806620.09033,34.82751746249296
20260727,399330,深证100,100,100.0,68565963.36,29440627.130000003,42.937670073159175,276569707.40355,92703616.7003,33.519078271661094
20260728,000001,上证指数,429,99.1,129300453.94,52889762.23,40.90454489397441,221988851.475,91613475.928,41.26940399000954
20260728,399001,深证成指,399,95.0,85216354.43,23668463.52,27.774555340128032,240502017.95523,112196543.60517,46.650978049612725
20260728,000300,沪深300,288,100.0,204735058.2,61461652.85,30.0200920107976,634850529.36809,245930712.84195,38.73836461737562
20260728,000016,上证50,50,100.0,57573434.51,14713210.68,25.55555492775829,180631703.865,47432616.981,26.25929776782156
20260728,399006,创业板,100,100.0,32271220.62,8196596.18,25.399089413185017,276332846.08625,116001397.22597,41.97886674310272
20260728,000688,科创50,50,100.0,10883943.71,2890032.81,26.553176743689715,134055060.199,39800094.005,29.68936341971587
20260728,STAR,科创板,87,100.0,4992477.2,1645059.82,32.95077281474615,40366458.27,19113528.233,47.35002537293446
20260728,000905,中证500,429,100.0,143212684.32,42620496.08,29.76028016119515,323448060.73384,122168034.6454,37.77052623788338
20260728,000852,中证1000,771,99.9,175310918.95,56523204.13,32.24169063087328,292109856.71961,107197777.11539,36.69776101334604
20260728,399330,深证100,100,100.0,70405765.92,30560583.75,43.40636501948589,317477270.03027,131806128.2269,41.51671337426232
20260729,000001,上证指数,429,99.1,150488429.45,55243334.12,36.709356541164965,262363446.118,102513213.488,39.07297872657683
20260729,399001,深证成指,399,95.0,107019925.91,30452187.35,28.454689246943808,278866204.87761,124497359.07499,44.64411854051298
20260729,000300,沪深300,288,100.0,235322277.76,61805873.82,26.26435304312092,728679514.35968,259320078.18932,35.58767236885957
20260729,000016,上证50,50,100.0,59101623.76,12700980.42,21.490070174004305,219910761.712,61985404.518,28.18661716936684
20260729,399006,创业板,100,100.0,41224046.66,11077558.71,26.87159463349977,297543516.5596,105851161.43845,35.575018626644244
20260729,000688,科创50,50,100.0,14218534.95,4156801.27,29.23508845754886,147150556.757,42427331.866,28.832600297981347
20260729,STAR,科创板,87,100.0,6101738.42,2009251.38,32.92916283356506,44058608.107,19842895.83,45.037500462588085
20260729,000905,中证500,429,100.0,182888267.88,52879938.78,28.91379495960701,375403861.31123,127650497.77042,34.00351219738544
20260729,000852,中证1000,771,99.9,210889800.33,56927540.77,26.9939753752528,341576208.78854,109911288.68621,32.177676857539254
20260729,399330,深证100,100,100.0,84897402.75,31673452.25,37.30791664295054,352249766.84038,122275603.3931,34.7127563745155
20260730,000001,上证指数,429,99.1,159488957.77,61991309.52,38.86871566958136,277922126.192,113694456.564,40.9087459576555
20260730,399001,深证成指,400,95.2,108517022.07,31466440.74,28.99677869864716,281502322.65763,120595986.74786,42.84013915385408
20260730,000300,沪深300,288,100.0,258958709.51,71997007.7,27.80250482257665,779955754.59844,286925758.65042,36.78744043604674
20260730,000016,上证50,50,100.0,67933841.82000001,14721060.65,21.669701367700448,237811808.511,67305571.853,28.302031036396908
20260730,399006,创业板,100,100.0,43788795.18,13534228.67,30.90797226634268,332471702.01074,137294100.5351,41.29497328788149
20260730,000688,科创50,50,100.0,14695674.61,4400965.88,29.947355237474195,151830717.441,43652094.826000005,28.75050290331585
20260730,STAR,科创板,87,100.0,6040285.38,1989711.05,32.940679534581854,45684661.553,22457106.761,49.15677603290747
20260730,000905,中证500,429,100.0,178100390.48,52880958.4,29.69165775407906,379603890.44733,136886004.52017,36.060221711337526
20260730,000852,中证1000,772,100.0,202939288.41,56112197.59,27.649745906586627,328298786.83302,104180235.00577,31.733359727204345
20260730,399330,深证100,100,100.0,92934328.21,37517628.97,40.37004376383171,380004097.66085,143484147.5041,37.758579022523655
20260731,000001,上证指数,429,99.1,165429957.77,66892213.19,40.43536859448477,292520601.696,122492167.101,41.87471459815304
20260731,399001,深证成指,400,95.2,112853364.21,33286291.11,29.495169544135297,300082322.62646,130761868.19382,43.57533194535797
20260731,000300,沪深300,288,100.0,264346646.13,76730975.4,29.02664986423371,811248121.65166,287917596.3064,35.49069497014236
20260731,000016,上证50,50,100.0,71093349.65,19052424.25,26.79916524372122,240401383.484,66733924.588,27.75937626517091
20260731,399006,创业板,100,100.0,51483986.45,17636140.33,34.25558420408604,356083866.10883,125409832.1378,35.21918403892833
20260731,000688,科创50,50,100.0,14507409.98,3999091.33,27.56585314341547,162975217.25,45939818.279,28.18822337173476
20260731,STAR,科创板,87,100.0,6622536.85,2026327.75,30.59745526368797,46711937.952,19975156.342,42.76242266489984
20260731,000905,中证500,429,100.0,184720362.83,53220174.56,28.81121157659216,425452208.4503,156804015.36113,36.8558470838088
20260731,000852,中证1000,772,100.0,219490419.72,59768029.79,27.23035924130311,374931797.44589,119248836.98336,31.8054744344723
20260731,399330,深证100,100,100.0,93728855.31,37884985.3,40.41976739681576,388597495.64656,136463568.8893,35.11694501845614
20260803,000001,上证指数,429,99.1,139865291.35999998,54799702.34,39.18034403471177,231336203.456,88140944.642,38.10080018831309
20260803,399001,深证成指,400,95.2,98294966.81,30004792.57,30.525258356308303,231331454.94296,93709119.63714,40.50859389625423
20260803,000300,沪深300,288,100.0,222255057.23,59953310.92,26.97500415387961,601127761.49087,190819981.15531,31.74366472146507
20260803,000016,上证50,50,100.0,56922898.35,12969701.32,22.78468190472947,185011288.111,48947897.998,26.456708938015204
20260803,399006,创业板,100,100.0,39173255.39,15322414.81,39.11447914515536,234054097.89739,75531346.67307,32.27089264900765
20260803,000688,科创50,50,100.0,12334985.88,3605226.58,29.227650644055704,124510595.123,35080398.394,28.17462912240136
20260803,STAR,科创板,87,100.0,5733822.17,1581970.7,27.590159811321808,39615804.803,16973579.184,42.84547358915358
20260803,000905,中证500,429,100.0,164953324.57,47465614.3,28.77517893242423,335128100.66706,112748828.99499,33.64350192376219
20260803,000852,中证1000,772,100.0,180530567.29,51189598.47,28.355086475616204,293320722.95225,93426541.98421,31.85132678110132
20260803,399330,深证100,100,100.0,70311788.42999999,25959644.13,36.9207564046597,261866060.92294,78519519.9978,29.984611110374527
20260804,000001,上证指数,429,99.1,148886822.48,61144580.77,41.06782571588132,254547875.167,105817993.52,41.57095927458695
20260804,399001,深证成指,400,95.2,102134974.32,31561436.48,30.90169326436073,258364690.92917,106831791.02248,41.34922254208786
20260804,000300,沪深300,288,100.0,231769610.79,64351102.75,27.765116630543403,682053253.47779,241077775.38124,35.34588745849159
20260804,000016,上证50,50,100.0,61034778.17,15858809.27,25.983234060142728,195111348.624,51271642.017000005,26.278144443461272
20260804,399006,创业板,100,100.0,44203366.76,15789194.82,35.71943943936817,305124249.10929,117852552.8484,38.62444666146064
20260804,000688,科创50,50,100.0,11344342.54,3096188.92,27.29280175631932,126488484.901,38323581.673,30.29807946786231
20260804,STAR,科创板,87,100.0,5928605.45,1822377.9,30.738727941492545,46404573.419,21070941.228,45.40703571982985
20260804,000905,中证500,429,100.0,169470430.46,52279923.01,30.84899405052234,366132977.05808,127721312.38715,34.883859250648555
20260804,000852,中证1000,772,100.0,195290586.33,60792345.11,31.1291733270101,326438639.60577,101777160.18961,31.17803710753212
20260804,399330,深证100,100,100.0,76921972.29,28879246.71,37.54355985715457,325490482.01451,121257172.3542,37.25367685215277
20260805,000001,上证指数,429,99.1,153899097.3,64729148.58,42.05947254766646,292076550.35,129699007.752,44.4058270328719
20260805,399001,深证成指,400,95.2,113651219.09,36816686.08,32.39444888914477,309621127.27364,137791158.18201,44.503151123867454
20260805,000300,沪深300,288,100.0,263404021.71,82016990.99000001,31.137334372327192,859666378.68376,330168183.6993,38.406548387389805
20260805,000016,上证50,50,100.0,65892828.29,15679944.71,23.796132472856097,237116400.784,66476757.29000001,28.03549525473637
20260805,399006,创业板,100,100.0,49937396.71,17478603.1,35.0010297923678,382567610.05945,150192435.7504,39.25905690945988
20260805,000688,科创50,50,100.0,12956469.15,3825803.81,29.52813583475402,154309294.028,45944538.604,29.774317155299272
20260805,STAR,科创板,87,100.0,6085288.05,1605087.11,26.37651819949592,51617848.176,23842515.607,46.19044855512925
20260805,000905,中证500,429,100.0,189208479.71,60958692.07,32.217737896013666,440848102.94757,157751523.61247,35.783645785866376
20260805,000852,中证1000,772,100.0,211367288.16,66816558.14,31.61158887056424,377977418.01577,123029421.79979,32.549410609143045
20260805,399330,深证100,100,100.0,97861715.95,44752166.72,45.73000410381625,424698512.15007,162508925.9887,38.26453857019316
20260806,000001,上证指数,429,99.1,148628684.03,60606098.26,40.77685182744869,274633339.323,117081975.393,42.63210565826398
20260806,399001,深证成指,400,95.2,110727039.48,34629019.75,31.27422164687681,290806491.05354,124881093.46183,42.94302132301384
20260806,000300,沪深300,288,100.0,236917034.42,71811594.32000001,30.31086156206665,731607186.51055,263958064.2206,36.07920603945484
20260806,000016,上证50,50,100.0,57873659.22,14838867.1,25.64010518773622,193831274.453,51763804.403,26.70559977954003
20260806,399006,创业板,100,100.0,43347894.41,14381730.55,33.17746051047465,320806446.48565,111793196.9528,34.84755315158563
20260806,000688,科创50,50,100.0,12017178.36,3861190.28,32.13058976350253,123780516.94,34905577.536,28.19957324375996
20260806,STAR,科创板,87,100.0,5927547.13,1721506.85,29.042482703971352,43503307.0,17965948.341,41.29789107986664
20260806,000905,中证500,429,100.0,185725875.8,58439636.48,31.465532860338246,415978595.20748,144747935.66709,34.79696728022586
20260806,000852,中证1000,772,100.0,217133034.85,64536876.7,29.722274523811365,393568666.26662,136749614.29399,34.74606238123389
20260806,399330,深证100,100,100.0,83356183.08,35120678.64,42.13326155576652,345260566.22317,113177598.4182,32.78034316407977
20230809,ALL,全A,5140,100.0,607536736.76,260877596.81,42.94021760745911,728181191.564,298131786.805,40.94197848816549
20230810,ALL,全A,5143,100.0,586414287.13,277706507.11,47.35670893510074,686133205.504,295484080.219,43.065118820761896
20230811,ALL,全A,5144,100.0,674580078.24,307861117.99,45.63744586012962,753698802.335,308102707.176,40.878757697568446
20230814,ALL,全A,5143,100.0,622362767.49,273107259.98,43.882326232567934,733522885.026,300947819.819,41.02773423467664
20230815,ALL,全A,5145,100.0,583480828.85,260612279.08,44.66509715385998,698262884.176,286842645.444,41.079463328842806
20230816,ALL,全A,5148,100.0,588453113.53,274051467.96,46.57150445105573,695072561.86,296162799.395,42.60890382472793
20230817,ALL,全A,5150,100.0,616443405.47,267426296.04,43.38213267706286,731046427.107,293860453.067,40.19723538351811
20230818,ALL,全A,5153,100.0,624512353.44,260855817.41,41.76952080661471,734449370.379,281130050.905,38.27766245615101
20230821,ALL,全A,5153,100.0,559675318.16,227385530.13,40.62811468577127,669588896.637,265034002.174,39.58160051714257
20230822,ALL,全A,5154,100.0,667967714.67,273580130.83,40.957088916364526,809823713.801,325084290.137,40.14259950615423
20230823,ALL,全A,5158,100.0,587594119.07,250792616.7,42.68126731712968,699336644.621,284113661.813,40.62616538090509
20230824,ALL,全A,5158,100.0,645444796.86,276424245.59,42.82693840507598,778909474.113,323762833.178,41.56616961768143
20230825,ALL,全A,5159,100.0,658295465.55,264456900.93,40.172979272924,759162890.038,290870428.041,38.31462678931005
20230828,ALL,全A,5161,100.0,979824151.04,415280053.44,42.38312078746125,1115146099.908,458660020.483,41.13003852327866
20230829,ALL,全A,5160,100.0,876783795.56,364160760.31,41.53370102801812,1027672076.5,390257292.331,37.97488530194583
20230830,ALL,全A,5161,100.0,798090889.19,320498284.33,40.1581184137161,975634761.01,372056336.185,38.13479706276953
20230831,ALL,全A,5161,100.0,686809193.86,279001941.86,40.62291890589806,818680137.682,308762324.657,37.71464708197582
20230901,ALL,全A,5163,100.0,631062940.39,257526076.96,40.80830301979825,738641683.717,281427873.951,38.10073005016395
20230904,ALL,全A,5162,100.0,758056180.01,304623579.31,40.18482895370387,878587697.017,335734939.804,38.21302539790787
20230905,ALL,全A,5165,100.0,660506918.58,264925396.15,40.10940517013108,798047296.1620001,309062045.362,38.72728431614932
20230906,ALL,全A,5166,100.0,619374047.69,246153663.73,39.74232770133778,765195924.388,289982801.403,37.89654285403138
20230907,ALL,全A,5167,100.0,636748705.62,256610531.78,40.30012617460121,760631448.722,290623785.939,38.2082263923351
20230908,ALL,全A,5168,100.0,552916963.89,225216720.26,40.73246707344752,675898860.356,265524665.152,39.28467419106856
20230911,ALL,全A,5169,100.0,661372757.79,260110730.33,39.328915088545386,832210823.598,323918098.017,38.92260096024284
20230912,ALL,全A,5170,100.0,559330774.54,228595792.98,40.86951825026967,701048164.792,280687792.999,40.03830365667952
20230913,ALL,全A,5170,100.0,581364742.95,229082917.74,39.40433617931009,688703057.816,258494840.062,37.533569385002174
20230914,ALL,全A,5171,100.0,576476601.48,249919333.85,43.35290161098942,656920828.497,262582275.092,39.97167751443874
20230915,ALL,全A,5172,100.0,601013332.58,243704140.58,40.5488742710314,713108985.595,278157198.759,39.00626753804157
20230918,ALL,全A,5173,100.0,572249283.9,219206751.29,38.30616436879738,690564338.407,263732019.617,38.19079627328851
20230919,ALL,全A,5173,100.0,546961506.95,225144139.87,41.1627028610226,626258860.45,238281478.931,38.04840042658753
20230920,ALL,全A,5175,100.0,499695650.01,211543713.2,42.33451165639856,564900986.945,219016103.577,38.77070648459034
20230921,ALL,全A,5176,100.0,503183056.7,213997321.71,42.52872167704688,570647196.82,230236667.372,40.34658693760724
20230922,ALL,全A,5177,100.0,626942393.32,270034961.73,43.07173427849063,755796066.253,326548704.388,43.20592802327302
20230925,ALL,全A,5178,100.0,581496680.56,240332355.05,41.32996164630764,709495766.832,293978609.97,41.434864549320224
20230926,ALL,全A,5179,100.0,521151852.79,220191066.8,42.25084600989163,659172156.28,288227836.928,43.72572994505671
20230927,ALL,全A,5179,100.0,564075480.39,226254783.48,40.110728323728615,708639329.786,289800700.028,40.89537340744495
20230928,ALL,全A,5179,100.0,569057297.04,229754055.0,40.37450291826241,709481958.747,287254189.017,40.48787787702356
20231009,ALL,全A,5179,100.0,625890163.66,244270190.06,39.02764482374802,759332781.463,299845685.771,39.48804701850088
20231010,ALL,全A,5182,100.0,625365933.93,261788633.77,41.86167163357241,763910801.796,315877702.348,41.35007668504655
20231011,ALL,全A,5182,100.0,642923658.02,258483427.46,40.20437329309775,827801885.992,343014193.905,41.43674950606659
20231012,ALL,全A,5182,100.0,654506003.27,283813499.75,43.36300940434917,821353610.708,354730771.907,43.18855694823391
20231013,ALL,全A,5183,100.0,635391510.17,271481194.17,42.72660081614323,797181317.44,338075835.145,42.40890092992493
20231016,ALL,全A,5183,100.0,659119756.43,279103719.63,42.34491788589582,800786730.411,331907066.166,41.44762313876633
20231017,ALL,全A,5185,100.0,609866200.6,266935463.12,43.76951253527133,725079036.924,305812310.979,42.17641048848224
20231018,ALL,全A,5184,100.0,631706708.39,277568142.52,43.939400806336906,755268004.717,338027634.034,44.75598488521428
20231019,ALL,全A,5187,100.0,667055670.11,302474323.58,45.34468967636852,800611132.594,369803034.803,46.19009401041289
20231020,ALL,全A,5188,100.0,607187146.33,262111442.91,43.16814749690784,721466357.972,316904381.093,43.92503927470711
20231023,ALL,全A,5189,100.0,635058433.11,262455100.93,41.327708955018245,711052098.474,294078913.492,41.358279389531
20231024,ALL,全A,5189,100.0,684709952.9,291062050.83,42.50880969339565,794185079.293,342051971.398,43.06955397632272
20231025,ALL,全A,5190,100.0,742590476.89,316554605.32,42.628422417392684,861498002.301,365399495.202,42.41443325765631
20231026,ALL,全A,5190,100.0,699925458.34,299014944.21,42.72096987573049,831030033.583,355351552.018,42.76037419320404
20231027,ALL,全A,5191,100.0,772078476.06,292374186.85,37.86845455684986,952936718.4,371199195.013,38.953184177460486
20231030,ALL,全A,5191,100.0,824313545.09,312270051.77,37.88243607423748,1024357017.542,393137690.224,38.37897173461603
20231031,ALL,全A,5194,100.0,747646606.95,295502014.39,39.52429017172843,903888908.054,356401689.596,39.42981116598766
20231101,ALL,全A,5197,100.0,661225584.24,259237492.2,39.20560522442013,798948143.523,318409346.667,39.85356862623884
20231102,ALL,全A,5197,100.0,643084921.27,260639917.27,40.52962659352575,752946080.413,297812309.925,39.5529398016982
20231103,ALL,全A,5199,100.0,654805239.89,251677608.55,38.43549092433638,798388128.467,303503035.053,38.01447243908321
20231106,ALL,全A,5193,100.0,855226881.69,341348749.48,39.91323902324799,1050143918.426,405511260.146,38.61482726613295
20231107,ALL,全A,5196,100.0,786930344.73,326438941.1,41.48257127026954,978932705.552,398274503.072,40.68456399640068
20231108,ALL,全A,5199,100.0,819646152.89,341775560.11,41.697939886001976,1023459713.14,413577656.762,40.40976420001267
20231109,ALL,全A,5198,100.0,754730202.34,315183097.67,41.76102886737432,951230489.718,398702591.975,41.914404162255
20231110,ALL,全A,5199,100.0,655419713.86,268817400.36,41.01454299823218,817632562.225,338980005.426,41.458721323860125
20231113,ALL,全A,5201,100.0,692015628.41,267092944.86,38.59637469079743,858769847.699,330518165.171,38.4873975322486
20231114,ALL,全A,5201,100.0,712091955.73,290144814.17,40.745413824055696,882132712.385,346607202.324,39.29195657951362
20231115,ALL,全A,5200,100.0,754722668.61,292244466.32,38.72209998120729,979084278.372,379230951.535,38.73322858023796
20231116,ALL,全A,5201,100.0,677514062.92,275899673.94,40.72235382848103,843079191.478,326225792.613,38.69456106977262
20231117,ALL,全A,5203,100.0,664611255.48,267874302.18,40.30541161788391,818182463.187,314621730.069,38.453736693827366
20231120,ALL,全A,5205,100.0,728106590.28,274764736.21,37.73688356595382,919039250.897,328337705.109,35.72618958205932
20231121,ALL,全A,5206,100.0,835474068.48,330623304.87,39.57313785591355,993443185.603,359499652.086,36.18723821310334
20231122,ALL,全A,5206,100.0,758590302.9,310783451.26,40.968550490549646,875799025.705,324745430.151,37.07990310786047
20231123,ALL,全A,5208,100.0,710699062.85,288262181.57,40.56037170135407,826607490.924,309714020.365,37.46808778841272
20231124,ALL,全A,5209,100.0,724147791.64,291441294.91,40.24610697906899,818329103.969,296525188.234,36.2354444924194
20231127,ALL,全A,5209,100.0,726438737.8,277133958.61,38.14966688716142,846974616.165,299333702.919,35.34151994712042
20231128,ALL,全A,5207,100.0,647919785.68,240693736.01,37.14869360832821,784774583.933,279837235.134,35.658294861125505
20231129,ALL,全A,5209,100.0,658058937.31,256967037.41,39.04924359213548,783352980.164,283525103.168,36.19378624290702
20231130,ALL,全A,5209,100.0,654638967.18,251689096.14,38.44700800873581,774508560.035,278652033.978,35.97791533322856
20231201,ALL,全A,5212,100.0,689595796.81,266674543.82,38.67113823106367,833243449.221,319419468.099,38.33447096375321
20231204,ALL,全A,5210,100.0,688745981.82,254407836.03,36.93783234244524,845982373.643,320023182.884,37.828587551523626
20231205,ALL,全A,5212,100.0,687665448.85,251809551.03,36.61803155169528,826268675.623,305725889.435,37.000784182516064
20231206,ALL,全A,5213,100.0,687349888.44,264173581.25,38.43363993985142,820774916.442,314546671.204,38.32313401675786
20231207,ALL,全A,5212,100.0,682222254.09,258997800.21,37.963845162962464,824037210.193,316659066.342,38.42776302150657
20231208,ALL,全A,5215,100.0,793688964.74,301070289.26,37.93303203587136,964498437.425,373655490.258,38.74091193507566
20231211,ALL,全A,5216,100.0,767324577.37,282925318.61,36.87166121795873,912713817.319,339079169.953,37.150655936053326
20231212,ALL,全A,5217,100.0,652464278.35,251591618.71,38.56021349494313,788476303.16,302942870.533,38.42130312843732
20231213,ALL,全A,5219,100.0,641472536.8,235828767.81,36.76365772203391,773426182.176,286638893.758,37.06092454118301
20231214,ALL,全A,5220,100.0,633139489.05,235544065.85,37.20255487513885,745836701.935,275417093.151,36.92726469969331
20231215,ALL,全A,5220,100.0,639996506.99,243825176.29,38.09789172705747,737330421.342,277066196.444,37.57693815748407
20231218,ALL,全A,5220,100.0,638686298.43,241011938.97,37.73557371787191,697827211.079,249120362.204,35.69943364902654
20231219,ALL,全A,5218,100.0,578346149.53,221322786.06,38.26822159010839,648796365.168,241686175.816,37.25146884160141
20231220,ALL,全A,5221,100.0,585528129.82,221551668.92,37.83792061162087,672867027.109,249595856.469,37.09438067449947
20231221,ALL,全A,5222,100.0,641299282.77,235458213.9,36.71580808307973,745282105.305,277035376.52,37.17188089557386
20231222,ALL,全A,5222,100.0,683876397.55,264546465.67,38.68337416201856,782393559.65,291060427.784,37.2012811447738
20231225,ALL,全A,5223,100.0,538756963.12,202550435.04,37.59588254173244,616004866.329,223828972.536,36.335585118000665
20231226,ALL,全A,5225,100.0,537334567.7,201012589.62,37.40920493546725,620009985.288,228924410.747,36.92269740473012
20231227,ALL,全A,5227,100.0,568905245.04,229411733.06,40.32512181248566,644996968.39,250040705.118,38.76618300115977
20231228,ALL,全A,5226,100.0,738107821.11,277215790.99,37.55762817593645,892030373.619,341609263.475,38.29569861944036
20231229,ALL,全A,5229,100.0,676834189.45,247059285.56,36.502187597934736,831867621.177,302605942.594,36.37669442715492
20240102,ALL,全A,5229,100.0,687815857.72,251936700.63,36.62851005865582,801176126.248,282476018.908,35.257668027487
20240103,ALL,全A,5230,100.0,647802604.57,242163554.67,37.38230642507896,748057180.835,262774535.614,35.12760018167121
20240104,ALL,全A,5230,100.0,587500803.0,227232949.07,38.67789591259504,681538151.315,253703372.511,37.22511674826856
20240105,ALL,全A,5232,100.0,659520177.46,247364041.04,37.50666764930064,745683826.515,259945502.339,34.86001614838175
20240108,ALL,全A,5232,100.0,596768645.04,224426202.34,37.60690247473663,662082362.908,233310045.33,35.238825016460936
20240109,ALL,全A,5232,100.0,600418490.02,228679265.87,38.08664617613336,679109193.734,245584646.898,36.162762802206
20240110,ALL,全A,5234,100.0,565462751.61,211448230.08,37.39383884755613,647557935.051,239682256.776,37.01325299289603
20240111,ALL,全A,5236,100.0,618879926.32,234395383.13,37.87412923921574,710618437.592,266617788.854,37.51912063490224
20240112,ALL,全A,5234,100.0,608622885.16,226338392.03,37.18861014739829,677870746.616,241840571.996,35.67650222454543
20240115,ALL,全A,5235,100.0,541526030.11,195642647.6,36.128022795184776,608606659.812,212690614.43,34.94713884591743
20240116,ALL,全A,5237,100.0,631775130.3,233733781.3,36.99635678742387,686634401.462,246929739.919,35.962331539641866
20240117,ALL,全A,5237,100.0,578218795.21,216727284.47,37.481881645042,639950560.323,240099769.816,37.51848731796021
20240118,ALL,全A,5240,100.0,812189858.8,291799145.85,35.92745497723026,866178687.821,327980468.324,37.865220298721866
20240119,ALL,全A,5241,100.0,586694089.65,222902832.71,37.99302509472621,671838538.808,271725087.943,40.444998648798034
20240122,ALL,全A,5242,100.0,752594751.13,256842012.72,34.12753176053366,795989567.008,289436169.981,36.361804473009016
20240123,ALL,全A,5242,100.0,668248241.62,232475378.18,34.788775143862985,704903923.95,270865158.516,38.42582645847392
20240124,ALL,全A,5244,100.0,755843968.88,280458739.04,37.10537499632103,768641928.978,293300966.291,38.158335530951085
20240125,ALL,全A,5245,100.0,851989567.54,328868665.47,38.6000812685491,891066442.776,345608737.968,38.7859671711238
20240126,ALL,全A,5245,100.0,808487983.9,323808139.35,40.051076305179954,827564289.569,318452942.311,38.480749631772056
20240129,ALL,全A,5246,100.0,783194442.42,317513224.88,40.54079136451899,804139369.901,317186506.575,39.44422054774532
20240130,ALL,全A,5246,100.0,656334698.77,252624537.87,38.49019994576387,663017864.232,251352196.759,37.91032041801034
20240131,ALL,全A,5246,100.0,784226283.08,269116930.99,34.31623458640789,757056996.149,267778654.463,35.37100321708105
20240201,ALL,全A,5246,100.0,730963050.54,252456499.44,34.53751858640425,702546635.452,258639152.853,36.814517329030885
20240202,ALL,全A,5247,100.0,872421702.81,295325162.34,33.851193911015905,805054040.108,285322355.543,35.44139167411958
20240205,ALL,全A,5247,100.0,994666213.12,320815606.32,32.25359443080789,877053275.516,316706963.411,36.11034497587056
20240206,ALL,全A,5249,100.0,1067384644.08,328445280.25,30.771032923477502,926254867.449,325869132.685,35.18136790821696
20240207,ALL,全A,5250,100.0,1139697106.04,359805265.35,31.570253486049648,1022834077.77,347001861.294,33.92552798500215
20240208,ALL,全A,5252,100.0,1123280269.14,331826067.11,29.54080795561832,1013833030.455,321543157.189,31.71559295564616
20240219,ALL,全A,5252,100.0,985635411.97,308742245.73,31.32418356529151,953944815.233,334475613.008,35.062364999206444
20240220,ALL,全A,5252,100.0,769072687.59,266631346.09,34.66919972486966,788925174.097,309553664.107,39.23739212166903
20240221,ALL,全A,5252,100.0,955680160.83,331871275.34,34.72618653627513,977954890.122,376521852.651,38.50094277907122
20240222,ALL,全A,5252,100.0,784280552.38,269371918.16,34.34637226978998,819836450.417,319008748.302,38.9112667703101
20240223,ALL,全A,5251,100.0,870137900.74,294926042.35,33.894172647712864,918767198.072,345191323.885,37.57114148277949
20240226,ALL,全A,5250,100.0,936219469.73,311459673.57,33.26780564175012,984857272.935,345479078.959,35.079101150304595
20240227,ALL,全A,5251,100.0,879250363.44,305910704.22,34.79221811443418,989609841.597,378168370.751,38.21388539757489
20240228,ALL,全A,5251,100.0,1264760087.45,401586906.48,31.752022416336413,1351981480.625,474879789.035,35.124725881265064
20240229,ALL,全A,5251,100.0,944255053.78,310897241.79,32.92513400330027,1050860505.506,398167546.998,37.88966707872214
20240301,ALL,全A,5252,100.0,895263679.17,314068850.37,35.08115627578834,1054546034.367,425981618.162,40.3947864085136
20240304,ALL,全A,5252,100.0,891322352.54,317542772.67,35.62603044399132,1074637577.585,445154404.637,41.423677519018256
20240305,ALL,全A,5252,100.0,873894829.57,330338537.84,37.800720025148,1065846306.152,463769061.968,43.5118139727232
20240306,ALL,全A,5251,100.0,786842717.65,289563683.7,36.80070707965839,930282498.123,379291821.111,40.77168192202739
20240307,ALL,全A,5251,100.0,864131828.36,307980812.79,35.64048941172599,978174564.158,382361101.503,39.08925006981055
20240308,ALL,全A,5253,100.0,728637509.51,267003782.34,36.64425435900999,855043771.32,351423174.513,41.10002157789884
20240311,ALL,全A,5252,100.0,825473433.68,291202064.58,35.27697593874188,1000683796.944,416229769.018,41.59453468609455
20240312,ALL,全A,5254,100.0,953607073.42,345235875.18,36.203157967552826,1139743076.857,469642397.64,41.20598818947022
20240313,ALL,全A,5256,100.0,868270423.36,315928487.77,36.3859552588964,1048858184.739,419396692.021,39.98602462404043
20240314,ALL,全A,5256,100.0,851040104.5,310675533.06,36.50539280314257,1002647324.375,403530285.019,40.24648300642906
20240315,ALL,全A,5255,100.0,819060791.47,304994845.14,37.237143850166966,943696079.811,381419189.962,40.41758762401442
20240318,ALL,全A,5254,100.0,946042319.14,338390168.89,35.769030839721175,1133643505.933,447303424.789,39.4571505458292
20240319,ALL,全A,5256,100.0,896024477.7,330664113.29,36.90346876893138,1073678423.848,422230025.16,39.32555742777736
20240320,ALL,全A,5257,100.0,838202809.55,311801121.21,37.19876832402822,994080045.872,383773395.063,38.605884572037326
20240321,ALL,全A,5257,100.0,901411479.98,331847321.19,36.81418847665029,1061385943.978,403551019.669,38.021138489597774
20240322,ALL,全A,5257,100.0,933390573.36,340726808.1,36.50420497321488,1089550898.817,420100219.085,38.55719081514518
20240325,ALL,全A,5258,100.0,892075857.36,323863837.22,36.304517664948285,1036767254.841,400119450.237,38.59298684142593
20240326,ALL,全A,5258,100.0,807306327.02,285001753.57,35.30280192675109,950163759.19,381250109.321,40.12467384001362
20240327,ALL,全A,5259,100.0,789988163.98,282596785.65,35.77228097016836,883503243.128,336875604.829,38.12952668247242
20240328,ALL,全A,5260,100.0,812937821.83,296910762.78,36.52318231566908,926058028.58,366968234.203,39.6269156875301
20240329,ALL,全A,5260,100.0,764969323.13,287181494.44,37.54157006779682,852620217.108,327475106.161,38.40808599070778
20240401,ALL,全A,5262,100.0,872440826.37,320277195.64,36.71047777218202,993711277.595,378476519.719,38.08717162141869
20240402,ALL,全A,5263,100.0,871156123.94,319556120.53,36.68184286930514,960991510.116,356149935.303,37.06067447567872
20240403,ALL,全A,5262,100.0,833492112.31,310240661.8,37.221787371229794,911744309.944,342527312.602,37.56835209896054
20240408,ALL,全A,5265,100.0,861932589.1,324003866.8,37.590395223170944,926091792.746,353228847.299,38.14188291763432
20240409,ALL,全A,5266,100.0,728551487.81,275351882.76,37.79443009411703,791192747.227,298731491.94,37.757106973870094
20240410,ALL,全A,5266,100.0,776940085.03,276374171.22,35.57213439557935,828797180.445,303971229.846,36.676190148570605
20240411,ALL,全A,5267,100.0,745773427.28,277671099.87,37.23263523651247,810873209.224,310749897.563,38.32287144625058
20240412,ALL,全A,5267,100.0,733983478.21,269816169.98,36.76052363440297,807324276.428,312936310.185,38.76215782455896
20240415,ALL,全A,5267,100.0,979186132.47,331678669.94,33.87289289967164,991979069.475,350123459.256,35.295448263974066
20240416,ALL,全A,5267,100.0,960710355.49,325301267.5,33.860493502652375,944072768.801,337133408.307,35.710532010701804
20240417,ALL,全A,5266,100.0,899661705.57,309238867.53,34.37279430873131,915259571.74,334152981.007,36.5090943951279
20240418,ALL,全A,5266,100.0,881104193.75,334600747.92,37.9751623353342,947740723.722,373849907.622,39.44643279163986
20240419,ALL,全A,5266,100.0,794552954.5,304430309.31,38.31466582382458,858174667.638,342550003.386,39.91611688198845
20240422,ALL,全A,5265,100.0,755440503.33,281279925.01,37.23389516052042,819222982.861,321480903.515,39.242173405863376
20240423,ALL,全A,5264,100.0,704760186.79,260413977.39,36.95072200036131,773131540.467,301358768.734,38.97897743920371
20240424,ALL,全A,5264,100.0,704920366.68,250648155.96,35.55694626053872,792930722.137,307586423.082,38.79108407516794
20240425,ALL,全A,5263,100.0,690894706.89,242687045.37,35.12648786418321,770541129.224,290833788.005,37.744096580268746
20240426,ALL,全A,5256,100.0,953024638.86,358625546.65,37.63024921149833,1082347273.605,435412420.551,40.228532114351935
20240429,ALL,全A,5253,100.0,1064208040.97,387673217.2,36.42833001399286,1207286429.927,466571226.723,38.646274418176944
20240430,ALL,全A,5242,100.0,948148934.84,354019729.2,37.33798733420934,1027583100.488,384159172.583,37.38473048073314
20240506,ALL,全A,5265,100.0,966260111.79,350546222.88,36.2786602285188,1101300565.488,417706814.442,37.92850267509932
20240507,ALL,全A,5265,100.0,864716483.2,326396795.63,37.74610545437096,967169061.331,357907843.092,37.00571672541447
20240508,ALL,全A,5263,100.0,784876100.9,281760645.1,35.898741823953024,863420177.101,300088562.106,34.75579677945107
20240509,ALL,全A,5266,100.0,802586271.9,294026569.82,36.63488650558863,899840586.434,320871914.339,35.65875102506668
20240510,ALL,全A,5266,100.0,843978328.09,321841752.24,38.13388822060838,910878127.655,326038428.078,35.79385849535832
20240513,ALL,全A,5265,100.0,834708222.46,307822797.16,36.87789204385742,908455538.261,327364304.478,36.03525882011277
20240514,ALL,全A,5268,100.0,749566424.65,279575267.64,37.29826449611105,821866957.226,303202977.413,36.89197804427902
20240515,ALL,全A,5269,100.0,716354246.81,281749625.04,39.3310469358785,757496839.687,287691575.345,37.97924430468581
20240516,ALL,全A,5269,100.0,800185054.2,319921204.71,39.98090229638783,842668733.477,334599934.333,39.70717329838281
20240517,ALL,全A,5270,100.0,847910166.95,348417894.97,41.09136893867976,883220477.272,352383150.458,39.89752949868244
20240520,ALL,全A,5266,100.0,933029645.51,374121277.62,40.09746950918188,991269391.73,386147350.483,38.95483444808897
20240521,ALL,全A,5269,100.0,766790158.47,310897869.19,40.545365085324526,797042840.809,304116537.763,38.15560747704868
20240522,ALL,全A,5270,100.0,781678089.42,323553496.1,41.39216647866829,829553935.985,322856375.31,38.91927472161833
20240523,ALL,全A,5270,100.0,811452790.39,307137348.52,37.85030406665849,850251766.871,313926536.116,36.92159761940593
20240524,ALL,全A,5270,100.0,700989498.62,270824902.52,38.634659014601255,763301939.917,292049718.44,38.2613620072493
20240527,ALL,全A,5268,100.0,711460822.73,266279745.33,37.42718317338092,772699779.186,289463828.64,37.46135775332244
20240528,ALL,全A,5268,100.0,703992660.07,283089544.09,40.21200221914978,740539544.704,284762147.266,38.453334369850815
20240529,ALL,全A,5267,100.0,679313565.62,276838013.0,40.75261072511246,707024911.811,275043584.892,38.90154085058943
20240530,ALL,全A,5268,100.0,681282833.04,269311294.75,39.53002801322428,722016810.763,283274900.873,39.23383730825406
20240531,ALL,全A,5268,100.0,653215881.22,249063356.75,38.12879691241258,712901132.666,264244601.003,37.066093585069495
20240603,ALL,全A,5269,100.0,786435913.12,286357354.64,36.4120394125879,828401614.737,310211340.908,37.44697443721009
20240604,ALL,全A,5267,100.0,709172197.12,263526276.97,37.15970226134068,744192483.758,276802192.462,37.19497287371312
20240605,ALL,全A,5270,100.0,659664180.5,252521027.32,38.280239367946095,686258589.394,259610116.318,37.82978025051001
20240606,ALL,全A,5270,100.0,848513015.39,290942776.03,34.2885460509141,843673410.337,310292524.893,36.77874887263018
20240607,ALL,全A,5267,100.0,691175407.61,255161584.92,36.91705204071389,713959490.52,292920463.419,41.02760272934483
20240611,ALL,全A,5267,100.0,649085240.7,253697748.18,39.08542858044377,700317422.335,296307294.616,42.310427409909565
20240612,ALL,全A,5271,100.0,622526854.74,242184456.62,38.90345529288837,690097692.108,285293956.133,41.34109697737572
20240613,ALL,全A,5272,100.0,654965753.01,251031177.47,38.32737457131858,750450475.776,307007419.43,40.90975078835687
20240614,ALL,全A,5274,100.0,719259812.31,292677723.33,40.69151623945539,844535406.633,373097911.221,44.177888610788926
20240617,ALL,全A,5273,100.0,637230945.97,246404894.88,38.66806790196288,749114176.463,316729151.046,42.28049087810098
20240618,ALL,全A,5273,100.0,631723714.92,241049941.41,38.15749444209578,733968440.14,303719129.184,41.380407191086775
20240619,ALL,全A,5274,100.0,606109126.58,226493893.37,37.36850072659402,703905719.715,289421381.147,41.11649799694511
20240620,ALL,全A,5274,100.0,655785667.82,234963510.51,35.82931467396642,722590118.2870001,275536813.699,38.1318269826604
20240621,ALL,全A,5274,100.0,555284328.18,210070523.4,37.83116373705831,618964552.604,255604770.128,41.29554253998296
20240624,ALL,全A,5275,100.0,663560481.76,232835087.27,35.088751315093084,694881562.201,268340637.676,38.61674453212508
20240625,ALL,全A,5270,100.0,612249815.4,232159387.23,37.91906202181927,648020601.659,266403424.317,41.1103325472955
20240626,ALL,全A,5277,100.0,628629907.47,231943784.85,36.89671491823971,641752774.344,245662813.413,38.27997684374901
20240627,ALL,全A,5275,100.0,599867630.31,230549593.49,38.433411279561206,624684855.079,249408607.849,39.92550897003239
20240628,ALL,全A,5277,100.0,663463849.6,258911277.25,39.02417251612077,700434749.162,285531450.44,40.76488934645373
20240701,ALL,全A,5275,100.0,626781312.95,237154605.31,37.83689787971047,656356352.718,262686193.82,40.02188639329917
20240702,ALL,全A,5276,100.0,635969428.43,246617757.29,38.77824094450867,643249806.286,256858328.14,39.93134947417245
20240703,ALL,全A,5277,100.0,579506990.58,227760115.26,39.30239306208301,579680364.71,231304882.579,39.9021420528391
20240704,ALL,全A,5278,100.0,600338516.22,225392235.38,37.5441903676563,581036027.144,222180049.549,38.23860125181814
20240705,ALL,全A,5278,100.0,567214408.23,226553759.05,39.94146759370306,572336882.487,242755958.331,42.41487238707073
20240708,ALL,全A,5275,100.0,588089529.69,225282487.51,38.30751546091176,579531190.343,238800467.111,41.205800669617815
20240709,ALL,全A,5277,100.0,689879052.54,252033563.76,36.53300717452742,721654911.892,304034186.392,42.13013469206464
20240710,ALL,全A,5279,100.0,633686062.57,243666325.53,38.45221473576018,674999380.071,292317101.938,43.30627709721045
20240711,ALL,全A,5279,100.0,736078922.81,269497072.02,36.61252396566228,784416040.531,327560388.838,41.75850211021467
20240712,ALL,全A,5279,100.0,651715777.21,257786327.35,39.5550232731184,684369499.553,299158872.995,43.71306336568146
20240715,ALL,全A,5280,100.0,578364208.21,228772864.1,39.55515587799551,599258793.881,256623936.378,42.82355786821545
20240716,ALL,全A,5280,100.0,564114452.27,228427418.35,40.49309806384266,640263845.141,301604117.448,47.1062234322446
20240717,ALL,全A,5278,100.0,612604716.01,243743218.56,39.78800883994847,681669212.201,310696834.743,45.5788275576962
20240718,ALL,全A,5278,100.0,613555018.16,228748359.85,37.282452767805104,676325049.957,300463892.418,44.42595944614252
20240719,ALL,全A,5277,100.0,591047649.46,233777680.16,39.55310208467739,671455391.805,308383643.886,45.92764428579626
20240722,ALL,全A,5278,100.0,589126878.36,233188124.87,39.58198707876724,656103192.926,295323295.03,45.01171434831115
20240723,ALL,全A,5278,100.0,638463339.89,250085718.46,39.16994177035865,661295908.247,282401649.446,42.70427896561556
20240724,ALL,全A,5278,100.0,639818345.01,257982354.57,40.3211875029885,626063947.654,263851381.77,42.14447785385334
20240725,ALL,全A,5277,100.0,575618146.11,233160946.01,40.50618410585047,587711267.601,260612206.257,44.34357832219254
20240726,ALL,全A,5280,100.0,600216288.65,246084372.14,40.9992825575411,606137234.261,264532903.478,43.64241107882399
20240729,ALL,全A,5279,100.0,571703191.65,225120358.6,39.37713867755001,584211828.201,247668444.607,42.39360325340569
20240730,ALL,全A,5280,100.0,595291149.1,236260705.37,39.68826106808313,598884485.057,254741408.201,42.53598390961063
20240731,ALL,全A,5280,100.0,891113679.58,347480970.35,38.994011461452914,902193326.686,367444634.776,40.72792647732427
20240801,ALL,全A,5279,100.0,762845465.48,298826525.18,39.17261604117572,780309986.253,313196158.061,40.13740226047195
20240802,ALL,全A,5281,100.0,717964358.86,290319837.89,40.436525059680726,719729929.255,300205457.804,41.71084813921047
20240805,ALL,全A,5281,100.0,797166835.83,313886643.66,39.37527623476524,787325960.598,327391413.575,41.58270271265225
20240806,ALL,全A,5283,100.0,685646900.02,286414647.98,41.77290788766717,651186733.957,272355287.724,41.824452729404726
20240807,ALL,全A,5283,100.0,607818063.12,248775643.82,40.92929429293463,589756476.457,243322538.882,41.25813765433757
20240808,ALL,全A,5284,100.0,666273666.65,273461017.46,41.0433476734796,617623363.376,246500703.098,39.91116879882893
20240809,ALL,全A,5284,100.0,639901451.81,277564112.78,43.376071736498346,560651843.836,228642865.892,40.78161311797663
20240812,ALL,全A,5284,100.0,573477324.76,234812628.41,40.94540765116894,494576959.527,187662276.548,37.943998994105
20240813,ALL,全A,5284,100.0,532453848.91,220618514.86,41.434298073276,476034117.964,191860740.289,40.30398936731452
20240814,ALL,全A,5285,100.0,519388956.96,211984130.77,40.81413898569385,476299621.363,189761742.599,39.84083423286574
20240815,ALL,全A,5286,100.0,663165462.14,271178919.88,40.89159272633408,589387708.805,229187977.302,38.88577482667309
20240816,ALL,全A,5287,100.0,649498607.96,272711906.35,41.98806633420764,588875750.876,231742141.404,39.35331707227967
20240819,ALL,全A,5286,100.0,624704967.37,268011380.51,42.90207289984014,567211071.443,228041764.27,40.20403968664712
20240820,ALL,全A,5287,100.0,637569530.43,268963627.96,42.185771923354174,555367345.736,218859584.399,39.40807576811282
20240821,ALL,全A,5288,100.0,565441399.33,247876356.97,43.83767394175814,508541140.739,212187001.647,41.72464814521295
20240822,ALL,全A,5288,100.0,599052673.71,250647805.77,41.84069561324385,548112969.834,229093454.481,41.79675853143607
20240823,ALL,全A,5287,100.0,561035265.19,226253911.57,40.327930454314114,508209480.049,210563029.363,41.43233009795452
20240826,ALL,全A,5289,100.0,561950672.64,224298644.77,39.91429420597766,524855981.926,218290590.641,41.59056925291499
20240827,ALL,全A,5288,100.0,559546625.56,224235654.93,40.0745254616776,509896566.643,207002536.907,40.59696621803912
20240828,ALL,全A,5288,100.0,547532864.71,219620640.6,40.1109512789377,494857878.154,203059095.854,41.03382098542805
20240829,ALL,全A,5288,100.0,642810821.47,262515348.14,40.83866347173056,605439488.654,251261898.187,41.50074497875915
20240830,ALL,全A,5288,100.0,905752769.64,362956393.77,40.07234710574061,874008229.893,360092342.799,41.20010893296556
20240902,ALL,全A,5287,100.0,760340402.03,308736925.84,40.60509279997704,702322146.774,279500544.731,39.79662979657402
20240903,ALL,全A,5289,100.0,635438332.7,263313373.24,41.43806876131821,578294670.098,231460183.46,40.02460949895593
20240904,ALL,全A,5290,100.0,608447853.32,255852077.15,42.04995970549346,557219817.656,228415410.208,40.9919753336936
20240905,ALL,全A,5290,100.0,583140952.1,239590426.29,41.08619458592128,533537020.025,212855408.121,39.895152563364064
20240906,ALL,全A,5291,100.0,607597506.16,254431171.73,41.87495326272786,540988123.677,220307291.84,40.72312906660696
20240909,ALL,全A,5288,100.0,582260318.02,247315803.77,42.47512600738576,516415057.172,220853564.118,42.7666778980926
20240910,ALL,全A,5288,100.0,597218674.1,235917205.53,39.50265049657462,524772038.138,207962176.836,39.62905065862368
20240911,ALL,全A,5292,100.0,541393135.25,229656131.31,42.41947604377202,496826481.285,217078293.123,43.69297960155932
20240912,ALL,全A,5292,100.0,561803985.17,229499956.65,40.85053910405319,511717926.477,215172744.825,42.0490926136572
20240913,ALL,全A,5293,100.0,589960904.67,243825355.8,41.32907009090474,524036679.69,226120942.573,43.149831173414135
20240918,ALL,全A,5289,100.0,567632864.32,224113043.13,39.48204151260303,476822197.09,190426987.066,39.93668672057584
20240919,ALL,全A,5293,100.0,710264053.64,278345947.3,39.18907987438158,622016014.975,252430010.779,40.58255811775934
20240920,ALL,全A,5293,100.0,652719379.6,281013352.62,43.05270555812374,570230088.473,242886464.085,42.59446651358182
20240923,ALL,全A,5294,100.0,607392112.56,258407816.12,42.54382149133913,546811631.915,232136584.389,42.45275170464641
20240924,ALL,全A,5295,100.0,1045572893.33,416006309.48,39.7874038370562,966114011.643,406851636.433,42.11217636116228
20240925,ALL,全A,5298,100.0,1263247749.81,504735273.9,39.955366948084034,1152002389.761,467869352.25,40.6135747988393
20240926,ALL,全A,5299,100.0,1258126920.94,530076508.46,42.13219665182566,1156459036.808,488207185.773,42.21569205948919
20240927,ALL,全A,5299,100.0,1424828953.86,537624238.45,37.73254586057673,1445399075.066,597699273.12,41.351851086019806
20240930,ALL,全A,5296,100.0,2404839518.42,845091558.8,35.141287072462625,2595024448.915,968235447.668,37.311226415335966
20241008,ALL,全A,5292,100.0,2882884078.68,1013677788.86,35.161933716188045,3463396309.36,1265241603.856,36.53181706166926
20241009,ALL,全A,5292,100.0,2254726055.02,849489417.23,37.67594805314231,2951131981.569,1293299475.957,43.82384400406938
20241010,ALL,全A,5293,100.0,1783898617.68,734735373.28,41.18705883832904,2148443032.565,956331865.964,44.51278677015918
20241011,ALL,全A,5294,100.0,1362612433.81,535150795.19,39.27388169309927,1577034339.838,677075198.567,42.93344675275443
20241014,ALL,全A,5295,100.0,1383441914.27,565466053.95,40.87385586032205,1631233086.191,720993820.836,44.199313202967936
20241015,ALL,全A,5296,100.0,1352494137.38,554326170.73,40.985476787634695,1635760303.46,734901338.7,44.92720217904291
20241016,ALL,全A,5299,100.0,1204261546.92,495434745.02,41.14012826259511,1374662601.287,618661811.806,45.00462958887442
20241017,ALL,全A,5302,100.0,1281891852.46,532437422.2,41.53528405522135,1500107945.589,668591257.672,44.56954312107756
20241018,ALL,全A,5301,100.0,1636514089.55,632769789.38,38.665709841459154,2105947666.844,934418925.733,44.37047227927236
20241021,ALL,全A,5301,100.0,1632111333.12,602601942.67,36.9216198945231,2207916191.514,936062075.734,42.395724952409935
20241022,ALL,全A,5300,100.0,1504114684.18,561576229.0,37.33599803968107,1943116104.222,807676620.711,41.566050477173306
20241023,ALL,全A,5297,100.0,1570528879.02,618729716.03,39.39626480578208,1949787465.382,816022383.632,41.851863247675865
20241024,ALL,全A,5299,100.0,1272437480.95,509349923.32,40.029465568691045,1550032562.799,667025854.535,43.03302205022749
20241025,ALL,全A,5299,100.0,1474061549.12,540531913.59,36.66956199438837,1817983495.025,723671397.58,39.80626884459413
20241028,ALL,全A,5296,100.0,1632048538.7,592220516.75,36.28694261885925,1889962388.358,707489013.002,37.43402606105123
20241029,ALL,全A,5298,100.0,1749433247.95,633212098.77,36.1952706404776,2094926886.176,814354229.713,38.87268023942789
20241030,ALL,全A,5296,100.0,1595046059.11,632606917.36,39.66073040630441,1877346735.271,768430488.112,40.93172953482539
20241031,ALL,全A,5300,100.0,1885591699.4,747629033.28,39.649571724244296,2245994657.54,953928868.787,42.47244603118612
20241101,ALL,全A,5299,100.0,2017476714.73,873390378.91,43.29122475284114,2247477870.386,949279821.219,42.23756032160455
20241104,ALL,全A,5299,100.0,1479134746.84,647148158.38,43.75180555811816,1709087792.524,746193378.276,43.66033047219964
20241105,ALL,全A,5302,100.0,1891682934.45,772277081.83,40.82486910284132,2332458600.129,990254185.369,42.45538100072741
20241106,ALL,全A,5303,100.0,2106549791.53,867426820.3,41.17760822876077,2604129348.334,1096284127.61,42.09791377342109
20241107,ALL,全A,5303,100.0,2181502312.6,927684481.2,42.525028547613566,2544636612.679,1068413863.15,41.98689344586499
20241108,ALL,全A,5305,100.0,2203404935.05,913554488.15,41.46103485645817,2709539006.47,1111806836.667,41.03306259892037
20241111,ALL,全A,5301,100.0,1927598859.63,775844727.65,40.24928339078403,2527271610.199,1037869111.209,41.06678154499101
20241112,ALL,全A,5302,100.0,1944056978.18,744010682.32,38.271032725415935,2569472498.671,1038464356.129,40.41546880404914
20241113,ALL,全A,5302,100.0,1570560407.12,627710605.95,39.967301041356215,2026356546.102,856399466.662,42.263019719279534
20241114,ALL,全A,5303,100.0,1459489420.15,584815223.05,40.069850111684616,1857647535.903,771271379.789,41.51871465832651
20241115,ALL,全A,5305,100.0,1467309596.46,604813577.7,41.21922048074656,1850630739.231,786556081.865,42.50205430997222
20241118,ALL,全A,5303,100.0,1612367666.3,696613802.16,43.20440162128548,1784515136.525,718174910.93,40.24482035655396
20241119,ALL,全A,5306,100.0,1394378437.25,613039031.96,43.965039589183455,1586504981.453,662889600.535,41.78301412756314
20241120,ALL,全A,5308,100.0,1376855295.15,548995063.91,39.8731127260683,1639028707.768,641066108.0879999,39.11256130229667
20241121,ALL,全A,5308,100.0,1348269748.33,549839396.36,40.78111201716456,1644434816.429,668501820.7870001,40.65237576510916
20241122,ALL,全A,5310,100.0,1556357635.51,617693277.27,39.68838929926213,1820301697.404,708172564.899,38.90413143650589
20241125,ALL,全A,5309,100.0,1306191091.66,529963789.44,40.57322032157519,1511993044.123,609793483.012,40.33044235105579
20241126,ALL,全A,5310,100.0,1182899193.99,481795170.09,40.73002776042748,1326087279.321,513590691.618,38.729780432022174
20241127,ALL,全A,5309,100.0,1303107643.73,518063440.53,39.755997366963584,1477722803.124,576754584.593,39.02995767363839
20241128,ALL,全A,5307,100.0,1362040872.4,552904187.0,40.593802888289886,1515907251.526,585260881.542,38.6079610710248
20241129,ALL,全A,5313,100.0,1472133582.95,580995020.63,39.46618889474333,1736040000.337,681731490.427,39.26934231323371
20241202,ALL,全A,5311,100.0,1604305641.66,626795154.32,39.06955994192262,1813581197.372,664261694.798,36.62707221273354
20241203,ALL,全A,5311,100.0,1596378338.13,678476453.04,42.50098092879212,1742410336.834,649281564.768,37.26341327541477
20241204,ALL,全A,5311,100.0,1544881410.91,666587330.32,43.14812293115444,1685792468.849,645967277.925,38.3183155614667
20241205,ALL,全A,5315,100.0,1381198431.97,599320666.19,43.391351475485706,1516242359.356,577712446.856,38.101589979412935
20241206,ALL,全A,5313,100.0,1717486151.63,756217851.84,44.030506512224434,1805827184.243,686098007.835,37.99355851000833
20241209,ALL,全A,5311,100.0,1640378279.94,759795911.11,46.318335252390135,1649143009.412,603532102.735,36.59671109724976
20241210,ALL,全A,5314,100.0,1953400832.89,822490346.79,42.10555933741204,2213435640.223,823937416.691,37.22436748185683
20241211,ALL,全A,5315,100.0,1687151679.61,751128036.33,44.52048060691437,1788956407.391,650356411.7870001,36.35395525011561
20241212,ALL,全A,5316,100.0,1730203584.14,732562834.6,42.33969004081802,1875213907.064,657136616.377,35.04328833641549
20241213,ALL,全A,5316,100.0,1841537961.79,772037788.36,41.923533719042574,2076432042.746,761588575.522,36.67775105776296
20241216,ALL,全A,5320,100.0,1539647787.95,655543039.67,42.57746770401548,1705991151.919,626041448.155,36.69664097910423
20241217,ALL,全A,5317,100.0,1417393824.13,581465277.08,41.02355091302199,1515416603.941,561313307.323,37.04019778213105
20241218,ALL,全A,5319,100.0,1246829455.69,547155812.08,43.88377332465264,1366910279.022,540283110.112,39.52586489426086
20241219,ALL,全A,5318,100.0,1270912324.89,550380364.34,43.305927054223545,1455680537.113,595511566.939,40.90949571394677
20241220,ALL,全A,5322,100.0,1218945366.05,497258044.7,40.79412076616426,1525073638.908,615277659.669,40.34412791434504
20241223,ALL,全A,5320,100.0,1343495975.19,522719287.59,38.90739512755711,1537093832.769,589746656.704,38.367641853171705
20241224,ALL,全A,5320,100.0,1130231366.57,449371836.88,39.75927851336698,1313761947.24,523561618.827,39.85209192022327
20241225,ALL,全A,5317,100.0,1130475065.08,455892999.3,40.32755903976864,1287205440.198,510983099.012,39.6970897616312
20241226,ALL,全A,5322,100.0,1008150590.13,401946809.06,39.86971916647585,1279396760.611,535890034.691,41.88614909694437
20241227,ALL,全A,5320,100.0,1172460167.74,471737814.3,40.23486914777736,1439967098.345,594527354.957,41.28756522564364
20241230,ALL,全A,5317,100.0,1058191616.1,416797562.61,39.38772111483184,1281968014.569,520089951.49,40.56965115973312
20241231,ALL,全A,5320,100.0,1143326140.05,453778971.88,39.68937261070191,1351834842.35,539020828.903,39.87327534523212
20250102,ALL,全A,5319,100.0,1233822029.67,489704149.06,39.69001503328458,1401744588.95,553033969.878,39.45326233021233
20250103,ALL,全A,5322,100.0,1193790111.61,462859059.11,38.77223094818294,1274719186.454,475120700.071,37.27257776614202
20250106,ALL,全A,5322,100.0,1011617031.59,405347687.24,40.06928260222136,1065588683.882,407387478.03,38.231212867789125
20250107,ALL,全A,5324,100.0,993406610.79,418350525.44,42.11271808502558,1084052586.072,443557635.92,40.916616188076695
20250108,ALL,全A,5324,100.0,1151016541.21,481386817.16,41.822754054771856,1252164933.535,501137416.215,40.021677879145976
20250109,ALL,全A,5325,100.0,984953825.15,429563460.44,43.6125480678834,1124732146.799,474447548.406,42.18315887531826
20250110,ALL,全A,5326,100.0,1015599089.0,431813681.38,42.51812413549733,1158330892.166,484553060.356,41.83200703988122
20250113,ALL,全A,5326,100.0,872503098.39,359702370.73,41.22648634643779,971769556.777,404147076.404,41.58877725542322
20250114,ALL,全A,5329,100.0,1156874589.0,455721663.27,39.3924862386272,1365803294.433,557580896.106,40.82439238349284
20250115,ALL,全A,5331,100.0,1028316271.57,433807429.11,42.18618737284754,1205073812.672,507939232.107,42.15005145458689
20250116,ALL,全A,5331,100.0,1105012129.39,471104951.13,42.63346424894576,1285981815.561,550759453.3,42.82793478380059
20250117,ALL,全A,5331,100.0,953648091.46,401137467.4,42.0634687986292,1144862397.192,475088937.229,41.49747064749869
20250120,ALL,全A,5330,100.0,982283655.74,388712737.82,39.572351178658735,1189813938.646,480880175.848,40.41641808258174
20250121,ALL,全A,5332,100.0,974297656.05,403950161.46,41.46065208631372,1211651329.692,525410176.252,43.36314939592057
20250122,ALL,全A,5336,100.0,889636980.01,368212450.82,41.38906757404139,1141166520.916,512334509.941,44.8956835440419
20250123,ALL,全A,5337,100.0,1094403563.68,449086890.87,41.03485275211617,1360711245.622,583888561.561,42.91054133929028
20250124,ALL,全A,5334,100.0,977026497.59,389994689.39,39.91649053039886,1225682305.245,516192852.04,42.11473477516011
20250127,ALL,全A,5335,100.0,911259395.14,356074098.17,39.07494398071968,1121707000.341,473156920.057,42.18186388363091
20250205,ALL,全A,5337,100.0,983289652.08,389098385.67,39.57108516772463,1294294160.899,578536175.929,44.69897133176868
20250206,ALL,全A,5339,100.0,1167116795.7,471307913.78,40.382240707736905,1548429240.885,676244977.834,43.672966124528514
20250207,ALL,全A,5339,100.0,1482616712.13,594189699.25,40.07709439591827,1983784406.566,863559314.263,43.53090544540832
20250210,ALL,全A,5341,100.0,1359524041.88,566737304.22,41.68644957806665,1750990907.9,742658874.386,42.41363396207959
20250211,ALL,全A,5340,100.0,1285012360.37,554347833.11,43.13949423415538,1669965556.317,712735368.975,42.67964487524469
20250212,ALL,全A,5340,100.0,1272833544.06,539328284.91,42.37225577742761,1703911168.736,733019402.475,43.01981323467528
20250213,ALL,全A,5341,100.0,1403468393.56,623655308.1899999,44.43671913466129,1844928451.543,813541707.761,44.096111536498725
20250214,ALL,全A,5340,100.0,1309644073.26,578720497.03,44.18914335934296,1733772594.913,763643836.774,44.04521325429759
20250217,ALL,全A,5344,100.0,1449879976.39,606433304.4,41.82644869059678,1960688224.406,849369961.074,43.31999093488312
20250218,ALL,全A,5343,100.0,1398510178.33,577254379.26,41.27638026555628,1816320913.54,755113783.356,41.57380877613126
20250219,ALL,全A,5343,100.0,1250053853.57,520566631.01,41.64353635831974,1740438118.081,755872289.73,43.430000864576655
20250220,ALL,全A,5342,100.0,1286996148.31,515168761.04,40.028772558215216,1783628638.249,736271069.623,41.279392684892194
20250221,ALL,全A,5344,100.0,1513830510.93,616292792.42,40.71081854740722,2221702410.091,967303406.869,43.53883771631592
20250224,ALL,全A,5341,100.0,1479142229.77,583333644.54,39.437292290052845,2106522158.848,887306209.956,42.12185503148202
20250225,ALL,全A,5339,100.0,1335217241.94,525716546.3,39.37310946765199,1917348455.343,813694060.096,42.438507086623225
20250226,ALL,全A,5340,100.0,1392910100.63,542067780.21,38.91620715255262,1961791864.26,790662701.114,40.3030879839153
20250227,ALL,全A,5338,100.0,1468106157.79,573068165.89,39.03451823624682,2033412253.564,814687778.255,40.06505699112816
20250228,ALL,全A,5339,100.0,1392290273.94,515319722.32,37.01237679853299,1897778765.599,738156216.817,38.8957991414776
20250303,ALL,全A,5337,100.0,1228772297.4,444743793.84,36.19415857446071,1657002058.168,629360326.743,37.98186753242949
20250304,ALL,全A,5339,100.0,1071485771.41,404855367.74,37.78448380207969,1473764776.521,568087723.694,38.5467024822672
20250305,ALL,全A,5338,100.0,1138256506.8,431131620.36,37.87649073687685,1538889387.18,594197950.506,38.612128685536135
20250306,ALL,全A,5336,100.0,1361663484.45,503445470.44,36.972825972736615,1942559489.042,760832912.501,39.16651802906769
20250307,ALL,全A,5336,100.0,1334211461.46,513202845.46,38.46488058934921,1848974156.739,717692930.19,38.81573615154152
20250310,ALL,全A,5336,100.0,1128339484.62,421755266.74,37.37840184526007,1536450936.217,568641878.789,37.01009029218282
20250311,ALL,全A,5339,100.0,1119824576.07,425557245.39,38.00213484182352,1512461191.258,562091258.369,37.16401198377042
20250312,ALL,全A,5338,100.0,1249766167.26,462313922.15,36.99203373088437,1715726068.358,629456497.931,36.68747065977777
20250313,ALL,全A,5340,100.0,1250439803.13,459518715.03,36.74856749439436,1639692569.465,584293468.673,35.63433045644914
20250314,ALL,全A,5340,100.0,1342713617.49,478404102.25,35.6296455192213,1830791397.375,695632749.69,37.99628677999048
20250317,ALL,全A,5337,100.0,1223649635.52,439095181.76,35.88406101011119,1612750509.12,575383835.878,35.67717589448843
20250318,ALL,全A,5343,100.0,1133659684.33,408663509.42,36.04816463606737,1557502811.059,564885725.253,36.26868094503885
20250319,ALL,全A,5341,100.0,1106450661.85,400834045.29,36.22701482412241,1501245754.872,546760762.048,36.42047015111248
20250320,ALL,全A,5343,100.0,1118104943.72,399988984.73,35.773832051865675,1471425048.659,524643107.894,35.65544221040273
20250321,ALL,全A,5344,100.0,1256939465.09,456253053.22,36.29872924606844,1572691723.279,545930672.299,34.713139531297095
20250324,ALL,全A,5344,100.0,1242223616.44,435109898.06,35.02669666729975,1465578336.795,476385702.541,32.504963438718946
20250325,ALL,全A,5347,100.0,1062154520.12,392222188.44,36.92703660439985,1280433159.587,444715947.434,34.731679986907075
20250326,ALL,全A,5348,100.0,993061458.28,374341677.93,37.69572112670312,1173911412.067,410089307.688,34.93358216578906
20250327,ALL,全A,5350,100.0,988743907.33,354737585.77,35.877600169282644,1211927498.807,412006856.788,33.9959987040126
20250328,ALL,全A,5350,100.0,967690213.71,346018570.12,35.757163317112536,1141544590.948,377864249.191,33.101137895734865
20250331,ALL,全A,5352,100.0,1031622498.94,364725095.11,35.35451150830443,1236068080.301,425621626.027,34.433509999170525
20250401,ALL,全A,5353,100.0,923243437.19,323184812.83,35.00537342714842,1146854313.419,387774521.175,33.81201227023922
20250402,ALL,全A,5355,100.0,803315040.4,298924231.74,37.211332628747336,986853537.669,340397494.025,34.49321312958322
20250403,ALL,全A,5355,100.0,927375571.23,334572406.63,36.077336627085046,1155282820.278,411815730.291,35.64631301207294
20250407,ALL,全A,5353,100.0,1400276121.92,518867078.68,37.05462590967781,1614173647.367,624234696.102,38.67209064651973
20250408,ALL,全A,5353,100.0,1488499581.64,505195068.78,33.939886514673105,1649160279.585,590094129.47,35.781490542477364
20250409,ALL,全A,5356,100.0,1569720856.17,556616041.16,35.459555689289935,1736387699.339,627915802.062,36.16218902616231
20250410,ALL,全A,5356,100.0,1401163269.05,505228457.44,36.05778631226531,1653922045.654,598014872.755,36.15737962538197
20250411,ALL,全A,5356,100.0,1124409789.38,403357321.8,35.87280416887969,1387119985.922,512272354.314,36.93064475410175
20250414,ALL,全A,5355,100.0,1101437296.21,400462568.42,36.35818124172616,1308641440.156,467307641.607,35.70937212192313
20250415,ALL,全A,5354,100.0,949029778.87,346312857.42,36.49125297547051,1107348764.795,384343255.794,34.70841960664057
20250416,ALL,全A,5358,100.0,990952408.17,361826808.25,36.513035870026144,1137855387.559,403783094.051,35.486327917049394
20250417,ALL,全A,5358,100.0,881158266.89,325091685.12,36.89367703118685,1026092240.311,361682807.278,35.248566655993514
20250418,ALL,全A,5357,100.0,853073903.31,324483873.89,38.0370179688975,945653733.841,325579189.497,34.42900692355772
20250421,ALL,全A,5359,100.0,922045532.87,340427074.91,36.92085290521083,1070514796.696,370113754.244,34.573436573348296
20250422,ALL,全A,5356,100.0,981324897.31,361751488.66,36.86358000817368,1117740269.976,386624388.638,34.58982368473684
20250423,ALL,全A,5357,100.0,1039288406.75,381564760.82,36.71403994712173,1259194243.325,454292843.58,36.07805912298364
20250424,ALL,全A,5359,100.0,978294986.21,352906228.9,36.07360089487829,1135317934.719,381623753.374,33.6138223226831
20250425,ALL,全A,5359,100.0,995985220.36,371701151.91,37.31994655258521,1134131568.809,394047379.943,34.74441509081755
20250428,ALL,全A,5356,100.0,971724616.34,347123724.18,35.722438059400126,1074855724.7,355649799.423,33.08814301773053
20250429,ALL,全A,5333,100.0,901342938.39,323639486.9,35.90636517085189,1039626137.44,348820439.619,33.552488443388285
20250430,ALL,全A,5338,100.0,1000225459.22,355636946.66,35.55567831050154,1191298844.928,411852885.437,34.57175226774367
20250506,ALL,全A,5359,100.0,1115676923.03,382835482.72,34.31418852693306,1362135661.688,460337872.242,33.79530286076904
20250507,ALL,全A,5361,100.0,1228873407.59,428093865.62,34.83628687673815,1501413684.182,512778772.979,34.153063767922966
20250508,ALL,全A,5362,100.0,1070548609.51,377638308.44,35.27521357604196,1317805570.522,460143363.799,34.91739404445917
20250509,ALL,全A,5362,100.0,1001567001.32,360753387.57,36.018897097702954,1218132527.344,420713988.79,34.537620443263194
20250512,ALL,全A,5362,100.0,1015877420.27,350788725.21,34.53061542767309,1335833289.408,488932610.381,36.60131951028708
20250513,ALL,全A,5364,100.0,1045887120.86,364200533.99,34.82216452675404,1321964016.044,459946829.946,34.79268908713558
20250514,ALL,全A,5364,100.0,1096055707.69,416023366.47,37.956407101496055,1347097394.335,498330340.133,36.99289615054172
20250515,ALL,全A,5363,100.0,1006916221.09,383439897.37,38.08061577902889,1187781302.288,418664493.705,35.247607694996944
20250516,ALL,全A,5364,100.0,946152901.68,358095600.1,37.84754022993127,1121677313.925,383289881.032,34.17113605434195
20250519,ALL,全A,5361,100.0,966156747.84,342719313.88,35.47243391366924,1116547172.792,358078044.396,32.070122348758645
20250520,ALL,全A,5367,100.0,1017964951.11,368789392.65,36.22810316287099,1208576822.603,393906699.885,32.59260747997917
20250521,ALL,全A,5363,100.0,1004012739.25,370707646.44,36.92260386226967,1211620198.189,409786901.897,33.82139902500021
20250522,ALL,全A,5360,100.0,960360116.59,335647891.46,34.950211453158026,1136326619.971,363210225.329,31.963541022938408
20250523,ALL,全A,5362,100.0,968671015.22,328955024.85,33.95941652856097,1179758231.64,389281830.847,32.996746316900314
20250526,ALL,全A,5359,100.0,838703934.71,300512370.23,35.83056640051518,1031537769.067,361710658.377,35.065188035156304
20250527,ALL,全A,5359,100.0,849729802.89,301765738.66,35.513140486972475,1021518453.286,348039218.049,34.07077149996013
20250528,ALL,全A,5357,100.0,882804610.84,334489732.31,37.88944101591503,1030661314.652,358322425.342,34.766263198981775
20250529,ALL,全A,5360,100.0,1012626689.97,353311960.72,34.89064274322724,1209828025.133,395461493.065,32.68741381830081
20250530,ALL,全A,5359,100.0,988413049.09,356943531.3,36.1127902579419,1161750090.002,388187462.612,33.414024750480685
20250603,ALL,全A,5355,100.0,963797795.26,344213123.24,35.714246798742984,1159507824.066,393579607.722,33.94367847746383
20250604,ALL,全A,5361,100.0,980551747.72,349317614.7,35.62459763212302,1173328839.384,389201225.578,33.17068604418957
20250605,ALL,全A,5363,100.0,1041672425.94,361692693.17,34.722306568075886,1312404502.165,451524922.481,34.40440212877544
20250606,ALL,全A,5365,100.0,949795485.01,332973077.94,35.05734478580873,1173842300.784,396305358.415,33.761379884700936
20250609,ALL,全A,5361,100.0,1049513321.54,373836006.74,35.61993917251598,1309273700.588,445428308.283,34.02102311250553
20250610,ALL,全A,5367,100.0,1198973740.89,415203752.38,34.629928764894686,1447746691.818,465005752.985,32.1192758106787
20250611,ALL,全A,5370,100.0,1048478694.19,387361232.4,36.94507428205349,1284072235.521,454155076.56,35.36834330630402
20250612,ALL,全A,5370,100.0,1023002209.66,366346910.59,35.81095985235039,1300831612.417,453426565.604,34.85666870914324
20250613,ALL,全A,5369,100.0,1217586654.92,423082209.56,34.7476056714664,1501119505.084,495121378.785,32.98347514026166
20250616,ALL,全A,5371,100.0,980899325.29,359029242.05,36.6020480179099,1241785739.559,446783399.276,35.97910533540737
20250617,ALL,全A,5376,100.0,995653382.54,373655040.49,37.52862663277183,1235259812.949,440918424.078,35.69438748479743
20250618,ALL,全A,5376,100.0,975673925.08,370183157.14,37.94127808731251,1219908137.221,449916892.752,36.88121088993872
20250619,ALL,全A,5375,100.0,1033609360.2,363464490.51,35.16458968982932,1278774821.288,435512568.654,34.057017811419335
20250620,ALL,全A,5376,100.0,871778925.81,314361400.93,36.05976143985311,1090025271.302,379360199.647,34.80288114732115
20250623,ALL,全A,5371,100.0,928996318.89,345762998.49,37.21898477521749,1145316234.601,408636509.076,35.67892401510914
20250624,ALL,全A,5374,100.0,1134663735.44,408579385.42,36.00885202007104,1445636200.175,503836598.976,34.85224006669234
20250625,ALL,全A,5374,100.0,1238870741.4,459235613.21,37.06888845328896,1636914428.957,609850271.404,37.25608746650129
20250626,ALL,全A,5377,100.0,1227042570.72,464559019.84,37.860057256807934,1620418782.202,609494496.345,37.61339371275079
20250627,ALL,全A,5374,100.0,1230235139.28,496197114.85,40.333518285000494,1573596473.409,608803534.214,38.6886692046979
20250630,ALL,全A,5372,100.0,1136450859.36,419648318.85,36.926217741286926,1514749076.018,539245265.564,35.59964314232017
20250701,ALL,全A,5373,100.0,1145920349.62,417997453.7,36.477007659268175,1493955439.482,518556688.074,34.71031828458012
20250702,ALL,全A,5372,100.0,1182378227.92,450692964.26,38.11749519887929,1402635386.263,466182905.28,33.23621447495613
20250703,ALL,全A,5372,100.0,1081423756.02,411900092.43,38.08868541467312,1331069178.313,465553752.821,34.97592464811212
20250704,ALL,全A,5374,100.0,1173410945.89,445560060.15,37.971357068946965,1452040140.7,523040176.074,36.02105488777001
20250707,ALL,全A,5374,100.0,1017918193.4,395068368.27,38.81140653851683,1224780553.188,438650867.27,35.8146499083635
20250708,ALL,全A,5373,100.0,1163887209.67,422669502.53,36.31533184816427,1472687788.375,516794908.414,35.09195312770565
20250709,ALL,全A,5376,100.0,1232261566.05,466622196.53,37.86713871355673,1525418935.991,530239695.285,34.76026701743582
20250710,ALL,全A,5376,100.0,1270973605.6,521488505.77,41.0306322233825,1512806243.065,567976806.674,37.54458373487794
20250711,ALL,全A,5380,100.0,1409100166.56,578824389.49,41.07759002705032,1732843021.104,671375999.477,38.744190402732734
20250714,ALL,全A,5377,100.0,1222387099.33,479821400.13,39.25281937227527,1478092158.6,521730659.872,35.29757308002811
20250715,ALL,全A,5378,100.0,1303209956.11,469620382.5,36.03566564989938,1632454513.549,580244740.567,35.544312919661834
20250716,ALL,全A,5378,100.0,1090920246.56,404249920.19,37.055863750326544,1458915146.836,533985251.445,36.60152906103363
20250717,ALL,全A,5379,100.0,1110943303.76,402817628.16,36.25906261792652,1557436568.758,571438859.712,36.69098768932221
20250718,ALL,全A,5378,100.0,1136987216.21,417622387.25,36.73061414376234,1589618280.551,591291010.614,37.19704396007853
20250721,ALL,全A,5379,100.0,1369927907.79,492808698.75,35.973330855417835,1723531309.413,588203906.8,34.12783415001206
20250722,ALL,全A,5377,100.0,1511561897.43,565184636.23,37.39077024837308,1925818999.927,661216776.201,34.33431574961427
20250723,ALL,全A,5381,100.0,1547206269.78,625465201.5600001,40.425456758841605,1895159476.504,680382765.944,35.901082435505735
20250724,ALL,全A,5380,100.0,1521869157.42,637252350.88,41.87300516427598,1870795543.366,687058093.626,36.725450627801976
20250725,ALL,全A,5382,100.0,1426562841.69,587333231.37,41.17121336724336,1812128141.001,661676654.381,36.51378947271891
20250728,ALL,全A,5383,100.0,1282087553.01,477539626.72,37.24703711527845,1763521754.363,643752354.033,36.503794321807455
20250729,ALL,全A,5387,100.0,1303821012.23,484038715.06,37.12462911087165,1826837545.596,673855671.549,36.88645841407626
20250730,ALL,全A,5387,100.0,1355243380.81,508159701.07,37.49582608300834,1867952119.01,673246834.911,36.041974955322495
20250731,ALL,全A,5383,100.0,1398685685.39,526116058.23,37.61503129155864,1958538212.476,734346941.917,37.494644589478426
20250801,ALL,全A,5384,100.0,1137108998.39,429135837.8,37.73919988388106,1616635994.877,600382828.459,37.13778675976341
20250804,ALL,全A,5381,100.0,1049966618.35,372921248.17,35.5174385216206,1515713175.909,527436182.827,34.797888624982576
20250805,ALL,全A,5383,100.0,1136108507.61,410851145.65,36.1630198962506,1611764031.509,553170261.311,34.320796996139634
20250806,ALL,全A,5385,100.0,1203177087.55,420869709.65,34.97986406198997,1752277287.719,579516476.748,33.07219016131725
20250807,ALL,全A,5385,100.0,1241662581.6,441013869.8,35.51801240814649,1843874905.079,642800564.874,34.86139776095382
20250808,ALL,全A,5387,100.0,1207949696.57,433501730.59,35.88739927009691,1731101021.429,593459799.66,34.28221648035925
20250811,ALL,全A,5388,100.0,1264138400.62,434272988.81,34.35327877050564,1845169872.492,629286519.856,34.104530387010655
20250812,ALL,全A,5390,100.0,1241516822.44,438075018.78,35.28546781339898,1899538867.052,692404403.501,36.45118378522999
20250813,ALL,全A,5387,100.0,1410800870.65,504368433.87,35.75050486307268,2172718863.338,807041601.751,37.14431790365748
20250814,ALL,全A,5389,100.0,1522447992.28,549046280.68,36.06338498681684,2303938315.019,867939607.486,37.67199850048252
20250815,ALL,全A,5388,100.0,1484420411.53,576211382.84,38.817263516748326,2270869434.02,884503179.437,38.94997951825046
20250818,ALL,全A,5386,100.0,1791285459.65,654305826.81,36.52716674972872,2807100462.977,1051335465.883,37.45271962115786
20250819,ALL,全A,5389,100.0,1655277225.17,611190762.98,36.92377045284542,2638950510.563,1004532478.413,38.06560503473369
20250820,ALL,全A,5387,100.0,1584488875.27,584684060.04,36.90048375633869,2446405371.31,921435040.97,37.66485521067142
20250821,ALL,全A,5390,100.0,1615902753.05,595504746.09,36.85275892784952,2457953549.266,924743905.616,37.62251348859499
20250822,ALL,全A,5391,100.0,1597735067.3,589314093.32,36.88434368007441,2576904307.585,1037673934.264,40.26823701639421
20250825,ALL,全A,5391,100.0,1965145866.85,722774843.49,36.77970453402325,3174741533.364,1241876607.244,39.11740827380333
20250826,ALL,全A,5392,100.0,1709954650.93,627618276.5,36.703796569029166,2707557127.938,1051027385.609,38.8182902869877
20250827,ALL,全A,5393,100.0,2008900896.01,743317329.12,37.00119456347238,3194637949.936,1260945936.707,39.470699230010126
20250828,ALL,全A,5394,100.0,1856241269.4,669632398.82,36.074642335500265,2998415315.365,1204787977.959,40.18082391005731
20250829,ALL,全A,5391,100.0,1648571984.65,636887790.65,38.63269524049412,2828343658.222,1210575105.374,42.80155637575568
20250901,ALL,全A,5391,100.0,1662467907.94,642394864.57,38.64103851279784,2776224058.636,1164947563.881,41.96158304504269
20250902,ALL,全A,5392,100.0,1765908018.47,679959242.52,38.50479387420888,2910689275.277,1222677885.275,42.00647233836536
20250903,ALL,全A,5394,100.0,1512533339.27,617601924.45,40.832285042263976,2394342116.627,1040585256.12,43.46017425387445
20250904,ALL,全A,5393,100.0,1623239199.59,661246732.79,40.73624718753827,2580645661.572,1138857747.406,44.13072915683685
20250905,ALL,全A,5394,100.0,1458647774.11,585684923.39,40.1525943264376,2347225148.509,1029535659.024,43.86181954798754
20250908,ALL,全A,5396,100.0,1497613483.52,579041333.91,38.66427087375159,2461883309.462,1036118389.88,42.086413515124114
20250909,ALL,全A,5397,100.0,1369915331.5,538763509.89,39.32823419824614,2150995638.371,895703306.526,41.641335321550784
20250910,ALL,全A,5399,100.0,1259818719.0,516283494.96,40.98077661282949,2002996711.14,879605241.418,43.91446259127281
20250911,ALL,全A,5397,100.0,1457471886.45,568954326.45,39.03707040523547,2462955300.871,1091173046.473,44.30340437307642
20250912,ALL,全A,5400,100.0,1574824701.28,644136040.06,40.90207878606764,2546731058.497,1110737906.31,43.6142600375527
20250915,ALL,全A,5398,100.0,1451108347.7,610655832.35,42.08202876910512,2302115340.492,998934459.569,43.3920248042616
20250916,ALL,全A,5398,100.0,1571132453.42,674786929.86,42.94907971578981,2366080394.554,1004958577.137,42.47356004682301
20250917,ALL,全A,5397,100.0,1525671917.67,643416687.34,42.17267683098103,2402053913.662,1024249283.319,42.640561791450494
20250918,ALL,全A,5396,100.0,1960029972.82,797017400.05,40.66353122668264,3165432119.585,1360892260.708,42.99230592524657
20250919,ALL,全A,5398,100.0,1507907426.18,648965621.45,43.03749754015288,2347940151.808,1024182701.531,43.62047732529902
20250922,ALL,全A,5394,100.0,1295775314.79,537310400.16,41.46632475762816,2141089586.818,958704145.141,44.77646106185529
20250923,ALL,全A,5400,100.0,1569038457.68,644251058.16,41.06024648449967,2517184146.169,1122495719.828,44.593309612900974
20250924,ALL,全A,5398,100.0,1333983001.54,549569193.71,41.19761594229887,2345773223.362,1080145519.89,46.04645961223473
20250925,ALL,全A,5402,100.0,1335246289.94,551174433.06,41.27885897999891,2390489336.975,1118521634.77,46.79048835187076
20250926,ALL,全A,5402,100.0,1249990295.02,499814339.69,39.98545762165321,2165122884.513,978227897.085,45.18117212109337
20250929,ALL,全A,5397,100.0,1287442678.27,528022514.55,41.0132834231913,2177093958.297,1013220964.616,46.54006597898868
20250930,ALL,全A,5400,100.0,1232173338.5,516873589.83,41.9481231803978,2196404799.696,1023850178.147,46.61482156152222
20251009,ALL,全A,5396,100.0,1526632617.79,627988161.55,41.135513170096864,2670784174.722,1233319903.419,46.178194220705805
20251010,ALL,全A,5399,100.0,1503687354.5,617915071.4,41.09332099859725,2533177793.482,1162831569.376,45.90406454564804
20251013,ALL,全A,5401,100.0,1457532329.67,591833241.17,40.605153595735125,2373313828.138,1057179528.156,44.544447330230135
20251014,ALL,全A,5402,100.0,1587707195.51,664994943.4,41.88397868829912,2595544008.261,1179128887.949,45.42896919474733
20251015,ALL,全A,5402,100.0,1314248338.87,551855184.19,41.99017551465875,2089377143.831,925879060.301,44.31363973874743
20251016,ALL,全A,5406,100.0,1229999391.83,502565353.0,40.85899199123021,1947391516.757,847911508.203,43.54088537958874
20251017,ALL,全A,5409,100.0,1288967209.1,516457159.54,40.06751730329957,1953269274.113,825091463.668,42.24156262544408
20251020,ALL,全A,5408,100.0,1135991814.71,464771577.63,40.91328578354664,1750576071.595,765101888.329,43.7057206906692
20251021,ALL,全A,5407,100.0,1240744594.27,499541211.89,40.2614054654744,1891617956.825,843765724.465,44.60550405649695
20251022,ALL,全A,5407,100.0,1143094363.18,462000253.39,40.41663298074107,1689272924.168,716997549.346,42.44415091771717
20251023,ALL,全A,5409,100.0,1184299887.95,475823044.81,40.17758083500628,1659659925.919,664851711.991,40.05951469984751
20251024,ALL,全A,5410,100.0,1224487901.13,465064900.33,37.98035896482292,1990437272.28,875713718.217,43.99604702005456
20251027,ALL,全A,5409,100.0,1366113160.2,516594481.85,37.81491145099358,2355558821.469,1067993971.312,45.33930384493501
20251028,ALL,全A,5410,100.0,1264852102.52,483119395.28,38.19572219688514,2164228156.95,966261127.239,44.64691599802171
20251029,ALL,全A,5410,100.0,1355024797.31,535245608.96,39.500798068239895,2289435687.186,1029959386.712,44.98747846365354
20251030,ALL,全A,5409,100.0,1455742972.45,575133471.32,39.50789955400276,2463142182.162,1107788937.585,44.97462410442943
20251031,ALL,全A,5410,100.0,1431154903.97,567768885.5,39.6720776992776,2348460192.343,1017894753.129,43.3430703423366
20251103,ALL,全A,5412,100.0,1364996325.18,532288996.92,38.99563589299831,2131323257.165,873328933.618,40.97590220920626
20251104,ALL,全A,5412,100.0,1303828372.78,527717622.27,40.47446989858104,1936542757.936,792471477.264,40.921971591715824
20251105,ALL,全A,5412,100.0,1324352217.17,537482578.68,40.58456441659781,1893143633.131,774037491.071,40.88635841068478
20251106,ALL,全A,5412,100.0,1342957698.74,546507540.84,40.69432278862904,2074871304.506,889123576.479,42.8519867496403
20251107,ALL,全A,5414,100.0,1303988373.33,508952941.56,39.03048155715416,2019048383.492,841229998.057,41.66467752506601
20251110,ALL,全A,5417,100.0,1398166143.98,545972518.2,39.04918743389411,2193452299.241,930294080.962,42.41232331717036
20251111,ALL,全A,5418,100.0,1322298918.09,514624354.2,38.91891214305395,2012652529.882,816726758.618,40.57962050040918
20251112,ALL,全A,5420,100.0,1323361365.33,526332062.32,39.772361209045215,1963785889.1,799938036.43,40.7344833706189
20251113,ALL,全A,5419,100.0,1368715045.37,541609318.87,39.57064114273608,2064406977.781,855377241.247,41.434525771969255
20251114,ALL,全A,5417,100.0,1398594499.24,569402585.89,40.712485727594014,1979339184.711,777727873.249,39.29229912974995
20251117,ALL,全A,5416,100.0,1346620289.2,538196727.45,39.96647991764121,1929236701.59,762920042.611,39.54517566363068
20251118,ALL,全A,5419,100.0,1388748489.52,572103382.96,41.19560793601576,1944574428.818,805876082.366,41.44228528479868
20251119,ALL,全A,5421,100.0,1229770008.48,494615979.89,40.22020186533473,1741211904.478,709175265.674,40.7288316746608
20251120,ALL,全A,5420,100.0,1209713319.53,507382000.73,41.942333984313656,1720941973.035,728045552.942,42.30506108570537
20251121,ALL,全A,5423,100.0,1445221002.68,553267979.35,38.282586422701215,1981292760.151,781534205.506,39.445670080904
20251124,ALL,全A,5419,100.0,1195851655.22,473894143.58,39.62817139662845,1738731867.11,730034403.133,41.986600518595935
20251125,ALL,全A,5417,100.0,1180765232.48,464733031.27,39.35863103742528,1824742954.674,775023224.253,42.473008171798206
20251126,ALL,全A,5415,100.0,1148296307.75,451078359.29,39.28240091391167,1796170026.624,797357997.527,44.39212244431436
20251127,ALL,全A,5415,100.0,1085642861.84,429281514.81,39.54168814617663,1722388533.07,767327339.667,44.550188586039255
20251128,ALL,全A,5414,100.0,1064508514.23,419661263.09,39.42300671907327,1596606089.271,670669378.022,42.005938880530216
20251201,ALL,全A,5414,100.0,1236969797.94,498570279.37,40.30577627685809,1888535583.824,789728174.256,41.81696024265106
20251202,ALL,全A,5417,100.0,1103819055.45,465493823.61,42.17120743763837,1606539868.004,675206835.525,42.02863862718151
20251203,ALL,全A,5423,100.0,1181420703.97,504232515.74,42.68018277025252,1682778644.884,712681693.566,42.35148192144592
20251204,ALL,全A,5421,100.0,1081312893.39,450806775.55,41.69068715500892,1560606947.556,660899553.959,42.34887938913809
20251205,ALL,全A,5419,100.0,1172621551.81,494268614.25,42.15073597164164,1738058913.754,753334140.942,43.34341804990305
20251208,ALL,全A,5421,100.0,1279706936.62,529992151.45,41.41511906232462,2050657169.86,918739019.078,44.80217525295674
20251209,ALL,全A,5421,100.0,1213514735.25,510380582.16,42.05804571914448,1916614691.716,874383482.73,45.6212449225848
20251210,ALL,全A,5418,100.0,1176907179.92,504718899.82,42.88519166433398,1790850418.66,786214879.843,43.90176151234807
20251211,ALL,全A,5421,100.0,1240970181.19,520668675.23,41.95658228715187,1884475745.645,837890671.525,44.46279945291708
20251212,ALL,全A,5423,100.0,1283028405.01,512757039.98,39.96458987016765,2118159422.816,949136883.233,44.80951117320358
20251215,ALL,全A,5422,100.0,1134810693.09,463006164.33,40.800299745966505,1793768235.52,780705774.731,43.52322442061079
20251216,ALL,全A,5424,100.0,1185008704.07,488207890.07,41.19867545218984,1747473430.426,735113820.118,42.067238752739925
20251217,ALL,全A,5425,100.0,1173612226.02,470874451.04,40.12180860085686,1833699506.535,809917029.802,44.16847072901479
20251218,ALL,全A,5428,100.0,1057219393.17,428064758.64,40.48968089362011,1676073174.977,735247687.801,43.86727851611189
20251219,ALL,全A,5427,100.0,1177771676.99,483113061.53,41.0192460023049,1748048445.953,724071711.074,41.42171876016005
20251222,ALL,全A,5423,100.0,1182296969.95,494696872.09,41.84201471064593,1881304671.641,815736148.549,43.36012985272929
20251223,ALL,全A,5428,100.0,1202851008.67,515814854.73,42.88268879620758,1920620145.913,858537105.672,44.70103614704507
20251224,ALL,全A,5430,100.0,1119519747.8,454466469.14,40.59477021580771,1896280542.337,830950310.634,43.82000933310882
20251225,ALL,全A,5433,100.0,1134961341.68,446062152.68,39.30196882474666,1943080528.724,833336539.081,42.88739075720362
20251226,ALL,全A,5432,100.0,1303026677.49,529470641.84,40.633906502966695,2180295893.16,953746368.746,43.74389603439069
20251229,ALL,全A,5434,100.0,1282972441.84,522055952.22,40.69112750943296,2157025953.724,943486916.426,43.74017451190682
20251230,ALL,全A,5436,100.0,1246948697.89,506672412.29,40.63297978075248,2160465801.122,969607894.599,44.87957615878256
20251231,ALL,全A,5437,100.0,1208874626.54,505617434.39,41.82546504736898,2065120061.041,938333307.377,45.43722784349877
20260105,ALL,全A,5437,100.0,1433058193.7,556547943.6,38.836381247230015,2566687567.464,1142317269.692,44.505505234540855
20260106,ALL,全A,5439,100.0,1640823150.93,667391922.29,40.674214153532006,2831363055.101,1239974229.391,43.7942505167981
20260107,ALL,全A,5440,100.0,1604838174.99,647364864.74,40.338326619382286,2880806180.474,1270501036.622,44.10227405208341
20260108,ALL,全A,5439,100.0,1593416721.4,651008738.02,40.8561507656336,2825498816.295,1219218782.28,43.15056779527264
20260109,ALL,全A,5439,100.0,1751725809.03,690018301.43,39.39077096843657,3151590056.579,1340183382.725,42.52403893480192
20260112,ALL,全A,5440,100.0,2005961792.57,748863071.42,37.33187113502152,3643758415.901,1465952942.87,40.231891787137336
20260113,ALL,全A,5433,100.0,2080418665.82,810150866.44,38.9417226325778,3698009443.327,1527175149.65,41.29722146615292
20260114,ALL,全A,5434,100.0,2280547202.93,915012988.18,40.12251914822944,3986140015.136,1638866180.387,41.11411476174865
20260115,ALL,全A,5437,100.0,1662473318.65,682561813.17,41.057008585513394,2937867036.356,1234234417.012,42.01124154832036
20260116,ALL,全A,5440,100.0,1679340808.06,667107348.94,39.72435766094749,3055335336.542,1290492249.706,42.23733592419899
20260119,ALL,全A,5442,100.0,1527621625.66,597866686.22,39.13709233866699,2729466089.291,1118823205.94,40.99055160749856
20260120,ALL,全A,5447,100.0,1624972378.82,640738962.95,39.43076025792408,2802278438.817,1149027431.591,41.00332842285543
20260121,ALL,全A,5446,100.0,1467859038.78,582763109.87,39.70157177724362,2623155360.381,1095524722.518,41.76362327082603
20260122,ALL,全A,5448,100.0,1539736273.6,630082855.62,40.92147898463331,2715713980.233,1161391831.083,42.76561668631084
20260123,ALL,全A,5449,100.0,1773694011.96,715314333.15,40.329071887633546,3117253875.311,1281202396.515,41.1003545993564
20260126,ALL,全A,5446,100.0,1921497685.8,761775419.11,39.64487830193983,3279907512.912,1313566118.407,40.04887678191806
20260127,ALL,全A,5446,100.0,1673257192.53,668488944.64,39.95135640978364,2920772969.244,1218987503.58,41.73509945538552
20260128,ALL,全A,5447,100.0,1714088420.42,735566252.86,42.91297018853704,2991508660.833,1315465910.612,43.973327834046856
20260129,ALL,全A,5448,100.0,1908749500.0,834482951.89,43.718830149791785,3258503647.855,1437576991.896,44.117703929603536
20260130,ALL,全A,5447,100.0,1716349291.79,703029988.41,40.96077597799467,2861764212.195,1221094580.816,42.66929384372338
20260202,ALL,全A,5449,100.0,1552054371.26,620700159.66,39.99216594171882,2606028579.271,1131263228.196,43.40947130029
20260203,ALL,全A,5450,100.0,1427782464.84,599516234.97,41.98932608667266,2565132775.077,1186884285.213,46.26989669871463
20260204,ALL,全A,5452,100.0,1495733385.73,644580311.09,43.0945994279194,2502391460.763,1121121229.906,44.80199231355117
20260205,ALL,全A,5452,100.0,1328076140.86,548793096.14,41.32241211596703,2193621524.642,938228370.27,42.7707496361807
20260206,ALL,全A,5452,100.0,1293376473.68,528309122.93,40.84728102613619,2163170487.6,916903315.852,42.38701115367417
20260209,ALL,全A,5451,100.0,1306231232.07,528083320.12,40.42801206667981,2269906119.095,978177578.147,43.09330548599933
20260210,ALL,全A,5456,100.0,1263907162.79,543346632.77,42.9894416905269,2124404446.375,911689007.053,42.91503948829848
20260211,ALL,全A,5455,100.0,1184580672.64,508043021.19,42.88800525993359,1999983155.625,872371771.455,43.61895593977548
20260212,ALL,全A,5460,100.0,1229648343.32,504247236.78,41.00743432212116,2159905875.702,942437189.86,43.633252747816826
20260213,ALL,全A,5458,100.0,1144879030.12,471549962.33,41.18775433248828,1998110849.153,863515830.313,43.21661286605018
20260224,ALL,全A,5459,100.0,1283780732.35,520633238.15,40.5546854716354,2217786943.383,933616328.824,42.09675467742933
20260225,ALL,全A,5456,100.0,1523942811.91,659551684.99,43.279293673977534,2480232323.15,1053901165.196,42.49203412757321
20260226,ALL,全A,5456,100.0,1450821689.92,602836190.72,41.55136326596007,2556194564.27,1102649798.094,43.13637989481038
20260227,ALL,全A,5456,100.0,1467475450.02,654395747.0,44.59330116841691,2504800046.297,1083357704.428,43.25126494745935
20260302,ALL,全A,5455,100.0,1804955927.16,743413698.7,41.18736017392519,3045371163.053,1258719208.931,41.33221014902918
20260303,ALL,全A,5457,100.0,1903101806.92,769597623.83,40.439120021409934,3157178261.521,1285345891.538,40.71185676157458
20260304,ALL,全A,5459,100.0,1514257713.02,650037923.88,42.92782650474863,2387574596.136,1002961915.824,42.00756355203193
20260305,ALL,全A,5461,100.0,1457244408.8,632120631.65,43.3778045626906,2412165131.526,1048236122.324,43.45623392959245
20260306,ALL,全A,5462,100.0,1383161635.82,590451292.92,42.68852443770638,2218785085.268,919222386.397,41.42908623734371
20260309,ALL,全A,5466,100.0,1643296090.02,703746028.14,42.825272476090106,2670156548.101,1118981754.318,41.90697190072296
20260310,ALL,全A,5464,100.0,1417503529.71,618195452.17,43.61156351381174,2416418009.0,1036049933.845,42.87544332090765
20260311,ALL,全A,5467,100.0,1485284118.18,657528510.6899999,44.26954430077025,2527889468.969,1090665529.913,43.14530137893364
20260312,ALL,全A,5467,100.0,1561401936.0,712779047.29,45.64994002223396,2460212344.225,1041958632.071,42.35238614735229
20260313,ALL,全A,5466,100.0,1571967463.2,718194718.85,45.68763257911177,2416825048.633,1010952835.992,41.82978973028326
20260316,ALL,全A,5465,100.0,1490778719.14,674384012.07,45.23702970881141,2339578162.046,995572362.294,42.55349867958057
20260317,ALL,全A,5463,100.0,1438335111.93,644052898.5,44.77766642544038,2224302388.72,936872553.515,42.11983758440929
20260318,ALL,全A,5464,100.0,1295543837.41,578806258.0,44.676701882749605,2060823379.607,897446239.548,43.54794537119156
20260319,ALL,全A,5464,100.0,1352884929.08,586314229.06,43.33807084825095,2126927530.496,908966370.706,42.73612324224459
20260320,ALL,全A,5466,100.0,1404824247.49,597860259.72,42.5576552218683,2302297105.828,1029709824.309,44.72532331741234
20260323,ALL,全A,5468,100.0,1662616306.64,667501589.6899999,40.14766287472312,2447623386.646,984368760.613,40.2173294299941
20260324,ALL,全A,5466,100.0,1416731557.75,597907292.49,42.20328750490841,2095687726.684,881946037.272,42.08384799139423
20260325,ALL,全A,5467,100.0,1415102934.64,638844858.64,45.14476247641456,2192259400.891,972061093.163,44.34060553089317
20260326,ALL,全A,5466,100.0,1288088566.21,581425527.98,45.138629689940814,1956604529.106,857451015.517,43.82341974383456
20260327,ALL,全A,5462,100.0,1194636968.02,513939154.92,43.02052997504393,1863332300.008,797849839.763,42.8184409060893
20260330,ALL,全A,5460,100.0,1252576625.43,532938740.4,42.54739626943351,1927110061.872,802694022.366,41.65273370978412
20260331,ALL,全A,5465,100.0,1274123618.81,539341909.74,42.33042239996556,2005494192.959,862207183.358,42.99225529473407
20260401,ALL,全A,5468,100.0,1222821198.8,501417413.41,41.00496572205811,2024404875.24,871062771.504,43.0280909791196
20260402,ALL,全A,5468,100.0,1185337584.98,495237648.03,41.78030413490652,1857456259.05,772056289.739,41.56524741712463
20260403,ALL,全A,5469,100.0,1083128644.55,447215332.14,41.2892166032412,1668578479.567,711195910.346,42.622862457782446
20260407,ALL,全A,5468,100.0,1017003220.56,413478395.92,40.656547350196526,1623311785.62,705692556.039,43.4723977420931
20260408,ALL,全A,5474,100.0,1397481099.09,544684670.17,38.976174384375085,2450270964.561,1066069461.865,43.50822734643967
20260409,ALL,全A,5475,100.0,1198487631.54,485636466.69,40.52077417486404,2147010646.553,963032163.552,44.8545592961142
20260410,ALL,全A,5479,100.0,1218951676.2,486177396.92,39.884878655372574,2337168567.409,1090907899.382,46.676474884795645
20260413,ALL,全A,5479,100.0,1172961320.08,480043939.65,40.92581157043264,2162686660.202,992134199.191,45.87507832033016
20260414,ALL,全A,5482,100.0,1257220478.69,507373104.08,40.35673238545026,2396485984.259,1114107578.657,46.48921737806388
20260415,ALL,全A,5480,100.0,1271104533.45,514763692.93,40.49735323756901,2429086035.91,1105873208.338,45.52630874285647
20260416,ALL,全A,5484,100.0,1235927537.88,492712614.42,39.86581731685948,2354302846.325,1059074194.62,44.98462023580292
20260417,ALL,全A,5484,100.0,1254422537.4,491993025.92,39.220678140854965,2452372169.17,1109022129.213,45.222423543827205
20260420,ALL,全A,5480,100.0,1322729013.55,533752397.12,40.35236179536813,2606106164.67,1177511442.675,45.1827887381596
20260421,ALL,全A,5485,100.0,1283516414.45,525622066.41,40.951721418789525,2426318971.663,1096214268.636,45.18013836757226
20260422,ALL,全A,5484,100.0,1287223497.86,527656150.99,40.99180537546314,2578480924.347,1189721483.464,46.14040275536639
20260423,ALL,全A,5481,100.0,1438497106.72,585016906.85,40.66861894383164,2823095560.356,1309359596.726,46.38027897861475
20260424,ALL,全A,5483,100.0,1319680620.66,523232177.84,39.64839444094592,2657287077.557,1272640416.512,47.89247000297812
20260427,ALL,全A,5482,100.0,1304923626.85,487304376.04,37.34351697013264,2604527173.424,1195572945.031,45.903646436495386
20260428,ALL,全A,5477,100.0,1329469259.06,501098400.1,37.69161239984602,2550250184.98,1111886196.171,43.59910265744064
20260429,ALL,全A,5452,100.0,1357461447.74,523982320.59,38.60016219704534,2608705057.893,1166132236.666,44.70157456618964
20260430,ALL,全A,5458,100.0,1401807100.68,546455167.94,38.982194317243874,2759203388.437,1247308206.799,45.20537384181599
20260506,ALL,全A,5490,100.0,1534641861.42,572141250.36,37.2817440174999,3246596327.641,1482536833.568,45.664341481135786
20260507,ALL,全A,5493,100.0,1538608752.37,609742971.5,39.62950103857013,3168269724.249,1441163655.021,45.48740418123997
20260508,ALL,全A,5491,100.0,1532824903.97,621995187.58,40.57835868722117,3075719586.376,1368837186.893,44.50461586148194
20260511,ALL,全A,5491,100.0,1683329808.78,658199568.86,39.10104635627125,3565452832.18,1599175632.333,44.851964325530766
20260512,ALL,全A,5490,100.0,1575582664.48,633285798.12,40.19375259685327,3269736242.917,1477642633.543,45.191493250989694
20260513,ALL,全A,5493,100.0,1540840351.89,617540699.75,40.078175457471794,3264212322.031,1489452284.21,45.62976109603249
20260514,ALL,全A,5493,100.0,1646788291.3,679286203.97,41.24915191337443,3388086341.176,1551838159.811,45.80279259566801
20260515,ALL,全A,5495,100.0,1591303829.67,641288001.33,40.2995323314837,3370232295.625,1547440648.078,45.91495518237064
20260518,ALL,全A,5499,100.0,1372458342.57,531488771.72,38.7253117442355,2917073666.062,1302879641.54,44.66392661584256
20260519,ALL,全A,5493,100.0,1355344730.56,534116003.21,39.40812925057926,2908954688.629,1309837292.115,45.02776537685882
20260520,ALL,全A,5497,100.0,1356827118.02,529261726.12,39.00730749635552,2976448458.37,1351203381.706,45.39649856547367
20260521,ALL,全A,5500,100.0,1613524577.09,618487630.43,38.33146635705083,3507271827.335,1576298606.579,44.94372504274213
20260522,ALL,全A,5503,100.0,1358634889.74,554579067.62,40.81884484257054,2924652083.536,1360698409.105,46.525137699793376
20260525,ALL,全A,5503,100.0,1403752492.8,548439184.0,39.06950739628279,3226947051.729,1539065957.614,47.69418068974412
20260526,ALL,全A,5503,100.0,1485019052.55,616645978.56,41.52444896253193,3264354951.224,1584929429.556,48.55260696946318
20260527,ALL,全A,5505,100.0,1483717839.85,613174065.08,41.32686475900232,3259900444.108,1610638837.592,49.40760815266909
20260528,ALL,全A,5505,100.0,1375854472.67,564911674.46,41.05896994786996,2987324431.421,1458387978.073,48.8192029875804
20260529,ALL,全A,5505,100.0,1587682544.13,656486948.73,41.34875395318616,3340855397.812,1617177994.497,48.40610568048308
20260601,ALL,全A,5503,100.0,1441341584.71,595935708.47,41.34590403772352,2896463151.646,1401979245.441,48.40314452625728
20260602,ALL,全A,5502,100.0,1385884152.97,572655573.58,41.320594679777415,2812751459.736,1381800342.857,49.12628657871867
20260603,ALL,全A,5506,100.0,1468245196.72,637763752.21,43.43714208190418,3153055397.129,1628524151.652,51.64908149520129
20260604,ALL,全A,5506,100.0,1347170195.47,560714718.21,41.62166889495192,2779079818.398,1370719031.186,49.32276583463337
20260605,ALL,全A,5509,100.0,1491309049.61,634652476.51,42.55673742984201,3100635620.925,1551456127.068,50.03671236303349
20260608,ALL,全A,5507,100.0,1456512446.01,593892756.41,40.77498671823381,2823336324.472,1341062034.952,47.49919530762229
20260609,ALL,全A,5508,100.0,1302372288.0,540786420.99,41.52318242431768,2666663516.48219,1323131531.97198,49.61749106304305
20260610,ALL,全A,5505,100.0,1316414932.64,532529594.92,40.45301991918614,2644081359.1636,1283785638.92689,48.55318216580857
20260611,ALL,全A,5504,100.0,1246352503.46,486448622.37,39.02977857544873,2574898152.2681,1262703370.66907,49.03896371811123
20260612,ALL,全A,5505,100.0,1542895060.18,630433186.9,40.86040607495698,3236086396.53586,1605168606.40883,49.602155496439096
20260615,ALL,全A,5501,100.0,1442725795.1,579931249.3,40.196914151646055,3050712463.25269,1488209522.70257,48.78235955137611
20260616,ALL,全A,5506,100.0,1377566405.83,544907895.84,39.55583509687045,3086308852.59259,1535823528.33531,49.76247037120648
20260617,ALL,全A,5502,100.0,1361268504.58,551146817.2,40.4877373821301,3114007830.05978,1592046369.6061,51.12531684210754
20260618,ALL,全A,5499,100.0,1429084144.9,589695710.09,41.26389003715831,3331663992.09222,1726708129.21666,51.827199060740845
20260622,ALL,全A,5502,100.0,1628692467.85,640457428.52,39.32341072132871,3762050708.87187,1910313192.98695,50.77850727747892
20260623,ALL,全A,5507,100.0,1525771057.57,613722516.0,40.22376181243321,3465997084.03822,1797335116.53111,51.85622125328051
20260624,ALL,全A,5506,100.0,1442319342.87,564668846.28,39.15005709875549,3306922368.79656,1711011297.0838,51.7402922193926
20260625,ALL,全A,5505,100.0,1509202444.55,611170143.8,40.496233358688535,3618930695.68209,1924041643.52148,53.16602624684528
20260626,ALL,全A,5506,100.0,1504569613.27,620727260.78,41.25613433272285,3575371099.7354,1919493171.32254,53.686543795820086
20260629,ALL,全A,5503,100.0,1474833596.99,577952119.65,39.18761552690061,3539323131.46717,1871353887.18874,52.873213823034014
20260630,ALL,全A,5504,100.0,1349772021.61,536560859.39,39.75196187204958,3293806406.18974,1723768524.15365,52.33363202264512
20260701,ALL,全A,5507,100.0,1554274729.4,604932964.36,38.92059446874772,3682784569.17822,1896368654.93785,51.49279354564602
20260702,ALL,全A,5513,100.0,1521649595.15,597277795.09,39.25199316542531,3473909988.76995,1755063883.47237,50.521282622345865
20260703,ALL,全A,5512,100.0,1395999417.64,536920175.25,38.461346649964064,3205251744.04275,1601966979.12671,49.97944333402549
20260706,ALL,全A,5513,100.0,1365604590.33,522167648.03,38.23710404369815,3112424375.45018,1537079658.54713,49.38528533162536
20260707,ALL,全A,5513,100.0,1199064306.42,471495602.04,39.321961258919146,2598456748.94091,1301467931.98833,50.08618798518728
20260708,ALL,全A,5514,100.0,1157844786.73,452241653.83,39.05891869213546,2582584446.83044,1331996861.59238,51.5761203172704
20260709,ALL,全A,5515,100.0,1276653455.29,507367827.46,39.74201654784604,2932235797.99347,1589984014.29185,54.2242890350045
20260710,ALL,全A,5517,100.0,1465007860.71,566055335.96,38.63838216442522,3410678402.87499,1822335925.75898,53.430306540272575
20260713,ALL,全A,5520,100.0,1331832290.72,503670128.7,37.81783428810782,2834693923.73407,1453806503.54905,51.28618971440797
20260714,ALL,全A,5522,100.0,1261270448.89,492808612.49,39.07239822543242,2719472882.24695,1471188279.18058,54.09828826699013
20260715,ALL,全A,5523,100.0,1272270686.81,477136416.17,37.5027438041772,2587391091.30085,1335824444.97339,51.628238555222985
20260716,ALL,全A,5522,100.0,1208210714.52,453943612.16,37.57155988641795,2418912599.72824,1225649103.8007,50.66942492830866
20260717,ALL,全A,5521,100.0,1422184856.69,530176076.38,37.27898478780982,2671616058.85565,1330444027.19915,49.79922256377765
20260720,ALL,全A,5523,100.0,1489867064.36,553473742.63,37.14920316516662,2718075483.3334,1334423056.71953,49.0944076020662
20260721,ALL,全A,5524,100.0,1579207915.91,582343004.59,36.8756386491662,2974201586.69451,1517144748.96583,51.01015195987322
20260722,ALL,全A,5525,100.0,1302499683.13,506568715.93,38.89204139479551,2668611964.52178,1446032048.26728,54.186673352729706
20260723,ALL,全A,5525,100.0,1194297661.71,463490202.35,38.80860000063744,2209446521.89193,1147559551.97033,51.93877926439625
20260724,ALL,全A,5525,100.0,1083382827.29,421577416.34,38.91306062092049,1944439177.93215,988519328.2191,50.8382745749013
20260727,ALL,全A,5522,100.0,1081877730.19,427091697.26,39.47689145842699,2088683873.07972,1131094122.10646,54.15343780285361
20260728,ALL,全A,5523,100.0,1074660726.77,419739604.88,39.05787142157593,2039120756.10657,1077809662.31412,52.85658826660439
20260729,ALL,全A,5523,100.0,1253119450.96,466394335.61,37.21866540757154,2311716480.90924,1179895116.11748,51.03978475999816
20260730,ALL,全A,5528,100.0,1286708883.02,492700975.11,38.29156552907249,2358421515.22757,1218409935.33567,51.6620937974314
20260731,ALL,全A,5528,100.0,1325327373.56,503122931.62,37.96216253109954,2559898143.48941,1314886921.75853,51.36481406897702
20260803,ALL,全A,5529,100.0,1150192796.65,429478472.64,37.33969417047992,2011058574.24886,969124886.50917,48.1897891448111
20260804,ALL,全A,5529,100.0,1211988799.33,470481673.9,38.81897870344076,2228440633.55209,1112510462.10515,49.92327124873101
20260805,ALL,全A,5532,100.0,1333288410.66,536794844.03,40.26096977504496,2679886031.7169,1406456432.36178,52.481949445466434
20260806,ALL,全A,5533,100.0,1313101245.18,513390760.07,39.097576211621394,2547511157.5433,1285514538.59772,50.46158619526556
20260807,000001,上证指数,429,99.1,142976497.84,55647433.51,38.92068581248444,281479535.638,124965407.737,44.395912283198165
20260807,399001,深证成指,400,95.2,112464607.98,35495773.19,31.561727575943127,317692135.80352,141298522.14053,44.47655645713481
20260807,000300,沪深300,288,100.0,227945560.28,70577705.25,30.96252682583724,766232166.10532,288469332.8234,37.6477712087787
20260807,000016,上证50,50,100.0,51340661.18,10427748.47,20.31089633505183,203484735.764,63229795.872,31.07348353899794
20260807,399006,创业板,100,100.0,48597660.72,17501775.87,36.01361796165073,364542516.96326,126681991.0189,34.750950883369114
20260807,000688,科创50,50,100.0,12141417.79,3776568.4,31.104838539618363,136268941.852,40593351.288,29.78914397976901
20260807,STAR,科创板,87,100.0,6134146.6,1639793.99,26.73222694090813,48361074.001,18974745.826,39.235575755839584
20260807,000905,中证500,429,100.0,178732990.46,57008237.73,31.89575555317433,444386194.95804,165026225.96984,37.135767906881576
20260807,000852,中证1000,772,100.0,220440539.39,64746278.6,29.371312000580748,422426641.05956,147830091.89373,34.99544714389516
20260807,399330,深证100,100,100.0,86958188.13,37999214.92,43.69825974661784,380344192.96597,134384028.5531,35.3322151457492
20260807,ALL,全A,5535,100.0,1293082294.83,490577820.09,37.93863871243367,2683401729.38207,1380466721.49424,51.44465349257011
20260810,000001,上证指数,429,99.1,137445576.15,51208434.61,37.25724468142513,278459716.584,125288748.825,44.99349146870423
20260810,399001,深证成指,400,95.2,106343175.49,30146578.04,28.348389918857407,291115712.11385,117967012.10499,40.52237897034402
20260810,000300,沪深300,288,100.0,202953457.85,57454173.69,28.309039076566783,714979453.86004,271212106.3661,37.93285316128691
20260810,000016,上证50,50,100.0,47915780.27,9364871.38,19.54444094874384,209769474.23,69774269.493,33.262356093097026
20260810,399006,创业板,100,100.0,42734504.43,13952503.16,32.649268655623445,321024921.09516,113710883.025,35.42120114447226
20260810,000688,科创50,50,100.0,10817174.14,3604484.12,33.32186459559021,128470941.791,43831681.937,34.11797354790671
20260810,STAR,科创板,87,100.0,5585942.1,1515505.06,27.13069761321013,45173525.647,17299140.310000002,38.29486422020914
20260810,000905,中证500,429,100.0,176103824.86,53716731.92,30.502876335993285,416837725.19856,145469341.77903,34.89831485615557
20260810,000852,中证1000,772,100.0,198797485.08,56167436.53,28.25359511333713,393883400.09564,144718372.60001,36.741424636039625
20260810,399330,深证100,100,100.0,76979141.53,30352969.6,39.430122234048255,338018159.04852,120331466.1567,35.599112927961755
20260810,ALL,全A,5538,100.0,1236561621.87,449388876.05,36.34181007254683,2538711229.92932,1280638475.50938,50.44443260862852
20260811,000001,上证指数,428,98.8,128467658.39,48637789.23,37.85994844114477,243319600.741,98799666.926,40.604894396143074
20260811,399001,深证成指,400,95.2,100723553.7,32673035.26,32.43832654804354,262925214.66664,101433218.92531,38.57873390116504
20260811,000300,沪深300,288,100.0,195814085.41,58459489.87,29.854588727667974,623121744.12377,216584749.43672,34.758015023417315
20260811,000016,上证50,50,100.0,49597705.61,12391104.64,24.98322147688557,181512240.624,47959302.658,26.422076270518307
20260811,399006,创业板,100,100.0,37710191.8,11699051.28,31.023579360315,277100165.19069,89693022.6468,32.36844791668624
20260811,000688,科创50,50,100.0,11830174.59,5203361.7,43.98381156942841,110405794.278,33958173.641,30.757600960230285
20260811,STAR,科创板,87,100.0,4917641.58,1219529.3,24.799068418483643,39751499.748,15770399.072,39.67246310698868
20260811,000905,中证500,429,100.0,174156111.86,58219692.61,33.42960059696408,387839214.37614,129042351.71985,33.272125905943135
20260811,000852,中证1000,772,100.0,197988203.28,63804155.34,32.22624089868957,390448077.69272,148628049.35797,38.06602154024159
20260811,399330,深证100,100,100.0,71386172.78,30753799.94,43.08089191835226,285822264.13659,91762968.6527,32.10490579867771
20260811,ALL,全A,5539,100.0,1178905959.49,461954253.7,39.18499605344632,2335593609.50176,1149909987.34493,49.23416396871518
20260812,000001,上证指数,428,98.8,130522625.22,50985731.99,39.06275398925048,237062052.973,99719269.588,42.06462752575481
20260812,399001,深证成指,400,95.2,95607762.79,31171128.91,32.60313598014691,250817185.00083,102998415.08132,41.06513478371873
20260812,000300,沪深300,288,100.0,175113262.68,48188660.84,27.51856718474797,559859512.01807,192346301.80651,34.35617287508047
20260812,000016,上证50,50,100.0,44165531.2,10875397.14,24.624173749324225,155842126.262,40952682.058,26.27831321368833
20260812,399006,创业板,100,100.0,33744555.03,11055009.25,32.76086835393662,253921038.03786,80410986.53515,31.66771337913348
20260812,000688,科创50,50,100.0,9742544.2,3404362.71,34.94326163796106,103281012.641,30801890.294,29.823381380918423
20260812,STAR,科创板,87,100.0,4791082.75,1358664.44,28.35819189305382,39785482.351,15893017.765,39.94677662768246
20260812,000905,中证500,429,100.0,155810441.82,53983005.52,34.64659036289998,344165221.43799,119321743.51524,34.66990157131226
20260812,000852,中证1000,772,100.0,189916998.36,61652637.24,32.46293790044714,362522815.92957,132935201.63622,36.66947176699805
20260812,399330,深证100,100,100.0,62687491.57,24312655.6,38.7839024837216,268055090.69159,86622104.0736,32.31503787154813
20260812,ALL,全A,5539,100.0,1135233130.15,451846850.25,39.8021197804804,2167164143.11615,1052554626.68603,48.56829280926406
20260813,000001,上证指数,428,98.8,148212648.35,61972952.55,41.81353834502209,272942357.598,117218857.286,42.94637824541856
20260813,399001,深证成指,400,95.2,108654561.87,33122397.99,30.48413009076358,296235853.55183,124121837.89906,41.899667582723374
20260813,000300,沪深300,288,100.0,202242056.37,59805512.79,29.57125429964298,671190025.4554499,229880970.9112,34.249759709287915
20260813,000016,上证50,50,100.0,51964381.32,12350972.9,23.768151541999348,190177260.859,49835898.087,26.204972067585413
20260813,399006,创业板,100,100.0,43565817.81,15558774.64,35.713261961143935,304868946.25666,90350344.6009,29.635797843718976
20260813,000688,科创50,50,100.0,10577525.3,3310148.53,31.294167927917883,125676864.68,34546383.534,27.48826016782201
20260813,STAR,科创板,87,100.0,5583052.42,1465856.05,26.25545919556313,46478595.057,18640818.433,40.10624333661429
20260813,000905,中证500,429,100.0,188633382.65,67055646.72,35.548133515910315,414145822.32418,150223783.51684,36.27316163031331
20260813,000852,中证1000,772,100.0,217876959.69,69538180.34,31.91626156292084,417457796.00892,151183167.299,36.21519797794592
20260813,399330,深证100,100,100.0,79801472.37,33515917.08,41.99912117486161,329829639.06281,97789974.5451,29.6486315853736
20260813,ALL,全A,5540,100.0,1318792930.71,532110693.11,40.34831251510629,2567977491.20905,1270089795.51182,49.45875888163797
20260814,000001,上证指数,428,98.8,121183686.27,50147590.21,41.38146953070072,236198567.093,111457937.772,47.18823621318369
20260814,399001,深证成指,400,95.2,92641552.85,29377333.54,31.71075250386415,239962704.2966,98154371.96243,40.90401141716952
20260814,000300,沪深300,288,100.0,170037350.82,49941238.61,29.370746114991725,536536259.22101,184450810.74092,34.378069994509175
20260814,000016,上证50,50,100.0,41361258.92,9054983.92,21.89242822012246,152371929.56599998,41062248.42,26.948696217838386
20260814,399006,创业板,100,100.0,37385894.12,14701728.16,39.32426522369876,238035015.79731,66597051.43516,27.977838139523254
20260814,000688,科创50,50,100.0,8685139.04,2890777.48,33.284181942123524,98891045.019,30570169.958,30.91298100058153
20260814,STAR,科创板,87,100.0,4747545.78,1306938.75,27.52872348289393,36628725.714,13422491.717,36.64471382871433
20260814,000905,中证500,429,100.0,157238222.59,53992568.85,34.33806867099107,343833054.04545,121291957.8007,35.27640998258035
20260814,000852,中证1000,772,100.0,194433029.7,67783566.97,34.86216671857992,359719835.62004,129371340.49433,35.964472259733995
20260814,399330,深证100,100,100.0,63770730.8,24833322.43,38.94156789246016,250859110.0345,74039212.4513,29.514260989412573
20260814,ALL,全A,5540,100.0,1148402091.84,463294106.54,40.34249935906143,2156575573.74692,1041423327.08544,48.29060199712964
20260817,000001,上证指数,428,98.8,116428808.59,43465715.49,37.33244032674337,251630754.68,118182649.662,46.96669523258134
20260817,399001,深证成指,400,95.2,99048852.34,33367959.11,33.688385399418344,275843514.26697,120976926.15183,43.85708559192179
20260817,000300,沪深300,288,100.0,182161643.23,56393817.86,30.958118767514808,644675852.14814,247023394.5229,38.317457323674745
20260817,000016,上证50,50,100.0,40713065.87,7111747.71,17.46797387528703,178915942.798,52913814.03,29.57467803176201
20260817,399006,创业板,100,100.0,36902890.08,12299298.8,33.328822683906175,294722551.2641,100417646.83963,34.07192507289544
20260817,000688,科创50,50,100.0,10847564.56,3274459.1,30.18612225710505,127195598.002,36301418.259,28.53983850795624
20260817,STAR,科创板,87,100.0,5553500.81,1562497.7,28.135364582759465,43316389.112,15738095.861,36.33288966055587
20260817,000905,中证500,429,100.0,152534397.54,46580061.15,30.53741444632843,374360482.44438,134042514.49077,35.805732916984674
20260817,000852,中证1000,772,100.0,190178214.39,60519418.23,31.82247684053461,391876216.63276,147038314.65348,37.52162249521624
20260817,399330,深证100,100,100.0,74750219.09,34572963.96,46.2513212414452,309908261.70207,108407843.1553,34.9806238013486
20260817,ALL,全A,5539,100.0,1138024611.22,438280767.98,38.51241560673706,2402511678.61023,1213556431.07358,50.51198884392439
20260818,000001,上证指数,428,98.8,128852458.75,51155162.47,39.70057146464813,258002625.557,113249861.253,43.894848359975285
20260818,399001,深证成指,400,95.2,93217141.82,28931159.79,31.03630858567339,264956569.03354,116758996.42613,44.06722084756081
20260818,000300,沪深300,288,100.0,193401702.86,68120291.35,35.22217764510122,604861573.2862,209722553.67761,34.672818201723715
20260818,000016,上证50,50,100.0,44218552.13,11691028.91,26.43919429028125,167377099.177,49706673.191,29.69741585641628
20260818,399006,创业板,100,100.0,37010071.49,10870133.32,29.37074391476675,269022110.09997,74185288.63254,27.57590764750614
20260818,000688,科创50,50,100.0,11179920.71,3799636.58,33.986256956199824,122525786.736,30805427.416,25.14199519679467
20260818,STAR,科创板,87,100.0,5694717.49,1743023.02,30.60771711785127,45491042.425,16606186.332,36.50429941098454
20260818,000905,中证500,429,100.0,156121884.85,45615204.9,29.217687798111413,380796991.53835,126337830.95125,33.17721351759329
20260818,000852,中证1000,771,99.9,194224269.17,60949410.05,31.38094446716769,397972442.32273,144044046.43514,36.19447758604591
20260818,399330,深证100,100,100.0,84746904.62,45337671.8,53.49773186795598,281471266.29973,87447446.2567,31.06798338825105
20260818,ALL,全A,5540,100.0,1194850810.03,471478515.18,39.45919534240114,2419778578.48953,1184172944.73473,48.93724389749381
20260819,000001,上证指数,428,98.8,148417339.57,58987940.64,39.74464224389278,279993155.147,117691345.346,42.03365088843351
20260819,399001,深证成指,400,95.2,101508899.22,31954172.21,31.47918306231043,281307733.71272,125431438.32274,44.58869177440902
20260819,000300,沪深300,288,100.0,231970875.74,73606301.10000001,31.73083727221868,687944257.57244,231092296.69999,33.59171824697674
20260819,000016,上证50,50,100.0,58808785.97,14239127.0,24.21258450610386,193574003.858,54323052.932,28.063196425822618
20260819,399006,创业板,100,100.0,37940034.85,10558986.45,27.830724172358,291759990.37244,92685930.38861,31.76786860675919
20260819,000688,科创50,50,100.0,12227985.22,3806215.78,31.127088490216543,132458968.168,37076922.274,27.991251016673104
20260819,STAR,科创板,87,100.0,6548877.06,1854554.12,28.318658344152823,51088782.92,19418324.683,38.00897882693189
20260819,000905,中证500,429,100.0,166092267.05,45371144.25,27.31683121426813,399501551.09281,126864210.28334,31.755623960986224
20260819,000852,中证1000,771,99.9,200037450.74,54682828.34,27.33629534755188,393234072.5713,131262172.65059,33.38016255618082
20260819,399330,深证100,100,100.0,84277709.05,39470094.7,46.83337402608241,311093778.07741,104406088.7688,33.560969754535066
20260819,ALL,全A,5541,100.0,1277698551.15,493706556.33,38.64030024027471,2530010568.95657,1246415532.95469,49.26523028197223
20260820,000001,上证指数,428,98.8,130229091.46,49775978.01,38.22185769090522,230465207.005,94245488.161,40.89358623184944
20260820,399001,深证成指,400,95.2,89166909.94,25723320.27,28.84850477302522,232603423.41106,89704874.44853,38.56558649612061
20260820,000300,沪深300,288,100.0,190947769.89,57657132.65,30.195237516109643,540614957.5160199,176850618.41419,32.71286078113172
20260820,000016,上证50,50,100.0,50439960.52,13125796.39,26.022614321427707,169233700.578,44409581.306,26.24157077126112
20260820,399006,创业板,100,100.0,32755768.74,8859439.79,27.04696037001024,220047125.29823,60730038.319400005,27.59865107853264
20260820,000688,科创50,50,100.0,9144024.92,3238818.73,35.42005581060905,99785814.001,30615122.598,30.680836654489973
20260820,STAR,科创板,87,100.0,4942602.51,1229520.25,24.875968632160955,38284265.269,12882233.085,33.648897254484226
20260820,000905,中证500,428,99.8,142428623.49,38053946.07,26.71790623088609,334073544.39,101857360.30193,30.48950209089917
20260820,000852,中证1000,771,99.9,183778797.43,56007828.7,30.475674823877856,347028280.51605,124352570.61438,35.83355524496763
20260820,399330,深证100,100,100.0,62442663.2,25182697.52,40.32931369269336,225971617.26558,65700654.46619,29.07473746535757
20260820,ALL,全A,5541,100.0,1110051485.34,425666123.63,38.346520792197474,2093909021.3069,995595325.00632,47.547210259638
20260821,000001,上证指数,428,98.8,110199973.27,38758031.01,35.17063558177031,212965346.105,94933982.003,44.57719706012355
20260821,399001,深证成指,400,95.2,78097311.97,22558355.28,28.88493177417615,203952284.54832,80807183.07874,39.62063149118357
20260821,000300,沪深300,288,100.0,163770468.58,46362035.44,28.309154783514995,494300687.33536,170802529.51257,34.554378314406115
20260821,000016,上证50,50,100.0,40134361.31,9318927.91,23.21932530088144,137610106.439,36653418.484,26.63570244402636
20260821,399006,创业板,100,100.0,28710547.23,7320908.53,25.49902121806405,214644048.40191,78721360.86565,36.6753056754913
20260821,000688,科创50,50,100.0,6975364.57,2020061.38,28.95993979566289,77573154.799,23242657.382,29.96224330726797
20260821,STAR,科创板,87,100.0,4263714.7700000005,1230995.36,28.87142847034301,33483483.905,12653733.969,37.790971826293294
20260821,000905,中证500,428,99.8,130586493.74,37539507.42,28.746853020452345,307797577.29846,103400348.27329,33.593619930616434
20260821,000852,中证1000,771,99.9,167782648.31,52131080.99,31.07060325670932,305911034.45176,105185264.22957,34.38426613740113
20260821,399330,深证100,100,100.0,57775339.0,22084639.37,38.2250277579505,232732290.61125,79950447.87555,34.352967379630684
20260821,ALL,全A,5543,100.0,997131536.8,377840632.32,37.89275721160804,1892255839.01079,912387965.87545,48.21694546084301
20260824,000001,上证指数,428,98.8,122528413.69,45212037.71,36.89922716569857,226533047.73,97821008.949,43.18178293596739
20260824,399001,深证成指,400,95.2,82589926.3,22335219.39,27.043515342136832,213696828.96502,80113904.59176,37.48951492624808
20260824,000300,沪深300,288,100.0,197461812.72,61199697.3,30.99318114069018,576620551.58988,201270069.21122,34.9051154448572
20260824,000016,上证50,50,100.0,53574023.76,13355960.15,24.92991792035596,174821699.434,46000293.079,26.312690717416565
20260824,399006,创业板,100,100.0,29248900.86,7656902.71,26.17842888062632,228396753.51253,83793109.06684,36.68752194511515
20260824,000688,科创50,50,100.0,8601908.76,2471139.93,28.727809128726445,93832918.317,30969036.997,33.00444828154646
20260824,STAR,科创板,87,100.0,4727588.63,1408373.43,29.79052409642503,35686090.626,12745478.229,35.71553511584135
20260824,000905,中证500,428,99.8,138120922.93,38450812.15,27.838513770637743,313414834.85781,99457485.97521,31.73349660373665
20260824,000852,中证1000,772,100.0,172776942.08,48911838.58,28.30923964226233,315973022.67091,106451804.51636,33.69015608248016
20260824,399330,深证100,100,100.0,64540146.67,25149244.58,38.966822787978025,261901607.97395,95002753.86222,36.27421557170029
20260824,ALL,全A,5545,100.0,1056285495.49,403910318.38,38.23874512189814,2021215318.55075,987400617.85308,48.85182735311274
20260825,000001,上证指数,429,99.1,111461410.33,39457575.48,35.400211932703264,213983666.564,94285349.621,44.06193759316689
20260825,399001,深证成指,400,95.2,78456000.38,21285858.14,27.130949878788613,193987761.66767,71752764.62234,36.98829452203443
20260825,000300,沪深300,288,100.0,164425093.0,47137263.67,28.667925807407023,470131138.89557,159489618.30471,33.92449576502895
20260825,000016,上证50,50,100.0,42229001.75,9719172.62,23.01539751647101,134292385.727,37288286.123,27.76649317914608
20260825,399006,创业板,100,100.0,25518344.2,6744250.95,26.42903041491227,189691853.82871,65624353.26794,34.595240619662135
20260825,000688,科创50,50,100.0,7171350.76,2092668.64,29.18095502554948,75293140.094,22335513.296,29.66473873730748
20260825,STAR,科创板,87,100.0,4479388.82,1179082.25,26.322391231935967,33211754.889,12138385.599,36.54846195140484
20260825,000905,中证500,428,99.8,130686158.37,38682579.49,29.59959950806839,275427491.16493,85474655.68162,31.033451061875496
20260825,000852,中证1000,772,100.0,168516012.94,46742378.31,27.737647891445537,293742177.82139,94885865.51091,32.302431409290286
20260825,399330,深证100,100,100.0,54975373.52,19851716.94,36.110199292739615,217255597.56793,71090890.57031,32.722236557371915
20260825,ALL,全A,5546,100.0,1049161996.75,390613685.84,37.23101742628956,1844278181.25165,846524132.12329,45.90002423326303
20260826,000001,上证指数,429,99.1,115913066.12,39094317.39,33.727273980939536,206782403.031,87001759.201,42.07406332731178
20260826,399001,深证成指,400,95.2,87442178.66,29123619.66,33.30614596559962,202776608.4691,76648031.0341,37.79924697072738
20260826,000300,沪深300,288,100.0,176850721.18,48810313.98,27.59972572027032,477983248.52216,146570784.04127,30.6644185741741
20260826,000016,上证50,50,100.0,45323453.67,10548632.21,23.274113854616147,140152858.40399998,32035920.484,22.85784310702698
20260826,399006,创业板,100,100.0,26416633.15,8550117.290000001,32.366415664897104,178327877.61503,55843784.613,31.315229766573143
20260826,000688,科创50,50,100.0,7430314.52,2078649.77,27.97525951835481,79356925.304,21947601.025,27.656818785409428
20260826,STAR,科创板,87,100.0,4228264.89,1083630.51,25.628255045298264,30795930.313,11432752.19,37.12423061684176
20260826,000905,中证500,428,99.8,148918016.26,46577522.3,31.277291673479617,275166917.93998003,78467925.12066,28.516482180381725
20260826,000852,中证1000,772,100.0,167052673.07,49844037.33,29.83731802310872,275731219.9808,88678949.16510999,32.16137409876364
20260826,399330,深证100,100,100.0,57827507.87,21349388.55,36.91908805407076,218143112.89638,62556194.800280005,28.67667650364684
20260826,ALL,全A,5547,100.0,1072844710.6,410517758.45,38.26441556676114,1821814999.75409,826678552.65397,45.37664651820057
20260827,000001,上证指数,429,99.1,128627685.06,45238673.56,35.17024623345888,252310929.272,116810530.857,46.296262787361925
20260827,399001,深证成指,400,95.2,88897137.48,25877019.13,29.10894530864032,234896166.90434,97700227.86712,41.59294259872184
20260827,000300,沪深300,288,100.0,192414442.4,55014872.7,28.59186244743134,564716098.10668,183812394.37497,32.54952267010567
20260827,000016,上证50,50,100.0,45685701.84,10027552.4,21.94899497247168,158368136.507,45319068.291,28.61627931638689
20260827,399006,创业板,100,100.0,32762734.03,10365725.58,31.63876851824505,236064367.84216,75824298.4912,32.120179417292874
20260827,000688,科创50,50,100.0,10107358.58,3224958.69,31.90703747645213,101783285.788,31638546.156,31.08422557894088
20260827,STAR,科创板,87,100.0,4780119.09,1326902.25,27.75876970881075,37171571.096,13677025.587,36.79431668808794
20260827,000905,中证500,429,100.0,160961035.54,51352668.01,31.90378829119702,331410104.34387,109259362.96965,32.96802406974377
20260827,000852,中证1000,772,100.0,183255573.9,53689482.06,29.297598385355307,335586014.70789,118525586.25002,35.3189885916999
20260827,399330,深证100,100,100.0,65945750.02,25492751.36,38.6571558474482,263079183.30491,77179092.3996,29.33682985861677
20260827,ALL,全A,5547,100.0,1137307698.77,437819563.74,38.49613998159887,2140959919.62656,1034173999.15486,48.30422044216724
20260828,000001,上证指数,429,99.1,117620849.3,40329874.0,34.28803162025799,234117592.937,109001247.075,46.5583323780079
20260828,399001,深证成指,400,95.2,89392702.39,27238514.9,30.470624750960724,231694859.07826,97441050.36101,42.05576711915613
20260828,000300,沪深300,288,100.0,173280073.73,44573079.6,25.72314210198946,536874983.81542,182848873.92641,34.05799849845011
20260828,000016,上证50,50,100.0,40038981.49,8045070.99,20.09309600447581,138976593.158,40320434.761,29.012392550996285
20260828,399006,创业板,100,100.0,32435192.59,10944922.69,33.74397318477584,234068030.79868,78719918.04616,33.6312130185204
20260828,000688,科创50,50,100.0,8005008.91,2336535.96,29.188424226251108,85145085.532,25835968.507,30.34346415365346
20260828,STAR,科创板,87,100.0,4560471.7,1154951.04,25.32525396440899,35619614.249,13295185.947,37.32546302736351
20260828,000905,中证500,429,100.0,150539883.81,48362117.44,32.12578369001466,321351650.74776,115291664.35735,35.877103506104724
20260828,000852,中证1000,772,100.0,181226558.34,54147951.01,29.8785958890268,334411156.37399,126498383.88493,37.82720207559704
20260828,399330,深证100,100,100.0,63514438.79,21085227.79,33.19753459479477,262550924.59858,80757861.01897,30.75893224997874
20260828,ALL,全A,5547,100.0,1148238155.04,439126839.84,38.24353318277449,2117732336.24107,1014157432.44443,47.8888391648464
20260831,000001,上证指数,429,99.1,147086060.75,54480101.05,37.03960849328817,259025634.095,111206317.824,42.932553070486485
20260831,399001,深证成指,400,95.2,102394269.66,32861109.08,32.09272275598553,246486580.3173,95912568.38301,38.91188244793798
20260831,000300,沪深300,288,100.0,226183264.71,72571315.65,32.08518355372005,563346445.87512,160475593.32589,28.48612865154447
20260831,000016,上证50,50,100.0,57458224.52,14674885.73,25.54009604820278,165462076.653,41557153.071,25.115817419693027
20260831,399006,创业板,100,100.0,35497553.34,11679419.37,32.90204048186945,223945485.36094,58368253.13329,26.063598933113585
20260831,000688,科创50,50,100.0,9696775.02,3007909.76,31.01969215327841,90763437.827,28526249.327,31.42922966555384
20260831,STAR,科创板,87,100.0,5611449.37,1710505.59,30.482420444613226,39235832.666,13646039.922,34.77953440714167
20260831,000905,中证500,429,100.0,163315642.12,45083298.51,27.60500949252245,332941482.50822,103180402.8537,30.99055187608008
20260831,000852,中证1000,770,99.7,195920366.83,62577870.14,31.94046190935257,337294078.15779,116772611.15057,34.62041545121419
20260831,399330,深证100,100,100.0,74867045.03,29282178.59,39.11224034321954,254483532.93307,61078754.73534,24.00106365680011
20260831,ALL,全A,5545,100.0,1242507292.13,483369928.13,38.90278400711602,2145356257.43191,980316151.26675,45.69479534556341
20260901,000001,上证指数,568,98.8,165466054.71,55405688.02,33.48462505926392,310403018.211,121455427.791,39.12830116504836
20260901,399001,深证成指,576,96.3,144082626.59,43074349.62,29.89558882943737,328667445.11206,119233342.35514,36.27780728769383
20260901,000300,沪深300,288,100.0,205396887.43,56627180.0,27.569638814170805,520274721.70713,154767430.32538,29.747251570777017
20260901,000016,上证50,50,100.0,49469068.97,11745266.66,23.74264748569009,139948408.152,32404117.006,23.15433053786894
20260901,399006,创业板,100,100.0,34137826.08,12018598.19,35.20610293647615,214868434.51856,63220548.62999,29.42291117429308
20260901,000688,科创50,50,100.0,7533502.38,2285914.23,30.34331330495976,71081908.31,20797729.977,29.258823337012352
20260901,STAR,科创板,129,99.2,8266799.5,2225033.28,26.91529267160767,54663116.642,16560361.93,30.295312355600245
20260901,000905,中证500,429,100.0,160935970.86,44245932.62,27.49287954927741,306975157.6492,95762729.76357,31.195595922782825
20260901,000852,中证1000,770,99.7,199876940.51,64994458.94,32.51723724315676,319287193.13213,104015002.68386,32.5772548731122
20260901,399330,深证100,100,100.0,63648526.02,21945616.19,34.47937849040545,235980747.64339,69425407.5323,29.419945578447976
20260901,ALL,全A,5546,100.0,1268276032.98,498998143.15,39.344600873481056,2051946105.38141,886836583.22084,43.21929220728716
20260902,000001,上证指数,568,98.8,149731606.27,51533089.77,34.416975182296625,274217713.653,109653521.288,39.98776002733271
20260902,399001,深证成指,576,96.3,124663809.02,39092458.23,31.358305619980165,281179475.74591,105918288.46179,37.669281579251496
20260902,000300,沪深300,288,100.0,177359780.4,46757832.370000005,26.36326695068461,460459602.75193,138988612.59981,30.18475709251075
20260902,000016,上证50,50,100.0,45281228.43,9864380.04,21.78470059673688,124494496.919,26269948.287,21.10129277769768
20260902,399006,创业板,100,100.0,27961730.46,9854484.3,35.242755501477646,185143280.73995,61304167.0656,33.111742873189705
20260902,000688,科创50,50,100.0,7081556.7,2155254.1,30.43475031415056,64341749.225,17246391.200999998,26.804355505925397
20260902,STAR,科创板,129,99.2,7333007.36,2130410.2,29.052339584723946,45797841.775,14483850.754,31.62561857206644
20260902,000905,中证500,429,100.0,141385562.26,40850121.28,28.892710561831592,257804261.95105,76910060.04807,29.832734131708467
20260902,000852,中证1000,770,99.7,168992754.11,53903790.86,31.897101827758355,274126187.81087,92925099.20762,33.89865811424501
20260902,399330,深证100,100,100.0,57038063.02,18521104.81,32.47148277722142,210789277.94733,63940713.04208,30.3339494611566
20260902,ALL,全A,5547,100.0,1142781567.87,453177500.5,39.65565364732522,1820297595.53159,784470542.7448,43.095730317421385
