{"元件": {"turnover": 1434.5305374, "pct": 3.217789101601843}, "油气开采及服务": {"turnover": 465.6232328, "pct": 0.7981846338686406}, "能源金属": {"turnover": 412.77487, "pct": 9.366479718837741}, "农化制品": {"turnover": 782.21473, "pct": 3.4033127782261285}, "小金属": {"turnover": 1663.09601, "pct": 9.199126549123978}, "电子化学品": {"turnover": 573.7078, "pct": 3.6369157080077654}, "钢铁": {"turnover": 454.66643, "pct": 5.00707302086207}, "非金属材料": {"turnover": 110.217978, "pct": 2.134454310066045}, "军工装备": {"turnover": 1549.30359, "pct": 0.8985213543676167}, "种植业与林业": {"turnover": 203.314205, "pct": 2.2690610182685256}, "电网设备": {"turnover": 1293.11193, "pct": 1.1689937463919957}, "金属新材料": {"turnover": 275.172433, "pct": 2.9163272914696576}, "环保设备": {"turnover": 82.80078337, "pct": 2.0360418678059933}, "贵金属": {"turnover": 551.1519, "pct": 0.4797571942207488}, "风电设备": {"turnover": 307.84591, "pct": 0.5294714047890231}, "化学原料": {"turnover": 443.2341, "pct": 2.043075052701393}, "塑料制品": {"turnover": 460.5534, "pct": 1.7140972379347148}, "工业金属": {"turnover": 1425.48896, "pct": 4.590246405136131}, "环境治理": {"turnover": 314.05686, "pct": 1.993952674425441}, "军工电子": {"turnover": 745.8282, "pct": 2.1597893016682344}, "电力": {"turnover": 1127.14067, "pct": 3.6638318046620246}, "化学制品": {"turnover": 1071.31159, "pct": 2.2616290434613306}, "通用设备": {"turnover": 1655.6090295, "pct": 0.8449786412866682}, "光学光电子": {"turnover": 800.48798, "pct": 0.9163372056321357}, "造纸": {"turnover": 112.0962328, "pct": 1.936845663007063}, "消费电子": {"turnover": 1228.2825258, "pct": 0.6709775396591651}, "半导体": {"turnover": 3547.4583, "pct": 2.0773465672725124}, "其他电子": {"turnover": 334.23713, "pct": 0.7528038693010939}, "电池": {"turnover": 1842.99404, "pct": 3.9889240129994326}, "专用设备": {"turnover": 903.4837354, "pct": 0.818242629008243}, "建筑材料": {"turnover": 652.98439, "pct": 2.385425110789674}, "贸易": {"turnover": 45.206578, "pct": 1.6837699227423828}, "建筑装饰": {"turnover": 930.7544203, "pct": 1.0162982793658988}, "其他电源设备": {"turnover": 423.80342, "pct": 0.8032352971894424}, "橡胶制品": {"turnover": 79.306027, "pct": 1.464658754349678}, "计算机设备": {"turnover": 500.52827, "pct": 0.7442750095832179}, "燃气": {"turnover": 78.441605, "pct": 0.8991504557115363}, "自动化设备": {"turnover": 874.6367217, "pct": 0.6872691827553364}, "港口航运": {"turnover": 346.493674, "pct": 1.4944386499892501}, "综合": {"turnover": 249.216474, "pct": 1.109656170539996}, "养殖业": {"turnover": 199.013688, "pct": 2.2187016760051614}, "其他社会服务": {"turnover": 116.31488, "pct": 0.7539360273795741}, "化学纤维": {"turnover": 133.285926, "pct": 1.805551387983382}, "农产品加工": {"turnover": 88.280388, "pct": 1.3317925846263186}, "工程机械": {"turnover": 214.318923, "pct": 1.1809814669081158}, "通信设备": {"turnover": 2382.0924152, "pct": 0.056301017671777774}, "煤炭开采加工": {"turnover": 380.692794, "pct": 4.327965143331703}, "物流": {"turnover": 180.927739, "pct": 2.556139351638086}, "轨交设备": {"turnover": 83.558945, "pct": -0.7098807126964689}, "汽车零部件": {"turnover": 1436.22766, "pct": 0.4267318634925749}, "电机": {"turnover": 186.789755, "pct": 0.5420804751847952}, "多元金融": {"turnover": 145.66185, "pct": 2.2153485388275684}, "房地产": {"turnover": 393.09622, "pct": 2.986036421923674}, "厨卫电器": {"turnover": 13.1343288, "pct": 0.948798874456503}, "中药": {"turnover": 170.180745, "pct": 0.7957266112340007}, "石油加工贸易": {"turnover": 235.46549135, "pct": -0.17790652860487904}, "白色家电": {"turnover": 369.87886, "pct": 0.4150867596771809}, "美容护理": {"turnover": 92.745076, "pct": 1.7391222599792786}, "家居用品": {"turnover": 203.644856, "pct": 1.023172378218625}, "小家电": {"turnover": 48.329755523, "pct": 0.24606150021726536}, "汽车服务及其他": {"turnover": 61.281783, "pct": -0.11377720626530732}, "生物制品": {"turnover": 164.1425037, "pct": 1.4632116889915063}, "纺织制造": {"turnover": 81.942756, "pct": 0.6616432800835287}, "服装家纺": {"turnover": 197.46293, "pct": 0.7347393321764438}, "公路铁路运输": {"turnover": 74.417709, "pct": 0.693277982241526}, "医药商业": {"turnover": 78.7809286, "pct": 0.7013035646022177}, "汽车整车": {"turnover": 271.312654, "pct": -0.09415626434217714}, "化学制药": {"turnover": 504.65884, "pct": 0.9313294671348624}, "医疗器械": {"turnover": 327.40790098, "pct": 0.7111084844160035}, "包装印刷": {"turnover": 317.503988, "pct": 0.9016906748987354}, "饮料制造": {"turnover": 112.95832557, "pct": 0.5158436498037741}, "通信服务": {"turnover": 740.0697436, "pct": -0.3717174608345581}, "食品加工制造": {"turnover": 139.477682, "pct": 0.8500599771953132}, "零售": {"turnover": 344.85526, "pct": 1.1284010222967173}, "医疗服务": {"turnover": 334.74474, "pct": 1.9522964708163817}, "证券": {"turnover": 582.19512581, "pct": 0.9518587812364101}, "旅游及酒店": {"turnover": 109.253035, "pct": 1.066192531140665}, "黑色家电": {"turnover": 71.675707, "pct": -0.5307316450846008}, "IT服务": {"turnover": 1422.4308, "pct": 0.10656403361229774}, "机场航运": {"turnover": 106.992067, "pct": 0.5771499310080913}, "教育": {"turnover": 44.641056, "pct": 0.5574093045095685}, "互联网电商": {"turnover": 70.875883, "pct": 0.43166106333808707}, "银行": {"turnover": 471.56008488, "pct": -0.36538121207953267}, "白酒": {"turnover": 260.546928, "pct": 0.8744846739031956}, "光伏设备": {"turnover": 1159.45258, "pct": 1.080640534562827}, "软件开发": {"turnover": 1176.22731, "pct": 0.5477558787372638}, "文化传媒": {"turnover": 982.9119572, "pct": 0.10164902019447154}, "游戏": {"turnover": 458.85702996, "pct": 0.1545051555375026}, "保险": {"turnover": 267.413447, "pct": -1.4716541673109562}, "影视院线": {"turnover": 398.52739806, "pct": -1.8611601533563504}}