{"油气开采及服务": {"turnover": 1149.26697, "pct": 14.144810314148081}, "贵金属": {"turnover": 1648.515, "pct": 13.70270559475006}, "燃气": {"turnover": 256.482275, "pct": 5.733740702066481}, "小金属": {"turnover": 3710.94797, "pct": 17.476383579147154}, "港口航运": {"turnover": 999.639804, "pct": 6.972348505959433}, "石油加工贸易": {"turnover": 725.61311, "pct": 5.668948577725151}, "种植业与林业": {"turnover": 620.028904, "pct": 4.632854936269483}, "钢铁": {"turnover": 1318.73935, "pct": 3.427534697776091}, "煤炭开采加工": {"turnover": 647.623456, "pct": 4.476291122468958}, "电力": {"turnover": 2369.00207, "pct": 4.528069143589765}, "化学原料": {"turnover": 1152.03375, "pct": 3.9773420767911216}, "农化制品": {"turnover": 1852.29397, "pct": 1.2580757455888385}, "非金属材料": {"turnover": 273.874926, "pct": 4.297009337905563}, "元件": {"turnover": 3592.08118, "pct": 2.958855796866695}, "能源金属": {"turnover": 1094.68393, "pct": 6.948714520707412}, "工业金属": {"turnover": 3429.21033, "pct": 2.9489618293940327}, "电子化学品": {"turnover": 1467.00469, "pct": 3.8098347902824536}, "物流": {"turnover": 405.177502, "pct": 1.4880761407912164}, "电网设备": {"turnover": 3440.19982, "pct": 1.7110186675585801}, "环境治理": {"turnover": 849.96991, "pct": 0.597434987053709}, "风电设备": {"turnover": 971.06946, "pct": 2.6728627900441784}, "军工电子": {"turnover": 2415.28776, "pct": 6.648603219671827}, "金属新材料": {"turnover": 773.595823, "pct": 4.414451185973874}, "环保设备": {"turnover": 245.960728, "pct": 1.8492971539029042}, "多元金融": {"turnover": 467.789014, "pct": 2.350036747303117}, "通信设备": {"turnover": 5545.74341, "pct": 2.341543356299812}, "其他电源设备": {"turnover": 1298.05644, "pct": 3.3498999202015085}, "农产品加工": {"turnover": 255.032552, "pct": 0.39804183693998746}, "厨卫电器": {"turnover": 44.9298485, "pct": 1.1998864272968515}, "军工装备": {"turnover": 3761.47089, "pct": 4.943684335178048}, "橡胶制品": {"turnover": 207.690463, "pct": 0.5029222510040134}, "建筑材料": {"turnover": 1267.44316, "pct": -2.395108913964906}, "养殖业": {"turnover": 403.552304, "pct": -0.16642408170791995}, "建筑装饰": {"turnover": 1765.39388, "pct": -0.5572594739425519}, "化学制品": {"turnover": 2709.71434, "pct": 0.4603743627668323}, "光伏设备": {"turnover": 3273.35421, "pct": 0.031780560707716225}, "专用设备": {"turnover": 2106.18166, "pct": 0.44023682391499136}, "公路铁路运输": {"turnover": 214.660463, "pct": 0.02577215745607928}, "通用设备": {"turnover": 3669.05663, "pct": 0.8421093023182992}, "光学光电子": {"turnover": 1789.92111, "pct": -2.938699552369891}, "塑料制品": {"turnover": 1153.01734, "pct": 0.1413442612864772}, "贸易": {"turnover": 124.843795, "pct": 0.09228225035962244}, "造纸": {"turnover": 282.359494, "pct": -0.6954014355410734}, "轨交设备": {"turnover": 181.864897, "pct": -1.0200104320173489}, "银行": {"turnover": 981.36706, "pct": 0.6265117477745008}, "电池": {"turnover": 3388.61386, "pct": -0.3612203383290623}, "纺织制造": {"turnover": 171.23856, "pct": -2.2423832314577403}, "化学纤维": {"turnover": 270.131277, "pct": -3.1249400585519256}, "消费电子": {"turnover": 2793.49982, "pct": -1.1118682336309071}, "中药": {"turnover": 365.758773, "pct": -2.444911492983113}, "综合": {"turnover": 643.436724, "pct": -0.6654237202064572}, "其他社会服务": {"turnover": 314.105944, "pct": -0.9755429853576537}, "服装家纺": {"turnover": 419.055351, "pct": -2.783557166161645}, "医疗器械": {"turnover": 764.69065, "pct": -6.599746641869232}, "证券": {"turnover": 1206.78113, "pct": -1.6742658356139144}, "工程机械": {"turnover": 502.638704, "pct": -1.2626701746979079}, "自动化设备": {"turnover": 2236.68162, "pct": -0.5550188601921178}, "食品加工制造": {"turnover": 367.438588, "pct": -2.002915825824438}, "饮料制造": {"turnover": 307.339294, "pct": -2.044237624741021}, "美容护理": {"turnover": 203.800803, "pct": -3.152647803989787}, "医药商业": {"turnover": 205.03567, "pct": -2.4643794257539597}, "其他电子": {"turnover": 860.94224, "pct": -0.7861131551013854}, "家居用品": {"turnover": 523.587612, "pct": -2.518131295173742}, "房地产": {"turnover": 781.46235, "pct": -4.7271107437166675}, "计算机设备": {"turnover": 1388.64698, "pct": -1.134320886522403}, "汽车服务及其他": {"turnover": 158.819809, "pct": -3.12020593359161}, "白色家电": {"turnover": 918.22561, "pct": -2.3329221066676666}, "半导体": {"turnover": 9339.9304, "pct": 0.10647762006266934}, "生物制品": {"turnover": 473.263364, "pct": -1.8045137806770875}, "化学制药": {"turnover": 1434.02891, "pct": -2.0893181233361595}, "零售": {"turnover": 867.74215, "pct": -2.1559894900221144}, "汽车零部件": {"turnover": 3580.78203, "pct": -2.300499930443868}, "黑色家电": {"turnover": 204.23828, "pct": -2.7079438042678303}, "旅游及酒店": {"turnover": 202.366133, "pct": -2.4777751844653984}, "汽车整车": {"turnover": 767.2732, "pct": -2.955419944826707}, "包装印刷": {"turnover": 527.423834, "pct": -2.4405412056034588}, "电机": {"turnover": 450.876953, "pct": -2.7110049944521446}, "小家电": {"turnover": 134.21794, "pct": -4.178639638638216}, "通信服务": {"turnover": 1651.19011, "pct": -0.4787717281301328}, "教育": {"turnover": 116.128665, "pct": -2.8683705609791144}, "IT服务": {"turnover": 4257.81846, "pct": -0.6565404274064448}, "医疗服务": {"turnover": 792.39819, "pct": -2.1758544163939892}, "互联网电商": {"turnover": 126.08305, "pct": -3.7197127553227753}, "白酒": {"turnover": 472.228299, "pct": -4.767403416164903}, "机场航运": {"turnover": 301.171778, "pct": -3.1265772369364146}, "保险": {"turnover": 492.050833, "pct": -3.693058871943596}, "软件开发": {"turnover": 2951.98024, "pct": -1.9506008130008685}, "文化传媒": {"turnover": 2242.00255, "pct": -4.540373473671696}, "游戏": {"turnover": 1114.67568, "pct": -4.813036914429804}, "影视院线": {"turnover": 801.30235, "pct": -8.12778658593174}}