{"油气开采及服务": {"turnover": 6626.02977, "pct": 11.107479322328007}, "电力": {"turnover": 15359.9126, "pct": 8.829602330376055}, "煤炭开采加工": {"turnover": 4403.62798, "pct": 7.754922755195963}, "风电设备": {"turnover": 5340.21044, "pct": 4.179752884319368}, "燃气": {"turnover": 1816.207471, "pct": 1.3148212605226086}, "光伏设备": {"turnover": 15097.23625, "pct": 0.23542170784795288}, "电网设备": {"turnover": 16382.65776, "pct": -6.010461272601455}, "港口航运": {"turnover": 4350.645884, "pct": -3.408864720260516}, "元件": {"turnover": 14453.89077, "pct": -6.378083168325613}, "银行": {"turnover": 5503.44261, "pct": -1.879379377445435}, "环保设备": {"turnover": 903.63528, "pct": -6.075966314179701}, "能源金属": {"turnover": 3437.262363, "pct": -8.616014162808177}, "化学原料": {"turnover": 6447.83977, "pct": -7.937858169776314}, "电池": {"turnover": 15186.04204, "pct": -6.265451682179545}, "农化制品": {"turnover": 8160.15503, "pct": -9.66111882088661}, "种植业与林业": {"turnover": 2907.37009, "pct": -7.529939594517075}, "厨卫电器": {"turnover": 264.9473524, "pct": -6.252191738752471}, "环境治理": {"turnover": 4067.32306, "pct": -8.512543322981395}, "非金属材料": {"turnover": 999.547495, "pct": -10.331472052935995}, "公路铁路运输": {"turnover": 950.874708, "pct": -7.197934337266537}, "其他电源设备": {"turnover": 5622.2245, "pct": -9.409716900205007}, "建筑装饰": {"turnover": 9888.03625, "pct": -9.36838681076091}, "光学光电子": {"turnover": 9623.92704, "pct": -9.468144922727753}, "石油加工贸易": {"turnover": 4064.60709, "pct": -10.213432329033434}, "多元金融": {"turnover": 2224.254776, "pct": -8.002348090385913}, "物流": {"turnover": 1581.194652, "pct": -10.001238571196211}, "化学纤维": {"turnover": 2023.424906, "pct": -11.333962560956422}, "电子化学品": {"turnover": 4984.60228, "pct": -11.08272985257032}, "钢铁": {"turnover": 4502.92001, "pct": -11.384486131442273}, "养殖业": {"turnover": 1864.010267, "pct": -10.554906862329712}, "通信服务": {"turnover": 7430.47504, "pct": -8.987691331394409}, "通信设备": {"turnover": 26833.26237, "pct": -11.377551081774468}, "生物制品": {"turnover": 1884.985142, "pct": -10.075718837273332}, "综合": {"turnover": 3011.537301, "pct": -11.829380207407624}, "橡胶制品": {"turnover": 798.90578, "pct": -11.973875812241491}, "化学制药": {"turnover": 5831.77487, "pct": -10.817812784112796}, "中药": {"turnover": 1717.1502, "pct": -11.212951042385361}, "汽车整车": {"turnover": 3408.753381, "pct": -11.404184534592558}, "贸易": {"turnover": 477.468926, "pct": -12.587962592058044}, "塑料制品": {"turnover": 3939.09369, "pct": -12.372883453874895}, "农产品加工": {"turnover": 1449.069156, "pct": -11.862633471769879}, "造纸": {"turnover": 936.963092, "pct": -11.501840144207225}, "其他电子": {"turnover": 3653.11209, "pct": -12.29153175580317}, "证券": {"turnover": 5484.3474, "pct": -10.406072401810519}, "旅游及酒店": {"turnover": 916.103593, "pct": -9.50293923976952}, "医疗器械": {"turnover": 4038.43362, "pct": -11.631780650370594}, "饮料制造": {"turnover": 1200.50282, "pct": -11.633422521543501}, "房地产": {"turnover": 3244.56749, "pct": -12.151448816847287}, "汽车服务及其他": {"turnover": 592.933724, "pct": -12.787328812186448}, "其他社会服务": {"turnover": 1205.524241, "pct": -12.882972729787884}, "计算机设备": {"turnover": 5563.7742, "pct": -12.283830523130144}, "医药商业": {"turnover": 770.720219, "pct": -12.69265647586183}, "专用设备": {"turnover": 9835.028, "pct": -13.46878731194083}, "化学制品": {"turnover": 9873.04381, "pct": -14.362688700560216}, "小家电": {"turnover": 493.558267, "pct": -13.369718772420903}, "家居用品": {"turnover": 1891.388627, "pct": -13.727047735272176}, "黑色家电": {"turnover": 834.522181, "pct": -12.585210336411123}, "食品加工制造": {"turnover": 1545.550056, "pct": -12.578177938771356}, "建筑材料": {"turnover": 4465.94207, "pct": -14.882103050352653}, "服装家纺": {"turnover": 1720.581223, "pct": -13.38556102119659}, "互联网电商": {"turnover": 629.869325, "pct": -12.371470194447014}, "消费电子": {"turnover": 11615.95861, "pct": -13.944827110043118}, "通用设备": {"turnover": 14826.47114, "pct": -14.470697365816273}, "半导体": {"turnover": 34179.4516, "pct": -13.772518084660748}, "包装印刷": {"turnover": 2083.335616, "pct": -13.529692680730129}, "军工电子": {"turnover": 8219.53994, "pct": -13.902481011878661}, "轨交设备": {"turnover": 808.372329, "pct": -14.88096497552893}, "美容护理": {"turnover": 849.939296, "pct": -14.252237527611308}, "贵金属": {"turnover": 5037.223883, "pct": -19.257129516165975}, "白色家电": {"turnover": 3085.92954, "pct": -14.920790757460455}, "零售": {"turnover": 2806.412703, "pct": -14.53194139059438}, "医疗服务": {"turnover": 3165.860496, "pct": -14.040926237515075}, "保险": {"turnover": 1776.884246, "pct": -12.448473103849052}, "纺织制造": {"turnover": 724.613261, "pct": -15.964294575746973}, "电机": {"turnover": 1367.850448, "pct": -15.248734563863628}, "白酒": {"turnover": 2286.830421, "pct": -12.865776087495034}, "教育": {"turnover": 418.829886, "pct": -14.316936810392441}, "工程机械": {"turnover": 2010.235441, "pct": -15.832484768291193}, "IT服务": {"turnover": 14886.80733, "pct": -13.949441206119392}, "自动化设备": {"turnover": 8879.20429, "pct": -15.50540911864905}, "汽车零部件": {"turnover": 12252.96903, "pct": -15.76323229662226}, "工业金属": {"turnover": 13572.56276, "pct": -19.15929194706571}, "军工装备": {"turnover": 13631.19432, "pct": -17.516679456251847}, "软件开发": {"turnover": 11406.00108, "pct": -15.121320431704605}, "金属新材料": {"turnover": 2223.380956, "pct": -19.191662820448293}, "文化传媒": {"turnover": 5863.54807, "pct": -16.975598773414923}, "机场航运": {"turnover": 1228.044729, "pct": -19.179707974383238}, "游戏": {"turnover": 3303.047832, "pct": -18.74189517567375}, "影视院线": {"turnover": 1683.934445, "pct": -21.855836360615267}}