{"通信服务": {"turnover": 1191.04731, "pct": 5.147842237391466}, "通信设备": {"turnover": 3838.63206, "pct": 2.80458088083976}, "非金属材料": {"turnover": 179.70369, "pct": 2.999525022322131}, "软件开发": {"turnover": 2039.11311, "pct": 2.831094232439585}, "医疗服务": {"turnover": 476.35774, "pct": 2.3668369279421366}, "IT服务": {"turnover": 2616.28466, "pct": 3.14373237781325}, "元件": {"turnover": 1910.57635, "pct": 2.8350654392216823}, "电池": {"turnover": 1913.58806, "pct": 1.9300781366053665}, "电网设备": {"turnover": 3485.11517, "pct": 2.812453625087752}, "计算机设备": {"turnover": 798.93971, "pct": 2.9512149309137574}, "其他电源设备": {"turnover": 1105.17558, "pct": 1.3329376495073062}, "互联网电商": {"turnover": 84.130559, "pct": 1.9199132615421788}, "生物制品": {"turnover": 287.339111, "pct": 1.8073347120977425}, "其他电子": {"turnover": 536.86999, "pct": 2.4460865801957885}, "光伏设备": {"turnover": 1959.72512, "pct": 2.710899659730859}, "能源金属": {"turnover": 415.932852, "pct": 2.774255240692116}, "综合": {"turnover": 644.81219, "pct": 1.1020428474549728}, "环保设备": {"turnover": 125.189249, "pct": 1.5920126597528936}, "化学制药": {"turnover": 941.09233, "pct": 1.3246462857481933}, "造纸": {"turnover": 131.404642, "pct": 1.4547980828485556}, "塑料制品": {"turnover": 493.46276, "pct": 1.7947507761742163}, "风电设备": {"turnover": 559.27532, "pct": 2.2144791388189624}, "建筑装饰": {"turnover": 1405.45897, "pct": 1.4508901426358556}, "医疗器械": {"turnover": 568.94389, "pct": 1.2483267585385813}, "通用设备": {"turnover": 2229.781, "pct": 1.4613926298563438}, "养殖业": {"turnover": 349.056982, "pct": -0.0414725755271041}, "电机": {"turnover": 180.949946, "pct": 1.980981760280133}, "半导体": {"turnover": 4831.3061, "pct": 2.0260440318058617}, "橡胶制品": {"turnover": 103.460469, "pct": 0.9431583894037936}, "消费电子": {"turnover": 1713.15647, "pct": 1.768423406439601}, "家居用品": {"turnover": 268.977834, "pct": 1.3972517598504928}, "其他社会服务": {"turnover": 166.751357, "pct": 1.1501319651598052}, "电力": {"turnover": 2241.53932, "pct": 1.5825852633971769}, "轨交设备": {"turnover": 121.143654, "pct": 0.9713887685024089}, "农产品加工": {"turnover": 280.684626, "pct": 0.5765819604951624}, "服装家纺": {"turnover": 221.972275, "pct": 0.7436006944563751}, "种植业与林业": {"turnover": 518.37459, "pct": -0.6785874916242629}, "环境治理": {"turnover": 632.41744, "pct": 0.643924836083406}, "贸易": {"turnover": 73.683123, "pct": 0.09274292609939089}, "化学制品": {"turnover": 1477.96861, "pct": -0.4282104397981188}, "电子化学品": {"turnover": 645.23232, "pct": 1.6582943740738358}, "中药": {"turnover": 239.816424, "pct": 1.1451247526863741}, "自动化设备": {"turnover": 1315.42584, "pct": 0.8782673881786137}, "化学纤维": {"turnover": 223.237169, "pct": -0.5567904739063956}, "厨卫电器": {"turnover": 30.9508852, "pct": 1.3066512372568062}, "汽车服务及其他": {"turnover": 89.526273, "pct": 0.27704732518664016}, "旅游及酒店": {"turnover": 126.296691, "pct": 0.670863633191224}, "汽车零部件": {"turnover": 1775.5207, "pct": 0.6016800756886548}, "纺织制造": {"turnover": 103.66203, "pct": 0.9108190302320647}, "农化制品": {"turnover": 1190.65125, "pct": -1.811458132445539}, "军工电子": {"turnover": 1294.05305, "pct": 1.180493787674735}, "文化传媒": {"turnover": 777.82064, "pct": 1.2838339273710917}, "包装印刷": {"turnover": 257.053385, "pct": 0.461014757724838}, "专用设备": {"turnover": 1493.54367, "pct": 0.7902468708882813}, "游戏": {"turnover": 409.87354, "pct": 1.1331319841938359}, "白色家电": {"turnover": 391.400941, "pct": 0.604210851574229}, "饮料制造": {"turnover": 176.236378, "pct": -0.017022561135102893}, "美容护理": {"turnover": 127.614236, "pct": 0.20609171254220426}, "贵金属": {"turnover": 686.37039, "pct": 1.281631752508228}, "小家电": {"turnover": 70.191838, "pct": 0.3173825335505076}, "黑色家电": {"turnover": 148.647977, "pct": -0.5047300961902105}, "医药商业": {"turnover": 112.431424, "pct": 0.13653605923037218}, "食品加工制造": {"turnover": 234.501739, "pct": -0.001369141453231771}, "建筑材料": {"turnover": 575.62607, "pct": 0.24080014086505513}, "房地产": {"turnover": 404.017412, "pct": -0.20458282235504321}, "物流": {"turnover": 231.347092, "pct": -0.16034313200742928}, "零售": {"turnover": 354.276265, "pct": 0.1260137526005712}, "光学光电子": {"turnover": 1741.26934, "pct": 1.1601149902327874}, "小金属": {"turnover": 1449.71172, "pct": 0.21734007325169116}, "汽车整车": {"turnover": 457.406338, "pct": 0.3325811251589055}, "化学原料": {"turnover": 1114.61682, "pct": -3.04152774492825}, "工程机械": {"turnover": 299.682809, "pct": -0.026485109482883053}, "公路铁路运输": {"turnover": 126.522132, "pct": -0.247294460258227}, "多元金融": {"turnover": 312.944316, "pct": -0.9632637859067714}, "金属新材料": {"turnover": 315.610706, "pct": 0.7285763356724183}, "证券": {"turnover": 700.03484, "pct": -0.7313481443722191}, "影视院线": {"turnover": 199.12302, "pct": -0.19570921707595793}, "白酒": {"turnover": 276.899043, "pct": -0.7540771702965852}, "军工装备": {"turnover": 2051.13738, "pct": -0.622963372011981}, "保险": {"turnover": 225.030611, "pct": -0.6796014322321026}, "银行": {"turnover": 710.19316, "pct": -0.43539154089842924}, "机场航运": {"turnover": 233.796238, "pct": -2.092050961356554}, "钢铁": {"turnover": 577.15143, "pct": -1.5392610860382956}, "工业金属": {"turnover": 1745.8254, "pct": -0.5594659842644011}, "煤炭开采加工": {"turnover": 711.54689, "pct": -0.3245612778649781}, "港口航运": {"turnover": 699.92069, "pct": -2.0428097258927647}, "燃气": {"turnover": 337.880518, "pct": -1.616530105121565}, "石油加工贸易": {"turnover": 794.54802, "pct": -3.6093582896339647}, "油气开采及服务": {"turnover": 1326.30321, "pct": -4.669130799663302}, "教育": {"turnover": 54.628248, "pct": 0.8398243515424165}}