{"能源金属": {"turnover": 937.022993, "pct": 7.198759837346999}, "小金属": {"turnover": 2909.4886, "pct": 6.837800121481825}, "元件": {"turnover": 3378.05869, "pct": 10.706577870566885}, "电子化学品": {"turnover": 1327.31499, "pct": 7.822206492601431}, "油气开采及服务": {"turnover": 906.392851, "pct": 8.688560767807619}, "农化制品": {"turnover": 1603.05459, "pct": 7.119976133200792}, "金属新材料": {"turnover": 632.86874, "pct": 4.511882628914021}, "钢铁": {"turnover": 1061.0644, "pct": 5.573840197648735}, "非金属材料": {"turnover": 246.830977, "pct": 5.190395076945915}, "其他电源设备": {"turnover": 1178.6533, "pct": 3.156238166626868}, "电网设备": {"turnover": 3178.14745, "pct": 4.8719542001402925}, "半导体": {"turnover": 8973.5518, "pct": 3.886318441126655}, "工业金属": {"turnover": 3258.57452, "pct": 3.5526062328819394}, "环境治理": {"turnover": 786.471571, "pct": 4.9880601786697}, "造纸": {"turnover": 274.494018, "pct": 3.692218129709026}, "环保设备": {"turnover": 195.597465, "pct": 4.78998136338999}, "其他电子": {"turnover": 823.94292, "pct": 3.4380911420732256}, "军工装备": {"turnover": 3646.34835, "pct": 5.317264116567647}, "贵金属": {"turnover": 1130.49763, "pct": 4.054036751889794}, "风电设备": {"turnover": 774.136894, "pct": 4.589978376319178}, "电力": {"turnover": 1882.69732, "pct": 3.2731552116475098}, "消费电子": {"turnover": 3065.25629, "pct": 3.0734622622607266}, "通用设备": {"turnover": 3986.95299, "pct": 3.560751131345426}, "化学原料": {"turnover": 978.20139, "pct": 3.8737134003190654}, "电池": {"turnover": 3226.40891, "pct": 2.891379310848863}, "化学制品": {"turnover": 2414.02519, "pct": 3.7555975088211775}, "塑料制品": {"turnover": 1024.32828, "pct": 4.070239891801974}, "港口航运": {"turnover": 724.878835, "pct": 2.442889201142618}, "橡胶制品": {"turnover": 197.47931, "pct": 2.672809529171511}, "种植业与林业": {"turnover": 448.178082, "pct": 4.371357941732083}, "专用设备": {"turnover": 2356.8011, "pct": 2.9213397717571508}, "建筑材料": {"turnover": 1580.9714, "pct": 2.6782774829984106}, "化学纤维": {"turnover": 303.462639, "pct": 1.8233816295745406}, "军工电子": {"turnover": 1894.2953, "pct": 3.5477704848106653}, "通信设备": {"turnover": 6041.73003, "pct": 1.8724515223524494}, "光学光电子": {"turnover": 1874.57237, "pct": 3.436700309528209}, "自动化设备": {"turnover": 1997.43668, "pct": 2.493281835602493}, "轨交设备": {"turnover": 184.60534, "pct": 2.05320640136172}, "计算机设备": {"turnover": 1313.5937, "pct": 2.226278786322251}, "煤炭开采加工": {"turnover": 604.858916, "pct": 1.5124083643575597}, "建筑装饰": {"turnover": 1910.05248, "pct": 2.6628372004919605}, "综合": {"turnover": 667.397691, "pct": 2.130368893275973}, "贸易": {"turnover": 102.148653, "pct": 2.3477536610529928}, "燃气": {"turnover": 172.584074, "pct": 2.2915689694236283}, "工程机械": {"turnover": 470.790924, "pct": 1.82507956881856}, "汽车零部件": {"turnover": 3461.47565, "pct": 1.6587828417968273}, "其他社会服务": {"turnover": 276.864049, "pct": 1.9802473940472531}, "电机": {"turnover": 424.428926, "pct": 1.4568597851713883}, "农产品加工": {"turnover": 217.554901, "pct": 2.164879775593028}, "石油加工贸易": {"turnover": 475.967323, "pct": 1.1407523420339516}, "物流": {"turnover": 312.732595, "pct": 1.9285216110906396}, "多元金融": {"turnover": 360.866625, "pct": 1.241927008025581}, "房地产": {"turnover": 914.63017, "pct": 0.8867754787302479}, "白色家电": {"turnover": 864.4644, "pct": 0.8707410670658577}, "汽车服务及其他": {"turnover": 144.64, "pct": 0.8942586614848638}, "汽车整车": {"turnover": 645.790805, "pct": -0.1166828997788935}, "养殖业": {"turnover": 330.146633, "pct": 2.1132588007197235}, "通信服务": {"turnover": 1890.63956, "pct": -0.6012786097352807}, "家居用品": {"turnover": 499.122837, "pct": 0.9246542693915659}, "中药": {"turnover": 435.571928, "pct": 1.0229384547470994}, "纺织制造": {"turnover": 207.922398, "pct": 0.61268006996442}, "美容护理": {"turnover": 233.146529, "pct": 0.6391049749229988}, "生物制品": {"turnover": 409.426048, "pct": 0.4196936108202006}, "黑色家电": {"turnover": 200.316479, "pct": -1.1394299525369718}, "IT服务": {"turnover": 3765.22688, "pct": -1.5354131609263468}, "包装印刷": {"turnover": 539.012442, "pct": -0.12602606693341095}, "小家电": {"turnover": 113.934584, "pct": 0.496447371382152}, "厨卫电器": {"turnover": 31.2289251, "pct": 1.130542974545621}, "公路铁路运输": {"turnover": 179.982203, "pct": 0.14238395394745257}, "医疗器械": {"turnover": 800.27682, "pct": 0.07012605891068634}, "证券": {"turnover": 1333.13713, "pct": -0.903846010314751}, "医药商业": {"turnover": 191.459823, "pct": 0.08859921546643192}, "化学制药": {"turnover": 1263.98956, "pct": -0.19476788493986608}, "服装家纺": {"turnover": 441.945678, "pct": 0.2494039809945908}, "医疗服务": {"turnover": 816.95935, "pct": -0.6324660799760151}, "软件开发": {"turnover": 2924.60283, "pct": -2.572085893815269}, "饮料制造": {"turnover": 278.670921, "pct": -0.10473188915660946}, "食品加工制造": {"turnover": 370.756423, "pct": -0.1423701212522895}, "光伏设备": {"turnover": 3066.86378, "pct": -1.8756131943827241}, "零售": {"turnover": 870.43848, "pct": -0.40051224043442096}, "银行": {"turnover": 1176.56054, "pct": -1.7171218917172346}, "机场航运": {"turnover": 244.689437, "pct": -1.117269507387789}, "白酒": {"turnover": 669.262663, "pct": -2.0571456832012114}, "教育": {"turnover": 117.116923, "pct": -1.7340592986349583}, "互联网电商": {"turnover": 171.964992, "pct": -1.733214002782285}, "旅游及酒店": {"turnover": 263.920915, "pct": -1.4637957296298705}, "游戏": {"turnover": 1144.69911, "pct": -5.085136867381175}, "保险": {"turnover": 461.575828, "pct": -5.203534215378465}, "文化传媒": {"turnover": 2722.37044, "pct": -4.125999019954127}, "影视院线": {"turnover": 1241.47157, "pct": -10.916903549260724}}