{"电力": {"turnover": 10019.40982, "pct": 5.661125325567188}, "能源金属": {"turnover": 1743.186849, "pct": -3.580964760468165}, "电池": {"turnover": 8546.43792, "pct": -4.070718618324549}, "银行": {"turnover": 2798.01215, "pct": -0.34916470105746733}, "化学制药": {"turnover": 2564.75027, "pct": -6.503128853431388}, "燃气": {"turnover": 734.316161, "pct": -0.556435613261449}, "煤炭开采加工": {"turnover": 2317.75677, "pct": -1.1202382424810575}, "生物制品": {"turnover": 929.341682, "pct": -5.4790700314538805}, "港口航运": {"turnover": 1659.06458, "pct": -1.2085102295797527}, "互联网电商": {"turnover": 336.316188, "pct": -5.07970788618248}, "环保设备": {"turnover": 472.194124, "pct": -4.408179148400591}, "旅游及酒店": {"turnover": 466.47502, "pct": -3.9995312844322313}, "医疗服务": {"turnover": 1580.406499, "pct": -6.949284540769394}, "厨卫电器": {"turnover": 175.493069, "pct": -7.215881411610798}, "包装印刷": {"turnover": 1250.082335, "pct": -4.510713788544265}, "食品加工制造": {"turnover": 817.734135, "pct": -4.901059777066617}, "小家电": {"turnover": 248.372445, "pct": -4.639052087402768}, "光伏设备": {"turnover": 8536.31168, "pct": -3.5559000815919584}, "房地产": {"turnover": 1601.610127, "pct": -4.717980545393638}, "汽车整车": {"turnover": 1888.20739, "pct": -3.8347297085865586}, "公路铁路运输": {"turnover": 478.196969, "pct": -3.1054922644598437}, "饮料制造": {"turnover": 559.32397, "pct": -5.389721667625523}, "中药": {"turnover": 774.766678, "pct": -6.109553506490135}, "黑色家电": {"turnover": 347.109587, "pct": -5.994314815143793}, "电子化学品": {"turnover": 2140.76339, "pct": -7.079569485176343}, "服装家纺": {"turnover": 743.635863, "pct": -5.2663246544163895}, "综合": {"turnover": 1148.16706, "pct": -4.7033996427639}, "医疗器械": {"turnover": 1873.24477, "pct": -8.773522238381805}, "美容护理": {"turnover": 355.159899, "pct": -6.996072424017799}, "其他电子": {"turnover": 1994.4755, "pct": -4.101415869960586}, "医药商业": {"turnover": 365.285514, "pct": -6.864732694042202}, "建筑装饰": {"turnover": 5027.10746, "pct": -6.0811998055755465}, "物流": {"turnover": 727.159657, "pct": -5.464429381263181}, "家居用品": {"turnover": 907.506302, "pct": -6.12348991966438}, "汽车服务及其他": {"turnover": 339.782212, "pct": -6.222578328809704}, "环境治理": {"turnover": 1923.59561, "pct": -5.968392021478968}, "贸易": {"turnover": 236.120817, "pct": -5.914901893108275}, "半导体": {"turnover": 15873.77956, "pct": -6.1249626314208125}, "油气开采及服务": {"turnover": 2440.66308, "pct": -4.268056140253221}, "文化传媒": {"turnover": 2041.52755, "pct": -5.337182379472408}, "通信服务": {"turnover": 3419.5264, "pct": -2.988173832893136}, "元件": {"turnover": 6614.83428, "pct": -6.058732170272428}, "机场航运": {"turnover": 576.826365, "pct": -7.0091593450414065}, "白酒": {"turnover": 1076.711325, "pct": -7.805371119106787}, "证券": {"turnover": 2708.15, "pct": -6.269570209685129}, "零售": {"turnover": 1165.904783, "pct": -6.95550797183619}, "消费电子": {"turnover": 5080.8582, "pct": -6.71724681081885}, "建筑材料": {"turnover": 1821.27446, "pct": -7.271810871376092}, "风电设备": {"turnover": 3338.48256, "pct": -9.333529469389624}, "影视院线": {"turnover": 445.49482, "pct": -6.799192277180806}, "白色家电": {"turnover": 1472.675285, "pct": -7.050047795841932}, "通信设备": {"turnover": 12635.23041, "pct": -6.092388437569869}, "化学纤维": {"turnover": 1292.582691, "pct": -7.219722073940643}, "其他社会服务": {"turnover": 630.691371, "pct": -6.824908189190154}, "游戏": {"turnover": 1295.231468, "pct": -8.08929743058532}, "工程机械": {"turnover": 967.274237, "pct": -7.602938761196762}, "专用设备": {"turnover": 4182.76172, "pct": -7.580788065506858}, "多元金融": {"turnover": 1203.807869, "pct": -5.822253213727136}, "养殖业": {"turnover": 768.787598, "pct": -9.957553026730565}, "电机": {"turnover": 600.091822, "pct": -7.6370379107937145}, "造纸": {"turnover": 403.048622, "pct": -7.537075064152726}, "塑料制品": {"turnover": 1809.8872, "pct": -8.209881078508248}, "教育": {"turnover": 173.644654, "pct": -7.7767012916181155}, "汽车零部件": {"turnover": 5295.05048, "pct": -7.525613624436822}, "光学光电子": {"turnover": 4233.20018, "pct": -7.862612119092577}, "农产品加工": {"turnover": 675.887805, "pct": -9.706122167530916}, "纺织制造": {"turnover": 313.21115, "pct": -8.734401123014383}, "农化制品": {"turnover": 3689.56868, "pct": -13.025953338139507}, "化学原料": {"turnover": 3068.0699, "pct": -11.17220616588422}, "自动化设备": {"turnover": 3880.27145, "pct": -8.45972369690765}, "化学制品": {"turnover": 4228.70292, "pct": -9.738049676639942}, "轨交设备": {"turnover": 328.690054, "pct": -8.746377331480224}, "军工电子": {"turnover": 3024.03278, "pct": -7.17484153427152}, "计算机设备": {"turnover": 2727.19244, "pct": -7.758808665361344}, "种植业与林业": {"turnover": 1042.53823, "pct": -9.320864002785381}, "通用设备": {"turnover": 5510.301, "pct": -9.171303347892833}, "橡胶制品": {"turnover": 362.43648, "pct": -10.441633263694177}, "军工装备": {"turnover": 4495.10259, "pct": -8.491646325407006}, "IT服务": {"turnover": 5701.07106, "pct": -8.100783427245545}, "保险": {"turnover": 850.943133, "pct": -8.14879897805112}, "电网设备": {"turnover": 6497.05547, "pct": -7.892389577312935}, "其他电源设备": {"turnover": 2255.75344, "pct": -8.082460755545972}, "软件开发": {"turnover": 4717.79263, "pct": -9.30096693708672}, "钢铁": {"turnover": 1729.377566, "pct": -11.47946622203279}, "金属新材料": {"turnover": 754.097782, "pct": -11.501295770752359}, "小金属": {"turnover": 3775.92502, "pct": -11.503667499288872}, "工业金属": {"turnover": 5380.17634, "pct": -12.386610094210356}, "非金属材料": {"turnover": 355.065647, "pct": -12.068676089753055}, "贵金属": {"turnover": 2112.877993, "pct": -15.35699740782698}}