{"小金属": {"turnover": 1019.29175, "pct": -0.4496146770986066}, "能源金属": {"turnover": 399.533983, "pct": -0.425056043369004}, "贵金属": {"turnover": 606.15253, "pct": -3.471869690016629}, "造纸": {"turnover": 100.497119, "pct": 1.8008716596986047}, "电子化学品": {"turnover": 428.15145, "pct": 0.2777415778980548}, "消费电子": {"turnover": 1567.82588, "pct": 1.323242545102444}, "半导体": {"turnover": 3317.2189, "pct": 0.7504375749976503}, "其他电源设备": {"turnover": 461.14089, "pct": -0.5274283315236444}, "通信服务": {"turnover": 692.97154, "pct": 1.356950009692053}, "计算机设备": {"turnover": 724.46736, "pct": 1.3671685765494912}, "工业金属": {"turnover": 1723.98991, "pct": -2.090624090125636}, "金属新材料": {"turnover": 204.753537, "pct": -0.8148770422192537}, "其他电子": {"turnover": 296.72059, "pct": 0.7207441687459093}, "油气开采及服务": {"turnover": 383.269811, "pct": -3.6570879880338256}, "电池": {"turnover": 1110.45053, "pct": 0.45084558700647676}, "军工装备": {"turnover": 1295.81152, "pct": 2.3420152488095747}, "电机": {"turnover": 141.924459, "pct": 2.048764552873235}, "自动化设备": {"turnover": 682.02673, "pct": 1.4112072587867488}, "IT服务": {"turnover": 1549.44758, "pct": 0.09340081815264653}, "通用设备": {"turnover": 2112.47848, "pct": 0.6837835958450987}, "环保设备": {"turnover": 61.271434, "pct": 0.5018035542426527}, "汽车零部件": {"turnover": 1895.48007, "pct": 0.5927261459483557}, "汽车整车": {"turnover": 406.474991, "pct": -0.3474341629405305}, "元件": {"turnover": 1243.26542, "pct": 0.344954466846504}, "电网设备": {"turnover": 1136.74295, "pct": -0.8113341342359621}, "软件开发": {"turnover": 1822.5616, "pct": 0.27207174043624704}, "橡胶制品": {"turnover": 77.231419, "pct": 0.079420954924556}, "农化制品": {"turnover": 329.11211, "pct": -0.09359254785077743}, "综合": {"turnover": 299.05671, "pct": 0.5551508693507129}, "通信设备": {"turnover": 3505.03481, "pct": -0.009699486116324523}, "光学光电子": {"turnover": 952.02181, "pct": -0.6517707987004789}, "轨交设备": {"turnover": 60.572073, "pct": -0.2801809817693047}, "专用设备": {"turnover": 926.06923, "pct": -0.061202884610970384}, "军工电子": {"turnover": 649.01899, "pct": 0.5920990124928339}, "白色家电": {"turnover": 313.40715, "pct": 0.709899252854254}, "塑料制品": {"turnover": 495.13828, "pct": -0.7787905691330252}, "建筑装饰": {"turnover": 602.15724, "pct": 0.33092464779994896}, "电力": {"turnover": 887.3024, "pct": -1.020257290023816}, "房地产": {"turnover": 436.70722, "pct": -1.3018439293358375}, "黑色家电": {"turnover": 92.636871, "pct": -0.9256170617427925}, "钢铁": {"turnover": 462.09102, "pct": -2.7543334147698455}, "建筑材料": {"turnover": 607.41857, "pct": -0.7498366567061852}, "非金属材料": {"turnover": 81.650363, "pct": -1.5737226062074288}, "环境治理": {"turnover": 267.253241, "pct": -0.6710076600233725}, "港口航运": {"turnover": 296.621901, "pct": -2.317616056694771}, "包装印刷": {"turnover": 226.77943, "pct": 0.6539415319263892}, "化学制品": {"turnover": 1216.88742, "pct": -1.4356902227189277}, "工程机械": {"turnover": 162.053177, "pct": -0.5590306831087548}, "燃气": {"turnover": 57.759313, "pct": 0.16945312376506935}, "化学纤维": {"turnover": 186.554721, "pct": -2.9351377602580278}, "煤炭开采加工": {"turnover": 376.778724, "pct": -2.2036873566263977}, "家居用品": {"turnover": 281.949721, "pct": -1.1123082308286794}, "其他社会服务": {"turnover": 99.07087, "pct": 0.09987160914637735}, "贸易": {"turnover": 34.169612, "pct": -0.11165923686186008}, "生物制品": {"turnover": 205.838634, "pct": -1.0153250798439715}, "种植业与林业": {"turnover": 219.983154, "pct": -1.8518902880976245}, "汽车服务及其他": {"turnover": 73.238598, "pct": -0.968931358062987}, "小家电": {"turnover": 40.482473, "pct": 0.10055381316835478}, "多元金融": {"turnover": 131.530061, "pct": -0.046175803878753814}, "风电设备": {"turnover": 228.538674, "pct": -0.9953242347968316}, "石油加工贸易": {"turnover": 261.203038, "pct": -2.342992278374968}, "物流": {"turnover": 155.350509, "pct": -1.936697105199665}, "化学原料": {"turnover": 529.58736, "pct": -3.323251845801757}, "农产品加工": {"turnover": 84.910621, "pct": -0.06911383378191745}, "医疗器械": {"turnover": 433.589168, "pct": -1.2640800832313317}, "中药": {"turnover": 175.208661, "pct": 0.06757824634450067}, "证券": {"turnover": 477.9865, "pct": -0.8545860295709162}, "医疗服务": {"turnover": 341.79628, "pct": -0.4982950472771814}, "纺织制造": {"turnover": 80.086981, "pct": -0.32004039432847836}, "养殖业": {"turnover": 122.711839, "pct": 0.3194750997905887}, "银行": {"turnover": 492.63658, "pct": -0.5565943583449019}, "厨卫电器": {"turnover": 11.604992, "pct": 0.40444166853135033}, "化学制药": {"turnover": 725.53226, "pct": -1.8740912470379716}, "美容护理": {"turnover": 140.768045, "pct": -2.3649266742683954}, "医药商业": {"turnover": 72.7034, "pct": -0.3032948322466747}, "教育": {"turnover": 80.925403, "pct": -0.7639328486189872}, "公路铁路运输": {"turnover": 72.33264054, "pct": -0.0070948526148767324}, "游戏": {"turnover": 790.47765, "pct": -2.336996283319895}, "饮料制造": {"turnover": 160.674845, "pct": -2.1370409618306523}, "光伏设备": {"turnover": 1999.69492, "pct": -3.1028588370533434}, "白酒": {"turnover": 284.41915, "pct": -0.8841762462730077}, "服装家纺": {"turnover": 160.272577, "pct": 0.11680597958644663}, "互联网电商": {"turnover": 108.181775, "pct": -1.6835253553771554}, "保险": {"turnover": 234.771611, "pct": -2.8621564099966332}, "食品加工制造": {"turnover": 229.497475, "pct": -2.626653857799029}, "零售": {"turnover": 538.27505, "pct": -2.6740998430692433}, "机场航运": {"turnover": 139.013327, "pct": -2.661198409704897}, "旅游及酒店": {"turnover": 106.775328, "pct": 0.340156059790123}, "文化传媒": {"turnover": 2167.1149, "pct": -3.0163690820362197}, "影视院线": {"turnover": 692.3679985, "pct": -3.4814249947560336}}