{"电力": {"turnover": 4679.92736, "pct": 4.1198717417841735}, "光伏设备": {"turnover": 4669.55724, "pct": 1.3306839765024965}, "煤炭开采加工": {"turnover": 1165.41846, "pct": 3.2679355012996245}, "燃气": {"turnover": 412.411781, "pct": 1.8047570827609054}, "银行": {"turnover": 1505.68792, "pct": -2.229699059391496}, "环保设备": {"turnover": 217.404308, "pct": -3.711539571280382}, "油气开采及服务": {"turnover": 1263.02545, "pct": 0.5553854062982031}, "通信服务": {"turnover": 1848.70531, "pct": -6.946385447964384}, "港口航运": {"turnover": 841.83025, "pct": -3.365408890677382}, "厨卫电器": {"turnover": 90.9712157, "pct": -4.726207703791879}, "多元金融": {"turnover": 636.402188, "pct": -4.9372240034349835}, "汽车整车": {"turnover": 1005.59112, "pct": -4.664940308719441}, "证券": {"turnover": 1391.82478, "pct": -5.445370453138189}, "公路铁路运输": {"turnover": 234.564431, "pct": -4.748268582747649}, "生物制品": {"turnover": 500.308213, "pct": -6.525922409373164}, "保险": {"turnover": 420.409129, "pct": -7.981673550492915}, "风电设备": {"turnover": 1501.87839, "pct": -3.7550637046716795}, "汽车服务及其他": {"turnover": 182.508216, "pct": -5.083916859336454}, "能源金属": {"turnover": 858.820748, "pct": -3.5181257346521626}, "环境治理": {"turnover": 944.48, "pct": -5.231857323393977}, "建筑装饰": {"turnover": 2230.79292, "pct": -5.615185177113171}, "电网设备": {"turnover": 3064.20394, "pct": -5.250119327359663}, "包装印刷": {"turnover": 679.745023, "pct": -6.455062365966106}, "小家电": {"turnover": 122.413575, "pct": -5.92508772681771}, "房地产": {"turnover": 809.83308, "pct": -6.1784466415173815}, "服装家纺": {"turnover": 339.522589, "pct": -7.922811049343621}, "化学制药": {"turnover": 1415.28725, "pct": -6.439555794990652}, "饮料制造": {"turnover": 288.978563, "pct": -5.733422165866921}, "贸易": {"turnover": 116.938837, "pct": -5.129351623114492}, "医药商业": {"turnover": 185.193315, "pct": -6.122810476828729}, "中药": {"turnover": 463.169125, "pct": -6.375569029701945}, "电池": {"turnover": 4154.24611, "pct": -2.8746920982720447}, "家居用品": {"turnover": 463.786583, "pct": -6.428985949842857}, "其他社会服务": {"turnover": 304.655127, "pct": -8.801922880679182}, "黑色家电": {"turnover": 145.396472, "pct": -6.218193193843221}, "食品加工制造": {"turnover": 391.772966, "pct": -7.462521907665612}, "通信设备": {"turnover": 6469.95439, "pct": -5.474653159562218}, "工程机械": {"turnover": 519.584705, "pct": -6.241649686058743}, "文化传媒": {"turnover": 1037.9, "pct": -7.0658712578681975}, "医疗器械": {"turnover": 1105.85995, "pct": -7.37216196783324}, "其他电子": {"turnover": 1042.92499, "pct": -7.432735688005791}, "旅游及酒店": {"turnover": 226.636987, "pct": -5.996719068641862}, "其他电源设备": {"turnover": 1100.44944, "pct": -5.347423929915592}, "综合": {"turnover": 577.788583, "pct": -7.061500138920189}, "光学光电子": {"turnover": 2037.20725, "pct": -6.497180195460202}, "物流": {"turnover": 353.392421, "pct": -6.270871276987733}, "军工电子": {"turnover": 1507.32928, "pct": -7.1402249623706195}, "专用设备": {"turnover": 2135.19833, "pct": -7.162458346580568}, "建筑材料": {"turnover": 865.70915, "pct": -6.97910019805918}, "造纸": {"turnover": 203.344959, "pct": -7.2108583254451535}, "医疗服务": {"turnover": 744.028429, "pct": -6.707013390614443}, "影视院线": {"turnover": 229.281424, "pct": -6.850966719574434}, "互联网电商": {"turnover": 170.550646, "pct": -7.497894377418625}, "美容护理": {"turnover": 184.008184, "pct": -7.32541764549361}, "半导体": {"turnover": 8169.9136, "pct": -7.672572213730129}, "计算机设备": {"turnover": 1508.84071, "pct": -8.003330606754895}, "白色家电": {"turnover": 783.378529, "pct": -7.855516864879017}, "汽车零部件": {"turnover": 2669.17852, "pct": -7.746915069155164}, "零售": {"turnover": 579.689692, "pct": -6.67946153813443}, "白酒": {"turnover": 490.745601, "pct": -5.814339612837438}, "消费电子": {"turnover": 2434.41879, "pct": -7.430480017152073}, "游戏": {"turnover": 676.015119, "pct": -8.31374771185961}, "电机": {"turnover": 340.762632, "pct": -7.404571651678947}, "石油加工贸易": {"turnover": 685.650954, "pct": -6.02513842499262}, "化学纤维": {"turnover": 619.675547, "pct": -9.31360965283278}, "IT服务": {"turnover": 2946.92475, "pct": -8.795375536815873}, "软件开发": {"turnover": 2439.15201, "pct": -8.270523754067604}, "钢铁": {"turnover": 820.12281, "pct": -8.189662926430367}, "机场航运": {"turnover": 288.178299, "pct": -8.03488875996402}, "轨交设备": {"turnover": 165.579495, "pct": -7.620862130219168}, "元件": {"turnover": 3291.81513, "pct": -7.905394340423168}, "军工装备": {"turnover": 2189.95543, "pct": -7.707707669528986}, "纺织制造": {"turnover": 157.595371, "pct": -7.740727313324322}, "电子化学品": {"turnover": 1044.75744, "pct": -6.5725581405822355}, "教育": {"turnover": 85.741887, "pct": -8.085744223871467}, "通用设备": {"turnover": 2667.83862, "pct": -8.000799377560089}, "自动化设备": {"turnover": 1894.55381, "pct": -8.112853416148935}, "塑料制品": {"turnover": 856.66571, "pct": -8.122357700507955}, "养殖业": {"turnover": 456.054285, "pct": -8.169232287626025}, "农产品加工": {"turnover": 320.055306, "pct": -7.684193380034519}, "橡胶制品": {"turnover": 182.807144, "pct": -8.50472860212982}, "小金属": {"turnover": 1713.25214, "pct": -9.307668595753373}, "化学原料": {"turnover": 1396.34973, "pct": -8.134710510883462}, "化学制品": {"turnover": 1936.3988, "pct": -8.543336079756534}, "金属新材料": {"turnover": 372.7659, "pct": -9.750525355717803}, "非金属材料": {"turnover": 166.155004, "pct": -7.856326831463243}, "工业金属": {"turnover": 2800.35736, "pct": -8.88771364437341}, "农化制品": {"turnover": 1647.30982, "pct": -9.319373722448782}, "贵金属": {"turnover": 965.770773, "pct": -12.394491942078597}, "种植业与林业": {"turnover": 447.252025, "pct": -8.30124603294618}}