{"电网设备": {"turnover": 5052.41745, "pct": 12.404449069112685}, "电力": {"turnover": 3565.5008, "pct": 5.8537921270554305}, "通信服务": {"turnover": 1710.93643, "pct": 7.205091684526124}, "其他电源设备": {"turnover": 1583.37045, "pct": 7.182938819160592}, "IT服务": {"turnover": 2910.51177, "pct": 6.727181400189654}, "综合": {"turnover": 800.62644, "pct": 5.550516071440099}, "风电设备": {"turnover": 946.61095, "pct": 4.701997137609889}, "环保设备": {"turnover": 223.405545, "pct": 3.6113498359661103}, "光学光电子": {"turnover": 2817.27776, "pct": 4.035926597500563}, "化学制药": {"turnover": 1542.91052, "pct": 2.735237135524491}, "教育": {"turnover": 81.045027, "pct": 4.43878314985405}, "养殖业": {"turnover": 443.942451, "pct": 1.3538634111780976}, "环境治理": {"turnover": 1103.99322, "pct": 2.6831941305833755}, "造纸": {"turnover": 216.404567, "pct": 2.245633020911783}, "互联网电商": {"turnover": 134.142671, "pct": 3.9493296196526972}, "农产品加工": {"turnover": 459.395518, "pct": 2.269966661603628}, "非金属材料": {"turnover": 268.014671, "pct": 0.6394026971745663}, "中药": {"turnover": 334.411905, "pct": 2.341426975369312}, "医疗服务": {"turnover": 799.241827, "pct": 4.015513050304001}, "软件开发": {"turnover": 2929.62398, "pct": 3.700435092256672}, "计算机设备": {"turnover": 1289.82982, "pct": 3.203801111357519}, "公路铁路运输": {"turnover": 273.425828, "pct": -0.14062465191917714}, "银行": {"turnover": 1573.27698, "pct": -0.6838826409773548}, "生物制品": {"turnover": 344.496257, "pct": 2.704069596957562}, "建筑装饰": {"turnover": 2190.07715, "pct": 2.206697247785441}, "旅游及酒店": {"turnover": 165.611499, "pct": 1.3392632132236604}, "光伏设备": {"turnover": 3291.29591, "pct": 1.1748331355902661}, "医药商业": {"turnover": 153.799582, "pct": 1.7867962800676152}, "饮料制造": {"turnover": 239.731494, "pct": 1.5013650184240614}, "汽车服务及其他": {"turnover": 145.913392, "pct": 0.8469378498913475}, "多元金融": {"turnover": 565.304201, "pct": 0.735755308182754}, "轨交设备": {"turnover": 171.647028, "pct": 2.4835475241943272}, "纺织制造": {"turnover": 185.896754, "pct": 0.5924993353247524}, "贸易": {"turnover": 92.440015, "pct": 3.5340301784472885}, "厨卫电器": {"turnover": 60.5668604, "pct": 0.8509762830231191}, "其他社会服务": {"turnover": 219.983334, "pct": 2.6527753956708993}, "家居用品": {"turnover": 458.826745, "pct": 1.1851240919176276}, "橡胶制品": {"turnover": 139.673153, "pct": 2.960242010449405}, "食品加工制造": {"turnover": 393.811882, "pct": -0.16566263614415053}, "种植业与林业": {"turnover": 860.42644, "pct": -5.1299242089921755}, "物流": {"turnover": 459.430031, "pct": -1.6678249237984375}, "小家电": {"turnover": 123.384643, "pct": 1.522136852320107}, "医疗器械": {"turnover": 995.37656, "pct": 1.0400586438696708}, "文化传媒": {"turnover": 1364.85757, "pct": 1.7425046431414157}, "服装家纺": {"turnover": 328.652387, "pct": 2.1817154315806495}, "电机": {"turnover": 230.406084, "pct": 1.8418326729634362}, "包装印刷": {"turnover": 319.633936, "pct": 2.2172282841327164}, "电池": {"turnover": 3053.9281, "pct": 0.681884635822043}, "零售": {"turnover": 727.57577, "pct": -0.06883441177035879}, "房地产": {"turnover": 554.22473, "pct": 1.589988812124803}, "塑料制品": {"turnover": 619.9034, "pct": 2.5050441649315247}, "化学制品": {"turnover": 2467.14972, "pct": 1.9855493735632075}, "其他电子": {"turnover": 667.91341, "pct": 2.7983844510116174}, "黑色家电": {"turnover": 210.355739, "pct": 0.40496248278074504}, "专用设备": {"turnover": 2729.93028, "pct": 0.8312772476967947}, "白色家电": {"turnover": 743.116195, "pct": -0.029505297308065292}, "通用设备": {"turnover": 2996.63468, "pct": 1.9189022401049465}, "美容护理": {"turnover": 232.888031, "pct": -1.0004357465893505}, "保险": {"turnover": 502.030123, "pct": -3.9786335759295186}, "化学原料": {"turnover": 1780.8781, "pct": 1.9788542588664624}, "游戏": {"turnover": 726.394432, "pct": 0.9510383845108985}, "自动化设备": {"turnover": 2412.81848, "pct": 0.4555998432711556}, "证券": {"turnover": 1440.41285, "pct": -2.1613966439370005}, "煤炭开采加工": {"turnover": 1332.06253, "pct": -1.3685535120465075}, "白酒": {"turnover": 592.296286, "pct": -2.4176294055069487}, "消费电子": {"turnover": 2922.8754, "pct": 0.7398031809349274}, "影视院线": {"turnover": 379.640736, "pct": 1.0407845321521647}, "汽车零部件": {"turnover": 2327.12805, "pct": 0.6669903590829853}, "汽车整车": {"turnover": 630.486484, "pct": 0.9832409902104053}, "农化制品": {"turnover": 2031.93877, "pct": 2.805094428141074}, "通信设备": {"turnover": 6860.37753, "pct": 0.22178483947023694}, "工程机械": {"turnover": 507.889637, "pct": -0.8777168922203346}, "建筑材料": {"turnover": 1026.7374, "pct": -0.4864634016424745}, "元件": {"turnover": 3318.38298, "pct": -0.15216842618298826}, "能源金属": {"turnover": 814.105491, "pct": 0.4745221440277751}, "钢铁": {"turnover": 1118.9716, "pct": -0.6494729746833596}, "机场航运": {"turnover": 274.750404, "pct": -0.06189631256684606}, "半导体": {"turnover": 6604.638, "pct": 1.6085911425719575}, "化学纤维": {"turnover": 287.264052, "pct": 1.0416032980276986}, "电子化学品": {"turnover": 1216.75702, "pct": -1.6038899880970114}, "燃气": {"turnover": 590.658467, "pct": -7.049170727468347}, "港口航运": {"turnover": 1649.85738, "pct": -8.524220910267108}, "军工电子": {"turnover": 2370.53535, "pct": -0.5629011081707572}, "油气开采及服务": {"turnover": 2644.42783, "pct": -5.665846364411395}, "金属新材料": {"turnover": 594.628466, "pct": -1.7222200670048444}, "石油加工贸易": {"turnover": 1274.39584, "pct": -5.425757245547114}, "军工装备": {"turnover": 4147.72764, "pct": 0.124188532633066}, "工业金属": {"turnover": 3750.36281, "pct": -1.7318138411748845}, "贵金属": {"turnover": 1643.50911, "pct": -4.909516564300445}, "小金属": {"turnover": 2325.16316, "pct": -3.002084542185012}}