{"油气开采及服务": {"turnover": 1807.404135, "pct": 23.94337415807376}, "小金属": {"turnover": 6145.1027, "pct": 24.84861749391075}, "贵金属": {"turnover": 2769.45748, "pct": 17.25572935856234}, "燃气": {"turnover": 409.942739, "pct": 6.912589447163854}, "港口航运": {"turnover": 1465.110466, "pct": 8.440275450609679}, "石油加工贸易": {"turnover": 1150.257942, "pct": 8.021424411010019}, "元件": {"turnover": 5866.85137, "pct": 10.155647478430913}, "电子化学品": {"turnover": 2504.30762, "pct": 9.147113778234749}, "能源金属": {"turnover": 1684.803898, "pct": 13.31586108346126}, "钢铁": {"turnover": 2080.46243, "pct": 9.504745909197768}, "煤炭开采加工": {"turnover": 1278.404834, "pct": 7.6908696518744755}, "非金属材料": {"turnover": 466.128012, "pct": 6.739076751284334}, "化学原料": {"turnover": 2028.23256, "pct": 6.452683719130631}, "其他电源设备": {"turnover": 2305.36192, "pct": 6.770798855815428}, "电力": {"turnover": 3902.48899, "pct": 7.475365219972627}, "农化制品": {"turnover": 2856.06464, "pct": 9.141469773941061}, "种植业与林业": {"turnover": 1039.833228, "pct": 4.832160337338874}, "金属新材料": {"turnover": 1274.498645, "pct": 7.654424616962119}, "工业金属": {"turnover": 6235.55392, "pct": 9.080312326282069}, "通信设备": {"turnover": 11473.8744, "pct": 2.7591472675072257}, "电网设备": {"turnover": 6094.64893, "pct": 4.616230677149984}, "环保设备": {"turnover": 399.549078, "pct": 3.662449462383722}, "军工装备": {"turnover": 7039.36964, "pct": 8.261273579126213}, "环境治理": {"turnover": 1537.817471, "pct": 4.008605986048862}, "军工电子": {"turnover": 4177.27334, "pct": 5.248596386646075}, "通用设备": {"turnover": 7384.10364, "pct": 3.3000387758542145}, "物流": {"turnover": 679.595082, "pct": 1.219852409202714}, "风电设备": {"turnover": 1681.475562, "pct": 2.1247495292819574}, "造纸": {"turnover": 528.36073, "pct": 2.0687108893984085}, "橡胶制品": {"turnover": 385.186848, "pct": 1.7254248786041773}, "其他电子": {"turnover": 1581.072063, "pct": 1.6355179109296667}, "专用设备": {"turnover": 4249.28864, "pct": 2.633579313055314}, "建筑装饰": {"turnover": 3340.47313, "pct": 1.3300470116738197}, "半导体": {"turnover": 17093.71414, "pct": 2.0103713075245313}, "消费电子": {"turnover": 5477.49604, "pct": 1.8555792394904533}, "黑色家电": {"turnover": 420.418794, "pct": -0.5104618885950527}, "塑料制品": {"turnover": 2021.67157, "pct": 1.3374692728734687}, "光学光电子": {"turnover": 3528.00674, "pct": -1.5889901907323774}, "化学制品": {"turnover": 4774.4175, "pct": 1.571946183637649}, "多元金融": {"turnover": 816.775839, "pct": 0.8534661850943761}, "自动化设备": {"turnover": 3945.10901, "pct": 0.2638995198009099}, "综合": {"turnover": 1234.834633, "pct": 0.9128250594283285}, "通信服务": {"turnover": 3439.89256, "pct": -2.1240246880848934}, "建筑材料": {"turnover": 2657.32021, "pct": 1.5512511904725081}, "计算机设备": {"turnover": 2604.328, "pct": 0.28331881156126576}, "农产品加工": {"turnover": 470.087932, "pct": -0.050738193400373645}, "轨交设备": {"turnover": 329.35487, "pct": 0.32157364069363203}, "电池": {"turnover": 6121.55155, "pct": 0.3222149295814923}, "IT服务": {"turnover": 7819.84519, "pct": -0.8858118501397015}, "厨卫电器": {"turnover": 78.6421735, "pct": 0.6176674722978435}, "光伏设备": {"turnover": 7345.12262, "pct": -4.596993912165518}, "养殖业": {"turnover": 729.115748, "pct": -1.4245852073355694}, "其他社会服务": {"turnover": 563.867079, "pct": -0.8556313741118057}, "工程机械": {"turnover": 929.611549, "pct": -0.7617168394671769}, "化学纤维": {"turnover": 567.880251, "pct": 0.6359146503651055}, "贸易": {"turnover": 216.42393, "pct": 0.44639388440378697}, "电机": {"turnover": 792.606049, "pct": -1.1561312969231834}, "汽车零部件": {"turnover": 6757.95615, "pct": -1.3683022021062579}, "白色家电": {"turnover": 1758.24578, "pct": -2.1684216314549065}, "银行": {"turnover": 2102.90014, "pct": -2.0303360087062994}, "纺织制造": {"turnover": 390.665071, "pct": -2.1762608344052157}, "汽车服务及其他": {"turnover": 287.000015, "pct": -2.455767622740775}, "包装印刷": {"turnover": 1114.974395, "pct": -2.961190342638921}, "房地产": {"turnover": 1542.5563, "pct": -2.361961760306759}, "医疗器械": {"turnover": 1519.749068, "pct": -7.129517875847262}, "中药": {"turnover": 842.970896, "pct": -2.4456282910642555}, "证券": {"turnover": 2299.28445, "pct": -2.4447761986852345}, "软件开发": {"turnover": 6035.83814, "pct": -3.5016710894527714}, "汽车整车": {"turnover": 1401.188847, "pct": -1.8804725520243264}, "家居用品": {"turnover": 1011.011224, "pct": -2.6803002548328516}, "生物制品": {"turnover": 847.619857, "pct": -2.6540475563784285}, "美容护理": {"turnover": 431.260585, "pct": -3.04806568947202}, "教育": {"turnover": 258.600692, "pct": -5.772212171046539}, "化学制药": {"turnover": 2790.03843, "pct": -3.3355620352910975}, "小家电": {"turnover": 241.376355, "pct": -4.307751987738327}, "服装家纺": {"turnover": 860.849427, "pct": -4.2923525053889335}, "医药商业": {"turnover": 423.544025, "pct": -4.433544606172571}, "饮料制造": {"turnover": 602.039427, "pct": -4.7212818850212654}, "医疗服务": {"turnover": 1649.52235, "pct": -4.284966777764865}, "互联网电商": {"turnover": 324.382461, "pct": -7.297925826527483}, "食品加工制造": {"turnover": 768.972649, "pct": -5.329754690478118}, "旅游及酒店": {"turnover": 516.771436, "pct": -7.060153323364303}, "文化传媒": {"turnover": 6092.46235, "pct": -7.953086200858263}, "游戏": {"turnover": 2542.2141, "pct": -6.324000704289852}, "零售": {"turnover": 1885.1648, "pct": -5.763374093668873}, "保险": {"turnover": 901.597799, "pct": -9.07890350836583}, "机场航运": {"turnover": 545.120526, "pct": -8.174211181835037}, "白酒": {"turnover": 1165.812868, "pct": -7.321023028135041}, "影视院线": {"turnover": 2626.42047, "pct": -14.831836341484147}}