{"油气开采及服务": {"turnover": 3345.694371, "pct": 25.38543219076006}, "贵金属": {"turnover": 6679.222047, "pct": 10.707562994495202}, "光伏设备": {"turnover": 16762.45949, "pct": 14.459302416064446}, "小金属": {"turnover": 10746.28356, "pct": 8.601440154523647}, "能源金属": {"turnover": 3490.542268, "pct": 2.2740355785746558}, "农化制品": {"turnover": 5011.22169, "pct": 5.586487215334516}, "建筑材料": {"turnover": 5331.25641, "pct": 6.356057849068892}, "化学原料": {"turnover": 3979.4677, "pct": 5.268974770032172}, "石油加工贸易": {"turnover": 2238.303878, "pct": 8.192275376463515}, "煤炭开采加工": {"turnover": 2895.996763, "pct": 9.465323615828419}, "非金属材料": {"turnover": 832.496096, "pct": 5.346287606970819}, "钢铁": {"turnover": 3458.865446, "pct": 2.8167172050098896}, "工业金属": {"turnover": 18116.30391, "pct": 2.6211125510777182}, "化学制品": {"turnover": 9461.12024, "pct": 3.406341424244857}, "造纸": {"turnover": 817.261583, "pct": 6.116239742736741}, "电子化学品": {"turnover": 4484.68746, "pct": 2.1759780222108662}, "环保设备": {"turnover": 711.831511, "pct": 4.569475585563281}, "元件": {"turnover": 9726.36411, "pct": 4.322919189317012}, "房地产": {"turnover": 4242.69917, "pct": 2.277342278554733}, "种植业与林业": {"turnover": 2329.862225, "pct": 5.231338314333649}, "港口航运": {"turnover": 2013.17542, "pct": 3.940501864488973}, "环境治理": {"turnover": 3100.101211, "pct": 2.231511714395316}, "综合": {"turnover": 2978.01288979, "pct": 3.86065424093338}, "化学纤维": {"turnover": 1367.808271, "pct": 0.006523609535967401}, "文化传媒": {"turnover": 13959.07312, "pct": 3.4838727504574214}, "通信服务": {"turnover": 6516.39298, "pct": 5.909376311904879}, "家居用品": {"turnover": 2137.874547, "pct": 1.0586320744013344}, "光学光电子": {"turnover": 8262.54608, "pct": 2.313654121035048}, "其他电子": {"turnover": 3992.25619036, "pct": 1.3407022175119414}, "半导体": {"turnover": 40894.93034, "pct": -1.4720430684222188}, "贸易": {"turnover": 645.553999, "pct": 2.121734485772563}, "影视院线": {"turnover": 3638.495442, "pct": 4.4133838243780295}, "建筑装饰": {"turnover": 7515.81251, "pct": 1.5498223759777374}, "通信设备": {"turnover": 25099.59988, "pct": 5.792997232059985}, "服装家纺": {"turnover": 2472.227256, "pct": 1.5979017732800982}, "金属新材料": {"turnover": 2500.312453, "pct": 0.7104943769252172}, "燃气": {"turnover": 959.670374, "pct": 1.7944568468979745}, "自动化设备": {"turnover": 7151.81851, "pct": 2.3455308483851396}, "电力": {"turnover": 7141.51375, "pct": 2.1172977814074385}, "通用设备": {"turnover": 15378.30579, "pct": 2.1287423833396093}, "中药": {"turnover": 2468.892714, "pct": 1.2987533259244601}, "纺织制造": {"turnover": 890.711448, "pct": 2.133740430897673}, "电网设备": {"turnover": 12441.0730183, "pct": 4.047806982210343}, "专用设备": {"turnover": 9340.60069, "pct": 1.223721182924962}, "消费电子": {"turnover": 13304.68458, "pct": 1.4968528443755869}, "轨交设备": {"turnover": 823.750376, "pct": 0.9135450046564207}, "物流": {"turnover": 1391.263971, "pct": 0.5133537147267749}, "橡胶制品": {"turnover": 752.1573975, "pct": 0.8200780435962859}, "银行": {"turnover": 6327.97919, "pct": 1.978185658331288}, "包装印刷": {"turnover": 2097.370803, "pct": 1.097366305209852}, "其他电源设备": {"turnover": 3797.25985, "pct": 1.4662118261866177}, "公路铁路运输": {"turnover": 913.313268, "pct": 0.4955181368853115}, "塑料制品": {"turnover": 3787.9438722, "pct": -0.14994845635136306}, "电池": {"turnover": 12481.7022, "pct": -0.8513638070887871}, "军工装备": {"turnover": 14633.94843, "pct": 2.642964924985861}, "其他社会服务": {"turnover": 1344.324185, "pct": -0.11187922423492391}, "美容护理": {"turnover": 1035.645678, "pct": -2.4517105673418795}, "养殖业": {"turnover": 1804.014805, "pct": -0.3666096260867425}, "工程机械": {"turnover": 2151.37526398, "pct": 0.023770708073337265}, "风电设备": {"turnover": 3814.974372, "pct": -0.049916304518100085}, "汽车整车": {"turnover": 3049.769374, "pct": 0.5417984618986066}, "互联网电商": {"turnover": 924.246648, "pct": -0.6318826735293552}, "汽车零部件": {"turnover": 14684.2089, "pct": -1.7797193500699513}, "白色家电": {"turnover": 4445.76993, "pct": -1.3427648429903154}, "黑色家电": {"turnover": 870.174064, "pct": -0.08922391995513787}, "汽车服务及其他": {"turnover": 636.25962603, "pct": -1.2660796863494146}, "电机": {"turnover": 1868.856735, "pct": -4.768601191187844}, "白酒": {"turnover": 4544.270849, "pct": -0.4942353765121757}, "证券": {"turnover": 6481.60486, "pct": -1.9769559323452999}, "厨卫电器": {"turnover": 198.6638784, "pct": -1.478123967671944}, "IT服务": {"turnover": 13821.63435, "pct": 0.4088629152907035}, "农产品加工": {"turnover": 1271.661566, "pct": -2.4593811713003997}, "计算机设备": {"turnover": 5723.15574, "pct": -1.1449950750806892}, "医疗器械": {"turnover": 3940.212455, "pct": -2.2819100549384386}, "饮料制造": {"turnover": 1640.641053, "pct": -1.5981780240329109}, "化学制药": {"turnover": 6268.18711, "pct": -2.5372840813416033}, "医疗服务": {"turnover": 3977.45, "pct": -3.0696603622142824}, "生物制品": {"turnover": 2167.758329, "pct": -2.320666999654218}, "多元金融": {"turnover": 1703.489091, "pct": -2.1590625171390307}, "小家电": {"turnover": 567.43901, "pct": -3.044184708573118}, "教育": {"turnover": 604.104584, "pct": -0.9610969642073894}, "医药商业": {"turnover": 1352.442057, "pct": -2.440091370457177}, "机场航运": {"turnover": 1118.36683, "pct": -3.941115136663681}, "零售": {"turnover": 4283.94365, "pct": -4.128457525135392}, "食品加工制造": {"turnover": 1829.766798, "pct": -4.284706387844821}, "游戏": {"turnover": 4740.35543, "pct": -1.837530127589288}, "软件开发": {"turnover": 12522.32449, "pct": -3.23239065919572}, "军工电子": {"turnover": 8801.11619, "pct": -1.4073708295037541}, "保险": {"turnover": 2480.411015, "pct": -3.2716498461103765}, "旅游及酒店": {"turnover": 1364.981714, "pct": -4.36652603349762}}