{"光伏设备": {"turnover": 8532.58613, "pct": -0.7051761704050813}, "风电设备": {"turnover": 3422.53003, "pct": -0.9215187410039725}, "煤炭开采加工": {"turnover": 2291.64355, "pct": 3.9093675166769515}, "电力": {"turnover": 9053.48711, "pct": -1.5376029971626428}, "银行": {"turnover": 2738.74973, "pct": -1.9215973451737576}, "电池": {"turnover": 8743.50008, "pct": -5.593410446064933}, "化学纤维": {"turnover": 1326.340829, "pct": -7.139314906699054}, "燃气": {"turnover": 760.345119, "pct": -2.524195644883151}, "汽车整车": {"turnover": 1785.150897, "pct": -6.9200473400676685}, "港口航运": {"turnover": 1701.1487, "pct": -6.297476884767164}, "元件": {"turnover": 6943.17944, "pct": -11.722243793907044}, "厨卫电器": {"turnover": 153.3060623, "pct": -7.559366482186072}, "保险": {"turnover": 782.80329, "pct": -7.335981816726965}, "环保设备": {"turnover": 434.269007, "pct": -9.325038192249098}, "公路铁路运输": {"turnover": 462.788417, "pct": -7.360877072541546}, "证券": {"turnover": 2623.6952, "pct": -7.506825654215707}, "黑色家电": {"turnover": 419.928162, "pct": -9.264174748123393}, "生物制品": {"turnover": 956.697984, "pct": -9.977006487617551}, "旅游及酒店": {"turnover": 430.099039, "pct": -9.604192767813412}, "白酒": {"turnover": 1082.004326, "pct": -7.6046641519208675}, "小家电": {"turnover": 235.955684, "pct": -9.591222228831027}, "房地产": {"turnover": 1565.51375, "pct": -9.245249543232864}, "其他电子": {"turnover": 1944.50736, "pct": -11.898426657815417}, "汽车服务及其他": {"turnover": 288.200523, "pct": -10.13677699269229}, "半导体": {"turnover": 16106.6077, "pct": -11.853920845079548}, "包装印刷": {"turnover": 1124.813443, "pct": -10.60881560981104}, "电子化学品": {"turnover": 2300.84057, "pct": -11.899546671661174}, "通信设备": {"turnover": 13152.72576, "pct": -13.099170368149732}, "建筑装饰": {"turnover": 5514.29542, "pct": -10.806097534259262}, "医疗器械": {"turnover": 2114.13778, "pct": -10.93829373142988}, "化学制药": {"turnover": 2854.83544, "pct": -10.757268864636064}, "互联网电商": {"turnover": 329.531432, "pct": -10.637928419056102}, "多元金融": {"turnover": 1191.161561, "pct": -8.935644861484022}, "饮料制造": {"turnover": 569.146649, "pct": -10.02780635847937}, "光学光电子": {"turnover": 4622.6321, "pct": -11.693430594219336}, "通信服务": {"turnover": 3654.37148, "pct": -11.439719872762726}, "能源金属": {"turnover": 1528.472942, "pct": -12.101624606045878}, "食品加工制造": {"turnover": 784.299586, "pct": -10.305877994895313}, "中药": {"turnover": 817.659248, "pct": -10.61119745731592}, "美容护理": {"turnover": 370.383268, "pct": -11.810396758348745}, "家居用品": {"turnover": 908.97427, "pct": -12.02611177327895}, "消费电子": {"turnover": 5315.50347, "pct": -12.951935319531612}, "服装家纺": {"turnover": 737.391205, "pct": -11.818104570582564}, "塑料制品": {"turnover": 1935.05413, "pct": -12.812638778510035}, "医药商业": {"turnover": 362.912765, "pct": -10.617016542645949}, "物流": {"turnover": 716.587119, "pct": -10.874868765908593}, "计算机设备": {"turnover": 2885.2974, "pct": -12.611130947165035}, "白色家电": {"turnover": 1424.587735, "pct": -12.33208116623342}, "造纸": {"turnover": 438.199031, "pct": -11.73624381899057}, "环境治理": {"turnover": 1973.88703, "pct": -11.713140078570982}, "其他社会服务": {"turnover": 601.437731, "pct": -12.184984743202786}, "汽车零部件": {"turnover": 5544.99627, "pct": -12.939017742687417}, "零售": {"turnover": 1211.094783, "pct": -11.784004961998132}, "电机": {"turnover": 592.400731, "pct": -13.562244904753346}, "文化传媒": {"turnover": 2256.68795, "pct": -11.719006600594046}, "橡胶制品": {"turnover": 398.753057, "pct": -12.233799408720577}, "养殖业": {"turnover": 917.147275, "pct": -11.43479996372344}, "贸易": {"turnover": 230.456072, "pct": -12.26141874419769}, "建筑材料": {"turnover": 1889.49499, "pct": -12.801018725084013}, "医疗服务": {"turnover": 1574.220479, "pct": -13.486781274420533}, "工程机械": {"turnover": 999.7071, "pct": -13.305100983874244}, "机场航运": {"turnover": 575.86253, "pct": -12.165184206636773}, "自动化设备": {"turnover": 4229.70419, "pct": -14.347503293150666}, "综合": {"turnover": 1406.237137, "pct": -12.669428028723061}, "教育": {"turnover": 172.223484, "pct": -12.824310764035197}, "游戏": {"turnover": 1461.97772, "pct": -13.117172169832326}, "专用设备": {"turnover": 4542.47285, "pct": -13.584387343932883}, "化学原料": {"turnover": 3514.92792, "pct": -9.586318598810486}, "影视院线": {"turnover": 502.991359, "pct": -12.26788436066385}, "油气开采及服务": {"turnover": 2832.33497, "pct": -1.2988487087403433}, "通用设备": {"turnover": 6351.56075, "pct": -15.225194420299356}, "软件开发": {"turnover": 5524.39686, "pct": -14.123103178693952}, "纺织制造": {"turnover": 325.811224, "pct": -14.639311058995522}, "轨交设备": {"turnover": 364.940029, "pct": -14.811985310347023}, "种植业与林业": {"turnover": 1189.721986, "pct": -12.723276085474017}, "军工电子": {"turnover": 3433.71683, "pct": -15.269417120324627}, "农化制品": {"turnover": 3974.65723, "pct": -11.781886584528827}, "其他电源设备": {"turnover": 2740.79761, "pct": -15.478572026780812}, "化学制品": {"turnover": 4696.17975, "pct": -13.99763792059519}, "农产品加工": {"turnover": 734.641086, "pct": -13.266560567855807}, "非金属材料": {"turnover": 457.657898, "pct": -17.25642543573165}, "IT服务": {"turnover": 6865.81794, "pct": -14.665123048003862}, "石油加工贸易": {"turnover": 1619.84123, "pct": -10.920074126925593}, "电网设备": {"turnover": 7890.04049, "pct": -15.421250955786665}, "钢铁": {"turnover": 1910.95602, "pct": -13.968439712780475}, "军工装备": {"turnover": 5001.13859, "pct": -17.1052556828269}, "金属新材料": {"turnover": 855.156667, "pct": -18.828519421034056}, "工业金属": {"turnover": 5773.37262, "pct": -18.6494983063936}, "小金属": {"turnover": 3942.97911, "pct": -21.04307414934278}, "贵金属": {"turnover": 1745.199773, "pct": -22.60837256612477}}