{"电力": {"turnover": 9371.78553, "pct": 1.7136763641831827}, "风电设备": {"turnover": 3507.32054, "pct": -0.30176233331285657}, "煤炭开采加工": {"turnover": 2306.4243, "pct": 2.6590958162289566}, "光伏设备": {"turnover": 8827.62344, "pct": -1.468073659107523}, "银行": {"turnover": 2803.12232, "pct": -0.40055397717485197}, "电池": {"turnover": 8847.2948, "pct": -6.240562005185983}, "燃气": {"turnover": 747.45366, "pct": -0.2609411376437164}, "港口航运": {"turnover": 1666.32425, "pct": -2.6208670231465105}, "化学纤维": {"turnover": 1358.396592, "pct": -5.7036799526440305}, "环保设备": {"turnover": 443.669783, "pct": -3.8420043958400365}, "汽车整车": {"turnover": 1877.133963, "pct": -5.495317995515691}, "元件": {"turnover": 6774.58124, "pct": -8.537381069284269}, "厨卫电器": {"turnover": 160.5037749, "pct": -4.061679741396246}, "公路铁路运输": {"turnover": 469.636078, "pct": -5.060562229485019}, "黑色家电": {"turnover": 407.248168, "pct": -6.794125358724503}, "生物制品": {"turnover": 946.778807, "pct": -6.077299321359214}, "房地产": {"turnover": 1592.530667, "pct": -5.94959720296821}, "旅游及酒店": {"turnover": 438.2788, "pct": -5.984990882886831}, "小家电": {"turnover": 239.016159, "pct": -6.1669708946418895}, "建筑装饰": {"turnover": 5441.07699, "pct": -6.938194347876314}, "其他电子": {"turnover": 1935.04273, "pct": -8.336019796299379}, "医疗器械": {"turnover": 2131.33444, "pct": -7.3746150740832626}, "证券": {"turnover": 2678.69541, "pct": -6.17430545214402}, "化学制药": {"turnover": 2844.93515, "pct": -6.705055745159534}, "汽车服务及其他": {"turnover": 314.354488, "pct": -6.668635784070827}, "包装印刷": {"turnover": 1176.345773, "pct": -7.138216961217159}, "通信设备": {"turnover": 12917.17321, "pct": -10.476855775445133}, "电子化学品": {"turnover": 2255.89201, "pct": -9.066499819697652}, "白酒": {"turnover": 1088.207567, "pct": -6.251161693138442}, "保险": {"turnover": 800.83037, "pct": -7.271894097198269}, "互联网电商": {"turnover": 331.935751, "pct": -6.304551781637702}, "饮料制造": {"turnover": 572.295494, "pct": -6.766350477511055}, "光学光电子": {"turnover": 4573.34845, "pct": -8.467737539473225}, "多元金融": {"turnover": 1217.497093, "pct": -6.277104431724256}, "通信服务": {"turnover": 3491.52825, "pct": -7.6438816096005}, "环境治理": {"turnover": 1986.33092, "pct": -7.548591797463698}, "中药": {"turnover": 833.014136, "pct": -7.215879366940891}, "半导体": {"turnover": 15913.4866, "pct": -8.344062837058807}, "家居用品": {"turnover": 915.327338, "pct": -7.91687323205877}, "服装家纺": {"turnover": 716.246426, "pct": -9.58298428327733}, "食品加工制造": {"turnover": 765.524414, "pct": -8.312231182872756}, "医药商业": {"turnover": 368.356107, "pct": -7.079689407814406}, "能源金属": {"turnover": 1588.139557, "pct": -10.094396800776284}, "贸易": {"turnover": 236.494192, "pct": -8.116421638360393}, "美容护理": {"turnover": 363.290034, "pct": -8.625776121100289}, "物流": {"turnover": 711.573126, "pct": -8.174507942526972}, "医疗服务": {"turnover": 1616.422519, "pct": -8.923357725880908}, "消费电子": {"turnover": 5123.16262, "pct": -9.691180766806546}, "其他社会服务": {"turnover": 584.532805, "pct": -10.229551496974214}, "塑料制品": {"turnover": 1920.50274, "pct": -10.089551031192746}, "零售": {"turnover": 1214.388659, "pct": -8.243098850660147}, "造纸": {"turnover": 430.174222, "pct": -9.765167841029237}, "计算机设备": {"turnover": 2822.81318, "pct": -9.485528682138668}, "白色家电": {"turnover": 1441.670135, "pct": -9.353362903909076}, "建筑材料": {"turnover": 1854.61971, "pct": -8.983740617052877}, "文化传媒": {"turnover": 2152.26659, "pct": -8.207743946802244}, "汽车零部件": {"turnover": 5466.13011, "pct": -10.170098450613073}, "工程机械": {"turnover": 1005.378695, "pct": -10.251646667195716}, "养殖业": {"turnover": 929.494724, "pct": -9.147736968525354}, "电机": {"turnover": 606.284307, "pct": -10.492216576429499}, "专用设备": {"turnover": 4434.85229, "pct": -9.905076733259373}, "综合": {"turnover": 1300.437046, "pct": -8.98684816236329}, "橡胶制品": {"turnover": 393.642139, "pct": -11.031287548132282}, "教育": {"turnover": 172.49957, "pct": -9.338474280869237}, "纺织制造": {"turnover": 325.075397, "pct": -10.45602234203934}, "轨交设备": {"turnover": 357.544766, "pct": -10.799357461810406}, "自动化设备": {"turnover": 4142.84402, "pct": -11.538737364746963}, "机场航运": {"turnover": 563.793187, "pct": -9.627037546856688}, "游戏": {"turnover": 1416.526709, "pct": -10.102225028540026}, "影视院线": {"turnover": 477.566752, "pct": -8.87769558679973}, "油气开采及服务": {"turnover": 2681.7519, "pct": -4.628896389075232}, "通用设备": {"turnover": 6101.89363, "pct": -11.965765925936399}, "化学原料": {"turnover": 3421.20453, "pct": -11.15369634886421}, "软件开发": {"turnover": 5145.57433, "pct": -10.913873868202737}, "其他电源设备": {"turnover": 2583.13409, "pct": -11.811947522413448}, "军工电子": {"turnover": 3288.21405, "pct": -11.743084901529418}, "种植业与林业": {"turnover": 1126.12273, "pct": -11.587122069775726}, "化学制品": {"turnover": 4599.40418, "pct": -11.694100206784745}, "农化制品": {"turnover": 3952.21453, "pct": -11.51249894327432}, "农产品加工": {"turnover": 710.519689, "pct": -10.510624421564728}, "电网设备": {"turnover": 7360.34903, "pct": -11.571377330035123}, "非金属材料": {"turnover": 425.517603, "pct": -14.811391665429404}, "IT服务": {"turnover": 6363.29391, "pct": -11.433031805171598}, "石油加工贸易": {"turnover": 1514.432292, "pct": -10.368844675805533}, "钢铁": {"turnover": 1868.95069, "pct": -10.920161018453694}, "军工装备": {"turnover": 4808.41135, "pct": -12.547782049164594}, "金属新材料": {"turnover": 814.615718, "pct": -15.130830432552505}, "工业金属": {"turnover": 5753.72602, "pct": -15.111469349817483}, "小金属": {"turnover": 3878.13349, "pct": -16.864423724994666}, "贵金属": {"turnover": 1872.964953, "pct": -19.297680467475633}}