{"机场航运": {"turnover": 366.441093, "pct": 5.568343671717843}, "光伏设备": {"turnover": 4760.90755, "pct": 7.825964970720284}, "影视院线": {"turnover": 799.07156, "pct": 2.9748030999084825}, "电网设备": {"turnover": 3411.01904, "pct": 1.0088831928718616}, "美容护理": {"turnover": 321.893631, "pct": 4.036903004841613}, "自动化设备": {"turnover": 1730.80688, "pct": 2.907555197348172}, "教育": {"turnover": 122.280981, "pct": 2.3084028217662955}, "电池": {"turnover": 2880.08479, "pct": 4.142109849102957}, "中药": {"turnover": 673.249191, "pct": 4.051856105507276}, "包装印刷": {"turnover": 525.163356, "pct": 3.5849998967565737}, "军工电子": {"turnover": 2229.86569, "pct": 2.064509103908587}, "房地产": {"turnover": 1086.84225, "pct": 4.2022453573708525}, "光学光电子": {"turnover": 2080.43016, "pct": 2.788187402639387}, "银行": {"turnover": 1363.878805, "pct": 3.916760762784864}, "环保设备": {"turnover": 174.324217, "pct": 2.3019943019942977}, "综合": {"turnover": 756.909951, "pct": 2.3267648595183608}, "纺织制造": {"turnover": 247.678656, "pct": 3.9975804015656995}, "通信设备": {"turnover": 7210.03199, "pct": 0.9825330669514177}, "厨卫电器": {"turnover": 49.3282455, "pct": 4.578351074829958}, "零售": {"turnover": 1183.71614, "pct": 3.1836062862166608}, "汽车整车": {"turnover": 748.304433, "pct": 3.6418019555441417}, "通信服务": {"turnover": 1584.95241, "pct": 0.718621441301185}, "通用设备": {"turnover": 3844.35273, "pct": 1.9962075998177176}, "军工装备": {"turnover": 2935.41878, "pct": -0.6042621459846289}, "非金属材料": {"turnover": 191.457169, "pct": 4.129182172627539}, "医疗服务": {"turnover": 964.16408, "pct": 3.3448205678078837}, "服装家纺": {"turnover": 670.211047, "pct": 4.048133128886873}, "其他电源设备": {"turnover": 815.89397, "pct": 0.47656066955366094}, "家居用品": {"turnover": 555.072048, "pct": 2.8283734688102493}, "轨交设备": {"turnover": 148.4708301, "pct": 1.2203152669853863}, "汽车服务及其他": {"turnover": 165.1498, "pct": 2.4576144602440078}, "建筑材料": {"turnover": 1337.00963, "pct": 3.7351447504450337}, "文化传媒": {"turnover": 3458.86973, "pct": -1.0700790594326466}, "工程机械": {"turnover": 452.530477, "pct": -0.5623260141736782}, "汽车零部件": {"turnover": 3435.899, "pct": 2.1909430510217565}, "消费电子": {"turnover": 3273.55489, "pct": 1.7587265809259574}, "物流": {"turnover": 304.83027395, "pct": 1.7138967508611225}, "电力": {"turnover": 1739.9365, "pct": 1.7846753634622095}, "小家电": {"turnover": 135.511923, "pct": 1.7539781584464125}, "计算机设备": {"turnover": 1121.55932, "pct": 1.3025906880483995}, "元件": {"turnover": 2337.78526, "pct": 1.17581578596463}, "环境治理": {"turnover": 762.66293, "pct": 1.8418398767309898}, "其他社会服务": {"turnover": 312.866646, "pct": 0.7630742084041007}, "建筑装饰": {"turnover": 1741.60656, "pct": 1.3319294999969578}, "化学制药": {"turnover": 1312.325213, "pct": 1.9889004637071006}, "专用设备": {"turnover": 1807.72725, "pct": -0.3969708386582121}, "IT服务": {"turnover": 3186.64207, "pct": 0.546865857992672}, "风电设备": {"turnover": 872.37084, "pct": -0.1605235808044471}, "白酒": {"turnover": 1565.11165, "pct": -1.6036043746010693}, "食品加工制造": {"turnover": 563.085655, "pct": 1.5558402849750768}, "黑色家电": {"turnover": 144.214212, "pct": 1.3578402981686946}, "公路铁路运输": {"turnover": 201.879077, "pct": 0.8885996403053971}, "互联网电商": {"turnover": 226.520348, "pct": -0.5873756880670675}, "饮料制造": {"turnover": 509.070591, "pct": 1.4659708051388134}, "多元金融": {"turnover": 306.03362527, "pct": 0.6018747297547774}, "白色家电": {"turnover": 1095.49602, "pct": 1.1999036718405296}, "医药商业": {"turnover": 311.678081, "pct": 1.8929873334666403}, "化学制品": {"turnover": 2355.55146, "pct": 3.1854336646090102}, "医疗器械": {"turnover": 861.57212, "pct": 1.9564911296023804}, "证券": {"turnover": 1750.58035, "pct": 1.2207602798714972}, "游戏": {"turnover": 1010.2223186, "pct": -0.11688350955605181}, "生物制品": {"turnover": 498.105875, "pct": 2.2024548131517996}, "电机": {"turnover": 367.823876, "pct": 0.8321935264522866}, "塑料制品": {"turnover": 847.95464, "pct": 1.825687054097786}, "软件开发": {"turnover": 2782.35964, "pct": -0.3110549273583831}, "煤炭开采加工": {"turnover": 922.662525, "pct": 5.619071855262222}, "石油加工贸易": {"turnover": 411.683918, "pct": 2.8348292526398673}, "港口航运": {"turnover": 426.713433, "pct": 1.6874262520826113}, "化学纤维": {"turnover": 234.498409, "pct": 1.8956156893324683}, "电子化学品": {"turnover": 951.37924, "pct": 0.570212284967195}, "造纸": {"turnover": 180.078963, "pct": 2.6404826924560214}, "其他电子": {"turnover": 687.887997, "pct": -2.848053333720856}, "保险": {"turnover": 550.444723, "pct": -0.18277018799444764}, "化学原料": {"turnover": 908.29594, "pct": 3.587226284753417}, "金属新材料": {"turnover": 517.700133, "pct": 0.4617256558872896}, "小金属": {"turnover": 2482.54351, "pct": 1.5040309327737205}, "钢铁": {"turnover": 775.731656, "pct": 3.24338167383647}, "贸易": {"turnover": 142.661181, "pct": 2.2413948424551573}, "燃气": {"turnover": 206.586161, "pct": 1.8999007063066595}, "橡胶制品": {"turnover": 159.488715, "pct": 1.5895250287680436}, "养殖业": {"turnover": 468.357685, "pct": 0.9189752140186431}, "能源金属": {"turnover": 749.08417, "pct": 2.2141863592588518}, "农产品加工": {"turnover": 351.922486, "pct": 0.4589927749619615}, "农化制品": {"turnover": 1183.30977, "pct": 3.006884007352444}, "半导体": {"turnover": 9118.7494, "pct": -0.483963011372145}, "油气开采及服务": {"turnover": 671.34443, "pct": 4.903212808703291}, "种植业与林业": {"turnover": 754.135446, "pct": -0.0841413261348362}, "工业金属": {"turnover": 3660.89736, "pct": -1.8863424314099528}, "贵金属": {"turnover": 1870.720967, "pct": -8.467769929444344}, "旅游及酒店": {"turnover": 431.782576, "pct": 1.9638651541245593}}