{"油气开采及服务": {"turnover": 3610.543325, "pct": 15.8098340169874}, "小金属": {"turnover": 11505.76459, "pct": 14.563922286975876}, "光伏设备": {"turnover": 16502.56476, "pct": 5.489662865998188}, "贵金属": {"turnover": 6471.653937, "pct": -0.24044163274713515}, "煤炭开采加工": {"turnover": 2952.082141, "pct": 9.203307827180913}, "钢铁": {"turnover": 3850.037286, "pct": 6.165314070800047}, "能源金属": {"turnover": 3532.444328, "pct": 4.802416204170131}, "农化制品": {"turnover": 5520.73727, "pct": 6.083466823238635}, "元件": {"turnover": 10598.62926, "pct": 9.08076099250062}, "非金属材料": {"turnover": 866.468479, "pct": 5.590658011794703}, "通信服务": {"turnover": 6972.01949, "pct": 5.317122980783577}, "种植业与林业": {"turnover": 2432.161372, "pct": 6.059827563286362}, "环保设备": {"turnover": 729.298327, "pct": 6.980334980975067}, "石油加工贸易": {"turnover": 2154.900216, "pct": 4.140875074587893}, "工业金属": {"turnover": 17905.87668, "pct": -0.5853825326742192}, "通信设备": {"turnover": 25348.20925, "pct": 6.835809199848494}, "化学原料": {"turnover": 3934.64198, "pct": 4.641546473266633}, "港口航运": {"turnover": 2300.272403, "pct": 5.815135308163338}, "电力": {"turnover": 7392.896, "pct": 6.3821055218140454}, "建筑材料": {"turnover": 5432.7166, "pct": 3.9037643892567675}, "电网设备": {"turnover": 11957.28874, "pct": 6.27528206261307}, "电子化学品": {"turnover": 4454.88652, "pct": 8.5078084902845}, "环境治理": {"turnover": 3157.999301, "pct": 5.28975969296234}, "造纸": {"turnover": 859.2882, "pct": 5.086409309770117}, "金属新材料": {"turnover": 2562.277428, "pct": 5.630917712104559}, "化学制品": {"turnover": 9488.48779, "pct": 4.006371532697915}, "军工装备": {"turnover": 13987.03901, "pct": 4.1771194387699015}, "通用设备": {"turnover": 15441.9536, "pct": 4.83734649867045}, "其他电源设备": {"turnover": 3899.97185, "pct": 4.852792055116797}, "光学光电子": {"turnover": 8065.63027, "pct": 3.8526390203894256}, "燃气": {"turnover": 853.950816, "pct": 1.2333831367191856}, "综合": {"turnover": 2712.386273, "pct": 2.5332225147625858}, "风电设备": {"turnover": 3759.456042, "pct": 1.3106035993801495}, "自动化设备": {"turnover": 7232.6882, "pct": 3.29808181557964}, "贸易": {"turnover": 581.599693, "pct": 1.0627828470143712}, "建筑装饰": {"turnover": 7477.444, "pct": 2.94543818216553}, "IT服务": {"turnover": 14297.36859, "pct": 1.6322645838097294}, "其他电子": {"turnover": 3651.98109, "pct": 3.9735364836893523}, "消费电子": {"turnover": 12712.80242, "pct": 3.9848611933789675}, "专用设备": {"turnover": 9167.2992, "pct": 1.8498689304942737}, "文化传媒": {"turnover": 13206.57422, "pct": 0.14971499210219688}, "物流": {"turnover": 1376.774729, "pct": 2.783789466900573}, "纺织制造": {"turnover": 880.544, "pct": 2.5783781718129015}, "房地产": {"turnover": 3991.27955, "pct": 2.479029723110611}, "塑料制品": {"turnover": 3773.53146, "pct": 2.0624275926944446}, "橡胶制品": {"turnover": 709.856139, "pct": 1.026528515184949}, "服装家纺": {"turnover": 2372.038049, "pct": 0.5232051571077783}, "轨交设备": {"turnover": 790.234497, "pct": 2.0122519883620864}, "中药": {"turnover": 2391.103041, "pct": -0.9068765349971619}, "军工电子": {"turnover": 8276.73894, "pct": 1.1426405538708289}, "养殖业": {"turnover": 1764.335596, "pct": -4.386484439562801}, "影视院线": {"turnover": 3838.113678, "pct": -1.0231951431846742}, "银行": {"turnover": 5928.35546, "pct": 1.3861403291866792}, "其他社会服务": {"turnover": 1219.422531, "pct": 1.142944775654445}, "公路铁路运输": {"turnover": 882.714975, "pct": 0.7279882766966014}, "家居用品": {"turnover": 2062.772261, "pct": 2.093942496517231}, "半导体": {"turnover": 37968.56424, "pct": 1.1759203229228208}, "多元金融": {"turnover": 1602.191305, "pct": -0.17820707015711565}, "包装印刷": {"turnover": 2026.251496, "pct": 0.9512543175157478}, "电池": {"turnover": 12222.09979, "pct": -0.02551625329957493}, "化学纤维": {"turnover": 1292.59207, "pct": 1.123045369644449}, "计算机设备": {"turnover": 5152.01817, "pct": -0.6555946427931766}, "教育": {"turnover": 579.07904, "pct": -0.4626010443860345}, "厨卫电器": {"turnover": 195.9992415, "pct": 0.897640616689099}, "工程机械": {"turnover": 2037.216805, "pct": 0.2059786897599892}, "黑色家电": {"turnover": 778.692062, "pct": -0.5232382408488814}, "互联网电商": {"turnover": 854.549112, "pct": -2.0404708050205054}, "农产品加工": {"turnover": 1226.497873, "pct": -1.3726728089385112}, "白酒": {"turnover": 4400.871757, "pct": 0.5489163560979292}, "汽车整车": {"turnover": 2893.3153, "pct": -1.13978644854026}, "汽车服务及其他": {"turnover": 602.879113, "pct": -0.4281607102439718}, "白色家电": {"turnover": 4023.31295, "pct": -0.7912341904868485}, "软件开发": {"turnover": 11993.38177, "pct": -1.8463161596623878}, "医疗器械": {"turnover": 3768.623518, "pct": -4.368963322075625}, "美容护理": {"turnover": 1016.710589, "pct": -0.2290656545584701}, "汽车零部件": {"turnover": 13713.60726, "pct": -0.18087761385320963}, "证券": {"turnover": 6388.56151, "pct": -2.4781224727106097}, "生物制品": {"turnover": 2131.286203, "pct": -5.628641441757818}, "饮料制造": {"turnover": 1564.810812, "pct": -2.0689655172413812}, "医疗服务": {"turnover": 3663.28727, "pct": -2.770062054202519}, "化学制药": {"turnover": 6075.3115, "pct": -3.9443705710561905}, "医药商业": {"turnover": 1188.069748, "pct": -8.07370950257674}, "游戏": {"turnover": 4759.70806, "pct": -2.161661375498329}, "旅游及酒店": {"turnover": 1309.149822, "pct": -2.23470303398517}, "零售": {"turnover": 4026.73656, "pct": -2.752555405245404}, "食品加工制造": {"turnover": 1750.689994, "pct": -3.5299009674182367}, "小家电": {"turnover": 524.422075, "pct": -2.868202794145861}, "机场航运": {"turnover": 1117.599236, "pct": -2.138888337337601}, "电机": {"turnover": 1643.327977, "pct": -1.7346036113432142}, "保险": {"turnover": 2371.995847, "pct": -4.864564247582271}}