{"风电设备": {"turnover": 1350.91977, "pct": 1.718636230836361}, "化学纤维": {"turnover": 482.4192, "pct": -0.10835498964900551}, "银行": {"turnover": 775.55344, "pct": 0.8375874872147943}, "房地产": {"turnover": 439.298078, "pct": 0.7967101550519339}, "白酒": {"turnover": 378.305812, "pct": 2.261205781998823}, "旅游及酒店": {"turnover": 129.168561, "pct": 1.2109690995602935}, "互联网电商": {"turnover": 98.03841, "pct": 2.118864478103177}, "港口航运": {"turnover": 496.2972, "pct": 1.2315072744759148}, "公路铁路运输": {"turnover": 146.693264, "pct": -0.10624284903900875}, "汽车整车": {"turnover": 488.129173, "pct": 0.08814377690590071}, "保险": {"turnover": 203.865362, "pct": -1.16196228836802}, "厨卫电器": {"turnover": 48.8279232, "pct": 1.6808534746126012}, "煤炭开采加工": {"turnover": 756.60696, "pct": -2.417827287320661}, "证券": {"turnover": 651.05111, "pct": -1.1910468317779523}, "养殖业": {"turnover": 299.547552, "pct": 0.6221209739614135}, "食品加工制造": {"turnover": 217.965555, "pct": 0.9746792634641338}, "小家电": {"turnover": 75.772983, "pct": 0.5620716299716112}, "化学制药": {"turnover": 827.36377, "pct": 0.49420248581592907}, "生物制品": {"turnover": 266.564182, "pct": 0.16992458000739133}, "环保设备": {"turnover": 133.586457, "pct": 0.4426631775002974}, "黑色家电": {"turnover": 159.2765, "pct": 1.0920949750588294}, "零售": {"turnover": 382.384196, "pct": 0.5389463598664602}, "饮料制造": {"turnover": 176.789219, "pct": 0.7695111936575625}, "医药商业": {"turnover": 105.516629, "pct": 0.14896134070198275}, "医疗器械": {"turnover": 619.78684, "pct": 0.3857454522357833}, "中药": {"turnover": 220.341691, "pct": 0.025021116086415024}, "机场航运": {"turnover": 159.078378, "pct": -0.6598695318174815}, "多元金融": {"turnover": 344.864214, "pct": -1.9686052890464965}, "美容护理": {"turnover": 103.926488, "pct": 0.6693569958901944}, "建筑装饰": {"turnover": 2123.07413, "pct": -0.09471745330267503}, "教育": {"turnover": 55.236295, "pct": 0.18033704004257056}, "汽车服务及其他": {"turnover": 76.844071, "pct": 0.009197237215622874}, "光伏设备": {"turnover": 2411.62365, "pct": -2.0190195717285833}, "电池": {"turnover": 2740.53989, "pct": 1.0242634858553872}, "包装印刷": {"turnover": 284.092859, "pct": 0.20119664516339025}, "物流": {"turnover": 226.402211, "pct": -0.26434344881888294}, "农化制品": {"turnover": 1512.69475, "pct": -0.33124867968103244}, "游戏": {"turnover": 437.705662, "pct": -1.117189966881182}, "综合": {"turnover": 417.705662, "pct": -0.9369667322902654}, "影视院线": {"turnover": 149.886039, "pct": -0.13747197674411138}, "建筑材料": {"turnover": 602.3906, "pct": -0.546687358137737}, "钢铁": {"turnover": 685.15434, "pct": -3.6651095939633422}, "燃气": {"turnover": 215.081977, "pct": -2.007741512667009}, "服装家纺": {"turnover": 229.577368, "pct": -0.72300517366358}, "文化传媒": {"turnover": 661.29871, "pct": -0.3221296689130041}, "种植业与林业": {"turnover": 425.437282, "pct": 1.0565776323199565}, "白色家电": {"turnover": 385.558286, "pct": -0.09813889275356841}, "农产品加工": {"turnover": 257.132845, "pct": -0.0034301410303457154}, "家居用品": {"turnover": 266.150071, "pct": -0.241035524629375}, "半导体": {"turnover": 4664.2037, "pct": 1.0875041396983782}, "塑料制品": {"turnover": 650.41271, "pct": -0.4656323914605616}, "橡胶制品": {"turnover": 130.111139, "pct": -0.49277853783255815}, "医疗服务": {"turnover": 522.14706, "pct": 0.11726833435227905}, "电力": {"turnover": 2959.03569, "pct": -4.585963226607922}, "其他社会服务": {"turnover": 166.414266, "pct": -0.823796264915448}, "化学原料": {"turnover": 1296.48375, "pct": -1.504985141011782}, "环境治理": {"turnover": 648.9956, "pct": -1.0081622291116916}, "其他电子": {"turnover": 488.1993, "pct": 0.7817524015461121}, "贸易": {"turnover": 71.948783, "pct": -0.7348496051759728}, "元件": {"turnover": 1985.79495, "pct": 2.5511799421642096}, "计算机设备": {"turnover": 803.62368, "pct": -1.2127705832787161}, "汽车零部件": {"turnover": 1596.19833, "pct": -1.216181633292681}, "纺织制造": {"turnover": 102.746007, "pct": -0.7270379963491777}, "光学光电子": {"turnover": 1552.50281, "pct": -0.6939883009861775}, "化学制品": {"turnover": 1670.9608, "pct": -0.5461483832142385}, "消费电子": {"turnover": 1501.08279, "pct": -0.21352275580117838}, "造纸": {"turnover": 134.747574, "pct": -1.2322316201079577}, "电子化学品": {"turnover": 744.01584, "pct": -0.08086026998737637}, "轨交设备": {"turnover": 115.861951, "pct": -1.0481862174416392}, "专用设备": {"turnover": 1370.47638, "pct": -0.8425301987987694}, "工程机械": {"turnover": 317.482917, "pct": -1.692082878037918}, "电机": {"turnover": 155.207461, "pct": -1.2650444287117064}, "软件开发": {"turnover": 1529.88587, "pct": -1.7162650496513923}, "自动化设备": {"turnover": 1401.2961, "pct": -1.159665373636774}, "IT服务": {"turnover": 2074.41118, "pct": -2.1234875639996647}, "石油加工贸易": {"turnover": 509.76672, "pct": -1.9341386354829107}, "通信服务": {"turnover": 985.84399, "pct": -2.2110895957205656}, "油气开采及服务": {"turnover": 858.0427, "pct": -1.6211381236571103}, "通用设备": {"turnover": 2018.32647, "pct": -1.059503968786174}, "工业金属": {"turnover": 1997.20022, "pct": -4.171085478617007}, "能源金属": {"turnover": 463.020268, "pct": -2.7903660445651286}, "军工装备": {"turnover": 1582.51222, "pct": -1.846011028799888}, "军工电子": {"turnover": 1057.30629, "pct": -1.9835904235569857}, "金属新材料": {"turnover": 273.172414, "pct": -3.194714377054238}, "非金属材料": {"turnover": 156.140495, "pct": -2.9023635209496175}, "通信设备": {"turnover": 3663.61792, "pct": -2.332448078268089}, "其他电源设备": {"turnover": 872.94863, "pct": -3.0233959069373686}, "电网设备": {"turnover": 2489.90583, "pct": -4.1928657191618415}, "小金属": {"turnover": 1324.89397, "pct": -5.361642917521809}, "贵金属": {"turnover": 568.86939, "pct": -6.996881470125244}}