{"油气开采及服务": {"turnover": 3720.888515, "pct": 32.05753689162129}, "贵金属": {"turnover": 6719.970817, "pct": 6.240265100507545}, "小金属": {"turnover": 11830.7898, "pct": 18.848995658212196}, "港口航运": {"turnover": 2505.633115, "pct": 9.54242973220211}, "石油加工贸易": {"turnover": 2321.538976, "pct": 10.603347106582108}, "煤炭开采加工": {"turnover": 3077.039801, "pct": 14.531515327337779}, "燃气": {"turnover": 860.115114, "pct": 5.446807285174166}, "种植业与林业": {"turnover": 2482.184353, "pct": 8.423723145696531}, "电力": {"turnover": 7691.58871, "pct": 7.131956220939921}, "化学原料": {"turnover": 3981.39916, "pct": 7.713532997485572}, "元件": {"turnover": 10882.85038, "pct": 7.994512641929208}, "农化制品": {"turnover": 5639.96659, "pct": 6.893939420068018}, "非金属材料": {"turnover": 869.361835, "pct": 4.759093047265095}, "钢铁": {"turnover": 3966.612016, "pct": 7.114095670773832}, "通信设备": {"turnover": 25748.21264, "pct": 5.302830040581227}, "造纸": {"turnover": 879.163108, "pct": 4.6800183131899775}, "电子化学品": {"turnover": 4462.17281, "pct": 6.3618870737530795}, "银行": {"turnover": 5780.92292, "pct": 2.3076771303987536}, "电网设备": {"turnover": 11830.66826, "pct": 6.224130615132969}, "环境治理": {"turnover": 3192.933741, "pct": 3.643546618535729}, "环保设备": {"turnover": 732.855082, "pct": 5.397817962636705}, "光伏设备": {"turnover": 15946.36243, "pct": -0.15698248470458886}, "物流": {"turnover": 1383.140254, "pct": 2.327973599213582}, "工业金属": {"turnover": 17686.62311, "pct": 1.5110395518442064}, "能源金属": {"turnover": 3451.131368, "pct": 4.96252056715428}, "建筑材料": {"turnover": 5431.9192, "pct": 3.1171362531239795}, "其他电源设备": {"turnover": 3966.47383, "pct": 5.253960266320894}, "化学制品": {"turnover": 9477.27681, "pct": 3.021880262688358}, "公路铁路运输": {"turnover": 886.436762, "pct": 0.6170872586959013}, "通信服务": {"turnover": 6920.92498, "pct": 1.2328470659556465}, "通用设备": {"turnover": 15417.95039, "pct": 3.01326018472743}, "建筑装饰": {"turnover": 7401.19105, "pct": 1.1662354069493635}, "综合": {"turnover": 2622.917743, "pct": 0.8636898524729439}, "养殖业": {"turnover": 1721.903297, "pct": -0.9804833417329372}, "金属新材料": {"turnover": 2571.958048, "pct": 4.9843073187253975}, "光学光电子": {"turnover": 7934.64678, "pct": -1.6460186888360384}, "纺织制造": {"turnover": 873.513109, "pct": 0.629208852900901}, "自动化设备": {"turnover": 7214.15904, "pct": 0.574178899830974}, "军工装备": {"turnover": 14248.02568, "pct": 5.28388830405142}, "专用设备": {"turnover": 9206.84704, "pct": 1.0288342529041425}, "橡胶制品": {"turnover": 714.9121, "pct": 0.7950955968616721}, "中药": {"turnover": 2292.287837, "pct": -1.534563402892005}, "消费电子": {"turnover": 12581.59194, "pct": 0.5538005687113068}, "厨卫电器": {"turnover": 197.1638015, "pct": 2.4959672130085124}, "轨交设备": {"turnover": 774.170801, "pct": -0.39583756411684656}, "房地产": {"turnover": 3913.25464, "pct": 0.9909172902698977}, "农产品加工": {"turnover": 1205.433888, "pct": -1.125632226460156}, "服装家纺": {"turnover": 2348.428459, "pct": -1.638006970712928}, "多元金融": {"turnover": 1589.483265, "pct": -0.5692204946606322}, "风电设备": {"turnover": 3659.415892, "pct": -1.2410176197909577}, "其他电子": {"turnover": 3536.81871, "pct": 0.01227184048403459}, "家居用品": {"turnover": 2050.818266, "pct": -0.11708403138028439}, "证券": {"turnover": 6141.77014, "pct": -2.804680374991232}, "贸易": {"turnover": 563.715404, "pct": -1.0810227927382277}, "塑料制品": {"turnover": 3744.05781, "pct": -0.6029917692874645}, "工程机械": {"turnover": 1978.186761, "pct": -1.440620038214165}, "保险": {"turnover": 2268.915262, "pct": -7.593070459581414}, "化学纤维": {"turnover": 1283.714254, "pct": -0.7531994926420007}, "包装印刷": {"turnover": 2018.583987, "pct": -1.6219786263986045}, "半导体": {"turnover": 37310.71174, "pct": -2.7188038655324362}, "美容护理": {"turnover": 1018.020045, "pct": -1.9303863570084119}, "白酒": {"turnover": 4299.121988, "pct": -1.0832178162642765}, "汽车整车": {"turnover": 2954.97814, "pct": -2.4709706021379807}, "饮料制造": {"turnover": 1543.797082, "pct": -2.6712212818974796}, "其他社会服务": {"turnover": 1183.747078, "pct": -1.769355619038187}, "军工电子": {"turnover": 8308.92264, "pct": 3.1553717140905775}, "白色家电": {"turnover": 3888.91051, "pct": -2.872073029710625}, "计算机设备": {"turnover": 5040.57177, "pct": -1.4232471851381883}, "电池": {"turnover": 11974.47834, "pct": -0.4597726183524988}, "生物制品": {"turnover": 1999.015796, "pct": -7.349700068174101}, "医疗器械": {"turnover": 3662.787938, "pct": -9.988187312671792}, "IT服务": {"turnover": 14322.06417, "pct": -2.3955866925768183}, "汽车服务及其他": {"turnover": 598.149522, "pct": -3.364849570876158}, "旅游及酒店": {"turnover": 1299.934726, "pct": -4.013112442320323}, "教育": {"turnover": 561.927692, "pct": -4.406742098116064}, "黑色家电": {"turnover": 762.87099, "pct": -2.624791909630083}, "文化传媒": {"turnover": 12950.23232, "pct": -4.458186131700534}, "汽车零部件": {"turnover": 13382.22923, "pct": -2.813989727710111}, "化学制药": {"turnover": 5917.42413, "pct": -5.142504826978261}, "食品加工制造": {"turnover": 1726.669141, "pct": -4.409533520633781}, "影视院线": {"turnover": 3868.53139, "pct": -4.495694480870977}, "互联网电商": {"turnover": 836.457358, "pct": -6.950492550258263}, "机场航运": {"turnover": 1134.634931, "pct": -4.5553432382677235}, "零售": {"turnover": 3945.16967, "pct": -4.1784898814070015}, "小家电": {"turnover": 514.549657, "pct": -5.863113344060386}, "电机": {"turnover": 1576.615157, "pct": -4.521600150610758}, "医疗服务": {"turnover": 3564.34077, "pct": -5.485725320215719}, "软件开发": {"turnover": 11916.3558, "pct": -6.31263334088996}, "医药商业": {"turnover": 1093.035134, "pct": -7.280679418716724}, "游戏": {"turnover": 4755.47183, "pct": -5.826976155401656}}