{"影视院线": {"turnover": 1470.37481, "pct": 12.13615677103973}, "油气开采及服务": {"turnover": 2064.59372, "pct": 6.546669225899048}, "保险": {"turnover": 1477.299548, "pct": 1.6342005388387846}, "光伏设备": {"turnover": 9736.68043, "pct": 4.653953381063436}, "白酒": {"turnover": 3133.30912, "pct": 8.676653202321539}, "贵金属": {"turnover": 4250.055157, "pct": -9.394393193675032}, "银行": {"turnover": 3678.02278, "pct": 4.224375036994658}, "煤炭开采加工": {"turnover": 1798.634967, "pct": 5.862024949231206}, "文化传媒": {"turnover": 7526.45036, "pct": 3.7968682760880537}, "种植业与林业": {"turnover": 1553.656642, "pct": 3.4260123961963442}, "石油加工贸易": {"turnover": 1255.709664, "pct": 2.3901950096011952}, "通信服务": {"turnover": 3481.03242, "pct": 1.458705804383345}, "机场航运": {"turnover": 642.959886, "pct": 3.9410148174533637}, "通信设备": {"turnover": 14274.33824, "pct": 2.2045184293671647}, "服装家纺": {"turnover": 1487.579032, "pct": 2.9858951788564143}, "房地产": {"turnover": 2370.69834, "pct": 4.374123160307124}, "港口航运": {"turnover": 1128.735947, "pct": 1.016369865359131}, "建筑材料": {"turnover": 2774.59899, "pct": 2.103190667494363}, "造纸": {"turnover": 382.836414, "pct": 2.5583818988575056}, "纺织制造": {"turnover": 482.848038, "pct": 2.8305556858291854}, "中药": {"turnover": 1449.316941, "pct": 0.9034125559284472}, "公路铁路运输": {"turnover": 532.991184, "pct": 1.6730045462231975}, "化学制品": {"turnover": 5162.26975, "pct": 1.4274946316665937}, "旅游及酒店": {"turnover": 783.16329, "pct": 2.9371074725568422}, "家居用品": {"turnover": 1146.969447, "pct": 2.6338102461930943}, "饮料制造": {"turnover": 1012.267022, "pct": 2.1516458698046823}, "养殖业": {"turnover": 1069.06968, "pct": 0.45051990553295695}, "综合": {"turnover": 1502.054184, "pct": -0.04869074562767276}, "化学原料": {"turnover": 2108.9432, "pct": 1.1844222562595232}, "互联网电商": {"turnover": 512.074897, "pct": -0.022470043537737787}, "证券": {"turnover": 3842.48569, "pct": 0.011200013784633358}, "自动化设备": {"turnover": 3651.52251, "pct": 0.30946270942592613}, "电力": {"turnover": 3789.09972, "pct": 0.4362089571311681}, "包装印刷": {"turnover": 1023.479385, "pct": 1.3800784665114942}, "教育": {"turnover": 303.327, "pct": -0.27966026122694915}, "环境治理": {"turnover": 1655.11627, "pct": -0.0766172598723512}, "环保设备": {"turnover": 370.789241, "pct": 1.6740570083506479}, "电网设备": {"turnover": 6337.47861, "pct": 1.5369507461466767}, "美容护理": {"turnover": 586.75946, "pct": 1.4124206246242557}, "物流": {"turnover": 770.195591, "pct": 1.0947666526236897}, "光学光电子": {"turnover": 4406.64004, "pct": -0.01681268108005066}, "建筑装饰": {"turnover": 4060.71792, "pct": 0.1261654667517909}, "非金属材料": {"turnover": 449.463579, "pct": -1.8549754825337808}, "农化制品": {"turnover": 2783.90195, "pct": -1.455572497705566}, "食品加工制造": {"turnover": 1053.519694, "pct": 0.9720278708856169}, "汽车整车": {"turnover": 1668.555959, "pct": -0.6018150163093117}, "轨交设备": {"turnover": 444.815931, "pct": -0.536681711878737}, "厨卫电器": {"turnover": 118.521628, "pct": 1.6984553182418145}, "零售": {"turnover": 2321.72558, "pct": 1.6818134106766591}, "工程机械": {"turnover": 1149.864319, "pct": -0.68411421190022}, "小金属": {"turnover": 6154.62129, "pct": -4.805517238499797}, "通用设备": {"turnover": 8033.84675, "pct": -0.30643578137974836}, "游戏": {"turnover": 2440.72104, "pct": 0.5305783259586283}, "消费电子": {"turnover": 7104.0959, "pct": -1.0043091431894156}, "生物制品": {"turnover": 1234.55597, "pct": -4.823675144084892}, "燃气": {"turnover": 484.657017, "pct": -1.3710098778536062}, "专用设备": {"turnover": 4957.5584, "pct": -1.3376475216410917}, "其他电子": {"turnover": 2110.512957, "pct": -1.5971248081484628}, "化学制药": {"turnover": 3421.11674, "pct": -1.8692942613982386}, "农产品加工": {"turnover": 787.578936, "pct": -1.075439691730477}, "贸易": {"turnover": 367.766579, "pct": -1.5206286836935168}, "化学纤维": {"turnover": 715.834003, "pct": -1.058176394874585}, "其他社会服务": {"turnover": 675.60565, "pct": -0.9216098277595902}, "白色家电": {"turnover": 2304.59659, "pct": -0.7192477214309745}, "医疗器械": {"turnover": 2143.03887, "pct": -3.0424251180771313}, "IT服务": {"turnover": 7163.84747, "pct": -1.5232681320603088}, "多元金融": {"turnover": 856.916352, "pct": -1.4106472822103897}, "橡胶制品": {"turnover": 367.334315, "pct": -0.9145494185477526}, "钢铁": {"turnover": 1886.149586, "pct": -1.7442847637039387}, "医疗服务": {"turnover": 2102.77995, "pct": -1.2545140528373249}, "汽车服务及其他": {"turnover": 341.427745, "pct": -0.9319689396082829}, "元件": {"turnover": 5015.99901, "pct": -3.0927601237731075}, "其他电源设备": {"turnover": 1846.88509, "pct": -1.4206492840265166}, "风电设备": {"turnover": 2180.35045, "pct": -3.295740909609631}, "小家电": {"turnover": 295.835471, "pct": -1.6253786368596546}, "半导体": {"turnover": 21966.289, "pct": -4.6359748645558865}, "工业金属": {"turnover": 11451.06919, "pct": -6.25312608668728}, "塑料制品": {"turnover": 1912.23931, "pct": -1.9148505050346325}, "电子化学品": {"turnover": 2157.67625, "pct": -2.5518097621350733}, "汽车零部件": {"turnover": 7273.68319, "pct": -1.4657433237803659}, "计算机设备": {"turnover": 2684.92096, "pct": -1.7017446340265225}, "电池": {"turnover": 6449.05649, "pct": -0.7794759600183133}, "军工装备": {"turnover": 7208.65604, "pct": -2.9015358280800543}, "软件开发": {"turnover": 6493.28498, "pct": -2.9129646939719716}, "医药商业": {"turnover": 727.71281, "pct": -2.9792198536726806}, "金属新材料": {"turnover": 1399.22096, "pct": -2.4802671211490686}, "黑色家电": {"turnover": 363.423088, "pct": -2.125178246045807}, "军工电子": {"turnover": 4560.25978, "pct": -1.988838563571653}, "电机": {"turnover": 844.808377, "pct": -3.4048331958730937}, "能源金属": {"turnover": 1866.895546, "pct": -7.371731050214092}}