{"油气开采及服务": {"turnover": 3793.6948, "pct": 20.83461477698917}, "电网设备": {"turnover": 8492.61727, "pct": 10.389728903118126}, "电力": {"turnover": 6306.42549, "pct": 10.342769954720907}, "贵金属": {"turnover": 3292.02411, "pct": 4.89283064408915}, "小金属": {"turnover": 6499.09978, "pct": 0.9137329066894198}, "非金属材料": {"turnover": 541.889597, "pct": 4.128765759349169}, "其他电源设备": {"turnover": 2881.42689, "pct": 5.0425766081148415}, "钢铁": {"turnover": 2591.96399, "pct": 3.873543209028024}, "能源金属": {"turnover": 1908.789421, "pct": 1.705104656219058}, "农化制品": {"turnover": 4185.4978, "pct": 3.024253951098895}, "种植业与林业": {"turnover": 1621.716625, "pct": 0.6629334761294703}, "煤炭开采加工": {"turnover": 2111.98443, "pct": 6.45640392812766}, "风电设备": {"turnover": 1917.68041, "pct": 3.462035864445017}, "化学原料": {"turnover": 2932.91185, "pct": 3.792309670747552}, "元件": {"turnover": 7510.71133, "pct": 0.4885676501260779}, "环境治理": {"turnover": 2093.43603, "pct": 2.191302218519817}, "环保设备": {"turnover": 469.366273, "pct": 1.588227215730164}, "港口航运": {"turnover": 2649.497184, "pct": 2.5648293378131943}, "燃气": {"turnover": 1014.39571, "pct": 0.9877422469930305}, "光学光电子": {"turnover": 5001.29494, "pct": -0.03833517087686687}, "工业金属": {"turnover": 7799.19014, "pct": -1.1467830385109032}, "石油加工贸易": {"turnover": 2328.610892, "pct": -0.8846651679598576}, "农产品加工": {"turnover": 714.42807, "pct": 1.4854148264473612}, "建筑装饰": {"turnover": 4373.74083, "pct": -0.29726210159160166}, "多元金融": {"turnover": 1033.093215, "pct": 0.6569358977552905}, "综合": {"turnover": 1484.437669, "pct": -0.3825832179419894}, "物流": {"turnover": 864.607533, "pct": -0.19845326167859145}, "养殖业": {"turnover": 876.923775, "pct": -0.7820936468130856}, "厨卫电器": {"turnover": 111.6412901, "pct": -0.0970373665542886}, "电子化学品": {"turnover": 2683.76171, "pct": -2.581742462851307}, "化学制品": {"turnover": 5176.86406, "pct": -1.4343690596585672}, "贸易": {"turnover": 227.161775, "pct": -2.954752178508726}, "橡胶制品": {"turnover": 359.544797, "pct": -1.0714966159630765}, "通信服务": {"turnover": 3776.10356, "pct": 0.7267070082424909}, "通信设备": {"turnover": 13680.53661, "pct": -2.5417465649435895}, "公路铁路运输": {"turnover": 488.086291, "pct": -0.3549749989232587}, "光伏设备": {"turnover": 6564.65012, "pct": -0.4747804711092773}, "通用设备": {"turnover": 7660.34588, "pct": -2.3218989923036752}, "塑料制品": {"turnover": 1792.6156, "pct": -3.6277966879291688}, "造纸": {"turnover": 498.764061, "pct": -1.4244381600517342}, "专用设备": {"turnover": 5292.55515, "pct": -1.767890904402388}, "轨交设备": {"turnover": 404.936442, "pct": -2.514750888796485}, "银行": {"turnover": 2764.69288, "pct": -0.059660384036669074}, "军工电子": {"turnover": 4785.82311, "pct": -0.9286805312957573}, "中药": {"turnover": 818.713611, "pct": -2.5873433990865733}, "建筑材料": {"turnover": 2576.44708, "pct": -3.982909789894177}, "IT服务": {"turnover": 7265.10872, "pct": 0.6672601367632369}, "金属新材料": {"turnover": 1368.224289, "pct": -3.5145884310707554}, "计算机设备": {"turnover": 2678.4768, "pct": -2.152942968015681}, "其他社会服务": {"turnover": 545.879573, "pct": -3.1016059502168227}, "电池": {"turnover": 6442.54196, "pct": -2.825979638519215}, "军工装备": {"turnover": 8630.05573, "pct": -2.014041692634466}, "化学制药": {"turnover": 2976.93943, "pct": -2.0276531634807426}, "纺织制造": {"turnover": 398.802037, "pct": -3.570392503300166}, "医药商业": {"turnover": 372.497084, "pct": -4.3964646935459095}, "生物制品": {"turnover": 856.801951, "pct": -4.194494038437661}, "其他电子": {"turnover": 1525.68069, "pct": -3.980643986746917}, "医疗器械": {"turnover": 1924.29584, "pct": -2.9835919851545514}, "消费电子": {"turnover": 6300.45514, "pct": -4.170715236473263}, "饮料制造": {"turnover": 575.629892, "pct": -3.25607496826013}, "服装家纺": {"turnover": 880.879563, "pct": -3.5089977336432856}, "家居用品": {"turnover": 982.414357, "pct": -4.06261317253067}, "医疗服务": {"turnover": 1591.640017, "pct": -3.0796307244388976}, "教育": {"turnover": 224.88031, "pct": -2.6682823593012253}, "汽车服务及其他": {"turnover": 304.733201, "pct": -4.518546708931273}, "自动化设备": {"turnover": 4649.5001, "pct": -4.052063384422118}, "食品加工制造": {"turnover": 761.25047, "pct": -3.629713844278747}, "工程机械": {"turnover": 1010.528341, "pct": -5.278141962033354}, "房地产": {"turnover": 1517.25695, "pct": -6.487126801842333}, "旅游及酒店": {"turnover": 422.749205, "pct": -2.4287269172730888}, "化学纤维": {"turnover": 637.79861, "pct": -7.75714825466116}, "证券": {"turnover": 2860.6522, "pct": -3.895298046227573}, "零售": {"turnover": 1595.31792, "pct": -4.36090535772985}, "半导体": {"turnover": 16392.5591, "pct": -6.5012484151846825}, "互联网电商": {"turnover": 300.337893, "pct": -3.33426448129381}, "电机": {"turnover": 675.910516, "pct": -5.040711122694725}, "白色家电": {"turnover": 1661.341805, "pct": -5.271171982386616}, "美容护理": {"turnover": 479.556028, "pct": -4.8394456216242325}, "小家电": {"turnover": 257.602583, "pct": -5.614810173910412}, "汽车零部件": {"turnover": 5959.12903, "pct": -6.113574055934577}, "包装印刷": {"turnover": 861.119539, "pct": -4.63006053829368}, "汽车整车": {"turnover": 1497.04256, "pct": -6.244576798091908}, "黑色家电": {"turnover": 414.594019, "pct": -5.388996040101867}, "软件开发": {"turnover": 5881.60422, "pct": -3.0463969501498713}, "白酒": {"turnover": 1204.826095, "pct": -6.098911312192669}, "机场航运": {"turnover": 602.514027, "pct": -7.387607564181328}, "保险": {"turnover": 994.080956, "pct": -6.7777458569044935}, "文化传媒": {"turnover": 3606.86012, "pct": -6.915592474209981}, "游戏": {"turnover": 1841.070112, "pct": -8.045583184633106}, "影视院线": {"turnover": 1180.943086, "pct": -11.084992294949233}}