{"小金属": {"turnover": 2426.63841, "pct": 6.355738168501604}, "能源金属": {"turnover": 650.051462, "pct": 6.947055690370407}, "油气开采及服务": {"turnover": 669.056505, "pct": 8.869031957522253}, "电子化学品": {"turnover": 1078.65793, "pct": 4.560657341909509}, "元件": {"turnover": 1843.51259, "pct": 4.791743147003341}, "农化制品": {"turnover": 1003.77067, "pct": 4.787738290848828}, "金属新材料": {"turnover": 489.853528, "pct": 3.26602669225424}, "钢铁": {"turnover": 761.72308, "pct": 1.6301698977631827}, "工业金属": {"turnover": 2806.34359, "pct": 2.5641918142831774}, "造纸": {"turnover": 263.383634, "pct": 2.7251986211101307}, "非金属材料": {"turnover": 199.501925, "pct": 3.2376226776693406}, "化学原料": {"turnover": 913.03036, "pct": 2.234228369889223}, "贵金属": {"turnover": 1092.95487, "pct": 5.110353227620044}, "半导体": {"turnover": 7684.77714, "pct": 2.2127452686061204}, "其他电源设备": {"turnover": 1038.5233, "pct": 3.2661405038850075}, "煤炭开采加工": {"turnover": 630.781378, "pct": 2.50863076056896}, "环保设备": {"turnover": 150.625548, "pct": 1.9234840763569583}, "电池": {"turnover": 2694.19958, "pct": 1.8469658677064644}, "化学纤维": {"turnover": 245.840188, "pct": -0.4555643673967034}, "电网设备": {"turnover": 2213.7631283, "pct": 4.325911636062096}, "建筑材料": {"turnover": 1389.87705, "pct": 1.6495094790892821}, "港口航运": {"turnover": 508.532958, "pct": 1.1099644019249697}, "军工装备": {"turnover": 3277.89875, "pct": 2.299659426174848}, "环境治理": {"turnover": 687.847561, "pct": 1.6472646985353137}, "其他电子": {"turnover": 606.44349336, "pct": 2.768889268001122}, "塑料制品": {"turnover": 716.2270822, "pct": 1.245688017159854}, "化学制品": {"turnover": 2042.15184, "pct": 1.6307242960647297}, "综合": {"turnover": 508.77037279, "pct": 2.2117273985154515}, "消费电子": {"turnover": 2683.99622, "pct": 2.3669456859930835}, "石油加工贸易": {"turnover": 456.37117, "pct": 2.1503658678783464}, "通用设备": {"turnover": 3715.04701, "pct": 1.5590961766526479}, "橡胶制品": {"turnover": 150.9594475, "pct": 1.3004361049623798}, "电力": {"turnover": 1533.48692, "pct": 1.961115007841624}, "种植业与林业": {"turnover": 404.430286, "pct": 1.2076698265048202}, "专用设备": {"turnover": 2143.10698, "pct": 1.4545774096919621}, "计算机设备": {"turnover": 1223.50008, "pct": 1.2069578665282614}, "贸易": {"turnover": 73.37859, "pct": 1.4428912088607808}, "电机": {"turnover": 380.469028, "pct": 0.8227855471659379}, "建筑装饰": {"turnover": 1575.07925, "pct": 1.1338446883817435}, "黑色家电": {"turnover": 233.06828, "pct": -0.06032216358113058}, "燃气": {"turnover": 160.442464, "pct": 1.5279384741033237}, "房地产": {"turnover": 761.09395, "pct": 0.013426858581237057}, "工程机械": {"turnover": 360.52826498, "pct": 0.8094184703541889}, "光学光电子": {"turnover": 1738.08563, "pct": 0.6262707997523347}, "自动化设备": {"turnover": 1753.77109, "pct": 0.686184651390054}, "汽车零部件": {"turnover": 3276.60774, "pct": 0.8911877386323024}, "轨交设备": {"turnover": 147.489973, "pct": 1.3462545619497386}, "汽车整车": {"turnover": 645.708905, "pct": 1.4803597522634153}, "其他社会服务": {"turnover": 252.242421, "pct": 0.47933589285378275}, "汽车服务及其他": {"turnover": 106.07795903, "pct": 0.48893718288924704}, "通信设备": {"turnover": 5928.13099, "pct": 0.6474884908054207}, "军工电子": {"turnover": 1671.22661, "pct": -0.5529774112674161}, "物流": {"turnover": 214.450475, "pct": -0.11046774870529487}, "家居用品": {"turnover": 479.121626, "pct": -0.2571284623167312}, "农产品加工": {"turnover": 204.784146, "pct": -0.01004735153848951}, "风电设备": {"turnover": 657.694822, "pct": 0.4040401464693341}, "通信服务": {"turnover": 1788.70245, "pct": -1.082160434056286}, "白色家电": {"turnover": 847.26086, "pct": 0.02465245484220347}, "生物制品": {"turnover": 362.681669, "pct": -1.1581873044559912}, "多元金融": {"turnover": 325.901526, "pct": -1.12899935725474}, "纺织制造": {"turnover": 219.426511, "pct": -0.29566892852898013}, "小家电": {"turnover": 89.6355908, "pct": 0.9450592468428473}, "包装印刷": {"turnover": 438.502869, "pct": -0.04456532361139509}, "中药": {"turnover": 477.212123, "pct": -0.6721380087205019}, "美容护理": {"turnover": 227.459782, "pct": -1.3565303214342848}, "IT服务": {"turnover": 2967.78583, "pct": -1.5960394890560323}, "厨卫电器": {"turnover": 33.712325, "pct": -1.5927790292093653}, "化学制药": {"turnover": 1290.5344, "pct": -1.7878832201730581}, "养殖业": {"turnover": 319.22053, "pct": -0.7964722931423579}, "公路铁路运输": {"turnover": 171.415523, "pct": -1.2375340977074272}, "医疗器械": {"turnover": 611.529935, "pct": -0.3429647561908483}, "软件开发": {"turnover": 3114.06524, "pct": -2.2088929394087917}, "医疗服务": {"turnover": 841.5814, "pct": -2.49683848207656}, "证券": {"turnover": 1092.50332, "pct": -1.6522514164581539}, "医药商业": {"turnover": 195.597024, "pct": -1.3540951855675951}, "教育": {"turnover": 142.472027, "pct": -3.2795576889268805}, "服装家纺": {"turnover": 343.879754, "pct": -1.0445312514100498}, "游戏": {"turnover": 1450.55, "pct": -4.668918364272003}, "饮料制造": {"turnover": 279.917045, "pct": -1.9236786052892818}, "银行": {"turnover": 1121.53308, "pct": -2.2059734881119786}, "零售": {"turnover": 909.58715, "pct": -2.731217617145357}, "食品加工制造": {"turnover": 375.51227, "pct": -2.4447645225811194}, "互联网电商": {"turnover": 148.293947, "pct": -2.006733092357031}, "文化传媒": {"turnover": 3719.10644, "pct": -7.649943087786039}, "光伏设备": {"turnover": 3448.53471, "pct": -3.042321014939327}, "旅游及酒店": {"turnover": 314.405303, "pct": -5.601136821612381}, "白酒": {"turnover": 693.584569, "pct": -3.659298036077801}, "机场航运": {"turnover": 240.171439, "pct": -4.124556696305282}, "保险": {"turnover": 329.407459, "pct": -4.149072618452029}, "影视院线": {"turnover": 1797.77443, "pct": -16.714192155401626}}