{"小金属": {"turnover": 3136.96838, "pct": 18.16833224756944}, "能源金属": {"turnover": 995.808893, "pct": 12.090174916007786}, "元件": {"turnover": 3770.78589, "pct": 9.660765327468066}, "油气开采及服务": {"turnover": 930.370891, "pct": 12.585741101345544}, "钢铁": {"turnover": 1279.04856, "pct": 11.485503651268486}, "电子化学品": {"turnover": 1390.90143, "pct": 7.355929936931142}, "农化制品": {"turnover": 1843.11618, "pct": 10.085295840863829}, "金属新材料": {"turnover": 680.559551, "pct": 7.540631179652271}, "其他电源设备": {"turnover": 1184.00459, "pct": 5.148958970560639}, "电力": {"turnover": 2243.66343, "pct": 8.474127359552492}, "电网设备": {"turnover": 3164.48781, "pct": 6.85568166923264}, "工业金属": {"turnover": 3466.54089, "pct": 8.85785470217834}, "环保设备": {"turnover": 221.78809, "pct": 5.990796074062643}, "非金属材料": {"turnover": 253.798946, "pct": 7.705075300221935}, "军工装备": {"turnover": 3868.36407, "pct": 3.863451648801148}, "贵金属": {"turnover": 1232.016, "pct": 9.700218342707856}, "半导体": {"turnover": 9109.5671, "pct": 3.2809222224725176}, "环境治理": {"turnover": 885.032937, "pct": 6.7996406384677535}, "通用设备": {"turnover": 4186.38295, "pct": 4.604587521445198}, "其他电子": {"turnover": 847.92496, "pct": 3.4857724478944236}, "风电设备": {"turnover": 865.262621, "pct": 6.292389739490221}, "消费电子": {"turnover": 3182.304, "pct": 3.124747417468405}, "种植业与林业": {"turnover": 516.217292, "pct": 6.40678368533643}, "燃气": {"turnover": 193.395402, "pct": 5.854695315521292}, "煤炭开采加工": {"turnover": 623.267614, "pct": 6.727747804524653}, "港口航运": {"turnover": 773.281023, "pct": 6.601270277791421}, "通信设备": {"turnover": 6176.57289, "pct": 3.9222430680047804}, "军工电子": {"turnover": 2001.39534, "pct": 3.5812242901888114}, "塑料制品": {"turnover": 1070.83426, "pct": 4.619830519435156}, "光学光电子": {"turnover": 2018.19206, "pct": 4.199820133701988}, "专用设备": {"turnover": 2383.18073, "pct": 3.643459499306397}, "化学原料": {"turnover": 992.59473, "pct": 7.0111264929310995}, "建筑装饰": {"turnover": 2005.89473, "pct": 4.116169553474317}, "计算机设备": {"turnover": 1326.73161, "pct": 1.9293361889073295}, "化学制品": {"turnover": 2474.51957, "pct": 4.823956070415308}, "贸易": {"turnover": 106.585544, "pct": 4.670659085494908}, "电池": {"turnover": 3236.19921, "pct": 3.158249407210422}, "自动化设备": {"turnover": 2081.77378, "pct": 2.016487334618289}, "多元金融": {"turnover": 395.702023, "pct": 4.267255715298728}, "综合": {"turnover": 620.815774, "pct": 2.479237067066347}, "橡胶制品": {"turnover": 194.310278, "pct": 3.143702239301112}, "通信服务": {"turnover": 2011.90864, "pct": 2.3015010953821378}, "轨交设备": {"turnover": 195.411999, "pct": 2.8089213659217895}, "其他社会服务": {"turnover": 289.679042, "pct": 3.058753690231063}, "物流": {"turnover": 350.749733, "pct": 4.279178476460732}, "电机": {"turnover": 435.0416, "pct": 1.2411788924775764}, "汽车零部件": {"turnover": 3431.67885, "pct": 1.3302347738027238}, "IT服务": {"turnover": 4111.39794, "pct": 1.7444630480232235}, "造纸": {"turnover": 268.381664, "pct": 1.366243824758882}, "石油加工贸易": {"turnover": 486.799628, "pct": 4.182971745882092}, "养殖业": {"turnover": 308.947103, "pct": -0.7694387813595017}, "农产品加工": {"turnover": 224.047295, "pct": 3.4038234407933494}, "建筑材料": {"turnover": 1523.28533, "pct": 4.2063389240531}, "工程机械": {"turnover": 481.578042, "pct": 1.8924319706924548}, "医疗器械": {"turnover": 669.78555, "pct": 0.38383469710723384}, "厨卫电器": {"turnover": 34.7448329, "pct": 2.827269265324082}, "汽车服务及其他": {"turnover": 144.276408, "pct": 1.604393461593175}, "家居用品": {"turnover": 493.819907, "pct": 1.7419254074643575}, "白色家电": {"turnover": 884.26961, "pct": 1.1024174990569169}, "化学纤维": {"turnover": 301.221516, "pct": 3.5770198526321004}, "光伏设备": {"turnover": 3106.40986, "pct": 3.731523955734786}, "教育": {"turnover": 126.141776, "pct": 1.0212029192746537}, "生物制品": {"turnover": 422.287966, "pct": 1.261844559749252}, "中药": {"turnover": 414.861694, "pct": 1.763686759696633}, "房地产": {"turnover": 910.72439, "pct": 1.4336144884315434}, "包装印刷": {"turnover": 526.105596, "pct": 0.9980869203089342}, "软件开发": {"turnover": 2873.38741, "pct": -0.414572560505903}, "小家电": {"turnover": 116.853948, "pct": 0.6827802057095416}, "纺织制造": {"turnover": 201.220063, "pct": 2.1229071958564574}, "医疗服务": {"turnover": 776.64569, "pct": 1.1827707070097897}, "汽车整车": {"turnover": 623.664034, "pct": -0.09524422535537842}, "公路铁路运输": {"turnover": 182.646616, "pct": 1.4922618410924677}, "医药商业": {"turnover": 151.577484, "pct": -1.125466374764888}, "美容护理": {"turnover": 226.840501, "pct": 1.7133286638416714}, "服装家纺": {"turnover": 440.41247, "pct": 1.5436656959451596}, "黑色家电": {"turnover": 199.54947, "pct": 0.42396031525828703}, "化学制药": {"turnover": 1289.67745, "pct": 1.043214069766574}, "证券": {"turnover": 1353.82395, "pct": 0.5775656384586088}, "饮料制造": {"turnover": 285.531964, "pct": 0.7874856427442656}, "食品加工制造": {"turnover": 347.33568, "pct": 1.2358181588784267}, "零售": {"turnover": 822.53624, "pct": 1.126803379282555}, "互联网电商": {"turnover": 164.918551, "pct": -0.08026673321535269}, "旅游及酒店": {"turnover": 249.590976, "pct": 0.057709819896080025}, "银行": {"turnover": 1114.71203, "pct": -0.842347018937204}, "机场航运": {"turnover": 243.688827, "pct": -0.6823340838322615}, "白酒": {"turnover": 620.285188, "pct": -1.2657428587632518}, "游戏": {"turnover": 1076.73435, "pct": -2.5780365638328706}, "文化传媒": {"turnover": 2410.33865, "pct": -2.19085590788836}, "保险": {"turnover": 462.422839, "pct": -4.112545745064694}, "影视院线": {"turnover": 1039.342893, "pct": -11.463085909790907}}