{"油气开采及服务": {"turnover": 2157.62344, "pct": 20.470893112434712}, "电力": {"turnover": 3621.40598, "pct": 1.3876978972350618}, "燃气": {"turnover": 695.585784, "pct": 3.585915485889648}, "石油加工贸易": {"turnover": 1558.446054, "pct": 4.178859265834151}, "电网设备": {"turnover": 4102.8169, "pct": 2.5088906653471352}, "煤炭开采加工": {"turnover": 1252.05384, "pct": 1.8941417709032047}, "港口航运": {"turnover": 1648.76085, "pct": 1.0221639040165675}, "贵金属": {"turnover": 2057.60386, "pct": 0.6760272276268792}, "其他电源设备": {"turnover": 1411.54258, "pct": -0.6053535159621666}, "种植业与林业": {"turnover": 1029.59024, "pct": -0.2142644348585984}, "非金属材料": {"turnover": 259.463622, "pct": 0.33826059456040075}, "小金属": {"turnover": 4056.23221, "pct": -5.674414911709415}, "光学光电子": {"turnover": 2501.63909, "pct": -0.19191190486822196}, "风电设备": {"turnover": 990.83925, "pct": -2.664664831263999}, "银行": {"turnover": 1590.66185, "pct": 0.6251849573462128}, "钢铁": {"turnover": 1452.66183, "pct": -4.183879357931493}, "化学原料": {"turnover": 1487.12694, "pct": -1.2806877026153118}, "环境治理": {"turnover": 1128.60685, "pct": -3.6766409134166005}, "元件": {"turnover": 3742.65532, "pct": -3.87278510668873}, "军工装备": {"turnover": 4852.40806, "pct": -3.073436891079996}, "环保设备": {"turnover": 252.475461, "pct": -3.702772974550534}, "物流": {"turnover": 494.783799, "pct": -2.9905881778800896}, "通信设备": {"turnover": 7514.15957, "pct": -3.070175297747978}, "公路铁路运输": {"turnover": 290.375055, "pct": -1.9365251246104516}, "工业金属": {"turnover": 4440.32039, "pct": -3.937277793742651}, "军工电子": {"turnover": 2693.35472, "pct": -3.2980197672549796}, "多元金融": {"turnover": 583.857291, "pct": -3.53522054973428}, "厨卫电器": {"turnover": 70.2349002, "pct": -2.8939223799356104}, "通用设备": {"turnover": 4434.01525, "pct": -4.719219604989376}, "农产品加工": {"turnover": 379.912469, "pct": -3.406197219912567}, "专用设备": {"turnover": 2858.85747, "pct": -3.777444309219812}, "建筑装饰": {"turnover": 2133.41173, "pct": -3.989423737117475}, "橡胶制品": {"turnover": 211.279427, "pct": -3.2734138822196424}, "轨交设备": {"turnover": 234.80423, "pct": -4.175683386192968}, "养殖业": {"turnover": 473.528778, "pct": -4.283881009239411}, "农化制品": {"turnover": 2044.45729, "pct": -4.302044071188696}, "旅游及酒店": {"turnover": 243.932511, "pct": -4.200106074421631}, "电子化学品": {"turnover": 1374.85518, "pct": -4.547452330435015}, "自动化设备": {"turnover": 2443.16984, "pct": -4.453717165583491}, "能源金属": {"turnover": 928.738144, "pct": -5.840282216910307}, "光伏设备": {"turnover": 3503.52698, "pct": -5.104467174825529}, "通信服务": {"turnover": 1385.30632, "pct": -3.3226684004311577}, "黑色家电": {"turnover": 195.644615, "pct": -4.50435492508164}, "教育": {"turnover": 107.455417, "pct": -0.8923851729377975}, "IT服务": {"turnover": 4165.69045, "pct": -7.0112955830339345}, "中药": {"turnover": 474.700948, "pct": -4.203331467147446}, "综合": {"turnover": 801.477913, "pct": -3.958111913121011}, "塑料制品": {"turnover": 978.28187, "pct": -5.317358604986601}, "饮料制造": {"turnover": 338.927419, "pct": -4.038762965994301}, "计算机设备": {"turnover": 1136.00697, "pct": -2.6697832358557108}, "医疗器械": {"turnover": 1033.42764, "pct": -5.306600500379141}, "金属新材料": {"turnover": 730.837484, "pct": -5.855424853378859}, "消费电子": {"turnover": 2599.56107, "pct": -3.839182791874624}, "纺织制造": {"turnover": 202.995893, "pct": -4.824475621127688}, "服装家纺": {"turnover": 460.410902, "pct": -3.5930520326582207}, "造纸": {"turnover": 236.889294, "pct": -3.332205408844241}, "证券": {"turnover": 1265.00663, "pct": -3.103185719611356}, "其他社会服务": {"turnover": 313.031705, "pct": -5.1941228580629}, "其他电子": {"turnover": 817.14779, "pct": -6.316967391581267}, "化学制药": {"turnover": 1265.97325, "pct": -2.6561289158289183}, "化学制品": {"turnover": 2485.59414, "pct": -4.940281296194463}, "贸易": {"turnover": 127.071373, "pct": -5.724819392987482}, "白色家电": {"turnover": 859.192404, "pct": -4.937164900424145}, "电机": {"turnover": 382.242563, "pct": -5.603408569205287}, "包装印刷": {"turnover": 483.973986, "pct": -5.387720668681785}, "食品加工制造": {"turnover": 381.429822, "pct": -5.0244076368488875}, "医药商业": {"turnover": 209.770083, "pct": -4.638495409795203}, "工程机械": {"turnover": 497.765615, "pct": -4.220618768475104}, "汽车服务及其他": {"turnover": 149.966851, "pct": -5.652002925931472}, "保险": {"turnover": 527.385285, "pct": -2.8522173693935797}, "零售": {"turnover": 821.486062, "pct": -4.927078594556975}, "汽车零部件": {"turnover": 3358.49228, "pct": -5.75607162491438}, "汽车整车": {"turnover": 888.523296, "pct": -4.30408993498453}, "电池": {"turnover": 3143.93599, "pct": -5.102328016161481}, "美容护理": {"turnover": 248.844002, "pct": -5.5884875254915}, "家居用品": {"turnover": 495.681736, "pct": -5.20535440527204}, "半导体": {"turnover": 9255.9036, "pct": -7.234147943723247}, "建筑材料": {"turnover": 1232.96381, "pct": -5.054309311650646}, "生物制品": {"turnover": 469.440968, "pct": -5.56393001426676}, "小家电": {"turnover": 134.327487, "pct": -5.460735076160269}, "互联网电商": {"turnover": 141.669375, "pct": -6.4083764185520655}, "软件开发": {"turnover": 2977.64535, "pct": -7.771686770970186}, "白酒": {"turnover": 619.445313, "pct": -5.992556406151087}, "房地产": {"turnover": 786.300721, "pct": -5.190840696594922}, "医疗服务": {"turnover": 786.979437, "pct": -7.033785451077984}, "机场航运": {"turnover": 332.319949, "pct": -7.454016074612439}, "游戏": {"turnover": 935.634002, "pct": -7.588315171542706}, "化学纤维": {"turnover": 343.949453, "pct": -7.056724887614793}, "文化传媒": {"turnover": 1734.30288, "pct": -7.777503482032107}, "影视院线": {"turnover": 495.805168, "pct": -7.795734976594105}}