{"小金属": {"turnover": 5566.49224, "pct": 24.961174621328396}, "元件": {"turnover": 6083.89935, "pct": 13.818680850381126}, "能源金属": {"turnover": 1616.577658, "pct": 15.113687511444187}, "电子化学品": {"turnover": 2372.86836, "pct": 14.103294707903189}, "油气开采及服务": {"turnover": 1675.361945, "pct": 9.394807337973674}, "农化制品": {"turnover": 2817.08985, "pct": 10.096440242366478}, "钢铁": {"turnover": 1993.480283, "pct": 11.48050237258472}, "金属新材料": {"turnover": 1176.707714, "pct": 11.29031987999959}, "非金属材料": {"turnover": 451.288715, "pct": 8.21580407970159}, "环保设备": {"turnover": 374.758173, "pct": 8.104007733023817}, "其他电源设备": {"turnover": 2139.60922, "pct": 10.631586991816484}, "通信服务": {"turnover": 3590.51791, "pct": 7.298335300114209}, "化学原料": {"turnover": 1899.27084, "pct": 7.045599707697763}, "环境治理": {"turnover": 1584.282501, "pct": 7.089861507749855}, "电力": {"turnover": 3742.95041, "pct": 7.681831208474548}, "通用设备": {"turnover": 7923.323, "pct": 7.150909474001502}, "半导体": {"turnover": 16702.82044, "pct": 7.756787154578179}, "电网设备": {"turnover": 5926.05339, "pct": 8.180181284493743}, "消费电子": {"turnover": 5909.68988, "pct": 6.085416682243019}, "工业金属": {"turnover": 6322.28307, "pct": 9.171150655626551}, "塑料制品": {"turnover": 1968.25509, "pct": 5.670802946005344}, "IT服务": {"turnover": 7428.36018, "pct": 6.033803516712943}, "化学制品": {"turnover": 4694.5459, "pct": 5.055323835496312}, "港口航运": {"turnover": 1205.982929, "pct": 6.329828010309431}, "其他电子": {"turnover": 1540.51266, "pct": 7.645673471077583}, "自动化设备": {"turnover": 3783.74677, "pct": 4.844750389791906}, "通信设备": {"turnover": 12544.25028, "pct": 7.062554258290958}, "石油加工贸易": {"turnover": 927.220392, "pct": 3.996132573189674}, "风电设备": {"turnover": 1641.809902, "pct": 6.093416239468581}, "军工装备": {"turnover": 6842.37414, "pct": 6.815423780686067}, "电池": {"turnover": 6127.30325, "pct": 4.078251748293104}, "计算机设备": {"turnover": 2480.16658, "pct": 4.847801450947901}, "综合": {"turnover": 1162.133733, "pct": 4.557420686780596}, "黑色家电": {"turnover": 399.897197, "pct": 4.779438056172389}, "光学光电子": {"turnover": 3812.53883, "pct": 4.906797559750977}, "物流": {"turnover": 643.507853, "pct": 3.7548217897363476}, "专用设备": {"turnover": 4410.43688, "pct": 4.888945767095975}, "包装印刷": {"turnover": 1118.204581, "pct": 2.050305642243459}, "煤炭开采加工": {"turnover": 1273.544154, "pct": 6.812088782917168}, "化学纤维": {"turnover": 620.542105, "pct": 3.5600148087410757}, "建筑装饰": {"turnover": 3439.74038, "pct": 4.960322724469574}, "造纸": {"turnover": 497.553512, "pct": 4.054913818252285}, "种植业与林业": {"turnover": 1011.978068, "pct": 4.714831420066318}, "轨交设备": {"turnover": 338.763905, "pct": 3.5519877064207797}, "燃气": {"turnover": 354.970561, "pct": 3.779785418431976}, "橡胶制品": {"turnover": 365.980937, "pct": 3.8964155267060887}, "军工电子": {"turnover": 3864.88275, "pct": 4.457611734856451}, "贸易": {"turnover": 203.86865, "pct": 2.929746410817062}, "纺织制造": {"turnover": 462.998484, "pct": 0.9896665344854031}, "电机": {"turnover": 773.214326, "pct": 3.4185147863776777}, "中药": {"turnover": 1153.39745, "pct": 0.2989242698700184}, "美容护理": {"turnover": 490.563865, "pct": 0.35823863920286375}, "其他社会服务": {"turnover": 546.824395, "pct": 3.480623574230456}, "建筑材料": {"turnover": 2820.02447, "pct": 3.7781182160103817}, "汽车零部件": {"turnover": 6673.43176, "pct": 2.5370143390674165}, "汽车服务及其他": {"turnover": 282.396247, "pct": 1.8413124607999245}, "教育": {"turnover": 266.721029, "pct": 1.6482037083476644}, "多元金融": {"turnover": 762.447712, "pct": 3.0571572337576685}, "软件开发": {"turnover": 5805.69579, "pct": 3.250803390641465}, "厨卫电器": {"turnover": 75.8130135, "pct": 0.7716968760734948}, "农产品加工": {"turnover": 453.966504, "pct": 1.9677562207839436}, "家居用品": {"turnover": 1002.789106, "pct": 0.9141560952484276}, "养殖业": {"turnover": 634.510547, "pct": -2.0200003629829917}, "白色家电": {"turnover": 1741.53623, "pct": 1.7354854285300931}, "汽车整车": {"turnover": 1252.66151, "pct": 0.3231790572822193}, "医疗器械": {"turnover": 1426.161228, "pct": -0.7945543962493924}, "贵金属": {"turnover": 2520.92747, "pct": 7.875413621087869}, "工程机械": {"turnover": 904.307366, "pct": 2.529470516251276}, "房地产": {"turnover": 1752.49293, "pct": 1.3833613803212503}, "化学制药": {"turnover": 2786.52019, "pct": -0.12407890816462898}, "服装家纺": {"turnover": 965.865912, "pct": -1.2661477677091282}, "生物制品": {"turnover": 823.888254, "pct": 0.72747476237518}, "公路铁路运输": {"turnover": 367.481885, "pct": 0.6154511506441362}, "游戏": {"turnover": 2509.29874, "pct": 0.3508725012164609}, "互联网电商": {"turnover": 379.277225, "pct": 0.07588931958386308}, "银行": {"turnover": 2338.4574, "pct": -1.9485257158175988}, "医疗服务": {"turnover": 1665.50814, "pct": 0.42134148473856664}, "小家电": {"turnover": 228.211483, "pct": 0.15925729966684044}, "文化传媒": {"turnover": 6186.05705, "pct": 0.2102468782125721}, "证券": {"turnover": 2523.91404, "pct": -0.6193215658923479}, "光伏设备": {"turnover": 7481.16028, "pct": 2.4356457883212177}, "食品加工制造": {"turnover": 801.318088, "pct": -2.2516750107090053}, "饮料制造": {"turnover": 623.151467, "pct": -2.2895326725366547}, "医药商业": {"turnover": 370.085839, "pct": -3.121663125230349}, "零售": {"turnover": 1940.27104, "pct": -2.3302069625240596}, "影视院线": {"turnover": 2671.274343, "pct": -5.738710616584532}, "旅游及酒店": {"turnover": 607.4808, "pct": -2.6261118742509186}, "机场航运": {"turnover": 502.479404, "pct": -4.351552774438862}, "保险": {"turnover": 872.209295, "pct": -6.295021145796404}, "白酒": {"turnover": 1464.176817, "pct": -5.364428993414864}}