{"风电设备": {"turnover": 1531.40922, "pct": 10.611760897988768}, "电池": {"turnover": 4479.04509, "pct": 5.352563184625542}, "化学纤维": {"turnover": 577.155486, "pct": 5.797168751440625}, "煤炭开采加工": {"turnover": 1295.69207, "pct": 4.01418205233148}, "光伏设备": {"turnover": 4235.63082, "pct": 2.114547784114479}, "元件": {"turnover": 3264.51733, "pct": 2.8705026038107517}, "互联网电商": {"turnover": 139.681311, "pct": 0.0005334296908389538}, "银行": {"turnover": 981.23671, "pct": 2.285121911277149}, "电子化学品": {"turnover": 1213.95881, "pct": 3.0666875242408818}, "厨卫电器": {"turnover": 43.6952643, "pct": 2.923305771425061}, "白酒": {"turnover": 466.016045, "pct": 0.8159241998979683}, "养殖业": {"turnover": 489.922646, "pct": 0.6381937874193859}, "塑料制品": {"turnover": 1018.5452, "pct": 2.1955888183123147}, "旅游及酒店": {"turnover": 158.217881, "pct": -0.09863211299639661}, "电力": {"turnover": 4697.62395, "pct": 1.6636265227571723}, "种植业与林业": {"turnover": 719.794217, "pct": -0.32366443012935175}, "汽车整车": {"turnover": 802.457557, "pct": 1.494979009016328}, "医疗器械": {"turnover": 975.43587, "pct": 1.8621949861201106}, "公路铁路运输": {"turnover": 186.975478, "pct": 0.6849875526153485}, "橡胶制品": {"turnover": 200.686713, "pct": 1.696159052867722}, "建筑装饰": {"turnover": 2981.89549, "pct": 1.532236254000936}, "医疗服务": {"turnover": 818.21482, "pct": 0.5031585921961838}, "通信服务": {"turnover": 2075.63248, "pct": -3.320853505558284}, "计算机设备": {"turnover": 1148.10514, "pct": -3.466710088006681}, "农化制品": {"turnover": 1621.39608, "pct": 4.669951327360291}, "化学制药": {"turnover": 1129.22264, "pct": -1.8259157363839478}, "黑色家电": {"turnover": 262.978162, "pct": 2.679386573951157}, "房地产": {"turnover": 689.21882, "pct": 1.1252077926483735}, "生物制品": {"turnover": 465.528658, "pct": 0.6754719125865071}, "化学原料": {"turnover": 2001.55103, "pct": 2.7541035576904074}, "小家电": {"turnover": 116.254795, "pct": 1.619269005672651}, "环保设备": {"turnover": 176.080182, "pct": 4.362144468969501}, "半导体": {"turnover": 7853.4174, "pct": -0.5248997586229025}, "中药": {"turnover": 379.192019, "pct": 0.05507889267024231}, "农产品加工": {"turnover": 426.808361, "pct": -0.39203740366873707}, "其他电子": {"turnover": 657.03521, "pct": -4.111072421508304}, "光学光电子": {"turnover": 2664.71592, "pct": 1.2056252598805035}, "非金属材料": {"turnover": 235.352776, "pct": -2.715810814928734}, "通信设备": {"turnover": 6687.86803, "pct": 1.8822110734982616}, "造纸": {"turnover": 184.685962, "pct": -1.5988183921111037}, "能源金属": {"turnover": 722.856833, "pct": 1.4838410072861816}, "教育": {"turnover": 92.848568, "pct": -0.5553928428086361}, "港口航运": {"turnover": 948.45286, "pct": 0.2179002704540598}, "零售": {"turnover": 608.28862, "pct": -0.012003912525232044}, "家居用品": {"turnover": 453.140836, "pct": 0.2776619451324127}, "食品加工制造": {"turnover": 355.292234, "pct": -0.7015995816558551}, "消费电子": {"turnover": 2268.20927, "pct": -2.854437852839327}, "包装印刷": {"turnover": 388.13207, "pct": -0.3633789618261174}, "医药商业": {"turnover": 136.374349, "pct": -0.6404261266931953}, "物流": {"turnover": 288.151636, "pct": -0.8671712317138427}, "美容护理": {"turnover": 149.355666, "pct": -1.5183715498795465}, "饮料制造": {"turnover": 279.414282, "pct": -0.06249438594333905}, "服装家纺": {"turnover": 299.122329, "pct": -1.249775939673352}, "汽车服务及其他": {"turnover": 141.856578, "pct": 0.21191615778181086}, "环境治理": {"turnover": 836.64349, "pct": -2.947505944248919}, "文化传媒": {"turnover": 1260.47682, "pct": -2.279886822220912}, "软件开发": {"turnover": 3256.51784, "pct": -2.240676870963518}, "贸易": {"turnover": 92.992453, "pct": -1.7026622682600092}, "纺织制造": {"turnover": 179.600194, "pct": 0.17704487805865107}, "化学制品": {"turnover": 2641.80908, "pct": 0.43383891511409084}, "综合": {"turnover": 955.4621, "pct": -1.6898388898213528}, "其他社会服务": {"turnover": 278.149302, "pct": -0.7584149716152524}, "白色家电": {"turnover": 681.779713, "pct": 0.32834181456893763}, "IT服务": {"turnover": 4331.32919, "pct": -3.5807772373444955}, "证券": {"turnover": 1104.94976, "pct": 0.281591656156262}, "电机": {"turnover": 237.535552, "pct": -2.682619898927361}, "建筑材料": {"turnover": 976.0521, "pct": 0.21503654784473342}, "轨交设备": {"turnover": 160.334359, "pct": -2.6839810621085123}, "燃气": {"turnover": 466.646639, "pct": -0.8349295846352612}, "保险": {"turnover": 243.870591, "pct": -1.6746431143396494}, "游戏": {"turnover": 798.16366, "pct": -1.118719804970472}, "通用设备": {"turnover": 2915.80824, "pct": -3.015317773185156}, "汽车零部件": {"turnover": 2904.52732, "pct": -0.020294759665186055}, "自动化设备": {"turnover": 2344.76345, "pct": 0.012231366360729832}, "多元金融": {"turnover": 533.976428, "pct": -1.8347325286220135}, "专用设备": {"turnover": 2421.29196, "pct": -1.0958458021296973}, "影视院线": {"turnover": 297.790844, "pct": -2.9368786710983397}, "电网设备": {"turnover": 5275.80235, "pct": -4.094969199116331}, "油气开采及服务": {"turnover": 1894.40754, "pct": -5.759127112124625}, "机场航运": {"turnover": 333.447053, "pct": -0.3890088760620838}, "工程机械": {"turnover": 520.142886, "pct": -0.006973250610654411}, "其他电源设备": {"turnover": 1734.8737, "pct": -2.564160787248598}, "工业金属": {"turnover": 2917.59988, "pct": -1.290322580645166}, "石油加工贸易": {"turnover": 1139.33299, "pct": -2.9296824946403697}, "钢铁": {"turnover": 827.46449, "pct": 0.7542002370258218}, "金属新材料": {"turnover": 504.157295, "pct": -2.082937543326379}, "军工电子": {"turnover": 2115.90044, "pct": -3.646773060075777}, "军工装备": {"turnover": 2996.6067, "pct": -4.561260421241346}, "贵金属": {"turnover": 1012.16472, "pct": -6.1177422788406695}, "小金属": {"turnover": 2372.39626, "pct": -5.826535096418358}}