{"影视院线": {"turnover": 1342.978625, "pct": 5.00260022353303}, "油气开采及服务": {"turnover": 1913.48438, "pct": 7.403305420511484}, "光伏设备": {"turnover": 9922.6482, "pct": 2.9814007166879803}, "保险": {"turnover": 1583.837033, "pct": 1.5265537815656447}, "白酒": {"turnover": 3181.23541, "pct": 6.248544058661958}, "贵金属": {"turnover": 4304.934017, "pct": -7.523359569532616}, "银行": {"turnover": 3511.485615, "pct": 4.154844819762049}, "煤炭开采加工": {"turnover": 1822.198247, "pct": 2.238715740428607}, "文化传媒": {"turnover": 7567.56912, "pct": -0.060404886721754904}, "机场航运": {"turnover": 669.263446, "pct": 2.3133302225840495}, "通信服务": {"turnover": 3607.15981, "pct": -1.8464520570511789}, "通信设备": {"turnover": 14017.30765, "pct": -0.2117874545524437}, "种植业与林业": {"turnover": 1559.643364, "pct": 1.2844370992916534}, "石油加工贸易": {"turnover": 1194.876011, "pct": 1.674285821097974}, "港口航运": {"turnover": 1067.526227, "pct": 0.9668803331697393}, "服装家纺": {"turnover": 1545.331007, "pct": 1.8122993121012847}, "房地产": {"turnover": 2416.91905, "pct": 1.0807181058824433}, "纺织制造": {"turnover": 482.709287, "pct": 1.5731427697951585}, "中药": {"turnover": 1478.152201, "pct": -1.2022071160232823}, "造纸": {"turnover": 393.645102, "pct": 0.9912991647078737}, "建筑材料": {"turnover": 2830.49747, "pct": 0.1210719325097586}, "公路铁路运输": {"turnover": 497.182631, "pct": 0.7413991410670926}, "化学制品": {"turnover": 5303.50829, "pct": -0.9984761024019376}, "家居用品": {"turnover": 1170.939452, "pct": 1.1690990113966322}, "养殖业": {"turnover": 1129.825049, "pct": -3.1945176974401255}, "旅游及酒店": {"turnover": 785.922417, "pct": 0.4019648879176743}, "综合": {"turnover": 1646.15341, "pct": -1.9359679673830499}, "饮料制造": {"turnover": 1036.004933, "pct": 0.22573544199320314}, "电力": {"turnover": 3946.96427, "pct": -1.2070055570880873}, "证券": {"turnover": 4145.09267, "pct": -1.8703846020237243}, "化学原料": {"turnover": 2212.84613, "pct": -2.2458216320855002}, "自动化设备": {"turnover": 3766.47573, "pct": -1.4751988711519277}, "互联网电商": {"turnover": 514.133332, "pct": -2.1147552512333436}, "光学光电子": {"turnover": 4633.37487, "pct": -1.004852463217307}, "环境治理": {"turnover": 1717.17789, "pct": -1.6809264569431208}, "包装印刷": {"turnover": 1024.02024, "pct": -1.0769701450779015}, "非金属材料": {"turnover": 458.357633, "pct": -2.425843517249525}, "环保设备": {"turnover": 385.301179, "pct": -1.0394367198890515}, "电网设备": {"turnover": 6600.92828, "pct": -1.7608578570146245}, "物流": {"turnover": 704.10842495, "pct": 0.22455380129863697}, "建筑装饰": {"turnover": 4323.16256, "pct": -1.919663059338431}, "美容护理": {"turnover": 593.194414, "pct": -0.5852078531118377}, "教育": {"turnover": 331.612656, "pct": -2.0765785087458}, "小金属": {"turnover": 6386.11883, "pct": -8.32038620464273}, "轨交设备": {"turnover": 419.7927461, "pct": -1.1948824442683061}, "汽车整车": {"turnover": 1750.573803, "pct": -1.4582527383698236}, "工程机械": {"turnover": 1048.575212, "pct": -2.0160122715896556}, "食品加工制造": {"turnover": 1068.807335, "pct": -1.3076704453495955}, "厨卫电器": {"turnover": 128.8968554, "pct": 0.12497927942057635}, "游戏": {"turnover": 2216.1727986, "pct": -0.11223445602896202}, "通用设备": {"turnover": 8244.5187, "pct": -2.1591631715383643}, "生物制品": {"turnover": 1403.252279, "pct": -6.310211011571198}, "燃气": {"turnover": 535.169651, "pct": -2.453659227995024}, "消费电子": {"turnover": 7375.76225, "pct": -1.9800605536158014}, "专用设备": {"turnover": 4540.1784, "pct": -2.646689795354314}, "农化制品": {"turnover": 2921.45803, "pct": -3.6449620081209497}, "其他电子": {"turnover": 1955.746647, "pct": -3.557708947755509}, "化学制药": {"turnover": 3211.683063, "pct": -2.1047524050018183}, "农产品加工": {"turnover": 826.790413, "pct": -3.2759660048708414}, "贸易": {"turnover": 399.80881, "pct": -1.8138231453045612}, "其他社会服务": {"turnover": 729.273789, "pct": -2.2590497794005926}, "化学纤维": {"turnover": 651.187108, "pct": -1.168472604290692}, "白色家电": {"turnover": 2471.16058, "pct": -2.483616811158758}, "医疗器械": {"turnover": 2342.46229, "pct": -4.468839296916347}, "IT服务": {"turnover": 7422.53441, "pct": -4.151071438467684}, "钢铁": {"turnover": 1976.630796, "pct": -4.76781875634226}, "多元金融": {"turnover": 773.34906427, "pct": -1.4554981662568678}, "橡胶制品": {"turnover": 375.806559, "pct": -2.762257963349514}, "医疗服务": {"turnover": 2193.85872, "pct": -3.1780132507252916}, "其他电源设备": {"turnover": 1899.72805, "pct": -5.223458411680516}, "汽车服务及其他": {"turnover": 353.648571, "pct": -2.228440616294538}, "元件": {"turnover": 5038.88303, "pct": -4.162690889124499}, "小家电": {"turnover": 318.818639, "pct": -3.022646308922632}, "工业金属": {"turnover": 11078.84196, "pct": -6.647949048955108}, "风电设备": {"turnover": 2033.15987, "pct": -4.604845067355416}, "半导体": {"turnover": 22714.7324, "pct": -3.6749841599806357}, "电子化学品": {"turnover": 2243.39275, "pct": -4.903877869559124}, "塑料制品": {"turnover": 1988.85041, "pct": -3.4147325966233764}, "汽车零部件": {"turnover": 7732.00474, "pct": -2.6506447163881264}, "军工装备": {"turnover": 6656.32033, "pct": -3.6600475563655444}, "计算机设备": {"turnover": 2879.31902, "pct": -3.9528232358371573}, "电池": {"turnover": 6789.85042, "pct": -3.9429640031977007}, "软件开发": {"turnover": 6671.49165, "pct": -4.936639118457309}, "医药商业": {"turnover": 817.983909, "pct": -5.758971522301945}, "金属新材料": {"turnover": 1464.452203, "pct": -5.085260042380474}, "黑色家电": {"turnover": 403.365327, "pct": -5.060798564484092}, "军工电子": {"turnover": 4824.31769, "pct": -3.1735084939525287}, "电机": {"turnover": 945.773328, "pct": -4.982781282795663}, "能源金属": {"turnover": 2052.53195, "pct": -8.957467639327382}, "零售": {"turnover": 2060.00487, "pct": 1.0992789906835663}}