{"光伏设备": {"turnover": 5207.56087, "pct": 5.545126912803071}, "影视院线": {"turnover": 856.59343, "pct": 7.0417261537460405}, "机场航运": {"turnover": 353.980186, "pct": 4.7262727281493895}, "电网设备": {"turnover": 3262.04083, "pct": 0.5748094399829045}, "美容护理": {"turnover": 318.280425, "pct": 3.0895993167106157}, "教育": {"turnover": 118.320101, "pct": 2.1711189044923613}, "自动化设备": {"turnover": 1766.3989, "pct": 1.798276618038149}, "房地产": {"turnover": 1075.46263, "pct": 4.227024571598428}, "包装印刷": {"turnover": 540.878918, "pct": 4.411701128294234}, "中药": {"turnover": 737.892651, "pct": 3.440733628611771}, "电池": {"turnover": 2880.37139, "pct": 2.533856431134717}, "军工电子": {"turnover": 2262.50524, "pct": 0.8646034201653675}, "银行": {"turnover": 1530.41597, "pct": 3.986132043232248}, "环保设备": {"turnover": 175.117694, "pct": 3.2728021854466958}, "光学光电子": {"turnover": 2064.46866, "pct": 1.722666583550377}, "零售": {"turnover": 1242.94307, "pct": 2.7091544034794133}, "厨卫电器": {"turnover": 48.5912198, "pct": 3.337999628338056}, "综合": {"turnover": 666.898905, "pct": 1.8778782251043706}, "纺织制造": {"turnover": 251.104046, "pct": 2.4585501724179575}, "汽车整车": {"turnover": 679.788759, "pct": 3.1130370743524693}, "通用设备": {"turnover": 3848.27686, "pct": 1.6316404918815994}, "服装家纺": {"turnover": 669.023653, "pct": 2.871835651774286}, "建筑材料": {"turnover": 1303.03163, "pct": 2.2516123522124785}, "通信设备": {"turnover": 7044.53119, "pct": 0.7338207687316747}, "通信服务": {"turnover": 1505.03452, "pct": 0.6433371226032082}, "家居用品": {"turnover": 541.496352, "pct": 2.580999995358718}, "医疗服务": {"turnover": 957.97765, "pct": 1.6752496303287048}, "军工装备": {"turnover": 3487.75449, "pct": 0.1783086462105484}, "汽车服务及其他": {"turnover": 153.800725, "pct": 1.9006605545230295}, "非金属材料": {"turnover": 204.494781, "pct": 3.041635695497252}, "其他电源设备": {"turnover": 834.10072, "pct": 0.09788915829772146}, "轨交设备": {"turnover": 173.494015, "pct": 1.89460509416821}, "文化传媒": {"turnover": 3321.57959, "pct": 0.8764672843297506}, "工程机械": {"turnover": 553.819584, "pct": 0.7893320282490192}, "汽车零部件": {"turnover": 3365.73777, "pct": 1.4367547140309527}, "消费电子": {"turnover": 3167.61267, "pct": 1.0288946456590797}, "物流": {"turnover": 370.91744, "pct": 2.597041017947917}, "小家电": {"turnover": 129.960934, "pct": 1.3277493541018701}, "互联网电商": {"turnover": 231.088395, "pct": 0.49968791870184726}, "风电设备": {"turnover": 1019.56142, "pct": 1.2095698351537778}, "食品加工制造": {"turnover": 549.954963, "pct": 1.952230733577925}, "计算机设备": {"turnover": 1118.9508, "pct": 0.6748705725373576}, "白酒": {"turnover": 1387.47997, "pct": -1.5063712210890516}, "元件": {"turnover": 2338.94639, "pct": 0.5772381094107039}, "电力": {"turnover": 1683.58667, "pct": 1.3465951188371115}, "环境治理": {"turnover": 724.00984, "pct": 1.3336792637202017}, "旅游及酒店": {"turnover": 403.181978, "pct": 2.5086559317729398}, "建筑装饰": {"turnover": 1610.17576, "pct": 1.2260366872056538}, "化学制药": {"turnover": 1521.75889, "pct": 2.2342046818516157}, "专用设备": {"turnover": 2225.10725, "pct": 0.9423218416626392}, "其他社会服务": {"turnover": 298.968466, "pct": 0.3331510903104098}, "IT服务": {"turnover": 3189.25292, "pct": 0.8084593358192128}, "饮料制造": {"turnover": 467.799244, "pct": 1.7577773732090816}, "化学制品": {"turnover": 2229.51315, "pct": 2.0890123603353126}, "公路铁路运输": {"turnover": 237.68763, "pct": 1.8215662810796416}, "黑色家电": {"turnover": 133.484756, "pct": 2.1420111133497213}, "医药商业": {"turnover": 311.922264, "pct": 0.6492543000297527}, "白色家电": {"turnover": 1015.6524, "pct": 1.460943543665595}, "医疗器械": {"turnover": 830.30251, "pct": 1.2934565338322999}, "多元金融": {"turnover": 389.600913, "pct": 0.6476619927111116}, "游戏": {"turnover": 1234.77056, "pct": 0.5258993541425961}, "证券": {"turnover": 1595.47748, "pct": 1.9813567352010093}, "塑料制品": {"turnover": 861.2289, "pct": 0.9780699433424892}, "电机": {"turnover": 351.458876, "pct": 0.17658814329450237}, "生物制品": {"turnover": 461.854023, "pct": 1.3182365425587668}, "石油加工贸易": {"turnover": 472.517571, "pct": 3.5589100619180773}, "软件开发": {"turnover": 2761.4297, "pct": 0.11067534777677954}, "煤炭开采加工": {"turnover": 859.937715, "pct": 5.590049650662877}, "造纸": {"turnover": 166.848731, "pct": 1.0645537850683557}, "化学纤维": {"turnover": 299.145304, "pct": 2.0093314282550834}, "电子化学品": {"turnover": 944.51558, "pct": 1.0868485479756824}, "港口航运": {"turnover": 487.923153, "pct": 1.7372689642487467}, "保险": {"turnover": 510.315368, "pct": 2.0660694906257553}, "化学原料": {"turnover": 819.8261, "pct": 3.0055181955117574}, "其他电子": {"turnover": 842.654307, "pct": -0.8730425403473021}, "橡胶制品": {"turnover": 157.371269, "pct": 0.8852582554240611}, "贸易": {"turnover": 123.319272, "pct": 0.5526903458975251}, "燃气": {"turnover": 192.468955, "pct": 0.9454563828437781}, "钢铁": {"turnover": 700.927866, "pct": 1.8138435413327103}, "养殖业": {"turnover": 415.356571, "pct": 1.0243393241324485}, "金属新材料": {"turnover": 495.421445, "pct": -0.9690931992494767}, "小金属": {"turnover": 2398.02796, "pct": -0.2547284724636668}, "农化制品": {"turnover": 1043.83294, "pct": 1.7980290301203659}, "农产品加工": {"turnover": 305.002988, "pct": 0.9436019850893098}, "能源金属": {"turnover": 668.336266, "pct": -0.5901931613062682}, "半导体": {"turnover": 8640.8136, "pct": -0.6194420501533184}, "油气开采及服务": {"turnover": 822.45377, "pct": 4.066517060176503}, "种植业与林业": {"turnover": 673.793603, "pct": 0.12529771764978054}, "工业金属": {"turnover": 4033.12459, "pct": -1.4713807404185415}, "贵金属": {"turnover": 2037.70001, "pct": -7.3930880132876835}}