{"影视院线": {"turnover": 1679.346348, "pct": 30.37625859942849}, "油气开采及服务": {"turnover": 2016.453654, "pct": -1.2437236098760933}, "煤炭开采加工": {"turnover": 1809.019755, "pct": 1.8529714223055969}, "白酒": {"turnover": 3133.77083, "pct": 6.14623788539379}, "文化传媒": {"turnover": 7816.32972, "pct": 10.148877446644068}, "银行": {"turnover": 3056.10616, "pct": 2.6757388966689084}, "造纸": {"turnover": 401.575558, "pct": 2.50386514356155}, "房地产": {"turnover": 2321.21013, "pct": 2.8990365741056947}, "通信服务": {"turnover": 3034.02492, "pct": 4.517966250457799}, "游戏": {"turnover": 2659.54119, "pct": 4.666892470918711}, "石油加工贸易": {"turnover": 1215.269155, "pct": 1.5560674991062344}, "纺织制造": {"turnover": 482.098358, "pct": 3.2542080675899214}, "建筑材料": {"turnover": 2784.8716, "pct": 1.1919845715837254}, "化学原料": {"turnover": 2064.55782, "pct": -0.46509087114105524}, "种植业与林业": {"turnover": 1555.735326, "pct": -0.34539684838749923}, "机场航运": {"turnover": 645.439565, "pct": 4.146545023770629}, "服装家纺": {"turnover": 1433.530004, "pct": 1.8284160392048572}, "家居用品": {"turnover": 1135.465558, "pct": 4.004296232312839}, "光伏设备": {"turnover": 9553.80487, "pct": 5.743328122273987}, "港口航运": {"turnover": 1099.470814, "pct": 0.44911729125831185}, "公路铁路运输": {"turnover": 518.263787, "pct": 1.186264654755886}, "通信设备": {"turnover": 12683.28564, "pct": 4.501330670002562}, "黑色家电": {"turnover": 328.447539, "pct": 1.1718549827802232}, "化学制品": {"turnover": 5023.832, "pct": 0.5894165884160425}, "旅游及酒店": {"turnover": 801.739878, "pct": 3.863756776006292}, "美容护理": {"turnover": 579.477108, "pct": 3.1031958206319197}, "包装印刷": {"turnover": 1050.447939, "pct": 3.0034362322910515}, "厨卫电器": {"turnover": 108.3145465, "pct": 3.604193839699663}, "环保设备": {"turnover": 357.931517, "pct": 2.855549148797481}, "物流": {"turnover": 737.46317, "pct": 1.901427972120413}, "中药": {"turnover": 1396.222752, "pct": 2.518283353666681}, "化学纤维": {"turnover": 689.074173, "pct": -1.860717778517036}, "饮料制造": {"turnover": 995.925342, "pct": 1.6600891703981675}, "电网设备": {"turnover": 6147.34174, "pct": 1.597926189035576}, "零售": {"turnover": 2330.50214, "pct": 1.2570482598759574}, "环境治理": {"turnover": 1622.0326, "pct": 0.1337181858974032}, "电力": {"turnover": 3649.34006, "pct": -0.33690467650291317}, "建筑装饰": {"turnover": 3907.34509, "pct": 0.6821333453080802}, "农化制品": {"turnover": 2626.882, "pct": -3.7353257240100355}, "自动化设备": {"turnover": 3220.45584, "pct": 5.360560573284105}, "保险": {"turnover": 1362.392168, "pct": 1.3734755199434516}, "IT服务": {"turnover": 7081.0128, "pct": 0.40636200178538023}, "综合": {"turnover": 1398.475167, "pct": 0.975569314458174}, "教育": {"turnover": 302.917996, "pct": 3.575666612757068}, "证券": {"turnover": 3650.8733, "pct": -0.4952487952203386}, "轨交设备": {"turnover": 419.777944, "pct": 0.04719849690939696}, "食品加工制造": {"turnover": 1035.570928, "pct": 1.049652439319616}, "养殖业": {"turnover": 1014.592971, "pct": -0.2133498799251616}, "光学光电子": {"turnover": 4252.93315, "pct": 0.989363590793264}, "汽车整车": {"turnover": 1585.846049, "pct": 0.4153136450076037}, "钢铁": {"turnover": 1816.765186, "pct": -4.001831501831502}, "通用设备": {"turnover": 7119.1768, "pct": 3.0804173952253735}, "汽车服务及其他": {"turnover": 294.484891, "pct": 1.0614600887132737}, "工程机械": {"turnover": 1103.303804, "pct": -0.413286288659381}, "电子化学品": {"turnover": 2124.56392, "pct": -2.2307059479051583}, "橡胶制品": {"turnover": 359.641944, "pct": -1.4758058291516742}, "小金属": {"turnover": 5835.59807, "pct": -9.7604828724231}, "白色家电": {"turnover": 2264.7874, "pct": 0.5318029039987935}, "金属新材料": {"turnover": 1343.076008, "pct": -4.14337416390385}, "其他社会服务": {"turnover": 641.30376, "pct": -0.6481113820785274}, "电池": {"turnover": 6041.56793, "pct": -0.4402252792172254}, "专用设备": {"turnover": 4796.67674, "pct": -0.5119115782032276}, "塑料制品": {"turnover": 1655.79834, "pct": 1.1896247103804407}, "农产品加工": {"turnover": 675.532913, "pct": -2.8784427051337715}, "消费电子": {"turnover": 6812.41415, "pct": -0.3956691208036754}, "贸易": {"turnover": 340.699419, "pct": -3.169966060545284}, "互联网电商": {"turnover": 497.199187, "pct": 2.221799633314407}, "化学制药": {"turnover": 3321.81504, "pct": 0.24664824016801357}, "其他电子": {"turnover": 2020.552187, "pct": -0.9476720982288899}, "其他电源设备": {"turnover": 1841.1161, "pct": -1.4476941159606114}, "计算机设备": {"turnover": 2598.82262, "pct": -0.34985812596526467}, "燃气": {"turnover": 397.448043, "pct": -2.6635524730585765}, "汽车零部件": {"turnover": 7080.83648, "pct": 0.15421784795545654}, "元件": {"turnover": 4852.3874, "pct": -0.8951621930063403}, "非金属材料": {"turnover": 427.947183, "pct": -3.72364311438133}, "软件开发": {"turnover": 6423.89984, "pct": -0.8333691191296781}, "医疗服务": {"turnover": 2047.90017, "pct": 1.7122257226557327}, "小家电": {"turnover": 280.81237, "pct": 0.014721648760044784}, "多元金融": {"turnover": 803.918417, "pct": -1.1702566302877628}, "军工装备": {"turnover": 6992.88287, "pct": -0.7689435741028144}, "军工电子": {"turnover": 4420.16841, "pct": -1.250273885593564}, "电机": {"turnover": 811.34356, "pct": -1.3681698873782961}, "医疗器械": {"turnover": 1949.2297, "pct": -0.7103264152415176}, "风电设备": {"turnover": 2019.35675, "pct": -2.9985780958922974}, "医药商业": {"turnover": 653.278484, "pct": -1.902473089191011}, "生物制品": {"turnover": 1090.577288, "pct": -2.285183421497946}, "能源金属": {"turnover": 1738.881965, "pct": -11.079351885068066}, "工业金属": {"turnover": 10502.60997, "pct": -12.427569780093279}, "半导体": {"turnover": 20714.2345, "pct": -6.37901790696453}, "贵金属": {"turnover": 3961.746057, "pct": -19.73566112696547}}