{"光伏设备": {"turnover": 3037.25347, "pct": 1.7585451353943318}, "煤炭开采加工": {"turnover": 764.97542, "pct": 1.0841968342810455}, "电力": {"turnover": 2829.98251, "pct": -1.5047247377399735}, "油气开采及服务": {"turnover": 844.56431, "pct": -2.33300436510512}, "燃气": {"turnover": 289.632163, "pct": -3.839286850448663}, "电池": {"turnover": 2727.86174, "pct": -2.1283480286895995}, "银行": {"turnover": 938.61598, "pct": -4.096441965246747}, "风电设备": {"turnover": 871.88928, "pct": -4.997985116995554}, "能源金属": {"turnover": 545.70724, "pct": -1.424417913934467}, "汽车整车": {"turnover": 630.00952, "pct": -4.855003101261111}, "证券": {"turnover": 910.79698, "pct": -5.940863671278764}, "港口航运": {"turnover": 484.32993, "pct": -5.137179375903635}, "厨卫电器": {"turnover": 62.672956, "pct": -7.200768110128812}, "多元金融": {"turnover": 408.664675, "pct": -6.782010250600923}, "公路铁路运输": {"turnover": 151.168704, "pct": -6.3954074983393925}, "白酒": {"turnover": 307.43832, "pct": -5.176115616281084}, "环保设备": {"turnover": 124.536194, "pct": -6.358370367006627}, "其他电源设备": {"turnover": 679.32736, "pct": -6.471085550818856}, "汽车服务及其他": {"turnover": 108.150506, "pct": -5.8927906434976}, "石油加工贸易": {"turnover": 462.643345, "pct": -6.212605398107327}, "通信设备": {"turnover": 4090.20145, "pct": -7.463161152880107}, "电网设备": {"turnover": 1807.90477, "pct": -6.45231547303082}, "保险": {"turnover": 273.938379, "pct": -6.229891064334151}, "小家电": {"turnover": 75.081816, "pct": -6.797095817959605}, "饮料制造": {"turnover": 182.076742, "pct": -6.9326694320090185}, "旅游及酒店": {"turnover": 138.438768, "pct": -7.41339989402481}, "食品加工制造": {"turnover": 271.968341, "pct": -7.176474084254964}, "环境治理": {"turnover": 578.69331, "pct": -7.570722248375283}, "建筑装饰": {"turnover": 1368.06189, "pct": -7.347850887955573}, "工程机械": {"turnover": 326.602225, "pct": -6.392667913787357}, "物流": {"turnover": 227.029229, "pct": -7.288519785818953}, "贸易": {"turnover": 70.12945, "pct": -6.86957524304312}, "影视院线": {"turnover": 147.32248, "pct": -7.6852377654284005}, "医药商业": {"turnover": 114.094653, "pct": -7.195912240079876}, "电子化学品": {"turnover": 678.85786, "pct": -7.533028870371523}, "军工电子": {"turnover": 897.02127, "pct": -7.971594212438893}, "中药": {"turnover": 307.860422, "pct": -7.71563546572233}, "电机": {"turnover": 211.457441, "pct": -6.882997647328848}, "房地产": {"turnover": 484.54925, "pct": -7.0284352160038495}, "光学光电子": {"turnover": 1245.56281, "pct": -7.958350847597091}, "黑色家电": {"turnover": 93.981408, "pct": -6.900209301005375}, "生物制品": {"turnover": 315.214897, "pct": -7.704097944591506}, "包装印刷": {"turnover": 402.317614, "pct": -7.653651490546542}, "服装家纺": {"turnover": 227.668739, "pct": -7.811601335478294}, "半导体": {"turnover": 4997.3779, "pct": -7.382058306074711}, "零售": {"turnover": 354.899591, "pct": -7.789907399746758}, "家居用品": {"turnover": 283.675385, "pct": -7.926548956040219}, "机场航运": {"turnover": 180.651169, "pct": -7.165710698451091}, "造纸": {"turnover": 131.480225, "pct": -6.853783853570337}, "化学制药": {"turnover": 861.91366, "pct": -7.790476368855595}, "综合": {"turnover": 363.981599, "pct": -7.916737538303831}, "文化传媒": {"turnover": 659.97759, "pct": -8.942524772772039}, "通信服务": {"turnover": 1154.19801, "pct": -9.83512414193228}, "其他社会服务": {"turnover": 201.382482, "pct": -8.096534891399678}, "汽车零部件": {"turnover": 1658.85639, "pct": -7.714906014832773}, "消费电子": {"turnover": 1507.12256, "pct": -7.9223893954347675}, "农产品加工": {"turnover": 206.104724, "pct": -7.992085523595768}, "建筑材料": {"turnover": 522.86979, "pct": -7.32837735589944}, "非金属材料": {"turnover": 101.417885, "pct": -6.816280440457876}, "化学原料": {"turnover": 882.35268, "pct": -6.618999991331038}, "专用设备": {"turnover": 1313.46767, "pct": -8.01688511428024}, "美容护理": {"turnover": 119.663869, "pct": -8.481227870915307}, "自动化设备": {"turnover": 1214.49634, "pct": -7.964028386451314}, "游戏": {"turnover": 467.63861, "pct": -8.660247293916987}, "其他电子": {"turnover": 618.21219, "pct": -7.835076198815709}, "白色家电": {"turnover": 496.14396, "pct": -8.060944714157719}, "橡胶制品": {"turnover": 114.574785, "pct": -8.134563176525921}, "计算机设备": {"turnover": 963.95369, "pct": -9.069780523110108}, "养殖业": {"turnover": 284.945158, "pct": -8.532365689199548}, "种植业与林业": {"turnover": 274.308384, "pct": -8.08086891316506}, "互联网电商": {"turnover": 103.437594, "pct": -8.594396941719946}, "通用设备": {"turnover": 1653.51976, "pct": -8.31913018298568}, "软件开发": {"turnover": 1540.38869, "pct": -9.553304920204432}, "医疗服务": {"turnover": 424.897948, "pct": -8.166205309844239}, "塑料制品": {"turnover": 531.61285, "pct": -7.941447964891189}, "元件": {"turnover": 1932.72801, "pct": -8.435088064771538}, "军工装备": {"turnover": 1312.88195, "pct": -8.212522970153943}, "教育": {"turnover": 54.716986, "pct": -8.444380796558743}, "医疗器械": {"turnover": 710.06415, "pct": -8.48760534749548}, "轨交设备": {"turnover": 106.8924, "pct": -8.645536916796361}, "纺织制造": {"turnover": 97.898524, "pct": -9.25409741517303}, "IT服务": {"turnover": 1859.89153, "pct": -10.124502223652739}, "钢铁": {"turnover": 499.72587, "pct": -7.448564322252217}, "化学制品": {"turnover": 1232.5298, "pct": -8.128804583169504}, "小金属": {"turnover": 1058.99831, "pct": -6.976401505113243}, "农化制品": {"turnover": 1006.26519, "pct": -6.727397416887311}, "金属新材料": {"turnover": 236.58531, "pct": -8.91996971301267}, "工业金属": {"turnover": 1899.01805, "pct": -7.8632028635578015}, "化学纤维": {"turnover": 371.143145, "pct": -8.349421212314894}, "贵金属": {"turnover": 496.79815, "pct": -9.701682342075722}}