{"电力": {"turnover": 9793.46022, "pct": 3.4423293758705267}, "煤炭开采加工": {"turnover": 2371.60705, "pct": -1.4221795947112368}, "风电设备": {"turnover": 3478.28764, "pct": -3.507189153770523}, "银行": {"turnover": 2819.04558, "pct": -0.20251617437770986}, "光伏设备": {"turnover": 8717.15977, "pct": -1.205916896583579}, "燃气": {"turnover": 756.533908, "pct": -2.1441298405178286}, "港口航运": {"turnover": 1686.18623, "pct": -1.6254056808733233}, "化学纤维": {"turnover": 1361.949647, "pct": -6.7695553424747255}, "电池": {"turnover": 8431.0717, "pct": -4.381675355411698}, "公路铁路运输": {"turnover": 471.22531, "pct": -3.0037813388934027}, "环保设备": {"turnover": 458.230877, "pct": -1.1696104252827457}, "汽车整车": {"turnover": 1851.337693, "pct": -3.473743806205781}, "旅游及酒店": {"turnover": 452.32988, "pct": -3.1453761816158576}, "黑色家电": {"turnover": 372.302823, "pct": -3.972246671396223}, "房地产": {"turnover": 1597.773358, "pct": -3.6935757606271693}, "厨卫电器": {"turnover": 170.4355622, "pct": -2.9481019704825124}, "建筑装饰": {"turnover": 5342.34572, "pct": -4.018898565386242}, "油气开采及服务": {"turnover": 2584.47268, "pct": -7.274162070137857}, "通信服务": {"turnover": 3486.49253, "pct": -3.162720981565813}, "小家电": {"turnover": 240.713588, "pct": -4.135643531532864}, "证券": {"turnover": 2702.01193, "pct": -5.351409527082635}, "环境治理": {"turnover": 1978.92221, "pct": -4.557949775237389}, "互联网电商": {"turnover": 336.78633, "pct": -3.9596193885800908}, "多元金融": {"turnover": 1236.228913, "pct": -5.845518040312971}, "饮料制造": {"turnover": 573.147806, "pct": -4.1679777738551245}, "服装家纺": {"turnover": 748.223994, "pct": -4.771709004652448}, "能源金属": {"turnover": 1649.749997, "pct": -5.602722704788566}, "保险": {"turnover": 800.95143, "pct": -5.4165212244464325}, "包装印刷": {"turnover": 1206.744825, "pct": -4.614059563806151}, "白酒": {"turnover": 1085.803812, "pct": -5.64169364219913}, "汽车服务及其他": {"turnover": 327.843677, "pct": -4.738548002598216}, "食品加工制造": {"turnover": 806.093744, "pct": -4.502607432069338}, "化学制药": {"turnover": 2833.02698, "pct": -4.8559569001273255}, "贸易": {"turnover": 233.834732, "pct": -5.3634736893357395}, "医药商业": {"turnover": 367.344305, "pct": -5.3056078501993085}, "中药": {"turnover": 840.12279, "pct": -5.33568792159857}, "其他电子": {"turnover": 1977.20962, "pct": -4.07621128944436}, "物流": {"turnover": 712.780179, "pct": -6.05349462764109}, "医疗器械": {"turnover": 2124.13118, "pct": -5.754804622691055}, "电子化学品": {"turnover": 2180.31196, "pct": -6.676373870941718}, "生物制品": {"turnover": 939.528533, "pct": -4.939227272356674}, "通信设备": {"turnover": 12796.47981, "pct": -5.799896222395874}, "元件": {"turnover": 6715.38482, "pct": -4.512900573521301}, "光学光电子": {"turnover": 4442.62836, "pct": -6.364697951999395}, "综合": {"turnover": 1214.392457, "pct": -5.345452757375373}, "家居用品": {"turnover": 904.802384, "pct": -5.178455260354413}, "化学原料": {"turnover": 3294.89182, "pct": -10.770227046945067}, "石油加工贸易": {"turnover": 1435.890508, "pct": -7.5963689780802115}, "文化传媒": {"turnover": 2108.53878, "pct": -5.291287187534228}, "零售": {"turnover": 1202.288835, "pct": -5.978515127924904}, "造纸": {"turnover": 414.496728, "pct": -7.055408052975443}, "美容护理": {"turnover": 353.199981, "pct": -5.811307446013733}, "建筑材料": {"turnover": 1830.07698, "pct": -6.1756937243170515}, "教育": {"turnover": 177.522969, "pct": -6.4073407690691555}, "机场航运": {"turnover": 574.602003, "pct": -6.149720070136996}, "半导体": {"turnover": 15955.7622, "pct": -4.88124015500751}, "养殖业": {"turnover": 912.056746, "pct": -8.38606566723516}, "塑料制品": {"turnover": 1864.55409, "pct": -8.146716093613634}, "消费电子": {"turnover": 5071.91025, "pct": -6.127041205561454}, "医疗服务": {"turnover": 1594.311579, "pct": -6.237443460483105}, "白色家电": {"turnover": 1448.570395, "pct": -6.306538668721486}, "其他社会服务": {"turnover": 616.16775, "pct": -6.509579176636432}, "影视院线": {"turnover": 464.476835, "pct": -6.43037241310964}, "计算机设备": {"turnover": 2815.63932, "pct": -7.450840561601065}, "工程机械": {"turnover": 1016.006588, "pct": -6.364477146957741}, "农化制品": {"turnover": 3871.88032, "pct": -10.46924516973788}, "种植业与林业": {"turnover": 1094.303672, "pct": -8.987283345134633}, "汽车零部件": {"turnover": 5372.04074, "pct": -7.336759231492489}, "专用设备": {"turnover": 4303.3613, "pct": -6.857289723492518}, "橡胶制品": {"turnover": 378.981547, "pct": -9.591280176131377}, "游戏": {"turnover": 1361.946483, "pct": -6.946521961860852}, "纺织制造": {"turnover": 319.338942, "pct": -7.669685606129298}, "农产品加工": {"turnover": 701.63697, "pct": -8.575038706787497}, "钢铁": {"turnover": 1826.10758, "pct": -10.124065657662495}, "轨交设备": {"turnover": 344.783663, "pct": -7.917740475029608}, "化学制品": {"turnover": 4417.28191, "pct": -9.449895783012384}, "自动化设备": {"turnover": 4049.67624, "pct": -8.163800189013127}, "电网设备": {"turnover": 6917.19777, "pct": -8.521084016898785}, "电机": {"turnover": 602.233516, "pct": -7.855756490712159}, "IT服务": {"turnover": 6064.12595, "pct": -8.068857902057458}, "其他电源设备": {"turnover": 2420.90734, "pct": -8.26405914686351}, "软件开发": {"turnover": 4907.50893, "pct": -8.773644369925726}, "通用设备": {"turnover": 5782.90777, "pct": -8.45214136701434}, "军工电子": {"turnover": 3140.6904, "pct": -7.818548741656975}, "军工装备": {"turnover": 4676.56891, "pct": -8.281141935698615}, "非金属材料": {"turnover": 396.150113, "pct": -12.150736467362396}, "工业金属": {"turnover": 5724.61338, "pct": -13.517179881419692}, "金属新材料": {"turnover": 788.174008, "pct": -12.116014747457644}, "小金属": {"turnover": 3844.36098, "pct": -13.153677196651975}, "贵金属": {"turnover": 2069.255533, "pct": -15.584913059736785}}