{"影视院线": {"turnover": 577.69952, "pct": 6.396221047663888}, "煤炭开采加工": {"turnover": 478.85379, "pct": 0.4007890316239871}, "光伏设备": {"turnover": 3084.9193, "pct": 5.9793563844134985}, "机场航运": {"turnover": 184.156191, "pct": -0.43246057270233285}, "包装印刷": {"turnover": 331.353168, "pct": 3.524746517628236}, "房地产": {"turnover": 610.75613, "pct": 1.198727238359278}, "油气开采及服务": {"turnover": 483.35087, "pct": 3.29812987653608}, "银行": {"turnover": 912.07696, "pct": 0.36037295789291934}, "石油加工贸易": {"turnover": 274.25297, "pct": 2.875953412387076}, "中药": {"turnover": 548.868337, "pct": 1.9291827172567235}, "厨卫电器": {"turnover": 28.6984301, "pct": 0.9405318973236496}, "环保设备": {"turnover": 103.457755, "pct": 2.750691227277554}, "汽车整车": {"turnover": 359.959629, "pct": 1.4843767095631892}, "美容护理": {"turnover": 223.524341, "pct": -0.05967485375947767}, "非金属材料": {"turnover": 124.101335, "pct": 3.645515451090188}, "化学原料": {"turnover": 470.19692, "pct": 3.8668341951164877}, "服装家纺": {"turnover": 392.445535, "pct": 1.3528418383801826}, "零售": {"turnover": 810.22573, "pct": -0.7297213861233409}, "物流": {"turnover": 220.3694, "pct": 1.2943532622405796}, "家居用品": {"turnover": 326.019695, "pct": 1.0992961477332948}, "电池": {"turnover": 1775.52659, "pct": 3.6171254716391528}, "旅游及酒店": {"turnover": 265.098958, "pct": -1.2514254216397842}, "纺织制造": {"turnover": 165.34245, "pct": 1.2526969226692835}, "建筑材料": {"turnover": 703.88731, "pct": 0.8282588653939906}, "化学制药": {"turnover": 940.35251, "pct": 1.2292445523836495}, "教育": {"turnover": 66.917007, "pct": 2.2815848251974336}, "黑色家电": {"turnover": 76.425426, "pct": 1.760686325322561}, "化学制品": {"turnover": 1350.73561, "pct": 3.2517184276832785}, "保险": {"turnover": 292.868176, "pct": 1.5609259527008514}, "化学纤维": {"turnover": 177.558735, "pct": 2.878887846921193}, "证券": {"turnover": 890.51079, "pct": 0.17857550131513195}, "食品加工制造": {"turnover": 355.524361, "pct": -0.05976746162759227}, "汽车服务及其他": {"turnover": 92.803883, "pct": 1.036332142487843}, "轨交设备": {"turnover": 94.226518, "pct": 2.0448385888093323}, "综合": {"turnover": 332.945265, "pct": 1.4829188539922398}, "公路铁路运输": {"turnover": 134.17319, "pct": 0.021516360339221195}, "钢铁": {"turnover": 398.249826, "pct": 1.2557951591537433}, "自动化设备": {"turnover": 993.92177, "pct": 3.6231911558092365}, "农化制品": {"turnover": 612.49661, "pct": 2.7298202771240017}, "饮料制造": {"turnover": 286.850323, "pct": -0.3352790867440878}, "港口航运": {"turnover": 267.241865, "pct": 0.6007686005639962}, "光学光电子": {"turnover": 1151.75159, "pct": 1.7571341607834836}, "医疗服务": {"turnover": 587.45008, "pct": 1.2353141520940876}, "通用设备": {"turnover": 2231.41077, "pct": 2.840396028328752}, "白色家电": {"turnover": 551.36413, "pct": 1.4951061590062118}, "汽车零部件": {"turnover": 1947.95567, "pct": 1.5691590563821407}, "电力": {"turnover": 982.68228, "pct": 1.6247905487543057}, "环境治理": {"turnover": 426.64021, "pct": 1.5420033917682743}, "小家电": {"turnover": 78.439148, "pct": 0.6992162753598821}, "生物制品": {"turnover": 280.632758, "pct": 0.9944239734153817}, "医疗器械": {"turnover": 499.96259, "pct": 0.9797626712247435}, "建筑装饰": {"turnover": 893.11261, "pct": 1.4382512844176236}, "风电设备": {"turnover": 583.08492, "pct": 3.1138453180220993}, "电子化学品": {"turnover": 557.53802, "pct": 3.3436386270552476}, "造纸": {"turnover": 94.673116, "pct": 1.305665804978525}, "消费电子": {"turnover": 1701.3737, "pct": 2.8359837724401613}, "养殖业": {"turnover": 235.437975, "pct": 1.0576600852146338}, "塑料制品": {"turnover": 515.15259, "pct": 2.7804382945539494}, "燃气": {"turnover": 109.108539, "pct": 0.12775099258919553}, "农产品加工": {"turnover": 174.759505, "pct": 0.6686108752295163}, "专用设备": {"turnover": 1231.86017, "pct": 2.2212491963489724}, "橡胶制品": {"turnover": 96.810403, "pct": 2.0298755271862707}, "文化传媒": {"turnover": 1829.13235, "pct": 2.398322004486796}, "军工电子": {"turnover": 1258.41188, "pct": 1.8503595158587836}, "IT服务": {"turnover": 1773.32477, "pct": 3.0279123652928255}, "工程机械": {"turnover": 276.575851, "pct": 1.3212052858095034}, "通信设备": {"turnover": 3876.57219, "pct": 3.9498662005191254}, "计算机设备": {"turnover": 651.47446, "pct": 1.7721159890220428}, "医药商业": {"turnover": 201.117258, "pct": 0.02073421323582107}, "多元金融": {"turnover": 232.716666, "pct": 0.7515937745404125}, "通信服务": {"turnover": 772.30585, "pct": 3.5336771606070863}, "元件": {"turnover": 1420.27613, "pct": 2.7118503706701858}, "电网设备": {"turnover": 1794.42781, "pct": 3.2003577636867884}, "贸易": {"turnover": 65.299211, "pct": 0.800567297820763}, "游戏": {"turnover": 634.47658, "pct": 2.8598353900023596}, "互联网电商": {"turnover": 131.788109, "pct": 3.0173812792778185}, "其他社会服务": {"turnover": 168.679836, "pct": 1.3372815359049683}, "军工装备": {"turnover": 1765.60677, "pct": -0.011184289584067362}, "电机": {"turnover": 200.762795, "pct": 2.1092227996010404}, "种植业与林业": {"turnover": 370.97322, "pct": 1.396477917196917}, "软件开发": {"turnover": 1577.5561, "pct": 2.1945742217922004}, "其他电源设备": {"turnover": 484.265, "pct": 3.4517535259069287}, "小金属": {"turnover": 1355.99351, "pct": 3.597946166385528}, "能源金属": {"turnover": 382.347696, "pct": 2.9112793797898675}, "半导体": {"turnover": 4772.9353, "pct": 1.8087073130641549}, "其他电子": {"turnover": 441.491617, "pct": 2.6782984542334862}, "金属新材料": {"turnover": 271.614709, "pct": 2.415599940723686}, "工业金属": {"turnover": 2068.82641, "pct": 1.9800927397014192}, "白酒": {"turnover": 744.44565, "pct": -2.3734284881226317}, "贵金属": {"turnover": 1005.79812, "pct": 1.97163992927341}}