{"电力": {"turnover": 3188.23452, "pct": 3.3673663723226825}, "煤炭开采加工": {"turnover": 764.65708, "pct": 2.06089695515224}, "燃气": {"turnover": 270.094621, "pct": -0.48332609286446176}, "光伏设备": {"turnover": 3416.11211, "pct": -0.5160543308129117}, "油气开采及服务": {"turnover": 716.61923, "pct": -0.7276457698728025}, "银行": {"turnover": 942.56629, "pct": -1.3507262817226842}, "电池": {"turnover": 2897.5535, "pct": -0.7162487974524147}, "港口航运": {"turnover": 498.83903, "pct": -0.02801772239661079}, "能源金属": {"turnover": 566.23125, "pct": 1.4493315024969506}, "环保设备": {"turnover": 138.404366, "pct": 1.3569972022351033}, "风电设备": {"turnover": 840.53767, "pct": -1.139557448759102}, "汽车整车": {"turnover": 710.1527, "pct": -0.7050163791199967}, "厨卫电器": {"turnover": 63.037766, "pct": -0.6861492264916315}, "公路铁路运输": {"turnover": 154.76226, "pct": -2.45175965409612}, "多元金融": {"turnover": 382.912823, "pct": -1.0343798125864667}, "汽车服务及其他": {"turnover": 139.940671, "pct": 0.2300793087659114}, "贸易": {"turnover": 77.843688, "pct": -0.8359298236541437}, "环境治理": {"turnover": 603.6084, "pct": -1.139344617902744}, "电网设备": {"turnover": 1827.14167, "pct": 0.04327005264500136}, "其他电源设备": {"turnover": 663.15366, "pct": -1.329478205627803}, "证券": {"turnover": 907.23715, "pct": -2.9367479966671404}, "通信设备": {"turnover": 4087.76412, "pct": -2.437223591214309}, "建筑装饰": {"turnover": 1333.91736, "pct": -1.1379448025871364}, "饮料制造": {"turnover": 186.135777, "pct": -1.8818471238957943}, "白酒": {"turnover": 299.826081, "pct": -2.324257716477515}, "小家电": {"turnover": 75.971257, "pct": -1.973581372313838}, "旅游及酒店": {"turnover": 152.882251, "pct": -3.687827762157963}, "石油加工贸易": {"turnover": 390.560257, "pct": -0.9845674891817744}, "服装家纺": {"turnover": 204.782052, "pct": -3.3417654460848656}, "医药商业": {"turnover": 119.659238, "pct": -2.0488939926272858}, "房地产": {"turnover": 486.91325, "pct": -1.99160557987169}, "食品加工制造": {"turnover": 239.545454, "pct": -3.4070296359556456}, "黑色家电": {"turnover": 88.738203, "pct": -1.7907507680255508}, "工程机械": {"turnover": 327.013822, "pct": -1.782178398845953}, "物流": {"turnover": 230.148902, "pct": -2.7864654416192405}, "中药": {"turnover": 323.859346, "pct": -2.609380143234421}, "家居用品": {"turnover": 297.342913, "pct": -2.114094042545267}, "化学制药": {"turnover": 902.15395, "pct": -1.9291953817996774}, "包装印刷": {"turnover": 409.969004, "pct": -1.7511959849123644}, "光学光电子": {"turnover": 1348.02771, "pct": -2.859812367963955}, "生物制品": {"turnover": 298.985113, "pct": -2.625113409286101}, "电子化学品": {"turnover": 660.02832, "pct": -1.9911278216474557}, "零售": {"turnover": 357.305161, "pct": -2.146665259634575}, "医疗服务": {"turnover": 481.044599, "pct": -1.2888448573069482}, "影视院线": {"turnover": 149.329752, "pct": -1.9394105232358108}, "通信服务": {"turnover": 1049.09368, "pct": -1.8312897277192253}, "建筑材料": {"turnover": 517.33165, "pct": -1.1590729786878338}, "综合": {"turnover": 355.93504, "pct": -1.38880460779012}, "文化传媒": {"turnover": 645.82217, "pct": -2.9610450997979108}, "其他社会服务": {"turnover": 170.03243, "pct": -3.6587649453437057}, "军工电子": {"turnover": 923.24207, "pct": -2.2580500743880316}, "专用设备": {"turnover": 1277.14297, "pct": -2.160797479353483}, "造纸": {"turnover": 126.367299, "pct": -2.4081472141148996}, "美容护理": {"turnover": 119.204698, "pct": -3.130131910071391}, "医疗器械": {"turnover": 661.68832, "pct": -2.0521893683027286}, "电机": {"turnover": 243.792636, "pct": -1.6429873900902232}, "消费电子": {"turnover": 1506.77618, "pct": -2.4589962039451834}, "其他电子": {"turnover": 570.34486, "pct": -2.0396002494938323}, "互联网电商": {"turnover": 102.658604, "pct": -1.7677545993287007}, "轨交设备": {"turnover": 106.69883, "pct": -2.5144863475792936}, "半导体": {"turnover": 4898.6867, "pct": -3.3244011379513703}, "农产品加工": {"turnover": 199.567387, "pct": -3.331431131014705}, "军工装备": {"turnover": 1322.38911, "pct": -1.6854252140554509}, "纺织制造": {"turnover": 104.458128, "pct": -2.0843591006072586}, "汽车零部件": {"turnover": 1654.05202, "pct": -2.4647645920453627}, "白色家电": {"turnover": 508.92886, "pct": -3.2035681610820204}, "非金属材料": {"turnover": 95.063123, "pct": -2.4091149737027506}, "元件": {"turnover": 1819.01287, "pct": -3.19377991126966}, "保险": {"turnover": 276.034997, "pct": -4.249262402937204}, "通用设备": {"turnover": 1604.61214, "pct": -2.2401205330326643}, "计算机设备": {"turnover": 915.69614, "pct": -2.746397844937251}, "机场航运": {"turnover": 178.612994, "pct": -3.6633447175686005}, "教育": {"turnover": 56.793488, "pct": -2.4508293569883204}, "自动化设备": {"turnover": 1179.94509, "pct": -3.2514954119011152}, "塑料制品": {"turnover": 541.26845, "pct": -2.2422990801645093}, "化学原料": {"turnover": 766.61498, "pct": -1.3194599827520117}, "养殖业": {"turnover": 298.993263, "pct": -3.768125209828778}, "钢铁": {"turnover": 467.419, "pct": -1.7440360578602432}, "软件开发": {"turnover": 1452.54312, "pct": -2.908498236548883}, "种植业与林业": {"turnover": 265.006498, "pct": -3.108526265551446}, "游戏": {"turnover": 404.722469, "pct": -3.358928930863983}, "橡胶制品": {"turnover": 105.248178, "pct": -3.0814707243899986}, "化学制品": {"turnover": 1147.00232, "pct": -2.25817184068377}, "IT服务": {"turnover": 1683.38735, "pct": -3.0691600290805585}, "工业金属": {"turnover": 1642.31476, "pct": -1.56816509881962}, "小金属": {"turnover": 1046.50302, "pct": -2.4702163609138372}, "化学纤维": {"turnover": 326.858607, "pct": -1.010936690111148}, "农化制品": {"turnover": 939.96308, "pct": -2.0462387180687895}, "金属新材料": {"turnover": 223.29417, "pct": -3.4313278750061307}, "贵金属": {"turnover": 664.92531, "pct": -5.225156398481887}}