{"油气开采及服务": {"turnover": 4010.09205, "pct": 14.010354165691291}, "电力": {"turnover": 7246.59082, "pct": 10.313432173564042}, "电网设备": {"turnover": 9437.66269, "pct": 7.97001753694185}, "非金属材料": {"turnover": 558.593711, "pct": 5.048966377442193}, "风电设备": {"turnover": 2071.01275, "pct": 3.0935843140100654}, "种植业与林业": {"turnover": 1775.255174, "pct": 5.039521438551149}, "其他电源设备": {"turnover": 3193.09598, "pct": 3.475306768316205}, "元件": {"turnover": 7414.20915, "pct": -1.2912308132898427}, "煤炭开采加工": {"turnover": 2251.98252, "pct": 6.222148305188875}, "小金属": {"turnover": 6714.20429, "pct": -1.089669074293094}, "能源金属": {"turnover": 1761.507286, "pct": 0.5166148918356624}, "化学原料": {"turnover": 3156.89471, "pct": 3.9869245612132955}, "农化制品": {"turnover": 4072.60783, "pct": 0.9959917088302104}, "燃气": {"turnover": 1136.87892, "pct": 3.6359543639745513}, "环境治理": {"turnover": 2176.87326, "pct": 0.3919084071369148}, "贵金属": {"turnover": 3129.97141, "pct": 4.008209499987849}, "港口航运": {"turnover": 2683.10545, "pct": 0.9753238170043723}, "环保设备": {"turnover": 480.875516, "pct": 0.1150539546023204}, "钢铁": {"turnover": 2511.40768, "pct": -2.461096042867305}, "通信设备": {"turnover": 14231.3418, "pct": 0.5584287902397271}, "光伏设备": {"turnover": 7123.47844, "pct": 2.181508088221117}, "光学光电子": {"turnover": 5241.7616, "pct": 0.5854369195584181}, "电池": {"turnover": 7058.02137, "pct": 0.4343548211888721}, "通信服务": {"turnover": 3948.40827, "pct": 1.399775687540087}, "建筑装饰": {"turnover": 4491.84589, "pct": 0.6734510314253572}, "石油加工贸易": {"turnover": 2624.285805, "pct": 3.3067454489615873}, "橡胶制品": {"turnover": 398.198336, "pct": 0.19358800326676956}, "农产品加工": {"turnover": 765.749442, "pct": 0.221261204556649}, "造纸": {"turnover": 481.030375, "pct": -0.9127999529744184}, "养殖业": {"turnover": 971.250797, "pct": 0.37621532576573063}, "物流": {"turnover": 868.406248, "pct": -0.0023781419560568004}, "电子化学品": {"turnover": 2607.39273, "pct": -4.5692652455596505}, "银行": {"turnover": 2749.2832, "pct": 1.6378734801290422}, "塑料制品": {"turnover": 1940.97362, "pct": -1.548995684308739}, "多元金融": {"turnover": 1076.156372, "pct": -0.6015215408288359}, "公路铁路运输": {"turnover": 500.626186, "pct": 0.651451091852583}, "军工电子": {"turnover": 4949.88284, "pct": -2.701866139801289}, "通用设备": {"turnover": 8389.2357, "pct": -1.8098231854367814}, "厨卫电器": {"turnover": 115.3983814, "pct": 0.08264032551192435}, "综合": {"turnover": 1759.961267, "pct": -0.15635732880785608}, "计算机设备": {"turnover": 2758.76595, "pct": -1.0207398837270325}, "化学制品": {"turnover": 5059.8361, "pct": -1.886905685261382}, "IT服务": {"turnover": 8412.76926, "pct": -0.7096953582198293}, "贸易": {"turnover": 248.737567, "pct": -1.1168614871427944}, "专用设备": {"turnover": 5393.03339, "pct": -1.9983064208262051}, "旅游及酒店": {"turnover": 452.681013, "pct": -0.5817835169004244}, "工业金属": {"turnover": 7308.19405, "pct": -3.152179765566279}, "化学制药": {"turnover": 3050.34055, "pct": -0.6253521093315357}, "轨交设备": {"turnover": 439.980885, "pct": -1.4895061917582009}, "其他电子": {"turnover": 1725.28668, "pct": -3.0936910672988067}, "医疗器械": {"turnover": 1962.95916, "pct": -0.6896332849206229}, "生物制品": {"turnover": 949.313595, "pct": -1.4221982401246689}, "中药": {"turnover": 875.660111, "pct": -1.221240706963564}, "医疗服务": {"turnover": 1574.209237, "pct": -1.7063927010529827}, "其他社会服务": {"turnover": 595.181214, "pct": -2.152719691890513}, "消费电子": {"turnover": 6340.95261, "pct": -3.136622715334477}, "自动化设备": {"turnover": 4650.16557, "pct": -3.452005648695317}, "服装家纺": {"turnover": 929.516369, "pct": -1.8685118998650083}, "软件开发": {"turnover": 6149.62238, "pct": -2.0135919485539975}, "金属新材料": {"turnover": 1293.137103, "pct": -5.8940362948960745}, "纺织制造": {"turnover": 389.095595, "pct": -1.8920584930771576}, "饮料制造": {"turnover": 615.83994, "pct": -1.821170081741107}, "军工装备": {"turnover": 8289.41894, "pct": -4.457073048278165}, "化学纤维": {"turnover": 726.887875, "pct": -3.224750279843759}, "教育": {"turnover": 234.032398, "pct": -1.6214663171536767}, "家居用品": {"turnover": 964.07912, "pct": -2.276679682118282}, "医药商业": {"turnover": 397.207127, "pct": -2.3999672283162137}, "黑色家电": {"turnover": 441.141259, "pct": -2.0790661501863896}, "电机": {"turnover": 721.109677, "pct": -3.1653828482121114}, "互联网电商": {"turnover": 280.703695, "pct": -2.456331877729261}, "建筑材料": {"turnover": 2317.65052, "pct": -4.137911963072806}, "美容护理": {"turnover": 466.931226, "pct": -3.6760173152389988}, "证券": {"turnover": 2689.95027, "pct": -3.0587523473824754}, "食品加工制造": {"turnover": 753.666131, "pct": -3.070313712691027}, "房地产": {"turnover": 1540.010032, "pct": -3.2583661914872155}, "汽车服务及其他": {"turnover": 301.480904, "pct": -2.794723766541605}, "工程机械": {"turnover": 976.834733, "pct": -3.9653602557468957}, "包装印刷": {"turnover": 963.623244, "pct": -3.073629479395358}, "白色家电": {"turnover": 1566.925085, "pct": -3.508914363837944}, "零售": {"turnover": 1475.806848, "pct": -3.297352979891162}, "半导体": {"turnover": 17784.5367, "pct": -6.561052148394356}, "汽车零部件": {"turnover": 6458.43855, "pct": -4.1060366923622365}, "汽车整车": {"turnover": 1671.610624, "pct": -2.4902747045636615}, "小家电": {"turnover": 248.594237, "pct": -3.809314612039098}, "保险": {"turnover": 935.529567, "pct": -2.844618787408937}, "白酒": {"turnover": 1098.881505, "pct": -5.3285756036803145}, "文化传媒": {"turnover": 3168.55695, "pct": -5.757582531933751}, "游戏": {"turnover": 1707.210882, "pct": -5.7561868611093105}, "机场航运": {"turnover": 669.97992, "pct": -9.215996574681203}, "影视院线": {"turnover": 907.602388, "pct": -7.85313077242056}}