{"油气开采及服务": {"turnover": 1950.423361, "pct": 48.02710769398158}, "小金属": {"turnover": 6181.99481, "pct": 5.542864499757129}, "燃气": {"turnover": 551.051846, "pct": 23.19588574087105}, "贵金属": {"turnover": 2823.13703, "pct": 1.6691248744748939}, "能源金属": {"turnover": 1736.880023, "pct": 2.9016428269823895}, "种植业与林业": {"turnover": 1077.204818, "pct": 5.2841838631381775}, "元件": {"turnover": 6304.9389392, "pct": 2.7582664350651673}, "煤炭开采加工": {"turnover": 1529.161024, "pct": 10.467442942166711}, "港口航运": {"turnover": 1746.763065, "pct": 14.209349775497927}, "电力": {"turnover": 4409.43021, "pct": 4.717700328848028}, "石油加工贸易": {"turnover": 1431.573058, "pct": 12.608389946591558}, "钢铁": {"turnover": 2237.70807, "pct": 3.4847984035706125}, "农化制品": {"turnover": 3337.48511, "pct": 5.011124406715913}, "非金属材料": {"turnover": 449.863167, "pct": 3.151050230273728}, "电网设备": {"turnover": 5745.52805, "pct": 0.8038513435840873}, "电子化学品": {"turnover": 2430.33627, "pct": 1.0610735988999138}, "工业金属": {"turnover": 6776.09297, "pct": -1.0350690274537035}, "化学原料": {"turnover": 2269.14282, "pct": 4.052225013058448}, "其他电源设备": {"turnover": 2409.28516, "pct": 1.2039937923829656}, "金属新材料": {"turnover": 1256.39299, "pct": -1.3527518607336924}, "环境治理": {"turnover": 1667.497031, "pct": -0.4085212294501104}, "军工装备": {"turnover": 7519.2591, "pct": -0.9910010282973516}, "环保设备": {"turnover": 388.378621, "pct": -0.9407089330892536}, "橡胶制品": {"turnover": 368.166623, "pct": 1.4975433585967157}, "风电设备": {"turnover": 1549.772772, "pct": -2.0758466541243803}, "物流": {"turnover": 678.046496, "pct": 1.0619776123102487}, "造纸": {"turnover": 496.766584, "pct": -3.747937699108031}, "农产品加工": {"turnover": 472.396714, "pct": -1.5045375947922017}, "通信设备": {"turnover": 12044.88359, "pct": -3.782877448216474}, "通用设备": {"turnover": 7590.75419, "pct": -2.6857225783630048}, "多元金融": {"turnover": 818.603385, "pct": -1.4610919406004628}, "军工电子": {"turnover": 4409.48382, "pct": -0.9187933387169491}, "建筑装饰": {"turnover": 3533.32588, "pct": -2.8656237962610276}, "化学制品": {"turnover": 4881.78955, "pct": -1.7772956590828466}, "专用设备": {"turnover": 4585.8010066, "pct": -2.2925449664026134}, "塑料制品": {"turnover": 1879.27444, "pct": -3.8534965508733587}, "建筑材料": {"turnover": 2690.6208, "pct": -4.270971162030759}, "消费电子": {"turnover": 5732.129687, "pct": -3.415190159215583}, "养殖业": {"turnover": 683.708908, "pct": -1.9383811193597011}, "电池": {"turnover": 5896.77025, "pct": -3.7536703320115086}, "公路铁路运输": {"turnover": 398.574475, "pct": -1.7830925086387586}, "综合": {"turnover": 1191.932216, "pct": -2.7860872754864183}, "其他电子": {"turnover": 1463.257533, "pct": -5.014735477041786}, "银行": {"turnover": 2328.3858699, "pct": -2.3096426053473627}, "厨卫电器": {"turnover": 82.92541, "pct": -3.506613075701731}, "轨交设备": {"turnover": 356.527798, "pct": -4.006640795577208}, "光学光电子": {"turnover": 3674.50837, "pct": -3.6678489874348084}, "半导体": {"turnover": 15955.71954, "pct": -4.754594200744728}, "计算机设备": {"turnover": 2468.36204, "pct": -4.840460991193864}, "贸易": {"turnover": 208.10035, "pct": -3.2060631457090385}, "自动化设备": {"turnover": 3792.64044, "pct": -5.1935603520197935}, "黑色家电": {"turnover": 425.809861, "pct": -6.888009036272037}, "工程机械": {"turnover": 869.613909, "pct": -4.449234720762991}, "中药": {"turnover": 837.65545191, "pct": -3.973640186217976}, "其他社会服务": {"turnover": 530.570439, "pct": -4.268240769901493}, "纺织制造": {"turnover": 403.9393025, "pct": -4.599637621209679}, "电机": {"turnover": 742.664762, "pct": -6.751353670496835}, "证券": {"turnover": 2484.7048116, "pct": -4.080471310779037}, "汽车零部件": {"turnover": 6276.32478, "pct": -5.054443181125106}, "通信服务": {"turnover": 3574.341408, "pct": -6.26266207139318}, "IT服务": {"turnover": 7322.38278, "pct": -7.475092490610745}, "汽车服务及其他": {"turnover": 267.43821, "pct": -5.281360476812677}, "化学纤维": {"turnover": 596.374746, "pct": -7.308464869550563}, "白色家电": {"turnover": 1583.51302, "pct": -5.917996325262971}, "医疗器械": {"turnover": 1613.8336661, "pct": -5.296238448243687}, "生物制品": {"turnover": 789.629535, "pct": -6.109788002686148}, "美容护理": {"turnover": 460.245052, "pct": -5.386005493949432}, "汽车整车": {"turnover": 1399.590991, "pct": -5.786224238395293}, "家居用品": {"turnover": 912.485514, "pct": -5.826189381858239}, "化学制药": {"turnover": 2863.78235, "pct": -6.341077930166645}, "房地产": {"turnover": 1561.53623, "pct": -5.6940194222843274}, "光伏设备": {"turnover": 6150.04559, "pct": -4.905937889854832}, "饮料制造": {"turnover": 552.299522, "pct": -5.117199694171609}, "包装印刷": {"turnover": 979.988472, "pct": -7.178945351844486}, "医药商业": {"turnover": 364.617358, "pct": -5.35331158975684}, "服装家纺": {"turnover": 926.728785, "pct": -5.709215783359335}, "小家电": {"turnover": 225.432619, "pct": -7.095129297527711}, "食品加工制造": {"turnover": 688.108643, "pct": -5.890861469043368}, "旅游及酒店": {"turnover": 490.920411, "pct": -6.670648020006718}, "教育": {"turnover": 252.5374808, "pct": -6.936211123121947}, "软件开发": {"turnover": 5478.11925, "pct": -9.541155223606477}, "零售": {"turnover": 1606.49953, "pct": -7.096166719708524}, "医疗服务": {"turnover": 1476.2003, "pct": -9.768517936595684}, "游戏": {"turnover": 2105.60262, "pct": -13.739869933073088}, "互联网电商": {"turnover": 307.6219717, "pct": -9.926562042767651}, "机场航运": {"turnover": 516.445122, "pct": -8.926877727981736}, "白酒": {"turnover": 1328.253788, "pct": -7.2937381593965815}, "保险": {"turnover": 861.782394, "pct": -7.376063906146648}, "影视院线": {"turnover": 2140.789055, "pct": -23.5797890176151}, "文化传媒": {"turnover": 4795.19813, "pct": -13.838870643199114}}