{"电力": {"turnover": 7860.63916, "pct": 8.966588207717637}, "油气开采及服务": {"turnover": 4155.97557, "pct": 13.721081068447155}, "风电设备": {"turnover": 2231.73848, "pct": 7.020362941764903}, "煤炭开采加工": {"turnover": 2443.39644, "pct": 7.453776918553208}, "电网设备": {"turnover": 9656.11431, "pct": 6.016077524730649}, "非金属材料": {"turnover": 567.224625, "pct": 3.9575648323845596}, "燃气": {"turnover": 1190.794216, "pct": 2.914509819665438}, "化学原料": {"turnover": 3400.0481, "pct": 3.887790787657325}, "其他电源设备": {"turnover": 3232.98716, "pct": 1.2593206115991604}, "种植业与林业": {"turnover": 1803.932675, "pct": 2.654446897091296}, "银行": {"turnover": 2782.83673, "pct": 2.4426408918652838}, "农化制品": {"turnover": 3993.80777, "pct": 0.39335817768574693}, "港口航运": {"turnover": 2684.69675, "pct": 0.18979863071651135}, "石油加工贸易": {"turnover": 2745.114864, "pct": 1.426885898920807}, "光伏设备": {"turnover": 7387.71187, "pct": -0.28786611275055496}, "通信服务": {"turnover": 3858.69562, "pct": -2.0596169015181713}, "通信设备": {"turnover": 14256.90873, "pct": -0.8538219888786893}, "光学光电子": {"turnover": 5359.96798, "pct": -0.10691261229903064}, "环境治理": {"turnover": 2186.83681, "pct": -1.365424601924168}, "贵金属": {"turnover": 3112.25328, "pct": -0.7699705184228985}, "养殖业": {"turnover": 1014.477215, "pct": -0.4375405320861528}, "公路铁路运输": {"turnover": 518.47197, "pct": 0.3012969407408036}, "元件": {"turnover": 6892.24157, "pct": -2.0941310041840673}, "环保设备": {"turnover": 471.474887, "pct": -1.735012102803021}, "建筑装饰": {"turnover": 4795.71712, "pct": -1.1920901621067448}, "橡胶制品": {"turnover": 396.0202, "pct": -0.24913685752056908}, "农产品加工": {"turnover": 795.391244, "pct": -0.8613287974269402}, "物流": {"turnover": 857.854708, "pct": -1.8969888406812752}, "多元金融": {"turnover": 1109.570752, "pct": -1.808273097687059}, "计算机设备": {"turnover": 2788.83018, "pct": -1.9397249997574855}, "钢铁": {"turnover": 2428.44789, "pct": -4.084366883839302}, "塑料制品": {"turnover": 1920.32209, "pct": -1.9109155094215975}, "电池": {"turnover": 7096.4761, "pct": -0.14245594908400042}, "旅游及酒店": {"turnover": 439.342356, "pct": -1.9739178347071882}, "厨卫电器": {"turnover": 117.3983463, "pct": -1.749590658155311}, "化学纤维": {"turnover": 815.891597, "pct": -0.021657271310276945}, "IT服务": {"turnover": 8438.34745, "pct": -4.166483257860217}, "能源金属": {"turnover": 1614.333744, "pct": -3.7325281304982103}, "综合": {"turnover": 1792.231143, "pct": -1.2215199938404113}, "造纸": {"turnover": 465.558078, "pct": -0.4111244189971804}, "轨交设备": {"turnover": 438.235002, "pct": -2.9463245986838777}, "医疗器械": {"turnover": 1978.16642, "pct": -2.6669460218849723}, "小金属": {"turnover": 6479.48396, "pct": -9.514128531930883}, "电子化学品": {"turnover": 2530.18551, "pct": -3.2514257593707683}, "化学制药": {"turnover": 3021.90028, "pct": -1.7856580857500617}, "通用设备": {"turnover": 8202.84672, "pct": -4.393401147589052}, "中药": {"turnover": 858.919547, "pct": -2.1997890144360186}, "化学制品": {"turnover": 5025.1495, "pct": -2.7502907387039657}, "贸易": {"turnover": 249.60702, "pct": -3.3919964660129818}, "专用设备": {"turnover": 5320.53842, "pct": -3.8100682220562088}, "生物制品": {"turnover": 933.543324, "pct": -2.4595150023017744}, "教育": {"turnover": 233.827361, "pct": -3.8486705955727167}, "服装家纺": {"turnover": 916.813036, "pct": -3.129225847472785}, "黑色家电": {"turnover": 453.059955, "pct": -3.3947109141755214}, "其他社会服务": {"turnover": 588.339236, "pct": -3.894254086744855}, "纺织制造": {"turnover": 375.791928, "pct": -3.446820384379982}, "工业金属": {"turnover": 7292.98744, "pct": -5.294300263473976}, "其他电子": {"turnover": 1698.08075, "pct": -4.77371160588477}, "软件开发": {"turnover": 6223.1136, "pct": -4.88243958756321}, "自动化设备": {"turnover": 4746.9616, "pct": -4.416504046663359}, "互联网电商": {"turnover": 278.87827, "pct": -3.498086565227157}, "消费电子": {"turnover": 6147.37009, "pct": -4.674827459539442}, "饮料制造": {"turnover": 618.314181, "pct": -3.1394181466493953}, "医疗服务": {"turnover": 1592.733147, "pct": -3.653504268837059}, "证券": {"turnover": 2633.06325, "pct": -3.2628265498129276}, "军工电子": {"turnover": 4862.17698, "pct": -5.105465999424701}, "医药商业": {"turnover": 388.843099, "pct": -3.4051560432256553}, "汽车服务及其他": {"turnover": 290.959411, "pct": -4.218453818261906}, "电机": {"turnover": 679.504495, "pct": -4.510232872461503}, "家居用品": {"turnover": 947.843444, "pct": -3.6838970811265788}, "汽车整车": {"turnover": 1668.194587, "pct": -2.7213087886958873}, "食品加工制造": {"turnover": 743.088452, "pct": -4.490053874156965}, "白色家电": {"turnover": 1513.829485, "pct": -4.7442182261546995}, "包装印刷": {"turnover": 943.971064, "pct": -4.9029404955835885}, "汽车零部件": {"turnover": 6317.83252, "pct": -5.011492492700318}, "小家电": {"turnover": 244.569555, "pct": -4.173408930864591}, "零售": {"turnover": 1416.384948, "pct": -4.666791547361003}, "军工装备": {"turnover": 8057.53778, "pct": -6.998557767880086}, "美容护理": {"turnover": 451.385783, "pct": -5.3139668454038596}, "房地产": {"turnover": 1443.15023, "pct": -3.744624267943808}, "保险": {"turnover": 882.629716, "pct": -3.1503023685536653}, "建筑材料": {"turnover": 2183.1189, "pct": -4.692097442048123}, "工程机械": {"turnover": 1009.051043, "pct": -5.167248602788664}, "金属新材料": {"turnover": 1233.785196, "pct": -8.328091094648297}, "半导体": {"turnover": 17063.4903, "pct": -7.508461752822377}, "白酒": {"turnover": 1063.831673, "pct": -5.45571237812446}, "文化传媒": {"turnover": 2982.37154, "pct": -7.043792839661946}, "游戏": {"turnover": 1670.839012, "pct": -7.62809915782199}, "机场航运": {"turnover": 671.325425, "pct": -9.042878314321472}, "影视院线": {"turnover": 800.642309, "pct": -8.609353418921778}}