{"油气开采及服务": {"turnover": 4650.056185, "pct": 28.000175904225344}, "煤炭开采加工": {"turnover": 3379.680499, "pct": 7.913936859024108}, "电网设备": {"turnover": 12705.15406, "pct": 14.353195720243631}, "石油加工贸易": {"turnover": 2994.467423, "pct": 7.086464650260928}, "电力": {"turnover": 8540.20987, "pct": 9.635901822867165}, "小金属": {"turnover": 11559.81334, "pct": 13.542933874200749}, "种植业与林业": {"turnover": 2768.385154, "pct": -0.4472576390890073}, "港口航运": {"turnover": 3281.979749, "pct": 5.949453320900391}, "燃气": {"turnover": 1229.916848, "pct": 6.2542081822505855}, "化学原料": {"turnover": 4193.45299, "pct": 3.1517090962947933}, "非金属材料": {"turnover": 851.060194, "pct": 8.4089726132269}, "其他电源设备": {"turnover": 4143.17258, "pct": 8.287322259404489}, "环保设备": {"turnover": 752.583442, "pct": 4.670160730299276}, "元件": {"turnover": 11298.97832, "pct": 8.343715704972347}, "钢铁": {"turnover": 3976.101466, "pct": 3.663498593523039}, "电子化学品": {"turnover": 4505.01352, "pct": 4.867373600897931}, "光学光电子": {"turnover": 7997.28817, "pct": 5.64963397240262}, "银行": {"turnover": 5522.56437, "pct": 0.9240079242969527}, "造纸": {"turnover": 890.935099, "pct": -0.10950923344794686}, "农化制品": {"turnover": 5773.01519, "pct": 1.6582058566732698}, "环境治理": {"turnover": 3288.431861, "pct": 3.297275341274571}, "通信设备": {"turnover": 26151.09886, "pct": 2.245373585314727}, "物流": {"turnover": 1438.359149, "pct": 0.8155641699236497}, "能源金属": {"turnover": 3222.979092, "pct": 4.720931426143123}, "通用设备": {"turnover": 15351.0773, "pct": 2.3390537472794937}, "公路铁路运输": {"turnover": 902.781797, "pct": -1.1821812775137714}, "建筑材料": {"turnover": 5166.40721, "pct": -0.5479624861279537}, "化学制品": {"turnover": 9163.99653, "pct": -0.7872680040298288}, "建筑装饰": {"turnover": 7095.58524, "pct": 0.11187909086719791}, "军工装备": {"turnover": 14560.98486, "pct": 4.168792224671856}, "厨卫电器": {"turnover": 188.5779623, "pct": -0.05071582908922316}, "金属新材料": {"turnover": 2367.784772, "pct": 0.8338934623721909}, "橡胶制品": {"turnover": 720.570927, "pct": -1.8975646493160672}, "综合": {"turnover": 2637.626173, "pct": 1.0450123344539122}, "房地产": {"turnover": 3584.744841, "pct": -2.559409110105953}, "自动化设备": {"turnover": 7585.16244, "pct": 1.343381586806992}, "纺织制造": {"turnover": 857.42071, "pct": -1.946433732248508}, "专用设备": {"turnover": 9240.30408, "pct": 0.46330150856540087}, "通信服务": {"turnover": 6675.27389, "pct": -1.1940505365034726}, "风电设备": {"turnover": 3460.295312, "pct": 2.382859016967421}, "轨交设备": {"turnover": 731.313675, "pct": -0.20550402124100275}, "家居用品": {"turnover": 1978.896611, "pct": -3.3032862582509592}, "消费电子": {"turnover": 11954.89673, "pct": -0.6560025994930502}, "农产品加工": {"turnover": 1209.867556, "pct": -4.676154688415745}, "光伏设备": {"turnover": 14971.94246, "pct": 3.747178923823228}, "工业金属": {"turnover": 15091.78442, "pct": -3.434474595636533}, "养殖业": {"turnover": 1645.056181, "pct": -4.821248928373635}, "军工电子": {"turnover": 8385.88296, "pct": 1.5178650302611376}, "贵金属": {"turnover": 6217.639927, "pct": -11.341445970453421}, "中药": {"turnover": 2109.380728, "pct": -1.2343885806952182}, "塑料制品": {"turnover": 3619.40583, "pct": -1.0903585440066246}, "电池": {"turnover": 11621.37863, "pct": 0.41224215891799965}, "多元金融": {"turnover": 1633.103975, "pct": -0.8417638606840204}, "其他电子": {"turnover": 3228.90753, "pct": -2.514197284038626}, "白酒": {"turnover": 3724.088635, "pct": -10.352375603893456}, "服装家纺": {"turnover": 2156.914191, "pct": -4.524116169058574}, "包装印刷": {"turnover": 1996.268088, "pct": -2.2016363786481095}, "计算机设备": {"turnover": 4836.54492, "pct": -1.104711483845544}, "黑色家电": {"turnover": 710.493716, "pct": -1.5496442520701112}, "工程机械": {"turnover": 1893.173006, "pct": -1.8933518554831619}, "饮料制造": {"turnover": 1428.032353, "pct": -5.697467788035678}, "美容护理": {"turnover": 1004.763637, "pct": -2.463423813937066}, "旅游及酒店": {"turnover": 1257.296943, "pct": -6.075120865686063}, "其他社会服务": {"turnover": 1123.804684, "pct": -2.4988559708400575}, "贸易": {"turnover": 484.932628, "pct": -4.389050603506315}, "汽车整车": {"turnover": 2851.16406, "pct": -2.2815538395772403}, "白色家电": {"turnover": 3606.398644, "pct": -3.8421542535517417}, "教育": {"turnover": 508.979558, "pct": -1.902634487750659}, "汽车服务及其他": {"turnover": 576.994166, "pct": -3.0537090393311406}, "汽车零部件": {"turnover": 12874.14915, "pct": -2.929653462397937}, "IT服务": {"turnover": 13856.30833, "pct": -3.442768809649002}, "化学纤维": {"turnover": 1255.703408, "pct": -5.104411509038339}, "证券": {"turnover": 5683.70231, "pct": -5.238560716672028}, "零售": {"turnover": 3774.100892, "pct": -5.392785387033509}, "电机": {"turnover": 1468.96775, "pct": -3.2898755039843}, "食品加工制造": {"turnover": 1661.889778, "pct": -6.530212709595664}, "化学制药": {"turnover": 5630.93453, "pct": -4.3606057720347975}, "半导体": {"turnover": 34226.20504, "pct": -6.348863108868787}, "小家电": {"turnover": 482.1336, "pct": -4.851311119190903}, "医疗器械": {"turnover": 3360.530328, "pct": -4.443808744752165}, "文化传媒": {"turnover": 11303.70083, "pct": -9.893132207799017}, "影视院线": {"turnover": 3840.795138, "pct": -10.807034333175514}, "机场航运": {"turnover": 1150.701889, "pct": -7.668207654670247}, "游戏": {"turnover": 4513.264922, "pct": -9.147484079502492}, "保险": {"turnover": 1954.094039, "pct": -11.114718685411882}, "医疗服务": {"turnover": 3304.606047, "pct": -5.844944862421738}, "医药商业": {"turnover": 925.377717, "pct": -5.536071881988149}, "互联网电商": {"turnover": 729.524245, "pct": -8.16991437785917}, "生物制品": {"turnover": 1735.781313, "pct": -5.370167609961987}, "软件开发": {"turnover": 11198.94318, "pct": -7.194139411313209}}