{"影视院线": {"turnover": 594.93216, "pct": 17.430548937079976}, "小金属": {"turnover": 1334.36089, "pct": 2.2799030052981197}, "游戏": {"turnover": 850.94444, "pct": 6.092113886562851}, "化学原料": {"turnover": 524.08644, "pct": 2.149118770099262}, "黑色家电": {"turnover": 69.119234, "pct": 4.986412570114627}, "通信服务": {"turnover": 672.28822, "pct": 2.508161208191114}, "能源金属": {"turnover": 327.251265, "pct": -0.2941005008746382}, "电子化学品": {"turnover": 574.12415, "pct": 4.264519956350451}, "油气开采及服务": {"turnover": 459.247624, "pct": -1.2033752676046499}, "化学纤维": {"turnover": 181.96507, "pct": 0.9386431198640416}, "IT服务": {"turnover": 1903.64757, "pct": 4.425141834153563}, "农化制品": {"turnover": 588.78034, "pct": 0.6917968705676854}, "元件": {"turnover": 1449.34541, "pct": 3.48399644437848}, "石油加工贸易": {"turnover": 264.916334, "pct": 1.476651598878296}, "金属新材料": {"turnover": 263.164474, "pct": 2.338390107952444}, "包装印刷": {"turnover": 362.423651, "pct": 2.362204413595585}, "非金属材料": {"turnover": 120.939885, "pct": 1.0889206729558214}, "通信设备": {"turnover": 2687.67871, "pct": 0.39931013403394056}, "化学制品": {"turnover": 1357.38214, "pct": 1.1807155732494445}, "文化传媒": {"turnover": 2230.39685, "pct": 8.991627385358337}, "光伏设备": {"turnover": 2973.31721, "pct": 2.7503266953713075}, "塑料制品": {"turnover": 373.51595, "pct": 0.14884408901725746}, "软件开发": {"turnover": 1745.10197, "pct": 3.4644654297451476}, "工业金属": {"turnover": 1726.77596, "pct": 0.8702859254207616}, "其他电源设备": {"turnover": 524.03827, "pct": 3.422496149870819}, "自动化设备": {"turnover": 726.41773, "pct": 0.32046359679280595}, "电池": {"turnover": 1729.06993, "pct": 0.30618903935875846}, "贵金属": {"turnover": 868.9975, "pct": -0.08518152580962621}, "造纸": {"turnover": 116.80841, "pct": 0.6822431445329508}, "其他电子": {"turnover": 428.882567, "pct": 3.104559177700941}, "通用设备": {"turnover": 1606.90446, "pct": 0.15559961519863932}, "风电设备": {"turnover": 349.77171, "pct": -1.1086481302546978}, "钢铁": {"turnover": 411.020303, "pct": 1.246589953709391}, "环保设备": {"turnover": 97.714861, "pct": 2.1744458059485416}, "消费电子": {"turnover": 1713.83828, "pct": 1.8323046916626173}, "电机": {"turnover": 219.767644, "pct": 1.9842969528776906}, "电网设备": {"turnover": 1671.43765, "pct": 1.3564919183034698}, "教育": {"turnover": 84.24751, "pct": 3.781924937340008}, "橡胶制品": {"turnover": 101.740689, "pct": 0.44863391013738074}, "轨交设备": {"turnover": 88.288661, "pct": 1.0416041654166246}, "专用设备": {"turnover": 1186.98187, "pct": 1.4096546651917108}, "纺织制造": {"turnover": 163.976056, "pct": 0.6772095655098673}, "中药": {"turnover": 548.333441, "pct": 0.40447702581843414}, "建筑材料": {"turnover": 684.25856, "pct": 0.8726255793473725}, "环境治理": {"turnover": 425.29027, "pct": 0.8420227687434957}, "计算机设备": {"turnover": 698.68109, "pct": 2.0695151317077256}, "港口航运": {"turnover": 248.741604, "pct": 1.412606263863397}, "煤炭开采加工": {"turnover": 390.39269, "pct": 1.2937530923598213}, "汽车整车": {"turnover": 337.360669, "pct": 0.47142441839684796}, "化学制药": {"turnover": 988.72143, "pct": 1.1960746321055973}, "工程机械": {"turnover": 264.820408, "pct": 1.5017757707297108}, "汽车服务及其他": {"turnover": 54.941608, "pct": -0.6586264837342509}, "白色家电": {"turnover": 573.54373, "pct": 1.5763657493968728}, "互联网电商": {"turnover": 141.266431, "pct": 3.9663901488690922}, "物流": {"turnover": 187.548895, "pct": 1.325949213750877}, "综合": {"turnover": 300.040287, "pct": 2.1742434331054405}, "光学光电子": {"turnover": 1155.28686, "pct": 1.8756183349395896}, "建筑装饰": {"turnover": 860.39201, "pct": 1.5611636596751073}, "汽车零部件": {"turnover": 1281.69405, "pct": 0.09752070534052812}, "电力": {"turnover": 915.41625, "pct": 0.08466131530030459}, "种植业与林业": {"turnover": 339.28123, "pct": -0.19593189424664126}, "其他社会服务": {"turnover": 159.969525, "pct": 1.4196065181474622}, "生物制品": {"turnover": 264.372189, "pct": 1.0749341929461622}, "军工电子": {"turnover": 1210.28721, "pct": 1.668924648146415}, "半导体": {"turnover": 3266.2701, "pct": -0.5719940208202158}, "服装家纺": {"turnover": 356.039487, "pct": 0.12744064240377212}, "家居用品": {"turnover": 316.430188, "pct": 0.9287557161974866}, "贸易": {"turnover": 60.130391, "pct": -0.11577766958496288}, "房地产": {"turnover": 554.4762, "pct": 1.012967125654596}, "厨卫电器": {"turnover": 27.6591075, "pct": 0.7552804621680413}, "医疗器械": {"turnover": 322.78651, "pct": -0.11393285562303426}, "医疗服务": {"turnover": 372.55533, "pct": 0.5410139843215248}, "银行": {"turnover": 462.7939, "pct": 0.21217612284103277}, "小家电": {"turnover": 68.030552, "pct": 1.0170194001009245}, "农产品加工": {"turnover": 145.271506, "pct": 0.15159598457613171}, "公路铁路运输": {"turnover": 115.251053, "pct": 1.0210390035235943}, "军工装备": {"turnover": 1772.69634, "pct": 1.653466441472303}, "养殖业": {"turnover": 223.487835, "pct": 0.33368662791382653}, "美容护理": {"turnover": 164.522528, "pct": 0.5859043164532957}, "多元金融": {"turnover": 225.904797, "pct": 0.7227516353399435}, "证券": {"turnover": 749.05467, "pct": 0.5498869980355882}, "保险": {"turnover": 258.825836, "pct": 1.5642812928076038}, "燃气": {"turnover": 67.612503, "pct": -0.37144948724954396}, "医药商业": {"turnover": 179.750797, "pct": 0.008337929884422132}, "食品加工制造": {"turnover": 291.472015, "pct": -0.33293873260542195}, "饮料制造": {"turnover": 228.370876, "pct": -0.34627542815469475}, "机场航运": {"turnover": 159.079035, "pct": -0.15448701698550052}, "零售": {"turnover": 732.41235, "pct": -0.13673788449633148}, "旅游及酒店": {"turnover": 231.425966, "pct": 1.2973004928526037}, "白酒": {"turnover": 585.42324, "pct": -1.4475253488168895}}