{"贵金属": {"turnover": 6784.038197, "pct": 35.21923632561731}, "油气开采及服务": {"turnover": 3303.876766, "pct": 19.164262544264272}, "光伏设备": {"turnover": 17607.82846, "pct": 19.955684835528093}, "石油加工贸易": {"turnover": 2358.696186, "pct": 10.695000095579585}, "影视院线": {"turnover": 2616.30489, "pct": 8.099521405333041}, "小金属": {"turnover": 11268.56716, "pct": 10.001236337714401}, "电网设备": {"turnover": 15845.04398, "pct": 6.632249041456351}, "农化制品": {"turnover": 5538.18752, "pct": 7.903625632759859}, "化学原料": {"turnover": 4328.51435, "pct": 8.221424625153544}, "化学制品": {"turnover": 10302.39599, "pct": 7.832674342929792}, "建筑材料": {"turnover": 5294.70454, "pct": 8.532916825726327}, "环保设备": {"turnover": 852.672207, "pct": 6.515378117876088}, "工业金属": {"turnover": 20480.96555, "pct": 5.467458787304293}, "服装家纺": {"turnover": 2718.85051, "pct": 4.8707554820511385}, "造纸": {"turnover": 854.837159, "pct": 5.113944571701257}, "家居用品": {"turnover": 2482.155644, "pct": 4.512313784358374}, "房地产": {"turnover": 5080.46168, "pct": 5.299681340242657}, "煤炭开采加工": {"turnover": 2828.998174, "pct": 5.184434168209118}, "自动化设备": {"turnover": 8269.86584, "pct": 5.004731362172625}, "电力": {"turnover": 8310.75451, "pct": 3.3623269331102565}, "综合": {"turnover": 4021.867664, "pct": 3.1539859768785123}, "环境治理": {"turnover": 3686.81521, "pct": 3.816582143661614}, "半导体": {"turnover": 48194.9078, "pct": 6.886121612747187}, "旅游及酒店": {"turnover": 1732.953095, "pct": 4.432181223888893}, "种植业与林业": {"turnover": 2375.844889, "pct": 4.588216463466818}, "贸易": {"turnover": 748.70137, "pct": 4.977965951703023}, "非金属材料": {"turnover": 833.17924, "pct": 4.627286629017842}, "文化传媒": {"turnover": 16032.65374, "pct": 1.2965847138269684}, "电子化学品": {"turnover": 5450.69793, "pct": 6.25082862257995}, "化学纤维": {"turnover": 1589.832733, "pct": 4.246126660110294}, "钢铁": {"turnover": 3823.765556, "pct": 3.6174223889377077}, "港口航运": {"turnover": 2117.877995, "pct": 2.4713280131535162}, "燃气": {"turnover": 1210.599682, "pct": 2.0143923924254086}, "光学光电子": {"turnover": 9670.66839, "pct": 4.503717975154607}, "包装印刷": {"turnover": 2423.352168, "pct": 3.0764827774642263}, "建筑装饰": {"turnover": 8696.38237, "pct": 2.2237111571983403}, "中药": {"turnover": 2790.728794, "pct": 1.309335577848593}, "公路铁路运输": {"turnover": 1101.178904, "pct": 1.960558974438038}, "专用设备": {"turnover": 11144.08178, "pct": 2.8792687864236575}, "物流": {"turnover": 1728.258692, "pct": 1.872120533773943}, "其他电子": {"turnover": 4895.577757, "pct": 4.759444655385609}, "养殖业": {"turnover": 2095.036292, "pct": 2.1979448751715687}, "元件": {"turnover": 10859.24129, "pct": 4.101283254662875}, "通用设备": {"turnover": 17234.21471, "pct": 2.9747859025475103}, "银行": {"turnover": 7266.72553, "pct": 0.4611502587599246}, "机场航运": {"turnover": 1270.821555, "pct": 2.5393253260929347}, "白色家电": {"turnover": 5751.41562, "pct": 1.6288420893414752}, "美容护理": {"turnover": 1176.460829, "pct": 0.7775109263347945}, "轨交设备": {"turnover": 988.733851, "pct": 1.8934084287755055}, "纺织制造": {"turnover": 1027.946785, "pct": 2.893802242742895}, "其他社会服务": {"turnover": 1735.59976, "pct": 2.3429371716601795}, "饮料制造": {"turnover": 1894.819068, "pct": 1.966007497993744}, "互联网电商": {"turnover": 1248.656028, "pct": 1.474894698866682}, "橡胶制品": {"turnover": 895.86182, "pct": 2.6169395977424936}, "能源金属": {"turnover": 4267.186136, "pct": -0.4760391114639541}, "汽车零部件": {"turnover": 18274.22644, "pct": 0.8710833108064155}, "风电设备": {"turnover": 4853.731523, "pct": 1.9717934092623592}, "通信设备": {"turnover": 28161.78564, "pct": 3.10800911046455}, "电机": {"turnover": 2439.351103, "pct": 1.0662571733098414}, "保险": {"turnover": 2923.265762, "pct": -2.9776262537787335}, "工程机械": {"turnover": 2475.460686, "pct": 0.2566127497362809}, "食品加工制造": {"turnover": 2118.941737, "pct": 0.21827365350510558}, "塑料制品": {"turnover": 4509.1194, "pct": 0.8867394390218399}, "汽车服务及其他": {"turnover": 775.698648, "pct": 0.0019040395786270939}, "电池": {"turnover": 15210.40545, "pct": 0.2430725468176706}, "消费电子": {"turnover": 16545.00642, "pct": 1.80304063861143}, "农产品加工": {"turnover": 1468.09055, "pct": -0.7435172022213493}, "汽车整车": {"turnover": 3557.220079, "pct": -0.3371812542059262}, "其他电源设备": {"turnover": 4351.71795, "pct": 1.2413492166355975}, "厨卫电器": {"turnover": 224.362132, "pct": -1.7571307385039456}, "白酒": {"turnover": 4692.501748, "pct": 0.5301259058102503}, "黑色家电": {"turnover": 1118.834815, "pct": -1.008001340964874}, "医疗服务": {"turnover": 5793.4317, "pct": -5.560194883267832}, "化学制药": {"turnover": 7653.92115, "pct": -3.3311429728184994}, "医疗器械": {"turnover": 5194.33333, "pct": -3.1431784619696175}, "生物制品": {"turnover": 2682.278426, "pct": -4.560526953129248}, "通信服务": {"turnover": 7086.48396, "pct": 0.08729781891657129}, "小家电": {"turnover": 740.054835, "pct": -2.76505636323673}, "游戏": {"turnover": 5694.83892, "pct": -5.256131456957905}, "零售": {"turnover": 5595.29158, "pct": -1.769909251632503}, "教育": {"turnover": 976.614069, "pct": -4.395763951817247}, "证券": {"turnover": 8434.55657, "pct": -3.057091557655255}, "医药商业": {"turnover": 2029.75167, "pct": -6.152075834318588}, "金属新材料": {"turnover": 3178.500525, "pct": -1.4256333065120286}, "多元金融": {"turnover": 2462.140713, "pct": -4.15502159164187}, "IT服务": {"turnover": 17462.90754, "pct": -4.312809611530215}, "软件开发": {"turnover": 17537.29525, "pct": -5.808114759809202}, "计算机设备": {"turnover": 7334.38651, "pct": -4.432999377079724}, "军工装备": {"turnover": 18086.08171, "pct": -2.639608006087289}, "军工电子": {"turnover": 12048.89464, "pct": -8.840032134759653}}