{"油气开采及服务": {"turnover": 3200.90053, "pct": 32.54723265123386}, "石油加工贸易": {"turnover": 2175.838758, "pct": 8.58810606966207}, "电力": {"turnover": 5807.42063, "pct": 11.851859699492268}, "燃气": {"turnover": 941.331423, "pct": 8.834075619717064}, "化学原料": {"turnover": 2621.9066, "pct": 9.635757573222808}, "农化制品": {"turnover": 3858.1179, "pct": 10.03142198439804}, "电网设备": {"turnover": 7724.78099, "pct": 11.997901129246895}, "种植业与林业": {"turnover": 1522.934754, "pct": 6.79912545459146}, "煤炭开采加工": {"turnover": 1878.029004, "pct": 7.942952980604424}, "港口航运": {"turnover": 2504.846753, "pct": 8.178968390381254}, "非金属材料": {"turnover": 520.264987, "pct": 9.284249021764058}, "小金属": {"turnover": 6908.53233, "pct": 10.925830757960828}, "贵金属": {"turnover": 3213.5832, "pct": 10.01196784375912}, "钢铁": {"turnover": 2546.82436, "pct": 7.649349442967801}, "元件": {"turnover": 7235.41873, "pct": 6.637275196219036}, "环境治理": {"turnover": 1992.229627, "pct": 5.2535126329175}, "其他电源设备": {"turnover": 2512.11463, "pct": 4.659659528271453}, "环保设备": {"turnover": 456.623747, "pct": 4.105266643977474}, "综合": {"turnover": 1485.333604, "pct": 1.5081678290222018}, "风电设备": {"turnover": 1730.74048, "pct": 1.8303743197933167}, "养殖业": {"turnover": 879.616037, "pct": 2.36857214915458}, "军工装备": {"turnover": 8632.98579, "pct": 1.246090337976984}, "农产品加工": {"turnover": 589.650702, "pct": 1.4332267166006785}, "多元金融": {"turnover": 910.151404, "pct": 1.964579336804598}, "物流": {"turnover": 827.754324, "pct": 2.79227344574122}, "建筑装饰": {"turnover": 4169.06867, "pct": 2.0483278796700666}, "化学制品": {"turnover": 4951.96447, "pct": 2.6080841991222967}, "专用设备": {"turnover": 5219.15888, "pct": 1.0008894609250647}, "能源金属": {"turnover": 1744.509921, "pct": -1.2835147846572827}, "光学光电子": {"turnover": 4784.75345, "pct": 3.191533689989054}, "橡胶制品": {"turnover": 360.800631, "pct": -0.9383963410289168}, "通用设备": {"turnover": 7710.43977, "pct": -0.8327553258555106}, "厨卫电器": {"turnover": 100.8163379, "pct": -0.449022704129501}, "电子化学品": {"turnover": 2456.27569, "pct": -1.9017328498291737}, "公路铁路运输": {"turnover": 473.827663, "pct": 1.067269583795629}, "军工电子": {"turnover": 4650.84396, "pct": 0.6872805361446891}, "造纸": {"turnover": 500.025832, "pct": -0.4273933120678493}, "工业金属": {"turnover": 7678.83766, "pct": 3.090185905821334}, "计算机设备": {"turnover": 2382.03782, "pct": -1.2077703737544003}, "贸易": {"turnover": 220.986716, "pct": -1.5070973928993774}, "塑料制品": {"turnover": 1983.84313, "pct": 0.5039427680219736}, "银行": {"turnover": 2477.40712, "pct": 0.20340172381415805}, "其他社会服务": {"turnover": 543.114055, "pct": -1.8964234280437233}, "中药": {"turnover": 812.87074, "pct": -1.8545995120598031}, "轨交设备": {"turnover": 431.018626, "pct": 0.6074551006950818}, "化学制药": {"turnover": 2671.09779, "pct": -1.6464232467247237}, "饮料制造": {"turnover": 620.838709, "pct": -0.9676958936562933}, "金属新材料": {"turnover": 1333.81899, "pct": 0.9279019072992974}, "纺织制造": {"turnover": 397.560495, "pct": -0.9716295138885007}, "消费电子": {"turnover": 5690.15571, "pct": -3.821965495781404}, "电池": {"turnover": 6280.57627, "pct": -1.3686844669670237}, "工程机械": {"turnover": 895.186793, "pct": -3.5114281962998546}, "自动化设备": {"turnover": 4498.81433, "pct": -1.7369306696264286}, "医疗器械": {"turnover": 1870.08906, "pct": -1.324879303294426}, "生物制品": {"turnover": 897.781158, "pct": -1.456833556766141}, "医药商业": {"turnover": 365.542804, "pct": -3.1220128889026064}, "服装家纺": {"turnover": 973.797813, "pct": -1.4985814622863434}, "家居用品": {"turnover": 975.198424, "pct": -1.838918577380526}, "食品加工制造": {"turnover": 739.626173, "pct": -1.8503117261438589}, "通信设备": {"turnover": 13443.07844, "pct": 0.922586253983202}, "房地产": {"turnover": 1530.93056, "pct": -3.5529790705909727}, "建筑材料": {"turnover": 2384.97046, "pct": -3.7101104493184267}, "汽车服务及其他": {"turnover": 272.901728, "pct": -4.318333494859148}, "旅游及酒店": {"turnover": 444.251518, "pct": -1.497936204003478}, "化学纤维": {"turnover": 660.207377, "pct": -1.199957615532181}, "其他电子": {"turnover": 1533.63126, "pct": -4.552909526335658}, "小家电": {"turnover": 248.735129, "pct": -3.09819130188743}, "汽车零部件": {"turnover": 6706.60038, "pct": -2.941054394613025}, "电机": {"turnover": 714.346772, "pct": -4.7719352516522475}, "白色家电": {"turnover": 1515.876225, "pct": -4.451875534992585}, "通信服务": {"turnover": 3324.54062, "pct": -2.411487211933875}, "黑色家电": {"turnover": 401.584178, "pct": -2.627569788472391}, "光伏设备": {"turnover": 5813.93852, "pct": -1.48662400643891}, "汽车整车": {"turnover": 1415.816124, "pct": -5.267521522579529}, "美容护理": {"turnover": 433.028583, "pct": -3.8908823163048325}, "证券": {"turnover": 2860.20051, "pct": -2.343323771140961}, "零售": {"turnover": 1615.460834, "pct": -2.6816323787625382}, "包装印刷": {"turnover": 977.846746, "pct": -3.311733542416494}, "IT服务": {"turnover": 7844.70056, "pct": -3.3805776952402042}, "医疗服务": {"turnover": 1428.384057, "pct": -4.5956500028153435}, "教育": {"turnover": 225.598666, "pct": -4.008584318031606}, "半导体": {"turnover": 16334.5234, "pct": -6.297854025747409}, "互联网电商": {"turnover": 305.038898, "pct": -4.248380413667629}, "白酒": {"turnover": 1096.50206, "pct": -5.338894777481808}, "软件开发": {"turnover": 5777.96771, "pct": -6.202611287775671}, "保险": {"turnover": 982.102527, "pct": -6.261476534714704}, "机场航运": {"turnover": 585.977087, "pct": -6.5842111427888845}, "文化传媒": {"turnover": 3957.26382, "pct": -8.77874576144875}, "游戏": {"turnover": 1689.136542, "pct": -8.129922721667086}, "影视院线": {"turnover": 1480.545719, "pct": -17.450175693263617}}