{"油气开采及服务": {"turnover": 3966.877015, "pct": 49.23043337042816}, "小金属": {"turnover": 12017.59288, "pct": -1.2880440078236708}, "煤炭开采加工": {"turnover": 3338.180779, "pct": 13.670016981249514}, "种植业与林业": {"turnover": 2632.940144, "pct": 5.406937892758271}, "石油加工贸易": {"turnover": 2646.842213, "pct": 15.193382475908566}, "港口航运": {"turnover": 2846.233879, "pct": 15.513387803158215}, "燃气": {"turnover": 1006.62314, "pct": 19.975733554840346}, "电力": {"turnover": 8058.77027, "pct": 4.581987381521763}, "电网设备": {"turnover": 11892.86979, "pct": 1.8138377874464893}, "元件": {"turnover": 11157.3263392, "pct": 1.7900122946010861}, "非金属材料": {"turnover": 877.81035, "pct": 0.0952119233711368}, "电子化学品": {"turnover": 4554.90019, "pct": 0.009779360192144981}, "化学原料": {"turnover": 4142.86579, "pct": 3.5682876133035633}, "农化制品": {"turnover": 5799.8978, "pct": 1.0886168636796723}, "通信设备": {"turnover": 26126.41653, "pct": -2.3079725669771496}, "钢铁": {"turnover": 4054.473256, "pct": 0.8949338457535186}, "贵金属": {"turnover": 6784.883087, "pct": -16.796249665814887}, "光伏设备": {"turnover": 15703.85046, "pct": -0.26386124620782686}, "环保设备": {"turnover": 746.310138, "pct": 1.240612029480084}, "银行": {"turnover": 5841.8295599, "pct": 2.450867709545385}, "其他电源设备": {"turnover": 4051.50159, "pct": -0.2611304708665049}, "造纸": {"turnover": 898.342142, "pct": 0.20253051389538942}, "军工装备": {"turnover": 14512.14197, "pct": -2.791544920256177}, "环境治理": {"turnover": 3289.529631, "pct": 0.05224557347081691}, "物流": {"turnover": 1415.509666, "pct": 3.12205344171496}, "金属新材料": {"turnover": 2599.468998, "pct": -4.562292367120682}, "建筑材料": {"turnover": 5475.4924, "pct": -1.9450508476849357}, "化学制品": {"turnover": 9517.21625, "pct": -1.1983547461066366}, "通用设备": {"turnover": 15542.42779, "pct": -2.088657311573117}, "能源金属": {"turnover": 3475.761988, "pct": -5.35156864731865}, "建筑装饰": {"turnover": 7440.67097, "pct": -2.2386803820374404}, "公路铁路运输": {"turnover": 916.838262, "pct": -0.5718201054087282}, "橡胶制品": {"turnover": 727.808567, "pct": 0.734251621230694}, "纺织制造": {"turnover": 886.0376605, "pct": -0.9987154797233636}, "厨卫电器": {"turnover": 191.2399565, "pct": -0.6668552478739483}, "光学光电子": {"turnover": 7927.44152, "pct": -3.22723156475089}, "消费电子": {"turnover": 12544.543837, "pct": -4.085296731347934}, "军工电子": {"turnover": 8460.437, "pct": -2.157579791133962}, "风电设备": {"turnover": 3569.129522, "pct": -4.939774021840215}, "综合": {"turnover": 2590.407383, "pct": -2.2588550732504187}, "自动化设备": {"turnover": 7367.76717, "pct": -3.28478668028275}, "房地产": {"turnover": 3882.74636, "pct": -2.7142656790669237}, "专用设备": {"turnover": 9382.4777466, "pct": -2.831051646765596}, "轨交设备": {"turnover": 776.305742, "pct": -3.8635105284829}, "其他电子": {"turnover": 3483.80972, "pct": -6.2866452861699855}, "多元金融": {"turnover": 1622.521802, "pct": -3.0671024223696044}, "农产品加工": {"turnover": 1228.355731, "pct": -2.8922057035177087}, "家居用品": {"turnover": 2047.951072, "pct": -2.6633477573962065}, "通信服务": {"turnover": 7067.683898, "pct": -3.683647529313988}, "塑料制品": {"turnover": 3752.65602, "pct": -4.167701645389397}, "半导体": {"turnover": 36669.95404, "pct": -11.481687049625272}, "工程机械": {"turnover": 1972.917713, "pct": -4.854031231785182}, "其他社会服务": {"turnover": 1171.874199, "pct": -5.1997790820652625}, "养殖业": {"turnover": 1698.301879, "pct": -2.561185433365794}, "服装家纺": {"turnover": 2360.258789, "pct": -4.612000220320421}, "白酒": {"turnover": 4306.958348, "pct": -1.5957907720170479}, "中药": {"turnover": 2233.87820391, "pct": -1.833796543495167}, "贸易": {"turnover": 548.799769, "pct": -6.39852884328904}, "电池": {"turnover": 11938.33818, "pct": -3.491156857570512}, "包装印刷": {"turnover": 2030.436411, "pct": -4.73583194675211}, "美容护理": {"turnover": 1039.72216, "pct": -1.9924151804297279}, "证券": {"turnover": 6135.5781116, "pct": -4.587228137113479}, "计算机设备": {"turnover": 5067.18466, "pct": -5.724896989896154}, "饮料制造": {"turnover": 1548.224864, "pct": -4.112812335361911}, "IT服务": {"turnover": 14403.39558, "pct": -7.4189430587266445}, "化学纤维": {"turnover": 1285.448919, "pct": -7.169190000770846}, "汽车服务及其他": {"turnover": 594.204957, "pct": -4.736797698701141}, "白色家电": {"turnover": 3848.30042, "pct": -5.788825387121895}, "汽车整车": {"turnover": 2985.43704, "pct": -5.1148088741550035}, "旅游及酒店": {"turnover": 1292.660289, "pct": -4.958754247021612}, "汽车零部件": {"turnover": 13357.16126, "pct": -5.492151866619968}, "黑色家电": {"turnover": 754.2574, "pct": -5.227404451873845}, "保险": {"turnover": 2224.174562, "pct": -6.992281859423791}, "教育": {"turnover": 555.4554768, "pct": -5.825272182682114}, "机场航运": {"turnover": 1161.884687, "pct": -6.0120959698515986}, "文化传媒": {"turnover": 12611.52785, "pct": -8.011707963897049}, "零售": {"turnover": 3937.00167, "pct": -6.519999257961684}, "食品加工制造": {"turnover": 1723.679571, "pct": -5.387176842564939}, "电机": {"turnover": 1554.008322, "pct": -8.502883459112208}, "影视院线": {"turnover": 3902.206786, "pct": -8.50592053595568}, "化学制药": {"turnover": 5848.85117, "pct": -6.11006984712107}, "医疗器械": {"turnover": 3563.0633661, "pct": -6.494453257508321}, "小家电": {"turnover": 506.244989, "pct": -7.693283232607498}, "互联网电商": {"turnover": 804.8211587, "pct": -9.780754356355148}, "软件开发": {"turnover": 11902.01909, "pct": -10.351497940904988}, "游戏": {"turnover": 4765.14381, "pct": -10.242544262259132}, "医疗服务": {"turnover": 3524.10047, "pct": -8.979854043066275}, "生物制品": {"turnover": 1880.206823, "pct": -8.783915782792286}, "医药商业": {"turnover": 1017.895842, "pct": -7.804166063755491}}