{"能源金属": {"turnover": 990.94129, "pct": 6.312640666063032}, "电力": {"turnover": 5833.55267, "pct": 6.846911710740838}, "电池": {"turnover": 4635.64867, "pct": 1.656928209313598}, "煤炭开采加工": {"turnover": 1255.78526, "pct": 2.8579571021448906}, "化学制药": {"turnover": 1190.14254, "pct": 3.984099829759955}, "医疗服务": {"turnover": 774.424549, "pct": -0.6316702549914134}, "小金属": {"turnover": 1917.83458, "pct": -1.6740788681427543}, "电子化学品": {"turnover": 1054.99771, "pct": -0.5099122728673197}, "光伏设备": {"turnover": 5049.26012, "pct": -3.6315750985403765}, "工业金属": {"turnover": 2375.60673, "pct": -0.3356397414023926}, "农化制品": {"turnover": 1436.01646, "pct": -1.1323577802538187}, "贸易": {"turnover": 126.322837, "pct": -0.08752650359414864}, "港口航运": {"turnover": 827.59457, "pct": 0.9436590512281103}, "化学原料": {"turnover": 1211.78469, "pct": -0.2928166732068082}, "燃气": {"turnover": 414.285036, "pct": -0.09744877616238874}, "石油加工贸易": {"turnover": 607.639338, "pct": 1.584661177891241}, "旅游及酒店": {"turnover": 250.191625, "pct": -1.1874219738921312}, "银行": {"turnover": 1419.43784, "pct": 0.04716508994732}, "综合": {"turnover": 549.606094, "pct": 1.1782562856190957}, "汽车整车": {"turnover": 1043.49108, "pct": 0.17074166048581155}, "环保设备": {"turnover": 260.738884, "pct": -0.0579188895394909}, "服装家纺": {"turnover": 382.075164, "pct": 0.0806588399931188}, "小家电": {"turnover": 125.377773, "pct": 0.058612253741751004}, "包装印刷": {"turnover": 686.649259, "pct": -0.3073535463756245}, "互联网电商": {"turnover": 160.117377, "pct": -1.0642425385176049}, "生物制品": {"turnover": 458.311233, "pct": -3.022649256748809}, "通信设备": {"turnover": 6709.93842, "pct": -1.066502851680144}, "房地产": {"turnover": 748.824807, "pct": -1.020497065546829}, "环境治理": {"turnover": 966.68561, "pct": -0.6403134923978866}, "电网设备": {"turnover": 3032.03035, "pct": -0.638236690055336}, "中药": {"turnover": 385.483097, "pct": 4.038081626832738}, "食品加工制造": {"turnover": 418.912066, "pct": -1.1499570578010432}, "物流": {"turnover": 377.45925, "pct": -0.8822695951675931}, "工程机械": {"turnover": 500.511983, "pct": -1.0842689884198744}, "非金属材料": {"turnover": 152.66848, "pct": -1.8652758154361717}, "建筑材料": {"turnover": 858.51542, "pct": -0.33845242556442884}, "公路铁路运输": {"turnover": 264.897934, "pct": -0.0786338555264321}, "黑色家电": {"turnover": 137.366985, "pct": -1.1186633753764406}, "饮料制造": {"turnover": 276.314637, "pct": -1.369050175863753}, "化学制品": {"turnover": 1837.88781, "pct": -1.1031734920520806}, "塑料制品": {"turnover": 879.23037, "pct": -1.0116560671774706}, "机场航运": {"turnover": 296.85541, "pct": -1.5533591051783997}, "汽车服务及其他": {"turnover": 216.834682, "pct": -0.4880337787533432}, "电机": {"turnover": 353.912137, "pct": -0.9329778699657695}, "其他电源设备": {"turnover": 1052.04201, "pct": -1.4987976369757727}, "建筑装饰": {"turnover": 2176.79425, "pct": -0.6258674463980393}, "医药商业": {"turnover": 183.230237, "pct": -2.2708194650862197}, "造纸": {"turnover": 196.505841, "pct": -2.06905822824369}, "钢铁": {"turnover": 726.480506, "pct": -1.411411758299249}, "家居用品": {"turnover": 472.705751, "pct": -1.6435649828383543}, "自动化设备": {"turnover": 1905.73844, "pct": -2.3337925967858686}, "农产品加工": {"turnover": 299.729652, "pct": -2.558985586589428}, "医疗器械": {"turnover": 771.78422, "pct": 2.1624192763261787}, "美容护理": {"turnover": 186.002108, "pct": -2.6889353659888404}, "消费电子": {"turnover": 2621.48514, "pct": -1.831540485417607}, "其他电子": {"turnover": 973.8406, "pct": -1.2328564587134736}, "零售": {"turnover": 549.443906, "pct": -1.7027565443093684}, "金属新材料": {"turnover": 350.11324, "pct": -2.8431000369709225}, "纺织制造": {"turnover": 161.727886, "pct": -1.516586447479039}, "专用设备": {"turnover": 1993.18968, "pct": -2.0966195291125587}, "化学纤维": {"turnover": 509.749681, "pct": -0.8682374815763665}, "轨交设备": {"turnover": 160.131236, "pct": -2.1246344859180994}, "汽车零部件": {"turnover": 2666.79193, "pct": -1.751043929409166}, "影视院线": {"turnover": 222.971941, "pct": -1.9650128553508988}, "半导体": {"turnover": 7835.26026, "pct": -3.6652363286588616}, "种植业与林业": {"turnover": 437.389843, "pct": -2.3012134130230577}, "军工装备": {"turnover": 2163.07269, "pct": -1.5896619561057206}, "养殖业": {"turnover": 334.038233, "pct": 2.95137044582288}, "贵金属": {"turnover": 1273.11738, "pct": -5.336087042473855}, "白酒": {"turnover": 455.817156, "pct": -3.7342880321503484}, "通用设备": {"turnover": 2552.06998, "pct": -2.207858247296034}, "教育": {"turnover": 92.637533, "pct": -1.8009648818077848}, "白色家电": {"turnover": 803.17015, "pct": -2.399634191560463}, "橡胶制品": {"turnover": 155.322823, "pct": -3.1611414913582796}, "光学光电子": {"turnover": 2124.93899, "pct": -3.656950734735992}, "油气开采及服务": {"turnover": 1147.57933, "pct": -0.9568010942583081}, "文化传媒": {"turnover": 1005.33115, "pct": -2.5156705540610487}, "证券": {"turnover": 1363.78121, "pct": -3.6625291692230215}, "其他社会服务": {"turnover": 324.74717, "pct": -2.2213638274822975}, "军工电子": {"turnover": 1533.83001, "pct": -2.486016136409787}, "元件": {"turnover": 2898.27581, "pct": -3.1892450120474702}, "游戏": {"turnover": 608.758698, "pct": -3.000962575157596}, "厨卫电器": {"turnover": 94.239621, "pct": -2.2643025802140735}, "多元金融": {"turnover": 581.992744, "pct": -2.50262653023936}, "风电设备": {"turnover": 1353.3236, "pct": -4.031806535299393}, "通信服务": {"turnover": 1776.35246, "pct": -1.8578292135183132}, "计算机设备": {"turnover": 1388.81867, "pct": -3.3298098991260296}, "IT服务": {"turnover": 2677.53684, "pct": -3.190051155421799}, "软件开发": {"turnover": 2231.11656, "pct": -4.491000396291291}, "保险": {"turnover": 456.36158, "pct": -6.604142295248925}}