{"燃气": {"turnover": 235.546501, "pct": 2.299195788798672}, "光伏设备": {"turnover": 2487.43616, "pct": 1.856317916316214}, "电力": {"turnover": 2484.98408, "pct": 0.7279912373417882}, "煤炭开采加工": {"turnover": 619.49872, "pct": 1.1826650383817252}, "油气开采及服务": {"turnover": 788.67762, "pct": 1.2924355286233666}, "银行": {"turnover": 820.9462, "pct": -0.8910078549376681}, "通信服务": {"turnover": 1202.14089, "pct": -5.210515352659649}, "生物制品": {"turnover": 295.821343, "pct": -4.005970262623198}, "公路铁路运输": {"turnover": 121.427956, "pct": -2.354228964569898}, "通信设备": {"turnover": 4060.37067, "pct": -3.1133078415287727}, "港口航运": {"turnover": 493.56148, "pct": -3.3383264913298043}, "光学光电子": {"turnover": 1155.81653, "pct": -3.7444521326996836}, "其他电源设备": {"turnover": 682.12014, "pct": -4.072083182717047}, "证券": {"turnover": 779.53948, "pct": -2.5845233955121447}, "电池": {"turnover": 2332.17262, "pct": -2.1740146546399277}, "旅游及酒店": {"turnover": 114.738273, "pct": -2.3972995861645736}, "半导体": {"turnover": 5039.5285, "pct": -4.497692413556587}, "小家电": {"turnover": 68.233519, "pct": -4.031062656192791}, "物流": {"turnover": 195.806433, "pct": -3.58428057491929}, "保险": {"turnover": 214.532385, "pct": -3.8980494993807806}, "家居用品": {"turnover": 258.964598, "pct": -4.408082925822867}, "贸易": {"turnover": 62.467977, "pct": -4.329614336952137}, "其他社会服务": {"turnover": 195.746554, "pct": -5.338480384248406}, "文化传媒": {"turnover": 606.91658, "pct": -4.23008075704424}, "电网设备": {"turnover": 1833.26292, "pct": -5.291099918284522}, "化学制药": {"turnover": 771.78982, "pct": -4.599085763342383}, "中药": {"turnover": 236.62069, "pct": -3.867096124869661}, "黑色家电": {"turnover": 87.466678, "pct": -4.508172560569994}, "医药商业": {"turnover": 98.690078, "pct": -4.159132704325771}, "包装印刷": {"turnover": 382.438943, "pct": -4.787708540789351}, "造纸": {"turnover": 116.116726, "pct": -4.921221366569729}, "软件开发": {"turnover": 1482.67231, "pct": -5.522651746166715}, "环境治理": {"turnover": 533.87928, "pct": -4.139677902876161}, "元件": {"turnover": 2136.11876, "pct": -4.867057534975491}, "军工电子": {"turnover": 891.72188, "pct": -4.99496366882208}, "饮料制造": {"turnover": 157.052356, "pct": -3.9254459333683025}, "环保设备": {"turnover": 118.635026, "pct": -5.000677716805638}, "自动化设备": {"turnover": 1168.3838, "pct": -5.024737100531701}, "美容护理": {"turnover": 105.226936, "pct": -4.330846958031934}, "电机": {"turnover": 145.048103, "pct": -5.857827630897592}, "其他电子": {"turnover": 689.63038, "pct": -5.505424081820463}, "教育": {"turnover": 46.156284, "pct": -5.776486698697346}, "专用设备": {"turnover": 1301.43094, "pct": -5.112123503021817}, "多元金融": {"turnover": 389.791085, "pct": -3.943636369334733}, "消费电子": {"turnover": 1440.26491, "pct": -5.096814282946684}, "IT服务": {"turnover": 1904.98729, "pct": -5.907526964022241}, "厨卫电器": {"turnover": 52.3101777, "pct": -4.067970827668198}, "建筑装饰": {"turnover": 1351.47668, "pct": -4.52877533810687}, "食品加工制造": {"turnover": 234.992282, "pct": -4.198537695264394}, "服装家纺": {"turnover": 200.249347, "pct": -4.739426107253684}, "医疗器械": {"turnover": 673.37938, "pct": -5.431435950656048}, "互联网电商": {"turnover": 104.464693, "pct": -5.833257455042115}, "白酒": {"turnover": 274.937797, "pct": -3.573130661479177}, "影视院线": {"turnover": 128.35859, "pct": -5.0086953612515615}, "橡胶制品": {"turnover": 114.868491, "pct": -5.595687345107712}, "汽车零部件": {"turnover": 1541.45083, "pct": -5.415633083794256}, "汽车整车": {"turnover": 452.1665, "pct": -3.9880402666854775}, "房地产": {"turnover": 471.96284, "pct": -4.271920876183465}, "通用设备": {"turnover": 1574.19257, "pct": -5.892682024504679}, "零售": {"turnover": 330.883649, "pct": -4.632234854874122}, "综合": {"turnover": 331.661754, "pct": -5.752587734656142}, "白色家电": {"turnover": 418.305629, "pct": -4.805909283452155}, "农产品加工": {"turnover": 181.907494, "pct": -4.502768893702258}, "建筑材料": {"turnover": 509.13372, "pct": -5.888276642848996}, "电子化学品": {"turnover": 615.44782, "pct": -4.674505702501789}, "汽车服务及其他": {"turnover": 68.748009, "pct": -5.301797828306831}, "纺织制造": {"turnover": 86.465877, "pct": -5.776776989622037}, "游戏": {"turnover": 416.93027, "pct": -5.127032147078545}, "石油加工贸易": {"turnover": 419.512792, "pct": -5.09069223654618}, "医疗服务": {"turnover": 389.525019, "pct": -5.488912094560336}, "金属新材料": {"turnover": 221.18725, "pct": -6.543734465492499}, "轨交设备": {"turnover": 93.014816, "pct": -5.238086759071075}, "军工装备": {"turnover": 828.08672, "pct": -4.912290772072388}, "塑料制品": {"turnover": 488.11971, "pct": -6.014931371151296}, "非金属材料": {"turnover": 101.347483, "pct": -5.581680969787972}, "能源金属": {"turnover": 490.396708, "pct": -4.896490852703993}, "化学制品": {"turnover": 1176.79817, "pct": -6.430373113983642}, "种植业与林业": {"turnover": 169.70362, "pct": -3.755201673457581}, "钢铁": {"turnover": 502.67878, "pct": -6.560036266466001}, "化学原料": {"turnover": 891.10203, "pct": -6.90637741437191}, "小金属": {"turnover": 959.04724, "pct": -7.010629963193468}, "化学纤维": {"turnover": 409.470153, "pct": -8.387464922998426}, "农化制品": {"turnover": 1006.60146, "pct": -7.425069654493824}, "工业金属": {"turnover": 1698.7175, "pct": -7.436159808360958}, "贵金属": {"turnover": 311.95113, "pct": -8.401193989306574}}