{"通信服务": {"turnover": 1360.84939, "pct": 1.5802415744025637}, "电池": {"turnover": 2620.43914, "pct": 5.274332674289726}, "风电设备": {"turnover": 648.11818, "pct": 3.622905453539967}, "电力": {"turnover": 2566.31086, "pct": 2.1698968779450003}, "光伏设备": {"turnover": 2468.9925, "pct": 3.1821445754413427}, "电网设备": {"turnover": 3468.57009, "pct": 0.5802319106793076}, "医疗服务": {"turnover": 480.56992, "pct": 2.002463511848833}, "化学纤维": {"turnover": 249.165626, "pct": 3.9463770839576418}, "非金属材料": {"turnover": 186.487888, "pct": 4.298022631252875}, "IT服务": {"turnover": 2789.08999, "pct": 0.17183805417706832}, "化学原料": {"turnover": 1125.2199, "pct": 1.6749005005145166}, "软件开发": {"turnover": 2183.23717, "pct": 1.1783729469505837}, "元件": {"turnover": 1986.15411, "pct": 5.653357293412894}, "农化制品": {"turnover": 1149.54763, "pct": 0.9012930695633722}, "生物制品": {"turnover": 281.842724, "pct": 1.7320362019899893}, "造纸": {"turnover": 141.235289, "pct": 2.6099501762383164}, "能源金属": {"turnover": 429.772235, "pct": 3.857341797553849}, "化学制药": {"turnover": 883.9016, "pct": 1.4792619164281122}, "其他电源设备": {"turnover": 1104.78477, "pct": 1.730987567566843}, "通信设备": {"turnover": 4200.83328, "pct": 5.391265459953672}, "计算机设备": {"turnover": 877.2564, "pct": 2.191839695462179}, "其他电子": {"turnover": 525.89255, "pct": 3.3748477770431724}, "综合": {"turnover": 669.11894, "pct": 0.32535244097707633}, "建筑装饰": {"turnover": 1545.02736, "pct": 1.9392177496337124}, "塑料制品": {"turnover": 572.49133, "pct": 3.0350146257525856}, "养殖业": {"turnover": 290.648448, "pct": 0.7727235478608023}, "贸易": {"turnover": 72.957429, "pct": 1.594411603000859}, "互联网电商": {"turnover": 81.630212, "pct": 0.5874220525864366}, "种植业与林业": {"turnover": 455.634625, "pct": 1.3865397721750252}, "医疗器械": {"turnover": 567.53445, "pct": 2.267193932811674}, "橡胶制品": {"turnover": 116.703732, "pct": 2.4543879690412016}, "环保设备": {"turnover": 137.787354, "pct": 1.3769224028243592}, "环境治理": {"turnover": 632.34259, "pct": 1.4447629793142827}, "化学制品": {"turnover": 1533.42645, "pct": 1.459602923987331}, "农产品加工": {"turnover": 264.379128, "pct": -0.2932921463624157}, "中药": {"turnover": 232.970116, "pct": 1.064539041086936}, "服装家纺": {"turnover": 225.33683, "pct": 1.5600851798372533}, "家居用品": {"turnover": 281.936262, "pct": 1.7415766285556977}, "轨交设备": {"turnover": 122.200485, "pct": 1.7446616386024678}, "其他社会服务": {"turnover": 168.382039, "pct": 1.4911936787363553}, "汽车服务及其他": {"turnover": 89.860959, "pct": 1.417478131704913}, "电机": {"turnover": 193.55266, "pct": 2.199178170737344}, "通用设备": {"turnover": 2328.6233, "pct": 2.679389366042182}, "消费电子": {"turnover": 1875.4276, "pct": 2.7870918351065335}, "纺织制造": {"turnover": 109.170712, "pct": 1.5144624870860217}, "旅游及酒店": {"turnover": 117.68253, "pct": 1.3599830198789158}, "黑色家电": {"turnover": 151.636037, "pct": 2.856599261963989}, "饮料制造": {"turnover": 159.19523, "pct": 0.8858574419360447}, "汽车整车": {"turnover": 527.107154, "pct": 2.375470051379094}, "医药商业": {"turnover": 110.279991, "pct": 0.5173143835490452}, "房地产": {"turnover": 402.175692, "pct": 1.444317931233347}, "汽车零部件": {"turnover": 1815.31628, "pct": 2.1753133973755214}, "厨卫电器": {"turnover": 27.7163723, "pct": 0.6112370198656943}, "公路铁路运输": {"turnover": 136.813569, "pct": 1.0220101671188693}, "小家电": {"turnover": 66.509019, "pct": 1.1764763822521551}, "美容护理": {"turnover": 126.647719, "pct": 2.0750382551218784}, "文化传媒": {"turnover": 812.52449, "pct": 0.31563952616584173}, "教育": {"turnover": 53.074788, "pct": 0.4882368545357925}, "包装印刷": {"turnover": 303.280486, "pct": 1.8813048341663627}, "食品加工制造": {"turnover": 220.504722, "pct": 0.6410558458265756}, "物流": {"turnover": 221.579663, "pct": 1.2938320108373624}, "白色家电": {"turnover": 420.92772, "pct": 2.0302642479310453}, "专用设备": {"turnover": 1538.0127, "pct": 1.3891987627409494}, "自动化设备": {"turnover": 1347.08958, "pct": 2.5208361343645787}, "半导体": {"turnover": 4997.4716, "pct": 2.2439785889781927}, "建筑材料": {"turnover": 585.66445, "pct": 1.2592877504483433}, "电子化学品": {"turnover": 724.82484, "pct": 3.750739624095988}, "游戏": {"turnover": 475.80716, "pct": 0.7222766367226584}, "零售": {"turnover": 358.153874, "pct": 0.9332104182707073}, "煤炭开采加工": {"turnover": 754.64631, "pct": -0.5913854497315598}, "多元金融": {"turnover": 311.666818, "pct": 0.12715738278548963}, "证券": {"turnover": 668.37593, "pct": 0.9345000424772716}, "银行": {"turnover": 742.34784, "pct": 1.0030783649173094}, "工程机械": {"turnover": 295.966863, "pct": 2.217749854415601}, "白酒": {"turnover": 262.926373, "pct": 0.5967510177204113}, "军工电子": {"turnover": 1355.82675, "pct": 1.577453116137922}, "光学光电子": {"turnover": 1570.45803, "pct": 2.717608906569681}, "保险": {"turnover": 220.840487, "pct": 1.689571579496483}, "影视院线": {"turnover": 193.685569, "pct": -0.6969383711729681}, "贵金属": {"turnover": 653.77867, "pct": -1.418097994209354}, "钢铁": {"turnover": 577.92935, "pct": -0.9849480269190433}, "机场航运": {"turnover": 230.296685, "pct": 0.2996870955070583}, "金属新材料": {"turnover": 318.127694, "pct": 1.4864230553910665}, "港口航运": {"turnover": 637.41397, "pct": 0.6927474219921672}, "军工装备": {"turnover": 1906.29657, "pct": -0.23187960577222075}, "工业金属": {"turnover": 1649.86904, "pct": 0.6182820942347049}, "石油加工贸易": {"turnover": 769.15178, "pct": -1.4901891165382415}, "小金属": {"turnover": 1468.76797, "pct": -0.5657166350213574}, "燃气": {"turnover": 302.063803, "pct": -1.5106174983735576}, "油气开采及服务": {"turnover": 1271.20667, "pct": -5.18369392856513}}