{"油气开采及服务": {"turnover": 3552.4802678, "pct": 20.354608167672524}, "小金属": {"turnover": 11021.12179, "pct": 15.247430261558021}, "贵金属": {"turnover": 6636.104937, "pct": 12.013273540184157}, "元件": {"turnover": 9980.1308474, "pct": 4.1108772471287205}, "光伏设备": {"turnover": 16922.41556, "pct": 12.382003498632791}, "能源金属": {"turnover": 3521.144778, "pct": 11.645331925280821}, "非金属材料": {"turnover": 850.267741, "pct": 5.577493831067656}, "电子化学品": {"turnover": 4484.20121, "pct": 6.1245652729779465}, "农化制品": {"turnover": 5215.35552, "pct": 7.395725714126154}, "钢铁": {"turnover": 3598.028716, "pct": 5.683019545816826}, "通信设备": {"turnover": 25171.2462952, "pct": 4.6093288614695505}, "建筑材料": {"turnover": 5449.82511, "pct": 5.792902286404003}, "环保设备": {"turnover": 723.03083737, "pct": 5.5606127133376875}, "造纸": {"turnover": 843.6995378, "pct": 6.162532266347443}, "工业金属": {"turnover": 18111.12507, "pct": 6.345471164118203}, "煤炭开采加工": {"turnover": 2930.078686, "pct": 7.504058811033907}, "化学原料": {"turnover": 3997.20643, "pct": 6.178059940612416}, "通信服务": {"turnover": 6618.0859236, "pct": 3.625906354174429}, "石油加工贸易": {"turnover": 2256.55088635, "pct": 5.7355272989310135}, "种植业与林业": {"turnover": 2347.849299, "pct": 5.775651994117769}, "化学制品": {"turnover": 9547.09039, "pct": 5.094802117323616}, "其他电源设备": {"turnover": 3788.63678, "pct": 1.775477612839944}, "自动化设备": {"turnover": 7168.2064017, "pct": 2.846271530141508}, "通用设备": {"turnover": 15489.0383295, "pct": 2.0492649267204683}, "光学光电子": {"turnover": 8232.42998, "pct": 2.6068742697576455}, "金属新材料": {"turnover": 2566.135018, "pct": 2.1616597239693442}, "港口航运": {"turnover": 2153.455756, "pct": 4.835254304194617}, "其他电子": {"turnover": 3871.6111, "pct": 0.907441225518211}, "综合": {"turnover": 2897.886063, "pct": 4.052453973989515}, "消费电子": {"turnover": 13152.4760258, "pct": 1.5429872771740527}, "军工装备": {"turnover": 14697.82075, "pct": -0.33130298430943544}, "环境治理": {"turnover": 3095.415781, "pct": 3.3462069931885954}, "电网设备": {"turnover": 12141.40946, "pct": 4.8485996525049035}, "专用设备": {"turnover": 9281.2912754, "pct": 0.8653004613007571}, "风电设备": {"turnover": 3778.543812, "pct": -0.4939868134914641}, "电力": {"turnover": 7173.06141, "pct": 2.4223747793333033}, "半导体": {"turnover": 39786.22434, "pct": 1.0214887714738747}, "房地产": {"turnover": 4166.25201, "pct": 4.195203109767545}, "建筑装饰": {"turnover": 7612.1515003, "pct": 1.1975352510475537}, "塑料制品": {"turnover": 3804.96501, "pct": 0.8290021650503153}, "橡胶制品": {"turnover": 736.097355, "pct": 1.1440329179294189}, "服装家纺": {"turnover": 2460.391561, "pct": 1.4020357958366025}, "贸易": {"turnover": 637.950402, "pct": 0.462455539084992}, "纺织制造": {"turnover": 888.506229, "pct": 1.9056848403119921}, "电池": {"turnover": 12507.86898, "pct": 2.4937735687391207}, "轨交设备": {"turnover": 824.388334, "pct": -0.9654463708096556}, "家居用品": {"turnover": 2118.551359, "pct": 1.4490469050479833}, "文化传媒": {"turnover": 13773.4718772, "pct": 2.1580751076157623}, "燃气": {"turnover": 936.597619, "pct": -0.12709256115500134}, "中药": {"turnover": 2452.763627, "pct": 1.603285956133908}, "影视院线": {"turnover": 3744.59364106, "pct": 2.3821836548228146}, "化学纤维": {"turnover": 1358.92366, "pct": 1.1398148148148046}, "其他社会服务": {"turnover": 1299.072064, "pct": -0.585232050358393}, "工程机械": {"turnover": 2117.071262, "pct": 0.744725543015059}, "军工电子": {"turnover": 8714.88857, "pct": -1.4205185110616072}, "物流": {"turnover": 1391.981887, "pct": -0.16405756466789956}, "包装印刷": {"turnover": 2078.11186, "pct": 0.603720949617468}, "IT服务": {"turnover": 13881.46591, "pct": -1.0783464580961788}, "计算机设备": {"turnover": 5522.25269, "pct": -1.3138563168172126}, "养殖业": {"turnover": 1776.256694, "pct": 0.011859263891784667}, "汽车零部件": {"turnover": 14363.451, "pct": -1.579696800852514}, "公路铁路运输": {"turnover": 907.060063, "pct": 0.5056769921475581}, "黑色家电": {"turnover": 830.316274, "pct": -1.223879910607169}, "银行": {"turnover": 6233.82934488, "pct": 1.3807458339361967}, "白色家电": {"turnover": 4348.04928, "pct": -1.5214424510018496}, "美容护理": {"turnover": 1028.794446, "pct": -0.3297948325180679}, "多元金融": {"turnover": 1676.076025, "pct": -1.0180140922161034}, "汽车整车": {"turnover": 3043.806134, "pct": -0.22750559573907603}, "汽车服务及其他": {"turnover": 627.721502, "pct": -1.8481340195250378}, "互联网电商": {"turnover": 903.375003, "pct": -2.41639184028407}, "医疗服务": {"turnover": 3889.37769, "pct": -1.4399692307195484}, "生物制品": {"turnover": 2156.9831357, "pct": -0.3062298851292273}, "医疗器械": {"turnover": 3861.04967898, "pct": -1.8149290045500606}, "厨卫电器": {"turnover": 197.6628866, "pct": -0.8949451563566823}, "电机": {"turnover": 1812.121339, "pct": -4.440151952312282}, "教育": {"turnover": 593.476213, "pct": -0.8750076782415226}, "农产品加工": {"turnover": 1258.83358, "pct": -1.5182431340117308}, "化学制药": {"turnover": 6221.83589, "pct": -1.4946573834764796}, "证券": {"turnover": 6535.98324581, "pct": -1.3027545919075263}, "白酒": {"turnover": 4484.175627, "pct": 0.27816110881975514}, "饮料制造": {"turnover": 1605.91068457, "pct": -1.9982696674073177}, "软件开发": {"turnover": 12410.36864, "pct": -3.9279970716252195}, "医药商业": {"turnover": 1333.7576656, "pct": -3.0778450329214793}, "小家电": {"turnover": 549.419122523, "pct": -2.963395819940595}, "游戏": {"turnover": 4762.14724996, "pct": -2.233498828593904}, "机场航运": {"turnover": 1129.799898, "pct": -3.435017150958044}, "食品加工制造": {"turnover": 1804.827372, "pct": -3.993890895026934}, "旅游及酒店": {"turnover": 1342.614751, "pct": -4.042281790184208}, "零售": {"turnover": 4212.10226, "pct": -3.5732794893372484}, "保险": {"turnover": 2461.818952, "pct": -1.6023714051202613}}