{"油气开采及服务": {"turnover": 5958.121311, "pct": 19.454645422341617}, "风电设备": {"turnover": 4461.789332, "pct": 12.31060768068905}, "电力": {"turnover": 12698.77048, "pct": 10.752260830173501}, "煤炭开采加工": {"turnover": 3841.600974, "pct": 7.905006573765132}, "元件": {"turnover": 12929.59191, "pct": 5.856731141092579}, "农化制品": {"turnover": 7351.99203, "pct": 6.159481271004842}, "化学原料": {"turnover": 5802.69349, "pct": 3.994802912309924}, "电网设备": {"turnover": 15478.18605, "pct": 5.808418871003201}, "港口航运": {"turnover": 3983.449775, "pct": 4.096523096209694}, "环保设备": {"turnover": 824.89073, "pct": 3.994031110148389}, "种植业与林业": {"turnover": 2757.182063, "pct": 5.118200931616972}, "电子化学品": {"turnover": 4754.93898, "pct": -0.16513383096531}, "能源金属": {"turnover": 3159.995438, "pct": 2.071659436805757}, "非金属材料": {"turnover": 978.201595, "pct": 3.052944987906054}, "化学纤维": {"turnover": 1689.722872, "pct": 1.8666900370922384}, "小金属": {"turnover": 11107.66245, "pct": -1.2233810751371086}, "其他电源设备": {"turnover": 5339.54785, "pct": 1.4141069455357285}, "钢铁": {"turnover": 4292.91038, "pct": 0.4696286289718311}, "燃气": {"turnover": 1569.180903, "pct": 3.5884504413785634}, "环境治理": {"turnover": 3729.694931, "pct": 1.5290040925746375}, "建筑装饰": {"turnover": 8924.99312, "pct": 0.8536999151632831}, "银行": {"turnover": 4970.06097, "pct": 0.8610222294532754}, "石油加工贸易": {"turnover": 3756.329746, "pct": -0.6795793597592881}, "综合": {"turnover": 2924.538039, "pct": -0.34332913523950415}, "电池": {"turnover": 13565.45276, "pct": 0.23163434169944505}, "造纸": {"turnover": 930.223338, "pct": -1.200345822467904}, "光学光电子": {"turnover": 8973.95589, "pct": -0.5479255737523031}, "其他电子": {"turnover": 3195.924063, "pct": -1.909354438357929}, "公路铁路运输": {"turnover": 865.31175, "pct": -0.4630197914902251}, "黑色家电": {"turnover": 885.455638, "pct": -4.860641978952261}, "橡胶制品": {"turnover": 753.509835, "pct": -0.7724798688434122}, "贵金属": {"turnover": 5012.44388, "pct": -1.51970271158529}, "塑料制品": {"turnover": 3740.53195, "pct": -1.5066085968845107}, "通信服务": {"turnover": 6911.74803, "pct": -4.374944608313689}, "物流": {"turnover": 1448.374286, "pct": -1.4550180615182313}, "养殖业": {"turnover": 1684.24936, "pct": -0.2765701821278759}, "光伏设备": {"turnover": 13425.44867, "pct": -2.2374995251191896}, "计算机设备": {"turnover": 5030.40464, "pct": -2.0139576726105313}, "厨卫电器": {"turnover": 208.644273, "pct": -0.9079737487050703}, "化学制品": {"turnover": 9491.93192, "pct": -2.544500136627152}, "房地产": {"turnover": 3022.29112, "pct": -2.1760741513806106}, "多元金融": {"turnover": 1910.981637, "pct": -1.322043440669291}, "通信设备": {"turnover": 25015.57644, "pct": -4.116141557770828}, "农产品加工": {"turnover": 1307.748676, "pct": -1.702067063729749}, "通用设备": {"turnover": 14762.34923, "pct": -3.2804480218649528}, "消费电子": {"turnover": 11197.31297, "pct": -3.156926620186133}, "专用设备": {"turnover": 9387.17866, "pct": -3.3679145459392323}, "汽车整车": {"turnover": 3029.767312, "pct": -2.8098597523504405}, "生物制品": {"turnover": 1678.55847, "pct": -2.647533691637949}, "化学制药": {"turnover": 5434.51224, "pct": -2.9442973348129864}, "医疗器械": {"turnover": 3558.947938, "pct": -2.6580761117512126}, "半导体": {"turnover": 31974.62924, "pct": -4.0984276032545885}, "中药": {"turnover": 1616.459071, "pct": -2.66624874275659}, "轨交设备": {"turnover": 756.688948, "pct": -3.826861441365739}, "建筑材料": {"turnover": 4642.21226, "pct": -4.914325263013509}, "IT服务": {"turnover": 14626.02873, "pct": -6.679944873330748}, "其他社会服务": {"turnover": 1083.921182, "pct": -4.0688624169414735}, "互联网电商": {"turnover": 597.462808, "pct": -4.8126452449591755}, "贸易": {"turnover": 441.816403, "pct": -2.8068276712419626}, "工业金属": {"turnover": 12945.22811, "pct": -5.570064256788421}, "自动化设备": {"turnover": 8304.3055, "pct": -5.4511194582682085}, "汽车服务及其他": {"turnover": 539.047576, "pct": -4.696978450517067}, "旅游及酒店": {"turnover": 909.543958, "pct": -3.457291562254418}, "家居用品": {"turnover": 1806.294244, "pct": -4.42204445304552}, "金属新材料": {"turnover": 2233.034048, "pct": -7.225702098304806}, "包装印刷": {"turnover": 1890.961368, "pct": -6.067056976079279}, "教育": {"turnover": 431.314867, "pct": -5.647811145519667}, "白色家电": {"turnover": 2915.802501, "pct": -5.489246633351354}, "证券": {"turnover": 5026.77147, "pct": -4.981572045116824}, "小家电": {"turnover": 456.30993, "pct": -4.995417691309094}, "军工装备": {"turnover": 13774.41175, "pct": -5.316717411832179}, "电机": {"turnover": 1308.83978, "pct": -6.2413129191492684}, "汽车零部件": {"turnover": 11976.76998, "pct": -5.647387637387117}, "医药商业": {"turnover": 734.730208, "pct": -4.46916302607846}, "医疗服务": {"turnover": 3095.463167, "pct": -5.979937485811171}, "美容护理": {"turnover": 838.751183, "pct": -6.37426368517882}, "纺织制造": {"turnover": 735.468587, "pct": -6.562714844033232}, "工程机械": {"turnover": 1834.241231, "pct": -6.918451340365911}, "军工电子": {"turnover": 7977.72872, "pct": -6.092339500695967}, "饮料制造": {"turnover": 1128.085497, "pct": -4.6769527217975195}, "软件开发": {"turnover": 11208.2342, "pct": -8.776659075107137}, "服装家纺": {"turnover": 1668.933439, "pct": -5.603150318767939}, "食品加工制造": {"turnover": 1432.558184, "pct": -5.623307341218562}, "零售": {"turnover": 2877.069634, "pct": -6.6724317680497665}, "保险": {"turnover": 1669.333953, "pct": -8.968788957085446}, "文化传媒": {"turnover": 7186.05241, "pct": -13.42279182181928}, "游戏": {"turnover": 3526.933492, "pct": -13.681568100319325}, "白酒": {"turnover": 2276.866624, "pct": -7.712123710854442}, "机场航运": {"turnover": 1137.592091, "pct": -12.783657997468833}, "影视院线": {"turnover": 2729.519716, "pct": -24.371388434583437}}