{"影视院线": {"turnover": 2419.54377, "pct": 8.703732096433697}, "光伏设备": {"turnover": 9065.71832, "pct": 8.901351721387824}, "电网设备": {"turnover": 6098.3562, "pct": 6.073101318713592}, "自动化设备": {"turnover": 3502.59395, "pct": 3.8530875978625465}, "通信设备": {"turnover": 13888.0233, "pct": 3.5396631290360254}, "环保设备": {"turnover": 296.533275, "pct": 3.8168550684679703}, "其他电源设备": {"turnover": 1632.13318, "pct": 7.789342191491489}, "通信服务": {"turnover": 2937.90345, "pct": 7.004215829141022}, "造纸": {"turnover": 431.309104, "pct": 1.1124494641300706}, "电子化学品": {"turnover": 2014.28421, "pct": 3.1085337580640338}, "包装印刷": {"turnover": 1088.636189, "pct": 2.6807710215401586}, "通用设备": {"turnover": 7656.71157, "pct": 3.011038628416186}, "黑色家电": {"turnover": 366.766244, "pct": 3.7776553449917065}, "元件": {"turnover": 4626.49692, "pct": 3.252580450658228}, "综合": {"turnover": 1202.32704, "pct": 4.624928738134728}, "纺织制造": {"turnover": 444.293306, "pct": 2.718370323766064}, "消费电子": {"turnover": 6173.03166, "pct": 2.296883550426305}, "机场航运": {"turnover": 571.088056, "pct": 3.5519852216517505}, "轨交设备": {"turnover": 297.330181, "pct": 3.392038848231989}, "光学光电子": {"turnover": 3939.80273, "pct": 2.0819326287512525}, "电池": {"turnover": 5824.59673, "pct": 2.815437663082452}, "家居用品": {"turnover": 1085.659967, "pct": 0.9944566478496737}, "汽车零部件": {"turnover": 6738.08108, "pct": 1.4664812171722477}, "美容护理": {"turnover": 572.109376, "pct": 2.3458656156844806}, "银行": {"turnover": 3026.41783, "pct": 1.8656219350023873}, "煤炭开采加工": {"turnover": 1650.516105, "pct": 1.0444836120218024}, "教育": {"turnover": 243.605589, "pct": 3.9680128411749482}, "游戏": {"turnover": 2718.33651, "pct": 2.592967853962959}, "中药": {"turnover": 1292.785407, "pct": 1.6843416224792844}, "其他电子": {"turnover": 1725.67633, "pct": 0.87903886978254}, "汽车服务及其他": {"turnover": 270.103934, "pct": 2.2383208941137003}, "文化传媒": {"turnover": 7555.1572, "pct": 1.4232462461675552}, "专用设备": {"turnover": 4486.59733, "pct": 1.1248606280991273}, "电力": {"turnover": 3358.70761, "pct": 1.409395264347425}, "建筑材料": {"turnover": 2701.21216, "pct": 2.2278431280869335}, "IT服务": {"turnover": 5950.07831, "pct": 5.875524278998167}, "计算机设备": {"turnover": 2373.80634, "pct": 1.5639510750069683}, "非金属材料": {"turnover": 388.474772, "pct": 2.406718597481871}, "电机": {"turnover": 725.004673, "pct": 0.8445349737738892}, "化学制品": {"turnover": 4675.68279, "pct": 0.3588650877567362}, "汽车整车": {"turnover": 1441.982736, "pct": 2.346767078683364}, "建筑装饰": {"turnover": 2889.99327, "pct": 2.13757450123408}, "环境治理": {"turnover": 1318.451404, "pct": 2.5351475497113864}, "物流": {"turnover": 684.721885, "pct": 0.4565338925824603}, "化学纤维": {"turnover": 665.294269, "pct": 0.5619816950712546}, "港口航运": {"turnover": 1006.904966, "pct": 0.9746654620239458}, "塑料制品": {"turnover": 1776.50451, "pct": -0.013099289002779232}, "白色家电": {"turnover": 2024.01158, "pct": 0.3136410362642985}, "军工电子": {"turnover": 3680.8916, "pct": 2.530911924897806}, "工程机械": {"turnover": 897.737614, "pct": 4.230717148200873}, "厨卫电器": {"turnover": 93.8262068, "pct": 0.5711117627131131}, "医疗服务": {"turnover": 1878.12224, "pct": 1.1980688608375338}, "军工装备": {"turnover": 6657.48014, "pct": 1.6517249180458689}, "房地产": {"turnover": 2036.46106, "pct": 1.7336325969000688}, "公路铁路运输": {"turnover": 468.648042, "pct": -0.20685222282843468}, "橡胶制品": {"turnover": 351.286526, "pct": -1.3700093170355543}, "服装家纺": {"turnover": 1056.505619, "pct": 1.6199319722596246}, "化学制药": {"turnover": 2712.398, "pct": 2.9542447090869226}, "其他社会服务": {"turnover": 513.336346, "pct": 1.1646929380750057}, "小家电": {"turnover": 224.261411, "pct": 2.2821993143979444}, "化学原料": {"turnover": 1912.82079, "pct": -0.40650439705931707}, "软件开发": {"turnover": 5923.45082, "pct": 1.3236158938062808}, "医疗器械": {"turnover": 1681.342608, "pct": -0.5310223218122299}, "旅游及酒店": {"turnover": 705.419005, "pct": -1.0212417255308701}, "石油加工贸易": {"turnover": 875.927825, "pct": 4.239994138652061}, "零售": {"turnover": 2048.18619, "pct": 0.368257158832857}, "互联网电商": {"turnover": 450.669344, "pct": -0.8665955339771788}, "风电设备": {"turnover": 1812.395261, "pct": 0.3690066632154476}, "生物制品": {"turnover": 928.260647, "pct": -0.4943015860653112}, "多元金融": {"turnover": 757.002451, "pct": -0.5204474765643985}, "农化制品": {"turnover": 2301.77245, "pct": -2.178872402911083}, "证券": {"turnover": 2640.22524, "pct": 0.92932175793503}, "半导体": {"turnover": 17704.44954, "pct": -2.3663443887188222}, "食品加工制造": {"turnover": 897.632634, "pct": -0.9134970590533694}, "种植业与林业": {"turnover": 1364.927932, "pct": -6.046507884282714}, "金属新材料": {"turnover": 934.965807, "pct": 5.61011519947393}, "养殖业": {"turnover": 901.862784, "pct": -3.879613683435884}, "贸易": {"turnover": 273.507418, "pct": -2.2406297704495213}, "饮料制造": {"turnover": 752.344506, "pct": -0.895450336952369}, "钢铁": {"turnover": 1612.581816, "pct": -0.2613711562613356}, "医药商业": {"turnover": 563.641337, "pct": -1.4301777742588588}, "小金属": {"turnover": 4465.22089, "pct": 7.938667619075278}, "燃气": {"turnover": 331.971924, "pct": 0.8338865865418021}, "农产品加工": {"turnover": 527.582651, "pct": -0.48037145629572003}, "保险": {"turnover": 1041.172558, "pct": -3.2221103233791166}, "白酒": {"turnover": 2580.051409, "pct": -2.351256080093507}, "能源金属": {"turnover": 1501.752815, "pct": 0.9911712153783793}, "油气开采及服务": {"turnover": 1722.707964, "pct": -3.4117141866757703}, "工业金属": {"turnover": 6624.51679, "pct": 1.6584356912439246}, "贵金属": {"turnover": 3218.674587, "pct": -18.084903934218737}}