{"风电设备": {"turnover": 1240.89923, "pct": 8.404429487310608}, "电力": {"turnover": 4239.23318, "pct": 5.675986067074114}, "化学纤维": {"turnover": 471.942144, "pct": 4.812290963862128}, "通信服务": {"turnover": 1990.30794, "pct": 3.345002469335607}, "电网设备": {"turnover": 5553.29741, "pct": 1.1485047271571378}, "光学光电子": {"turnover": 2858.32889, "pct": 0.869144649687585}, "电池": {"turnover": 3952.54011, "pct": 4.440758786654376}, "化学原料": {"turnover": 1912.92116, "pct": 1.4007634655537597}, "计算机设备": {"turnover": 1367.68298, "pct": 2.083123414952593}, "塑料制品": {"turnover": 942.04022, "pct": 2.10607775753867}, "非金属材料": {"turnover": 307.761003, "pct": 2.4553624929960245}, "医疗服务": {"turnover": 805.75371, "pct": 0.5514078208716141}, "其他电源设备": {"turnover": 1821.44458, "pct": -0.8307492234994002}, "造纸": {"turnover": 228.668784, "pct": 1.3828057752452123}, "煤炭开采加工": {"turnover": 1191.3426, "pct": 6.244078811403871}, "光伏设备": {"turnover": 3884.18489, "pct": 4.317127375963045}, "软件开发": {"turnover": 3245.46825, "pct": 0.9870641467007174}, "IT服务": {"turnover": 4272.657, "pct": 0.9168702352343951}, "互联网电商": {"turnover": 137.208895, "pct": 0.7026877643875518}, "综合": {"turnover": 990.75323, "pct": -0.27656408175748715}, "化学制药": {"turnover": 1489.53089, "pct": 0.07297252457234461}, "橡胶制品": {"turnover": 184.740773, "pct": 1.8170706115695405}, "教育": {"turnover": 89.327209, "pct": -0.10413955723573935}, "通信设备": {"turnover": 6742.74916, "pct": 2.093035790873447}, "环保设备": {"turnover": 218.999426, "pct": 0.04473961005469135}, "生物制品": {"turnover": 464.102356, "pct": 0.23150043396694703}, "贸易": {"turnover": 122.535647, "pct": -0.6898956461881397}, "医疗器械": {"turnover": 944.73878, "pct": 0.5951584898387148}, "建筑装饰": {"turnover": 2662.30539, "pct": 0.8100897648903042}, "农化制品": {"turnover": 1949.35048, "pct": 0.4425130215570742}, "环境治理": {"turnover": 1058.22996, "pct": 0.08347411436275004}, "其他电子": {"turnover": 880.93296, "pct": 0.07799730037069008}, "黑色家电": {"turnover": 257.41534, "pct": -0.3672220532669394}, "化学制品": {"turnover": 2539.55536, "pct": -0.6501356005830586}, "轨交设备": {"turnover": 203.430772, "pct": -0.8226212200583662}, "汽车整车": {"turnover": 779.671291, "pct": 0.897260763310641}, "小家电": {"turnover": 110.242068, "pct": -0.4343908942528086}, "厨卫电器": {"turnover": 47.1634461, "pct": -0.24885118336993645}, "元件": {"turnover": 3149.58625, "pct": 0.6817972831387287}, "能源金属": {"turnover": 685.5956, "pct": 2.733464551958292}, "公路铁路运输": {"turnover": 228.096915, "pct": 0.7230682498123657}, "养殖业": {"turnover": 540.948437, "pct": 0.5945224748982981}, "多元金融": {"turnover": 525.713461, "pct": -0.3850460185325698}, "电机": {"turnover": 297.261932, "pct": -0.10595286938495478}, "服装家纺": {"turnover": 371.87595, "pct": -0.13734165173019505}, "电子化学品": {"turnover": 1155.33033, "pct": 1.993559007240062}, "汽车服务及其他": {"turnover": 140.99256, "pct": -0.8591479349675477}, "旅游及酒店": {"turnover": 195.409845, "pct": 0.37767420255583023}, "其他社会服务": {"turnover": 275.307531, "pct": -0.4956880313337699}, "中药": {"turnover": 384.218599, "pct": 0.15908614843771915}, "银行": {"turnover": 1192.17488, "pct": 1.4380764938559774}, "家居用品": {"turnover": 452.161708, "pct": -0.17035655383900775}, "房地产": {"turnover": 656.849509, "pct": -0.4132395431384078}, "医药商业": {"turnover": 179.073016, "pct": -0.8117135370646709}, "消费电子": {"turnover": 2870.16985, "pct": -0.13503521682430264}, "文化传媒": {"turnover": 1248.06866, "pct": -0.33060676160594876}, "纺织制造": {"turnover": 172.796035, "pct": -0.4296308931620186}, "通用设备": {"turnover": 3768.83147, "pct": -0.7911611259372947}, "包装印刷": {"turnover": 459.997078, "pct": -0.6640471115869836}, "自动化设备": {"turnover": 2303.79176, "pct": -0.7654394395352166}, "汽车零部件": {"turnover": 2959.34024, "pct": -0.8313174381570858}, "专用设备": {"turnover": 2461.68095, "pct": -1.293371259613334}, "农产品加工": {"turnover": 415.478775, "pct": -0.08858947413691179}, "物流": {"turnover": 363.070909, "pct": -0.4779146638802274}, "半导体": {"turnover": 7807.5867, "pct": -0.8298423495886437}, "游戏": {"turnover": 735.20501, "pct": -0.8930466221599339}, "零售": {"turnover": 594.898886, "pct": -0.9360425749443559}, "白色家电": {"turnover": 654.637081, "pct": -1.1224955549561555}, "饮料制造": {"turnover": 279.386762, "pct": -1.4227267457156494}, "证券": {"turnover": 1127.12431, "pct": -0.36943926328404536}, "白酒": {"turnover": 444.38636, "pct": -0.8286293051749025}, "食品加工制造": {"turnover": 361.65863, "pct": -1.4869256499143413}, "建筑材料": {"turnover": 950.15509, "pct": -0.9416379983151646}, "美容护理": {"turnover": 202.541781, "pct": -1.2988518414775545}, "钢铁": {"turnover": 975.78606, "pct": -0.6663512476619422}, "工程机械": {"turnover": 511.285428, "pct": -2.0824403168884986}, "保险": {"turnover": 355.244431, "pct": -0.9300487362721195}, "影视院线": {"turnover": 304.837141, "pct": -1.9810654601563966}, "工业金属": {"turnover": 2852.66705, "pct": 0.004275002522050558}, "种植业与林业": {"turnover": 774.342435, "pct": -0.23815388098654156}, "军工电子": {"turnover": 2168.82226, "pct": -2.378016787353573}, "金属新材料": {"turnover": 502.947712, "pct": -2.3218083520655663}, "港口航运": {"turnover": 1035.9359, "pct": -1.2713842457000812}, "机场航运": {"turnover": 339.005476, "pct": -3.2963363604128624}, "石油加工贸易": {"turnover": 1186.66881, "pct": -2.687736527045609}, "燃气": {"turnover": 495.208432, "pct": 0.09718021194169506}, "贵金属": {"turnover": 1054.64942, "pct": -1.051166399075794}, "军工装备": {"turnover": 3205.12972, "pct": -4.594332815226345}, "小金属": {"turnover": 2423.25175, "pct": -3.6061803613557255}, "油气开采及服务": {"turnover": 1998.35213, "pct": -2.050168159671784}}