{"风电设备": {"turnover": 859.65629, "pct": 6.055844925927749}, "煤炭开采加工": {"turnover": 691.62769, "pct": 6.59002877085922}, "电力": {"turnover": 2810.87828, "pct": 4.029628496915106}, "化学纤维": {"turnover": 316.068004, "pct": 5.399143353634109}, "电池": {"turnover": 2769.89252, "pct": 2.4631401210977466}, "光伏设备": {"turnover": 2627.4972, "pct": 1.563833752360684}, "通信服务": {"turnover": 1280.26008, "pct": -1.7145760956136433}, "能源金属": {"turnover": 392.015973, "pct": -0.03968959798180382}, "非金属材料": {"turnover": 190.515642, "pct": -0.5283155715603303}, "塑料制品": {"turnover": 626.09454, "pct": 0.3058379523409788}, "通信设备": {"turnover": 4286.9033, "pct": -0.6921336421682032}, "计算机设备": {"turnover": 882.23128, "pct": -0.8432066746795605}, "电子化学品": {"turnover": 745.58734, "pct": 0.32979565044889186}, "橡胶制品": {"turnover": 116.115368, "pct": 0.8657468580431139}, "银行": {"turnover": 702.06781, "pct": 1.8816606259482016}, "化学原料": {"turnover": 1113.64382, "pct": 4.581643158315791}, "造纸": {"turnover": 140.790916, "pct": -0.07095998312919025}, "电网设备": {"turnover": 3204.90154, "pct": -1.618431269035083}, "软件开发": {"turnover": 2004.0012, "pct": -1.7932611721223335}, "IT服务": {"turnover": 2633.13736, "pct": -2.1589892970150695}, "汽车整车": {"turnover": 450.411947, "pct": 0.5628078454867331}, "光学光电子": {"turnover": 1601.55749, "pct": -0.28763346163979364}, "建筑装饰": {"turnover": 1729.87153, "pct": -0.6316360328082009}, "公路铁路运输": {"turnover": 138.547042, "pct": 0.972768312217855}, "互联网电商": {"turnover": 80.636371, "pct": -1.1942960489291614}, "元件": {"turnover": 1931.85895, "pct": -2.0939045907016935}, "医疗器械": {"turnover": 551.38333, "pct": -0.6451151239837974}, "养殖业": {"turnover": 275.049017, "pct": 0.6362589233879523}, "医疗服务": {"turnover": 476.2562, "pct": -1.773454334970256}, "农化制品": {"turnover": 1082.25245, "pct": 2.295554156454398}, "旅游及酒店": {"turnover": 110.483389, "pct": -0.2912356366621346}, "生物制品": {"turnover": 274.725329, "pct": -1.5478592800677058}, "中药": {"turnover": 219.791862, "pct": -0.9748750685311366}, "燃气": {"turnover": 249.756625, "pct": 1.7418681399368605}, "环境治理": {"turnover": 612.61911, "pct": -0.5568649301320968}, "其他电子": {"turnover": 516.69835, "pct": -2.3115468427106145}, "化学制药": {"turnover": 850.83121, "pct": -1.2353102695724907}, "环保设备": {"turnover": 136.434645, "pct": -1.5230262785326}, "工业金属": {"turnover": 1575.52105, "pct": 0.5669126703374748}, "农产品加工": {"turnover": 213.607454, "pct": -0.6613581627712728}, "教育": {"turnover": 51.72434, "pct": -0.9361022937598138}, "电机": {"turnover": 186.559245, "pct": -2.0463959001401903}, "消费电子": {"turnover": 1797.3015, "pct": -1.8703823441009095}, "服装家纺": {"turnover": 217.35396, "pct": -0.8744400042424192}, "家居用品": {"turnover": 273.573285, "pct": -1.546006707757946}, "种植业与林业": {"turnover": 396.647945, "pct": 0.4434427577241512}, "厨卫电器": {"turnover": 25.3809893, "pct": -1.535439580352733}, "综合": {"turnover": 555.27196, "pct": -1.363579696695677}, "文化传媒": {"turnover": 767.95882, "pct": -1.5939766756210358}, "黑色家电": {"turnover": 146.145544, "pct": 0.13820560822259326}, "证券": {"turnover": 627.56168, "pct": 0.3645751950117334}, "多元金融": {"turnover": 305.814101, "pct": 0.583841703066866}, "房地产": {"turnover": 376.66467, "pct": -0.2090844716966678}, "纺织制造": {"turnover": 104.825308, "pct": -1.3283510492492339}, "小家电": {"turnover": 60.419083, "pct": -0.7493949790325624}, "物流": {"turnover": 201.959356, "pct": -0.3180815537984965}, "其他社会服务": {"turnover": 162.045905, "pct": -1.6271061287991815}, "化学制品": {"turnover": 1496.76181, "pct": -0.22287955430464793}, "包装印刷": {"turnover": 297.681903, "pct": -1.1198989697894837}, "钢铁": {"turnover": 588.66212, "pct": 0.8865562537968878}, "贸易": {"turnover": 70.573207, "pct": -0.781913402918101}, "自动化设备": {"turnover": 1412.87145, "pct": -1.6293963707652335}, "通用设备": {"turnover": 2279.95582, "pct": -2.220109242942517}, "医药商业": {"turnover": 99.792068, "pct": -0.9469566589902381}, "轨交设备": {"turnover": 118.835969, "pct": -1.776750830548553}, "白酒": {"turnover": 243.849091, "pct": -0.07511858699348466}, "半导体": {"turnover": 4646.9793, "pct": -2.799173885938578}, "其他电源设备": {"turnover": 1069.07268, "pct": -2.135225646463064}, "汽车零部件": {"turnover": 1760.1851, "pct": -1.424427020272038}, "汽车服务及其他": {"turnover": 80.695792, "pct": -1.1330561583745484}, "游戏": {"turnover": 480.20561, "pct": -2.0034765725147743}, "保险": {"turnover": 190.273965, "pct": -0.2521609937651757}, "零售": {"turnover": 349.400318, "pct": -1.0607196748780408}, "建筑材料": {"turnover": 580.22465, "pct": -1.1795976663380368}, "贵金属": {"turnover": 575.35209, "pct": -2.303278601676212}, "白色家电": {"turnover": 403.54493, "pct": -1.7163361174592082}, "港口航运": {"turnover": 548.8519, "pct": 0.7875128696873129}, "专用设备": {"turnover": 1458.71514, "pct": -2.06728150311083}, "美容护理": {"turnover": 114.072805, "pct": -1.501848368996307}, "饮料制造": {"turnover": 155.887934, "pct": -1.4059435121744313}, "食品加工制造": {"turnover": 195.215682, "pct": -1.4855768481095566}, "影视院线": {"turnover": 175.819463, "pct": -1.788857201504109}, "油气开采及服务": {"turnover": 1034.47917, "pct": 2.747234617663875}, "工程机械": {"turnover": 307.260449, "pct": -2.0564998736486664}, "金属新材料": {"turnover": 293.67611, "pct": -3.0283210571474233}, "军工电子": {"turnover": 1321.63018, "pct": -3.5169926947537657}, "石油加工贸易": {"turnover": 613.7003, "pct": 0.9561319918977594}, "机场航运": {"turnover": 175.990915, "pct": -1.230018002502521}, "小金属": {"turnover": 1409.16316, "pct": -3.815228414376891}, "军工装备": {"turnover": 1778.01888, "pct": -3.9962647085975673}}