{"影视院线": {"turnover": 944.36779, "pct": 24.941666424580728}, "煤炭开采加工": {"turnover": 875.72622, "pct": -1.7028362967618622}, "油气开采及服务": {"turnover": 791.419254, "pct": 0.15990270830149478}, "黑色家电": {"turnover": 126.127367, "pct": 4.3748319440709835}, "化学原料": {"turnover": 827.49136, "pct": 2.241027417662282}, "石油加工贸易": {"turnover": 449.241898, "pct": 2.0588287832475833}, "包装印刷": {"turnover": 574.054959, "pct": 4.08641606879056}, "银行": {"turnover": 1135.7136, "pct": 0.5733137061037769}, "小金属": {"turnover": 2203.40304, "pct": -0.2112089907926816}, "化学纤维": {"turnover": 284.986984, "pct": 1.0083308701367673}, "房地产": {"turnover": 1049.56205, "pct": 0.41996497408672145}, "游戏": {"turnover": 1324.16292, "pct": 5.900110808870079}, "中药": {"turnover": 774.869098, "pct": 2.481407544255107}, "建筑材料": {"turnover": 1277.68688, "pct": -0.695800603781133}, "美容护理": {"turnover": 309.271968, "pct": 2.5970912632219534}, "机场航运": {"turnover": 342.142247, "pct": -0.8666002439069506}, "农化制品": {"turnover": 967.49852, "pct": 0.5064072479802976}, "汽车整车": {"turnover": 645.997609, "pct": 1.2804864683573132}, "厨卫电器": {"turnover": 47.9861211, "pct": 1.739749602817772}, "纺织制造": {"turnover": 249.227219, "pct": 2.286178652954944}, "电子化学品": {"turnover": 973.86932, "pct": 1.6569696974554977}, "钢铁": {"turnover": 693.278786, "pct": -1.0265765596116643}, "非金属材料": {"turnover": 198.038427, "pct": 1.3859752704257655}, "光伏设备": {"turnover": 5264.83818, "pct": -1.290784402441559}, "环保设备": {"turnover": 172.874741, "pct": 2.3069400338074866}, "通信服务": {"turnover": 1135.2092, "pct": 6.1304686885632576}, "港口航运": {"turnover": 468.910187, "pct": 0.19745852806283287}, "物流": {"turnover": 350.224089, "pct": 1.4698603327942519}, "化学制药": {"turnover": 1566.01764, "pct": 1.993984817919595}, "造纸": {"turnover": 184.028101, "pct": 0.09027702581897085}, "化学制品": {"turnover": 2174.07709, "pct": 1.3504637054861737}, "服装家纺": {"turnover": 621.315855, "pct": 2.0748028409571035}, "汽车服务及其他": {"turnover": 117.467253, "pct": 0.3708801008037167}, "家居用品": {"turnover": 535.523346, "pct": 1.4896377649052444}, "IT服务": {"turnover": 3177.51834, "pct": 3.660188163611189}, "教育": {"turnover": 130.21337, "pct": 4.072315576424226}, "公路铁路运输": {"turnover": 226.66699, "pct": 0.6315812729386556}, "轨交设备": {"turnover": 162.355972, "pct": 0.8113296810471466}, "文化传媒": {"turnover": 3552.42797, "pct": 7.896106142087763}, "电池": {"turnover": 2783.9217, "pct": 0.6640323742238086}, "能源金属": {"turnover": 602.991585, "pct": -2.623698953306838}, "元件": {"turnover": 2278.86508, "pct": 2.502422948138629}, "综合": {"turnover": 566.261758, "pct": 1.8323070324356938}, "证券": {"turnover": 1445.01173, "pct": 0.33266506985780164}, "环境治理": {"turnover": 708.88102, "pct": 0.6475106367736162}, "塑料制品": {"turnover": 698.81547, "pct": 2.9334209016214228}, "通用设备": {"turnover": 3019.41479, "pct": 3.0004152888175883}, "零售": {"turnover": 1243.13277, "pct": 0.011735322666851327}, "白色家电": {"turnover": 987.05454, "pct": 0.9793274229549875}, "自动化设备": {"turnover": 1337.86702, "pct": 3.955265761298628}, "光学光电子": {"turnover": 2018.05298, "pct": 0.916532089897406}, "生物制品": {"turnover": 458.435798, "pct": 0.9080228679863834}, "旅游及酒店": {"turnover": 414.840914, "pct": 1.3949331339255808}, "软件开发": {"turnover": 2842.68208, "pct": 2.0235711074983467}, "橡胶制品": {"turnover": 157.742682, "pct": -0.3925958845493892}, "汽车零部件": {"turnover": 2580.23961, "pct": 1.6682100167023675}, "建筑装饰": {"turnover": 1555.25941, "pct": 0.20827396305169796}, "医疗服务": {"turnover": 772.04388, "pct": 1.7830113587287442}, "小家电": {"turnover": 127.269904, "pct": 0.5089148892257302}, "专用设备": {"turnover": 2109.52883, "pct": 0.4196229272722495}, "工程机械": {"turnover": 483.431922, "pct": -0.20601618206832853}, "医疗器械": {"turnover": 657.20321, "pct": 0.8647135440120542}, "电力": {"turnover": 1634.64988, "pct": -1.0411115311004975}, "风电设备": {"turnover": 730.44651, "pct": 1.9706755998701264}, "计算机设备": {"turnover": 1112.4691, "pct": 1.5875708146473755}, "农产品加工": {"turnover": 213.538987, "pct": -0.3869365151944118}, "食品加工制造": {"turnover": 528.231975, "pct": 0.28157419722161847}, "消费电子": {"turnover": 2948.51754, "pct": 1.3131873849326166}, "贸易": {"turnover": 110.601606, "pct": -0.3922545912230314}, "燃气": {"turnover": 142.2364, "pct": -0.24417302506727717}, "金属新材料": {"turnover": 451.109208, "pct": -0.11891912820462583}, "通信设备": {"turnover": 6542.1823, "pct": 1.8324955856306915}, "电机": {"turnover": 358.647239, "pct": 1.019215070900579}, "饮料制造": {"turnover": 445.46283, "pct": 0.04282221942696177}, "军工装备": {"turnover": 3300.79933, "pct": -0.5457258365705413}, "保险": {"turnover": 454.491941, "pct": 0.40837668226334517}, "养殖业": {"turnover": 398.906725, "pct": 0.0349047801307988}, "其他社会服务": {"turnover": 274.954199, "pct": 0.15138372966566532}, "军工电子": {"turnover": 2136.42093, "pct": 0.07062726175320008}, "多元金融": {"turnover": 371.867338, "pct": -0.4600346788300458}, "种植业与林业": {"turnover": 631.720033, "pct": -1.4827095189833222}, "其他电源设备": {"turnover": 840.91296, "pct": 0.8847423554743333}, "工业金属": {"turnover": 3393.82953, "pct": -2.670292288346527}, "电网设备": {"turnover": 2978.52664, "pct": -0.8441250986190177}, "医药商业": {"turnover": 310.379981, "pct": -0.9986403615785625}, "其他电子": {"turnover": 781.443087, "pct": 0.42948135771035034}, "互联网电商": {"turnover": 231.631847, "pct": 3.877866409868897}, "半导体": {"turnover": 7985.468, "pct": 0.8645670567769967}, "白酒": {"turnover": 1260.97523, "pct": -4.2942470744078065}, "贵金属": {"turnover": 1690.72855, "pct": -6.527747488342063}}