{"小金属": {"turnover": 4824.66637, "pct": 6.004788982780299}, "油气开采及服务": {"turnover": 1491.510275, "pct": 12.999927248714263}, "能源金属": {"turnover": 1318.387728, "pct": 5.328127715701184}, "电子化学品": {"turnover": 2023.17351, "pct": 6.284127917540111}, "农化制品": {"turnover": 2047.60361, "pct": 6.01835225207894}, "元件": {"turnover": 4122.37767, "pct": 7.363024827513337}, "非金属材料": {"turnover": 403.996706, "pct": 5.454309101481165}, "钢铁": {"turnover": 1462.650946, "pct": 3.011413529909667}, "煤炭开采加工": {"turnover": 1490.719093, "pct": 8.740005918417657}, "化学原料": {"turnover": 1732.85646, "pct": 5.457724065438715}, "金属新材料": {"turnover": 985.274973, "pct": 2.1038292098299083}, "电池": {"turnover": 5574.57097, "pct": 3.237149404792758}, "建筑材料": {"turnover": 2692.90868, "pct": 3.3669502860353155}, "环保设备": {"turnover": 325.743242, "pct": 5.111296165457927}, "化学纤维": {"turnover": 530.827172, "pct": 2.6085076118039616}, "光伏设备": {"turnover": 8656.09558, "pct": 0.6612331497238605}, "造纸": {"turnover": 430.232365, "pct": 3.8776539110457766}, "化学制品": {"turnover": 4271.66499, "pct": 3.218604700400686}, "石油加工贸易": {"turnover": 928.888741, "pct": 5.864410746092938}, "房地产": {"turnover": 1836.55658, "pct": 3.302083289722129}, "其他电源设备": {"turnover": 1872.62402, "pct": 3.4111459949585567}, "军工装备": {"turnover": 6765.65324, "pct": 2.641811038527284}, "综合": {"turnover": 1075.03213079, "pct": 3.6379942291195393}, "自动化设备": {"turnover": 3520.16999, "pct": 2.6365741250478325}, "通用设备": {"turnover": 7563.32387, "pct": 3.2460124657496627}, "消费电子": {"turnover": 5851.60889, "pct": 3.134204522389259}, "电网设备": {"turnover": 5192.2897683, "pct": 2.838439747892885}, "塑料制品": {"turnover": 1585.8304322, "pct": 2.665874590461291}, "港口航运": {"turnover": 996.456111, "pct": 3.1333575840982952}, "光学光电子": {"turnover": 3802.55429, "pct": 2.3176115230729395}, "半导体": {"turnover": 16325.59074, "pct": 1.270645598872409}, "环境治理": {"turnover": 1411.857401, "pct": 2.720085013825145}, "工程机械": {"turnover": 843.96018698, "pct": 0.5912699660334866}, "黑色家电": {"turnover": 366.553036, "pct": 4.449036280959242}, "专用设备": {"turnover": 4368.21423, "pct": 2.176103444213677}, "汽车整车": {"turnover": 1325.497664, "pct": 4.255203801273162}, "包装印刷": {"turnover": 1012.557828, "pct": 3.664924197892055}, "通信设备": {"turnover": 12972.66218, "pct": 1.6547564410643005}, "其他电子": {"turnover": 1387.88658036, "pct": 2.8024450996368775}, "工业金属": {"turnover": 6839.46818, "pct": 0.3155519214782899}, "军工电子": {"turnover": 3933.73185, "pct": -0.45947518691963407}, "橡胶制品": {"turnover": 308.7021295, "pct": 1.6439840030122697}, "计算机设备": {"turnover": 2342.45088, "pct": 2.118452353422614}, "轨交设备": {"turnover": 320.983988, "pct": 3.0811135932567697}, "建筑装饰": {"turnover": 3185.25501, "pct": 2.0794947336287786}, "电力": {"turnover": 3217.07359, "pct": 2.5565806704596836}, "厨卫电器": {"turnover": 82.3035448, "pct": 1.8603570417197728}, "美容护理": {"turnover": 545.740207, "pct": 1.4308414703254027}, "汽车零部件": {"turnover": 6642.34551, "pct": 2.4046113790808117}, "纺织制造": {"turnover": 470.530557, "pct": 2.192693676706103}, "物流": {"turnover": 564.674564, "pct": 1.4940381525996405}, "风电设备": {"turnover": 1677.256242, "pct": 0.669268280923939}, "中药": {"turnover": 1215.104774, "pct": 2.776517965988305}, "贸易": {"turnover": 183.980196, "pct": 0.9111522358661724}, "家居用品": {"turnover": 1020.617978, "pct": 2.4103482190739363}, "通信服务": {"turnover": 3293.73697, "pct": 1.4882307018770473}, "汽车服务及其他": {"turnover": 251.33295103, "pct": 1.9128294899362055}, "电机": {"turnover": 731.927904, "pct": 1.7776113834186085}, "医疗服务": {"turnover": 1631.4893431, "pct": -1.3599208140209869}, "IT服务": {"turnover": 6145.30417, "pct": 1.6545481097612589}, "燃气": {"turnover": 352.911419, "pct": 2.0709194922547107}, "其他社会服务": {"turnover": 551.210887, "pct": 0.4546474374888976}, "化学制药": {"turnover": 2812.29329, "pct": 0.9329293486984174}, "生物制品": {"turnover": 824.535692, "pct": 0.4416864346937881}, "多元金融": {"turnover": 715.502439, "pct": -0.8240163073691859}, "白色家电": {"turnover": 1862.91326, "pct": 1.6318340196425314}, "种植业与林业": {"turnover": 1078.223889, "pct": 0.3160170918937779}, "教育": {"turnover": 260.792128, "pct": 0.5335322071953136}, "小家电": {"turnover": 240.725162, "pct": 1.191217544296645}, "服装家纺": {"turnover": 965.195609, "pct": 0.3491864873035194}, "医疗器械": {"turnover": 1438.562525, "pct": -0.03217804846986508}, "游戏": {"turnover": 2685.32056, "pct": -1.0698127995341589}, "软件开发": {"turnover": 5875.49494, "pct": -1.4730028203200631}, "农产品加工": {"turnover": 509.787134, "pct": 0.4923832966301321}, "机场航运": {"turnover": 594.151625, "pct": -0.7305375513659207}, "公路铁路运输": {"turnover": 364.478951, "pct": -0.4424106686697667}, "零售": {"turnover": 2152.53022, "pct": -1.0776018866351}, "养殖业": {"turnover": 734.577101, "pct": -0.24882849852340816}, "医药商业": {"turnover": 507.519288, "pct": -1.38277262342481}, "证券": {"turnover": 2687.9808, "pct": -0.0848390912428167}, "银行": {"turnover": 2651.94905, "pct": 1.8908201559397029}, "影视院线": {"turnover": 2654.36786, "pct": -0.7692651284672789}, "文化传媒": {"turnover": 7040.68603, "pct": -2.729899263520737}, "互联网电商": {"turnover": 379.925794, "pct": -0.2579736786021749}, "饮料制造": {"turnover": 747.716289, "pct": -1.0231725908394638}, "食品加工制造": {"turnover": 925.467233, "pct": -1.5088788126996522}, "旅游及酒店": {"turnover": 717.587281, "pct": -2.9120567524478562}, "贵金属": {"turnover": 2568.43529, "pct": -2.347168196005621}, "保险": {"turnover": 783.8994, "pct": -4.668223610062318}, "白酒": {"turnover": 2081.064539, "pct": -6.8097582976689}}