{"小金属": {"turnover": 2224.07316, "pct": 8.213624029685443}, "油气开采及服务": {"turnover": 670.81583, "pct": 0.15420553910977303}, "能源金属": {"turnover": 729.29284, "pct": 2.4524408050585684}, "钢铁": {"turnover": 966.11592, "pct": 3.997223193229312}, "农化制品": {"turnover": 1389.00815, "pct": 1.4422931629805513}, "贵金属": {"turnover": 774.22323, "pct": 1.9773434668326657}, "元件": {"turnover": 2791.04135, "pct": 2.80098962673791}, "工业金属": {"turnover": 2251.9002, "pct": 2.145734232653479}, "电力": {"turnover": 1568.30914, "pct": 4.640283376708187}, "非金属材料": {"turnover": 162.379165, "pct": 1.3619494166046036}, "金属新材料": {"turnover": 506.21014, "pct": 2.1942447851293143}, "电子化学品": {"turnover": 933.02478, "pct": 1.1988986602020568}, "化学原料": {"turnover": 652.98889, "pct": 0.5881013204301798}, "电网设备": {"turnover": 2046.75342, "pct": 2.4099032592080243}, "环境治理": {"turnover": 611.91794, "pct": 2.7127696424396266}, "煤炭开采加工": {"turnover": 374.074296, "pct": 2.300229528962817}, "港口航运": {"turnover": 529.34383, "pct": 1.648071201795651}, "种植业与林业": {"turnover": 356.782205, "pct": 1.694983765343676}, "风电设备": {"turnover": 604.1012, "pct": 3.2988929477866114}, "环保设备": {"turnover": 155.888363, "pct": 2.369154442164572}, "燃气": {"turnover": 123.854059, "pct": 2.2472290623016526}, "其他电源设备": {"turnover": 775.94732, "pct": 3.113040323948157}, "化学制品": {"turnover": 1683.41722, "pct": 0.25834186245299434}, "贸易": {"turnover": 70.359669, "pct": 0.9171923441505612}, "塑料制品": {"turnover": 704.60286, "pct": 1.0281265315478016}, "通用设备": {"turnover": 2663.48745, "pct": 2.2986897911622157}, "物流": {"turnover": 241.508483, "pct": 1.6800935913888069}, "多元金融": {"turnover": 271.670727, "pct": 1.7536338833788991}, "建筑材料": {"turnover": 982.3404, "pct": -1.117652321361077}, "光学光电子": {"turnover": 1311.13409, "pct": 1.5630628842182681}, "石油加工贸易": {"turnover": 284.946052, "pct": 0.3728336978694978}, "建筑装饰": {"turnover": 1293.13546, "pct": 1.422037136041462}, "通信设备": {"turnover": 3863.77241, "pct": 2.391029717464113}, "军工装备": {"turnover": 1618.50065, "pct": 2.972440938084746}, "光伏设备": {"turnover": 1995.94123, "pct": 2.0285831946361887}, "专用设备": {"turnover": 1019.04254, "pct": -0.6847731126984933}, "军工电子": {"turnover": 1352.58416, "pct": 1.3751886487255165}, "化学纤维": {"turnover": 192.736847, "pct": -1.237146880747426}, "其他电子": {"turnover": 506.13984, "pct": 1.470522875446581}, "养殖业": {"turnover": 172.16324, "pct": -1.5194547969618395}, "农产品加工": {"turnover": 142.690334, "pct": 0.8412757896359989}, "半导体": {"turnover": 3952.5898, "pct": -2.980183266081516}, "电池": {"turnover": 2141.92009, "pct": -0.7988106557244208}, "橡胶制品": {"turnover": 115.945269, "pct": 0.3555661298582593}, "其他社会服务": {"turnover": 182.18067, "pct": 0.8286210631194333}, "消费电子": {"turnover": 2043.9458, "pct": 1.1415169043247122}, "厨卫电器": {"turnover": 23.7073295, "pct": 0.5950324879975902}, "轨交设备": {"turnover": 127.23686, "pct": 1.1139962356854598}, "综合": {"turnover": 353.972459, "pct": -0.39770593412516003}, "通信服务": {"turnover": 943.76764, "pct": 0.42511130090652216}, "纺织制造": {"turnover": 123.860484, "pct": 0.24255202825032213}, "自动化设备": {"turnover": 886.03544, "pct": -1.5926523244823632}, "医疗器械": {"turnover": 343.36853, "pct": 0.4793545696928892}, "计算机设备": {"turnover": 556.48986, "pct": -0.886547133470875}, "工程机械": {"turnover": 279.32783, "pct": -0.7083007962410468}, "中药": {"turnover": 252.553247, "pct": -0.10439354387821054}, "IT服务": {"turnover": 2556.92678, "pct": 3.0113095294341305}, "家居用品": {"turnover": 305.548778, "pct": -0.5616306005712018}, "美容护理": {"turnover": 142.406098, "pct": -0.3339654564354528}, "汽车服务及其他": {"turnover": 88.748787, "pct": 0.29835722084431093}, "服装家纺": {"turnover": 265.946671, "pct": 0.1627065629634975}, "公路铁路运输": {"turnover": 114.418871, "pct": 0.4312724404873035}, "医药商业": {"turnover": 72.961816, "pct": -0.8850961457892976}, "房地产": {"turnover": 599.51272, "pct": -2.0645667173591904}, "造纸": {"turnover": 170.225428, "pct": -1.229034697417976}, "汽车零部件": {"turnover": 2055.58467, "pct": 0.14544861782927074}, "生物制品": {"turnover": 282.192224, "pct": -0.4385402071379729}, "电机": {"turnover": 256.286352, "pct": 0.38490743826920526}, "食品加工制造": {"turnover": 210.547187, "pct": -0.09807628659050946}, "医疗服务": {"turnover": 439.88562, "pct": 0.0252747697251998}, "零售": {"turnover": 515.69843, "pct": -0.467798771062709}, "白色家电": {"turnover": 530.95965, "pct": 0.06428889926113852}, "化学制药": {"turnover": 844.01058, "pct": -0.3724005527273251}, "教育": {"turnover": 79.822024, "pct": 0.9623999726257345}, "包装印刷": {"turnover": 317.278061, "pct": 0.0955348168751539}, "饮料制造": {"turnover": 178.379467, "pct": -0.47428551980895284}, "小家电": {"turnover": 72.177039, "pct": -0.8779665813561823}, "证券": {"turnover": 882.62472, "pct": -0.3821788489936055}, "黑色家电": {"turnover": 121.287563, "pct": 0.4080126515550874}, "旅游及酒店": {"turnover": 142.272129, "pct": 0.8663460716324157}, "互联网电商": {"turnover": 89.716847, "pct": -0.026609958285765217}, "汽车整车": {"turnover": 382.265926, "pct": -1.5641325317296653}, "软件开发": {"turnover": 1595.05756, "pct": 1.4669259993092563}, "机场航运": {"turnover": 154.71887, "pct": -0.5893075804015873}, "银行": {"turnover": 683.10246, "pct": -0.06093566125670715}, "白酒": {"turnover": 340.235278, "pct": -1.3286051384168285}, "文化传媒": {"turnover": 1251.21827, "pct": -0.49906188980002286}, "游戏": {"turnover": 617.40176, "pct": -0.44877843734211764}, "保险": {"turnover": 283.976, "pct": -2.6803368669542413}, "影视院线": {"turnover": 469.096733, "pct": -2.8502568863535154}}