{"油气开采及服务": {"turnover": 3600.303385, "pct": 19.813919927821207}, "小金属": {"turnover": 11249.25477, "pct": 11.469562573739879}, "贵金属": {"turnover": 6514.274077, "pct": 7.075669374133277}, "元件": {"turnover": 10422.2317, "pct": 9.111518902219713}, "光伏设备": {"turnover": 16935.00627, "pct": 1.510865050030616}, "能源金属": {"turnover": 3603.402428, "pct": 2.546997341865112}, "非金属材料": {"turnover": 870.129085, "pct": 4.395071768901045}, "电子化学品": {"turnover": 4498.40726, "pct": 6.8556536902855765}, "钢铁": {"turnover": 3687.269316, "pct": 3.402710016195707}, "农化制品": {"turnover": 5405.9522, "pct": 5.543215054048756}, "通信设备": {"turnover": 25274.71535, "pct": 4.849053266180053}, "环保设备": {"turnover": 728.076611, "pct": 3.755900896950262}, "造纸": {"turnover": 857.459496, "pct": 5.659231805673681}, "建筑材料": {"turnover": 5453.40492, "pct": 3.3409014585607335}, "化学原料": {"turnover": 3974.33232, "pct": 3.81352123496637}, "工业金属": {"turnover": 18065.35635, "pct": 0.445982554705683}, "煤炭开采加工": {"turnover": 2907.884233, "pct": 6.766842104862919}, "石油加工贸易": {"turnover": 2203.623892, "pct": 3.0186494707446636}, "通信服务": {"turnover": 6804.48995, "pct": 3.6791553869396436}, "种植业与林业": {"turnover": 2371.890306, "pct": 4.3887199744374685}, "其他电源设备": {"turnover": 3851.74093, "pct": 3.0494882569641018}, "化学制品": {"turnover": 9581.24972, "pct": 3.2458733076477135}, "自动化设备": {"turnover": 7214.42675, "pct": 2.1606556960755845}, "其他电子": {"turnover": 3772.97503, "pct": 2.3445915940051614}, "通用设备": {"turnover": 15625.62498, "pct": 2.0596211291397903}, "环境治理": {"turnover": 3130.069281, "pct": 3.732489438969665}, "光学光电子": {"turnover": 8236.31488, "pct": 1.510907067974217}, "港口航运": {"turnover": 2246.858172, "pct": 5.074429823951526}, "金属新材料": {"turnover": 2578.192408, "pct": 1.739514827033433}, "军工装备": {"turnover": 14387.38801, "pct": -0.07290772428528637}, "电网设备": {"turnover": 12130.38682, "pct": 4.625473904185196}, "消费电子": {"turnover": 13024.36487, "pct": 1.5747633517063324}, "综合": {"turnover": 2836.56217, "pct": 2.0698949973210876}, "风电设备": {"turnover": 3788.401792, "pct": -0.16730483526124806}, "半导体": {"turnover": 38831.87524, "pct": 1.15099396868222}, "专用设备": {"turnover": 9281.06795, "pct": 0.36390647365313655}, "电力": {"turnover": 7200.59553, "pct": 2.8151899154157407}, "建筑装饰": {"turnover": 7526.42553, "pct": 0.5913497341636018}, "塑料制品": {"turnover": 3829.37072, "pct": -0.5367251471709967}, "房地产": {"turnover": 4103.05149, "pct": 0.7409670766175211}, "橡胶制品": {"turnover": 732.379245, "pct": -0.5790846178253533}, "服装家纺": {"turnover": 2432.767575, "pct": -0.6864859761500184}, "轨交设备": {"turnover": 807.439122, "pct": 0.2783816659549419}, "纺织制造": {"turnover": 889.560761, "pct": 0.1559076939167699}, "电池": {"turnover": 12626.72113, "pct": -2.193447534297631}, "贸易": {"turnover": 624.515436, "pct": -1.3805272930859145}, "家居用品": {"turnover": 2093.954867, "pct": -0.21360472116034376}, "燃气": {"turnover": 890.153539, "pct": -1.030952536317586}, "文化传媒": {"turnover": 13579.85939, "pct": -1.3887097948039762}, "中药": {"turnover": 2444.933036, "pct": 0.07211345850805297}, "工程机械": {"turnover": 2107.139134, "pct": -0.5446906425227245}, "化学纤维": {"turnover": 1340.76987, "pct": -0.21561782168027643}, "其他社会服务": {"turnover": 1268.204093, "pct": -1.7349513817440658}, "军工电子": {"turnover": 8636.8667, "pct": -4.238282343284953}, "物流": {"turnover": 1385.999715, "pct": -0.27350705823874594}, "影视院线": {"turnover": 3817.325602, "pct": -1.7573937424612416}, "包装印刷": {"turnover": 2054.486084, "pct": -1.4148100543800033}, "计算机设备": {"turnover": 5311.3046, "pct": -2.218448392776444}, "IT服务": {"turnover": 14020.67171, "pct": -2.589939049947351}, "汽车零部件": {"turnover": 14140.76515, "pct": -2.7612917715712153}, "养殖业": {"turnover": 1755.666151, "pct": -0.5563255823677812}, "黑色家电": {"turnover": 807.069883, "pct": -3.6296892109197176}, "银行": {"turnover": 6081.65218, "pct": 1.4298849667528235}, "公路铁路运输": {"turnover": 897.414759, "pct": -0.6351662488819179}, "白色家电": {"turnover": 4233.42039, "pct": -2.4176313023039597}, "汽车服务及其他": {"turnover": 620.766884, "pct": -2.9746606675144194}, "美容护理": {"turnover": 1030.865504, "pct": -1.8628047609984333}, "汽车整车": {"turnover": 3006.420544, "pct": -2.1357645878755367}, "多元金融": {"turnover": 1645.894095, "pct": -3.0671202830065845}, "互联网电商": {"turnover": 884.310951, "pct": -4.1753758053742045}, "农产品加工": {"turnover": 1241.379192, "pct": -2.087629980315438}, "医疗器械": {"turnover": 3835.963178, "pct": -4.099394119671912}, "电机": {"turnover": 1730.163101, "pct": -4.539127492322555}, "生物制品": {"turnover": 2162.53112, "pct": -2.5080882648497056}, "厨卫电器": {"turnover": 196.7288822, "pct": -2.7801599427028685}, "医疗服务": {"turnover": 3812.55121, "pct": -4.6636093606373485}, "教育": {"turnover": 581.182232, "pct": -3.151720150289216}, "化学制药": {"turnover": 6202.90886, "pct": -3.7379670030045977}, "证券": {"turnover": 6512.61599, "pct": -2.4881894390113706}, "饮料制造": {"turnover": 1582.470605, "pct": -2.994335041812788}, "白酒": {"turnover": 4463.275302, "pct": -0.8329761123482158}, "软件开发": {"turnover": 12222.83569, "pct": -6.124660813012586}, "医药商业": {"turnover": 1305.914327, "pct": -6.948155445817146}, "小家电": {"turnover": 536.777408, "pct": -4.69104308115043}, "游戏": {"turnover": 4779.91276, "pct": -5.205981638719261}, "机场航运": {"turnover": 1126.701409, "pct": -2.827960629632195}, "食品加工制造": {"turnover": 1787.640117, "pct": -4.966777484664975}, "旅游及酒店": {"turnover": 1324.432643, "pct": -5.04769817100565}, "零售": {"turnover": 4156.08269, "pct": -5.608482076977487}, "保险": {"turnover": 2454.019864, "pct": -2.209033055014689}}