{"风电设备": {"turnover": 1166.43691, "pct": 6.74450828594292}, "化学纤维": {"turnover": 423.716555, "pct": 1.7805254203213803}, "煤炭开采加工": {"turnover": 733.00979, "pct": 4.632966190001693}, "化学原料": {"turnover": 1228.20861, "pct": 1.0614252405100018}, "电池": {"turnover": 3049.2514, "pct": 0.07431109592293053}, "银行": {"turnover": 526.17463, "pct": 0.39600972623544983}, "农化制品": {"turnover": 952.07132, "pct": 2.321114725352}, "白酒": {"turnover": 281.330236, "pct": 0.2178730226972729}, "港口航运": {"turnover": 478.30414, "pct": -0.4715802912280023}, "养殖业": {"turnover": 277.288304, "pct": -0.13349818850288692}, "种植业与林业": {"turnover": 384.400767, "pct": -1.6868158299389293}, "油气开采及服务": {"turnover": 939.18302, "pct": -0.6068926405189867}, "公路铁路运输": {"turnover": 100.017874, "pct": -0.2850082892772234}, "黑色家电": {"turnover": 172.186891, "pct": -0.17229102389579462}, "旅游及酒店": {"turnover": 82.288387, "pct": 0.19316609216406733}, "房地产": {"turnover": 417.263067, "pct": -0.3145667939739026}, "汽车整车": {"turnover": 466.524203, "pct": -0.860060561305237}, "互联网电商": {"turnover": 81.734749, "pct": -0.583461242886587}, "厨卫电器": {"turnover": 26.8038442, "pct": 4.5282742671830505}, "电子化学品": {"turnover": 750.98346, "pct": -0.6593226249119061}, "橡胶制品": {"turnover": 126.499557, "pct": -0.7400648534473654}, "小家电": {"turnover": 68.609561, "pct": 0.43764384692306657}, "燃气": {"turnover": 231.612298, "pct": 0.6860515281707024}, "塑料制品": {"turnover": 666.02425, "pct": -0.814699556737351}, "医疗器械": {"turnover": 597.39332, "pct": -0.3960203962940866}, "电力": {"turnover": 3082.003, "pct": -0.49551812290917036}, "光伏设备": {"turnover": 2781.88179, "pct": -1.034672031405873}, "元件": {"turnover": 1916.87831, "pct": -2.633948187631935}, "农产品加工": {"turnover": 223.217688, "pct": -0.09903572129898464}, "食品加工制造": {"turnover": 198.622064, "pct": -1.334103081687918}, "零售": {"turnover": 366.701237, "pct": -0.9364750480827256}, "物流": {"turnover": 153.566466, "pct": -0.5508418040847505}, "建筑装饰": {"turnover": 2009.70875, "pct": -0.3992393748128783}, "证券": {"turnover": 646.28485, "pct": -0.6468634471327838}, "医药商业": {"turnover": 68.359008, "pct": 0.3094609937846641}, "化学制药": {"turnover": 551.16268, "pct": -0.5979925299451458}, "饮料制造": {"turnover": 164.733052, "pct": -0.9400245504432563}, "化学制品": {"turnover": 1627.4912, "pct": -1.0110073165195943}, "中药": {"turnover": 217.18212, "pct": -0.9988272424676139}, "石油加工贸易": {"turnover": 370.18121, "pct": -0.9081586527766434}, "美容护理": {"turnover": 69.235392, "pct": -0.0167751177150401}, "包装印刷": {"turnover": 176.951912, "pct": 0.7650882230917515}, "光学光电子": {"turnover": 1650.71459, "pct": -1.4719809609902952}, "教育": {"turnover": 54.815453, "pct": -1.0385590692124098}, "贸易": {"turnover": 46.061162, "pct": -0.9280050612959395}, "保险": {"turnover": 118.819524, "pct": -1.426078133367441}, "汽车服务及其他": {"turnover": 80.7956, "pct": -1.188712237901942}, "环保设备": {"turnover": 82.414646, "pct": 5.9761896868883655}, "多元金融": {"turnover": 317.989661, "pct": -1.9593983916942836}, "生物制品": {"turnover": 268.450039, "pct": -1.0385757808933098}, "医疗服务": {"turnover": 508.09863, "pct": -1.4698712835288406}, "环境治理": {"turnover": 439.1494, "pct": -2.404028204095917}, "服装家纺": {"turnover": 155.333048, "pct": -0.378646976064495}, "造纸": {"turnover": 90.928704, "pct": -1.5289433469229448}, "家居用品": {"turnover": 266.124782, "pct": -1.438855905258706}, "建筑材料": {"turnover": 578.87985, "pct": -1.0312646136492167}, "半导体": {"turnover": 4444.3982, "pct": -2.7081089623204253}, "白色家电": {"turnover": 396.005343, "pct": -1.6680564790330032}, "机场航运": {"turnover": 157.158479, "pct": -0.6866382054745137}, "纺织制造": {"turnover": 106.974493, "pct": -1.317465094392346}, "计算机设备": {"turnover": 567.28772, "pct": -2.6458130858666937}, "文化传媒": {"turnover": 691.37637, "pct": -2.587359618745938}, "影视院线": {"turnover": 104.105275, "pct": -0.8816883388315713}, "消费电子": {"turnover": 1003.0811, "pct": -1.0028119259458468}, "其他电子": {"turnover": 306.11613, "pct": -1.8421067389615136}, "综合": {"turnover": 480.1838, "pct": -2.0086561190841534}, "其他社会服务": {"turnover": 163.687116, "pct": -2.2165555146317373}, "汽车零部件": {"turnover": 1699.53893, "pct": -2.1488636384227657}, "钢铁": {"turnover": 637.437, "pct": 0.9725039845683988}, "轨交设备": {"turnover": 80.226829, "pct": -0.9236410312540525}, "通信设备": {"turnover": 4029.23885, "pct": -3.329549532535762}, "自动化设备": {"turnover": 1445.58345, "pct": -2.446921877145103}, "能源金属": {"turnover": 436.224108, "pct": -2.2853471398240335}, "非金属材料": {"turnover": 172.894447, "pct": -2.5792741157879817}, "游戏": {"turnover": 491.35595, "pct": -1.8277947075532204}, "专用设备": {"turnover": 1393.20042, "pct": -2.450995367549807}, "工程机械": {"turnover": 309.143508, "pct": -2.1764547822612355}, "电机": {"turnover": 167.288293, "pct": -2.3917044279072006}, "通用设备": {"turnover": 1351.65556, "pct": -0.8132638767396484}, "软件开发": {"turnover": 1719.88008, "pct": -3.3792298871091386}, "工业金属": {"turnover": 1733.54431, "pct": -1.896876626349429}, "通信服务": {"turnover": 1143.07009, "pct": -4.824850782000785}, "IT服务": {"turnover": 2379.68485, "pct": -3.746177932256763}, "其他电源设备": {"turnover": 1012.75776, "pct": -4.222064935684149}, "军工电子": {"turnover": 1223.10065, "pct": -5.1430962442429164}, "军工装备": {"turnover": 1674.95039, "pct": -4.339443099019842}, "电网设备": {"turnover": 2908.67031, "pct": -4.6482305926153265}, "金属新材料": {"turnover": 279.775744, "pct": -3.517081882735482}, "小金属": {"turnover": 1433.31046, "pct": -5.290749109225132}, "贵金属": {"turnover": 540.41219, "pct": -4.7672485405640295}}