{"化学纤维": {"turnover": 738.721045, "pct": 4.397272564816618}, "风电设备": {"turnover": 2005.44215, "pct": 4.415198845201552}, "银行": {"turnover": 1297.4344, "pct": 2.5147930126604727}, "房地产": {"turnover": 782.697587, "pct": 1.1420028708138983}, "汽车整车": {"turnover": 871.542843, "pct": 0.0036193226817825158}, "旅游及酒店": {"turnover": 211.641813, "pct": 0.7031862743662322}, "保险": {"turnover": 380.421241, "pct": 0.3233159978480087}, "电池": {"turnover": 4693.04869, "pct": -3.109080824408561}, "白酒": {"turnover": 597.461966, "pct": 1.3006922478903675}, "元件": {"turnover": 3482.76611, "pct": -3.9054062073793925}, "黑色家电": {"turnover": 261.851696, "pct": -1.5839550027476657}, "公路铁路运输": {"turnover": 235.071647, "pct": 0.1665185275152379}, "港口航运": {"turnover": 824.494, "pct": 0.37606157603568474}, "医疗器械": {"turnover": 1025.47449, "pct": -1.3146263999912942}, "互联网电商": {"turnover": 161.385105, "pct": 0.05155579289050865}, "生物制品": {"turnover": 446.470594, "pct": -1.1953566249027145}, "证券": {"turnover": 1286.87063, "pct": -0.43314147345794873}, "光伏设备": {"turnover": 4158.0662, "pct": -2.6135416517422}, "化学制药": {"turnover": 1429.6479, "pct": -1.0578228711968234}, "美容护理": {"turnover": 179.28185, "pct": -1.8291449956499464}, "厨卫电器": {"turnover": 69.5325592, "pct": -0.4580408643039301}, "小家电": {"turnover": 116.602584, "pct": -1.0759829209060057}, "建筑装饰": {"turnover": 3210.28407, "pct": -1.918154895042124}, "煤炭开采加工": {"turnover": 1141.00584, "pct": 0.49009812691187676}, "食品加工制造": {"turnover": 373.751448, "pct": -0.7617221800847999}, "环保设备": {"turnover": 226.265475, "pct": -1.557306743861907}, "中药": {"turnover": 369.845011, "pct": -1.2793117522952147}, "养殖业": {"turnover": 473.440439, "pct": -1.0297287590336086}, "零售": {"turnover": 634.698967, "pct": -1.2296171035149102}, "塑料制品": {"turnover": 1063.83703, "pct": -3.2464269301999713}, "农化制品": {"turnover": 2304.90471, "pct": -1.206485733677978}, "饮料制造": {"turnover": 283.316931, "pct": -1.278001306876355}, "其他电子": {"turnover": 892.11774, "pct": -3.697759555430279}, "包装印刷": {"turnover": 496.60075, "pct": -2.371796522030144}, "汽车服务及其他": {"turnover": 131.846272, "pct": -2.015416073693812}, "白色家电": {"turnover": 658.291606, "pct": -2.623224879464177}, "医药商业": {"turnover": 183.162792, "pct": -1.2318566849816928}, "化学原料": {"turnover": 2024.8548, "pct": -2.361835663331309}, "家居用品": {"turnover": 451.540755, "pct": -2.4371444991134807}, "电子化学品": {"turnover": 1211.13457, "pct": -4.382263496107941}, "造纸": {"turnover": 226.829263, "pct": -3.4286948029411626}, "物流": {"turnover": 358.180705, "pct": -2.1906160551033533}, "机场航运": {"turnover": 275.614888, "pct": -1.3152936291534059}, "橡胶制品": {"turnover": 210.834995, "pct": -3.3984908328279495}, "服装家纺": {"turnover": 376.723837, "pct": -2.563243523193804}, "种植业与林业": {"turnover": 678.870705, "pct": -2.509020619539131}, "多元金融": {"turnover": 581.094905, "pct": -1.4330297482483938}, "半导体": {"turnover": 7743.573, "pct": -3.4916287952872063}, "医疗服务": {"turnover": 872.39409, "pct": -3.2652762393726733}, "电力": {"turnover": 4691.85817, "pct": -3.4497038363917154}, "建筑材料": {"turnover": 988.91056, "pct": -2.611842608961006}, "汽车零部件": {"turnover": 2796.95159, "pct": -3.612053485120479}, "消费电子": {"turnover": 2688.74383, "pct": -4.243088773256895}, "计算机设备": {"turnover": 1313.97247, "pct": -3.737613260427707}, "光学光电子": {"turnover": 2536.1412, "pct": -4.251857245316518}, "贸易": {"turnover": 119.555355, "pct": -3.4466183697856}, "环境治理": {"turnover": 1041.85092, "pct": -3.333680987837257}, "教育": {"turnover": 86.757683, "pct": -2.4375471046351045}, "游戏": {"turnover": 740.51159, "pct": -2.8099091279523964}, "其他社会服务": {"turnover": 279.877678, "pct": -3.6120133455842036}, "化学制品": {"turnover": 2663.00538, "pct": -3.6386764750948117}, "综合": {"turnover": 722.648463, "pct": -2.6162393650348488}, "纺织制造": {"turnover": 167.480026, "pct": -3.7831989028079938}, "文化传媒": {"turnover": 1114.36659, "pct": -2.68900310422064}, "工程机械": {"turnover": 485.79399, "pct": -4.580957830562076}, "自动化设备": {"turnover": 2248.29021, "pct": -5.077386104039521}, "轨交设备": {"turnover": 191.965271, "pct": -4.432842150767233}, "电机": {"turnover": 265.521675, "pct": -4.885766277605203}, "能源金属": {"turnover": 729.318809, "pct": -6.535888516739885}, "农产品加工": {"turnover": 390.464383, "pct": -2.7345757679182334}, "专用设备": {"turnover": 2299.65396, "pct": -4.40542185237844}, "燃气": {"turnover": 335.041879, "pct": -1.7285237988258169}, "通信设备": {"turnover": 6447.21882, "pct": -8.233668346790605}, "影视院线": {"turnover": 248.285328, "pct": -2.6178102737393893}, "通用设备": {"turnover": 3434.05501, "pct": -5.834219827363764}, "钢铁": {"turnover": 1048.82788, "pct": -2.380667412713519}, "非金属材料": {"turnover": 259.362599, "pct": -7.360624701311084}, "软件开发": {"turnover": 2706.42232, "pct": -4.965475084619472}, "通信服务": {"turnover": 1642.82294, "pct": -6.0090247021391265}, "工业金属": {"turnover": 2953.36866, "pct": -6.004554832098025}, "IT服务": {"turnover": 3416.36916, "pct": -5.5970935213555135}, "石油加工贸易": {"turnover": 828.781338, "pct": -4.021038187588365}, "军工电子": {"turnover": 1780.88477, "pct": -7.182885428042356}, "金属新材料": {"turnover": 441.849818, "pct": -7.39946487143734}, "军工装备": {"turnover": 2618.45592, "pct": -6.324668204558676}, "其他电源设备": {"turnover": 1482.68465, "pct": -8.543265295826002}, "油气开采及服务": {"turnover": 1418.72645, "pct": -2.2367278976962237}, "电网设备": {"turnover": 4296.14509, "pct": -8.464848886854861}, "贵金属": {"turnover": 907.19418, "pct": -7.617004317729716}, "小金属": {"turnover": 2164.88135, "pct": -9.001737169476915}}