{"通信服务": {"turnover": 1039.10213, "pct": 4.7862269499887455}, "电网设备": {"turnover": 3446.0087, "pct": 4.4255715294197975}, "IT服务": {"turnover": 1639.51964, "pct": 2.9081303819111}, "其他电源设备": {"turnover": 1050.58728, "pct": 2.0225540956833594}, "软件开发": {"turnover": 1743.6403, "pct": 3.014137022631062}, "医疗服务": {"turnover": 468.30172, "pct": 2.917139687665654}, "综合": {"turnover": 435.48127, "pct": 0.9719698271274717}, "电力": {"turnover": 2145.01299, "pct": 3.1379006905414024}, "光学光电子": {"turnover": 1909.03048, "pct": -2.1308649317305637}, "互联网电商": {"turnover": 76.723355, "pct": 2.872001365671219}, "教育": {"turnover": 37.602869, "pct": 0.15829448754740663}, "计算机设备": {"turnover": 725.65413, "pct": 1.5127416186106066}, "环保设备": {"turnover": 128.200062, "pct": 1.6258888505350315}, "造纸": {"turnover": 125.234133, "pct": 1.3572290484035128}, "风电设备": {"turnover": 565.28152, "pct": 2.008960111264491}, "贸易": {"turnover": 51.96244, "pct": -1.1470930438600746}, "化学制药": {"turnover": 896.09304, "pct": 2.33452238782822}, "生物制品": {"turnover": 189.377027, "pct": -1.1177058051038888}, "文化传媒": {"turnover": 731.06886, "pct": 1.3813889237724384}, "厨卫电器": {"turnover": 34.8513597, "pct": 1.2250890327159945}, "其他电子": {"turnover": 364.23461, "pct": -0.550949903417326}, "轨交设备": {"turnover": 84.594803, "pct": -1.47912278956011}, "环境治理": {"turnover": 628.72198, "pct": 1.5479597046007711}, "建筑装饰": {"turnover": 1340.35131, "pct": 1.621835900259135}, "医疗器械": {"turnover": 558.18689, "pct": 1.1559693396986541}, "医药商业": {"turnover": 79.280948, "pct": -1.3765576917217552}, "其他社会服务": {"turnover": 113.261626, "pct": -0.4994918242169688}, "汽车服务及其他": {"turnover": 84.5498, "pct": 1.0228164174164742}, "塑料制品": {"turnover": 315.94568, "pct": -0.7020228464391767}, "游戏": {"turnover": 402.8125, "pct": 0.2864311929861112}, "中药": {"turnover": 164.426737, "pct": -0.1335616726093439}, "半导体": {"turnover": 3160.6074, "pct": -0.950101576504113}, "多元金融": {"turnover": 320.569316, "pct": 0.830816240106129}, "化学制品": {"turnover": 1449.68295, "pct": 1.4924374869721313}, "电池": {"turnover": 1729.53756, "pct": 0.5102723732574375}, "服装家纺": {"turnover": 154.52199, "pct": -0.6904261059111634}, "电机": {"turnover": 110.702687, "pct": -1.0417958867722419}, "橡胶制品": {"turnover": 68.625405, "pct": 0.6199064489339402}, "小家电": {"turnover": 70.462895, "pct": 0.5970817331417961}, "家居用品": {"turnover": 262.568993, "pct": 0.9598673264214456}, "消费电子": {"turnover": 1618.72234, "pct": -0.5408375058764884}, "包装印刷": {"turnover": 162.315175, "pct": -0.47408559682420315}, "通用设备": {"turnover": 1488.87565, "pct": -0.919170378508046}, "纺织制造": {"turnover": 101.259304, "pct": 0.7055432408957558}, "专用设备": {"turnover": 1518.45824, "pct": 0.13774577745792133}, "影视院线": {"turnover": 202.592275, "pct": 0.7458349415956792}, "非金属材料": {"turnover": 162.872147, "pct": 0.08177903472498028}, "光伏设备": {"turnover": 1796.08948, "pct": 2.0003560755071335}, "黑色家电": {"turnover": 131.627047, "pct": -0.7905457952360269}, "房地产": {"turnover": 280.184839, "pct": -1.2110968814829761}, "通信设备": {"turnover": 3988.49946, "pct": -1.56859172187058}, "汽车零部件": {"turnover": 1199.15514, "pct": -2.1242574029121113}, "能源金属": {"turnover": 421.992721, "pct": 0.05535224884278095}, "汽车整车": {"turnover": 329.259344, "pct": -1.2118886666206745}, "零售": {"turnover": 378.18002, "pct": 0.04550427177214275}, "饮料制造": {"turnover": 123.498828, "pct": -1.0722511259005607}, "旅游及酒店": {"turnover": 84.926456, "pct": -0.946194255739307}, "公路铁路运输": {"turnover": 131.908293, "pct": 0.7598283519866036}, "食品加工制造": {"turnover": 229.793725, "pct": 0.93087728997172}, "化学原料": {"turnover": 1079.20898, "pct": 2.5711402016371463}, "养殖业": {"turnover": 265.89942, "pct": -0.9273514564890957}, "化学纤维": {"turnover": 155.87414, "pct": -2.085869032785469}, "元件": {"turnover": 1884.36078, "pct": -1.4303875063537035}, "白色家电": {"turnover": 371.535385, "pct": -0.4826823454723018}, "物流": {"turnover": 236.137162, "pct": 0.26584088692475333}, "工程机械": {"turnover": 294.676026, "pct": -1.369791486828023}, "建筑材料": {"turnover": 562.92311, "pct": -0.08145453857022225}, "白酒": {"turnover": 284.535516, "pct": 0.21467400713271623}, "美容护理": {"turnover": 131.612985, "pct": -0.34836185894719696}, "钢铁": {"turnover": 597.69546, "pct": 0.0623047726147533}, "银行": {"turnover": 749.20734, "pct": -0.17668744616011534}, "农化制品": {"turnover": 1172.70609, "pct": 3.173484290250686}, "证券": {"turnover": 717.86195, "pct": -0.09505864779072888}, "电子化学品": {"turnover": 647.97897, "pct": -2.487677339486027}, "机场航运": {"turnover": 163.014561, "pct": -0.9527952660892349}, "军工电子": {"turnover": 1289.35145, "pct": -0.8363502931845906}, "贵金属": {"turnover": 741.81264, "pct": 1.431456380088914}, "保险": {"turnover": 241.679171, "pct": -1.3882002331750949}, "金属新材料": {"turnover": 321.324525, "pct": -2.679347708166234}, "工业金属": {"turnover": 1978.65078, "pct": -2.4814929329491786}, "军工装备": {"turnover": 2187.2241, "pct": -1.5799811564810573}, "小金属": {"turnover": 1014.08859, "pct": -0.6571200330521473}, "煤炭开采加工": {"turnover": 702.35796, "pct": 1.5652783809738835}, "种植业与林业": {"turnover": 377.69449, "pct": -3.804055997332005}, "港口航运": {"turnover": 794.11203, "pct": -2.0932611613487815}, "石油加工贸易": {"turnover": 572.96851, "pct": -5.258741374941325}, "燃气": {"turnover": 245.451807, "pct": -3.9356277495142344}, "油气开采及服务": {"turnover": 1543.44263, "pct": -1.3813636358124821}}