{"贵金属": {"turnover": 6628.023377, "pct": 37.480695668828446}, "油气开采及服务": {"turnover": 3152.767426, "pct": 20.12234430450481}, "光伏设备": {"turnover": 17384.3379, "pct": 13.418688010074902}, "影视院线": {"turnover": 2581.031, "pct": 0.5636608788971114}, "小金属": {"turnover": 11437.52202, "pct": 5.74018180670231}, "石油加工贸易": {"turnover": 2297.862533, "pct": 9.921023957704673}, "电网设备": {"turnover": 15933.24074, "pct": 6.028968788053582}, "文化传媒": {"turnover": 16311.85208, "pct": -2.5408901628462837}, "建筑材料": {"turnover": 5311.19204, "pct": 5.418368295067892}, "化学制品": {"turnover": 10338.51895, "pct": 5.360872282187405}, "环保设备": {"turnover": 875.523223, "pct": 3.449647444380662}, "化学原料": {"turnover": 4368.56777, "pct": 5.229003903240493}, "农化制品": {"turnover": 5572.55382, "pct": 6.6047342887793725}, "工业金属": {"turnover": 20108.73832, "pct": 5.023273581301917}, "服装家纺": {"turnover": 2735.789015, "pct": 4.5411348551572885}, "自动化设备": {"turnover": 8445.46937, "pct": 0.5439785620433657}, "家居用品": {"turnover": 2534.439169, "pct": 2.949931168059233}, "半导体": {"turnover": 48886.8936, "pct": 0.42132394339854834}, "造纸": {"turnover": 877.254727, "pct": 3.725461259783422}, "电力": {"turnover": 8326.98752, "pct": 2.629894590504726}, "非金属材料": {"turnover": 824.94489, "pct": 1.3579050543195264}, "旅游及酒店": {"turnover": 1763.897191, "pct": 2.4943773402740113}, "互联网电商": {"turnover": 1302.762523, "pct": -3.282037161393286}, "综合": {"turnover": 4062.47993, "pct": 1.4279037024459675}, "贸易": {"turnover": 758.884849, "pct": 3.3880462024389555}, "钢铁": {"turnover": 3905.388476, "pct": 0.5688805663965611}, "其他社会服务": {"turnover": 1807.651643, "pct": -0.9051814053353899}, "环境治理": {"turnover": 3781.51587, "pct": 2.1075679213798963}, "化学纤维": {"turnover": 1525.185838, "pct": 4.129917435356063}, "其他电子": {"turnover": 4740.811447, "pct": 2.6722118863740087}, "港口航运": {"turnover": 2056.668275, "pct": 2.4211256737410434}, "煤炭开采加工": {"turnover": 2810.114601, "pct": 3.0173657076233678}, "种植业与林业": {"turnover": 2523.820169, "pct": 2.6993724043275105}, "电子化学品": {"turnover": 5611.69307, "pct": -1.1475229672127123}, "通信设备": {"turnover": 28284.42704, "pct": -4.384843546455664}, "光学光电子": {"turnover": 9969.92734, "pct": -0.16148647189246926}, "纺织制造": {"turnover": 1054.622535, "pct": 0.206636418302074}, "燃气": {"turnover": 1251.05331, "pct": 2.544891551581682}, "通用设备": {"turnover": 17547.84221, "pct": -1.2991595846073274}, "房地产": {"turnover": 5179.25149, "pct": 1.9268861046873524}, "轨交设备": {"turnover": 963.7106661, "pct": 1.2191265205526713}, "包装印刷": {"turnover": 2516.077255, "pct": -0.6961664590449591}, "专用设备": {"turnover": 10726.70178, "pct": 1.5142768868064898}, "建筑装饰": {"turnover": 8879.24466, "pct": -0.20840728146885998}, "物流": {"turnover": 1662.17152595, "pct": 0.9952163040541137}, "美容护理": {"turnover": 1188.067908, "pct": 0.3315338898895656}, "白色家电": {"turnover": 5959.24369, "pct": -0.6548296131034006}, "通信服务": {"turnover": 7309.41011, "pct": -5.408445657948375}, "中药": {"turnover": 2746.548264, "pct": 1.8019470109378564}, "公路铁路运输": {"turnover": 1065.370351, "pct": 1.0263187768825435}, "饮料制造": {"turnover": 1926.453152, "pct": 0.26531612529213755}, "元件": {"turnover": 11005.23385, "pct": -1.2279603409007804}, "养殖业": {"turnover": 2123.717617, "pct": 0.4100304105628326}, "机场航运": {"turnover": 1284.749165, "pct": -0.03653630937200778}, "医疗服务": {"turnover": 6004.02955, "pct": -2.6511596097497905}, "能源金属": {"turnover": 4391.71621, "pct": -0.7891526833571225}, "橡胶制品": {"turnover": 911.880634, "pct": -1.058961097762576}, "游戏": {"turnover": 5470.2906786, "pct": -5.861942850153615}, "银行": {"turnover": 7100.188365, "pct": 0.3941305659246352}, "消费电子": {"turnover": 17175.42976, "pct": -3.182007321946662}, "IT服务": {"turnover": 18340.17055, "pct": -9.147299313952713}, "黑色家电": {"turnover": 1185.854158, "pct": -5.354184012464252}, "汽车零部件": {"turnover": 18887.76238, "pct": -1.7678891911901233}, "塑料制品": {"turnover": 4756.25995, "pct": -2.601673291993971}, "电机": {"turnover": 2555.861774, "pct": -2.0951688118925733}, "风电设备": {"turnover": 4706.540943, "pct": 0.5913816261568848}, "工程机械": {"turnover": 2374.171579, "pct": -1.0879011407938974}, "食品加工制造": {"turnover": 2168.864495, "pct": -1.6044185077854596}, "白酒": {"turnover": 4654.676788, "pct": -1.1561163660226836}, "厨卫电器": {"turnover": 253.2674944, "pct": -2.1583601943812694}, "软件开发": {"turnover": 18638.45253, "pct": -9.46388698681116}, "医疗器械": {"turnover": 5432.4068, "pct": -3.074741911115245}, "其他电源设备": {"turnover": 4523.21639, "pct": -4.661176915914718}, "汽车服务及其他": {"turnover": 793.613525, "pct": -2.145442688125003}, "电池": {"turnover": 15731.09868, "pct": -2.4908337649931704}, "教育": {"turnover": 1042.102387, "pct": -5.665088577773703}, "农产品加工": {"turnover": 1485.856466, "pct": -1.7488379342785674}, "零售": {"turnover": 5822.77461, "pct": -3.9223605395940013}, "汽车整车": {"turnover": 3648.002543, "pct": -2.229636027833608}, "小家电": {"turnover": 777.441462, "pct": -4.032986252139698}, "金属新材料": {"turnover": 3324.634798, "pct": -7.263322401739883}, "化学制药": {"turnover": 7444.487473, "pct": -3.5630935070430416}, "保险": {"turnover": 3002.576677, "pct": -2.8192051202232165}, "生物制品": {"turnover": 2744.892965, "pct": -3.149214756635082}, "证券": {"turnover": 8851.94006, "pct": -4.6674296513696785}, "计算机设备": {"turnover": 7687.06553, "pct": -8.591655272693027}, "医药商业": {"turnover": 2120.598559, "pct": -5.035197253759748}, "多元金融": {"turnover": 2378.57342527, "pct": -4.198623987788394}, "军工装备": {"turnover": 17533.746, "pct": -3.4001658565914994}, "军工电子": {"turnover": 12936.18511, "pct": -16.41734200216962}}