{"电力": {"turnover": 17040.05104, "pct": 16.384069122276973}, "煤炭开采加工": {"turnover": 4623.58957, "pct": 9.369814950606365}, "风电设备": {"turnover": 5549.30039, "pct": 3.4733243484725813}, "油气开采及服务": {"turnover": 6594.56473, "pct": 6.723948874766828}, "燃气": {"turnover": 1893.412828, "pct": 3.3703159793567417}, "港口航运": {"turnover": 4369.29168, "pct": -0.07037215504604911}, "银行": {"turnover": 5568.32878, "pct": 2.4194991681853093}, "光伏设备": {"turnover": 15840.63821, "pct": 0.7857766609610788}, "环保设备": {"turnover": 939.106393, "pct": -1.9987857279426875}, "电网设备": {"turnover": 16354.86046, "pct": -2.7443398471166476}, "元件": {"turnover": 14129.59397, "pct": -7.820053123553667}, "环境治理": {"turnover": 4155.79547, "pct": -4.7565329263411265}, "公路铁路运输": {"turnover": 971.851496, "pct": -1.8996199926513038}, "能源金属": {"turnover": 3411.257283, "pct": -6.645724453456564}, "通信服务": {"turnover": 7434.9008, "pct": -3.066039056245447}, "电池": {"turnover": 15489.09307, "pct": -4.4972671814877385}, "厨卫电器": {"turnover": 285.8339436, "pct": -3.502494324338005}, "建筑装饰": {"turnover": 9834.19161, "pct": -4.005801143587458}, "种植业与林业": {"turnover": 2869.558846, "pct": -4.946010489802371}, "旅游及酒店": {"turnover": 905.010893, "pct": -3.469067291630454}, "其他电源设备": {"turnover": 5614.00332, "pct": -6.825127812444351}, "光学光电子": {"turnover": 9684.38996, "pct": -6.232190473553853}, "多元金融": {"turnover": 2312.385285, "pct": -5.641356794260284}, "通信设备": {"turnover": 27027.82161, "pct": -6.599308368306728}, "化学原料": {"turnover": 6451.78653, "pct": -6.370657793207838}, "非金属材料": {"turnover": 954.743824, "pct": -8.401503169550848}, "物流": {"turnover": 1581.186427, "pct": -6.458836740882737}, "电子化学品": {"turnover": 4787.70469, "pct": -10.775069257205674}, "综合": {"turnover": 2974.353724, "pct": -6.247005616453392}, "石油加工贸易": {"turnover": 4060.176313, "pct": -4.806244467644139}, "化学制药": {"turnover": 5883.36753, "pct": -6.1393916619323}, "化学纤维": {"turnover": 2088.837522, "pct": -7.058345085907702}, "农化制品": {"turnover": 7944.48815, "pct": -8.879965612900584}, "贸易": {"turnover": 482.572299, "pct": -7.328659458230077}, "生物制品": {"turnover": 1888.842128, "pct": -7.015711517435797}, "钢铁": {"turnover": 4337.51526, "pct": -11.427198331381163}, "造纸": {"turnover": 895.527103, "pct": -8.772348643436183}, "其他电子": {"turnover": 3702.4963, "pct": -8.907592742769637}, "养殖业": {"turnover": 1883.307543, "pct": -7.590966627276602}, "中药": {"turnover": 1715.782901, "pct": -7.080396548316978}, "互联网电商": {"turnover": 617.490025, "pct": -6.650707200472139}, "房地产": {"turnover": 3137.78339, "pct": -7.173693256495809}, "医疗器械": {"turnover": 4087.09034, "pct": -7.003502726652373}, "饮料制造": {"turnover": 1188.987746, "pct": -6.907101128152526}, "服装家纺": {"turnover": 1677.740363, "pct": -7.2551242089354835}, "黑色家电": {"turnover": 813.444082, "pct": -6.781001896135051}, "塑料制品": {"turnover": 3805.52771, "pct": -9.548875843508528}, "汽车整车": {"turnover": 3522.948317, "pct": -6.205089924691799}, "农产品加工": {"turnover": 1467.386412, "pct": -8.591125836454104}, "计算机设备": {"turnover": 5574.40527, "pct": -8.820184530192174}, "证券": {"turnover": 5391.9622, "pct": -8.04235832856325}, "食品加工制造": {"turnover": 1559.759875, "pct": -8.359873997755736}, "医药商业": {"turnover": 764.551432, "pct": -8.157747244664824}, "家居用品": {"turnover": 1868.881504, "pct": -8.341425022831334}, "医疗服务": {"turnover": 3168.520816, "pct": -9.015561031708625}, "橡胶制品": {"turnover": 777.179883, "pct": -9.67739128632074}, "汽车服务及其他": {"turnover": 629.324581, "pct": -8.246230555614861}, "专用设备": {"turnover": 9696.39469, "pct": -10.123597784352443}, "包装印刷": {"turnover": 2170.368069, "pct": -8.568870392918493}, "其他社会服务": {"turnover": 1211.348964, "pct": -9.575008810139323}, "小家电": {"turnover": 489.307825, "pct": -8.166937964201743}, "教育": {"turnover": 411.555367, "pct": -8.227991572144205}, "消费电子": {"turnover": 11412.86286, "pct": -10.446769562357696}, "IT服务": {"turnover": 14476.89521, "pct": -9.835760016976511}, "建筑材料": {"turnover": 4147.7275, "pct": -10.765061465607959}, "半导体": {"turnover": 33740.2989, "pct": -12.434064597238697}, "军工电子": {"turnover": 8090.57324, "pct": -12.621605663802757}, "轨交设备": {"turnover": 784.764548, "pct": -10.434366717908436}, "通用设备": {"turnover": 14172.14347, "pct": -11.876204756828912}, "小金属": {"turnover": 10558.56527, "pct": -15.59008136508337}, "美容护理": {"turnover": 820.131207, "pct": -10.547975740819435}, "零售": {"turnover": 2678.095683, "pct": -9.713841856260979}, "化学制品": {"turnover": 9477.11801, "pct": -11.7365552789146}, "纺织制造": {"turnover": 708.434537, "pct": -10.110599531878087}, "白色家电": {"turnover": 3015.49548, "pct": -10.782636225812361}, "保险": {"turnover": 1736.480997, "pct": -8.642918440914862}, "自动化设备": {"turnover": 8699.84181, "pct": -12.529099304189007}, "工程机械": {"turnover": 1992.841321, "pct": -11.68822625737539}, "白酒": {"turnover": 2184.685317, "pct": -10.883765624689191}, "软件开发": {"turnover": 11057.13131, "pct": -11.549950431226028}, "电机": {"turnover": 1323.343193, "pct": -11.893715130792492}, "汽车零部件": {"turnover": 11830.47929, "pct": -12.109032903790823}, "文化传媒": {"turnover": 5277.09573, "pct": -11.539174130965177}, "军工装备": {"turnover": 12965.98785, "pct": -14.369433622311051}, "工业金属": {"turnover": 13032.80743, "pct": -15.84557067679359}, "贵金属": {"turnover": 5199.226943, "pct": -13.456413568090403}, "机场航运": {"turnover": 1244.581923, "pct": -15.229236103531946}, "游戏": {"turnover": 3069.157365, "pct": -13.21778276993763}, "金属新材料": {"turnover": 2081.311111, "pct": -18.46296645408193}, "影视院线": {"turnover": 1372.079223, "pct": -14.576672243954643}}