{"油气开采及服务": {"turnover": 734.30904, "pct": 21.599604307494722}, "燃气": {"turnover": 299.883184, "pct": 14.676942044450358}, "贵金属": {"turnover": 1171.20706, "pct": -13.26308432046337}, "石油加工贸易": {"turnover": 769.269, "pct": 5.08345483180228}, "种植业与林业": {"turnover": 404.50798, "pct": -0.11728659337813506}, "煤炭开采加工": {"turnover": 646.00956, "pct": 3.9301903146123527}, "小金属": {"turnover": 1949.86346, "pct": -12.448921553800046}, "电力": {"turnover": 1581.89605, "pct": -2.434922191913588}, "港口航运": {"turnover": 789.52174, "pct": 6.321405338942306}, "银行": {"turnover": 747.3869699, "pct": 0.03154559534018941}, "化学原料": {"turnover": 902.21304, "pct": -0.7073329480570019}, "非金属材料": {"turnover": 119.514337, "pct": -3.4429909400667977}, "电网设备": {"turnover": 1490.91231, "pct": -4.804131822660043}, "工业金属": {"turnover": 2180.58586, "pct": -8.251859678008497}, "钢铁": {"turnover": 655.24809, "pct": -4.315122028539683}, "多元金融": {"turnover": 282.06047, "pct": -3.077056486487103}, "物流": {"turnover": 222.087538, "pct": -0.08307614038544449}, "公路铁路运输": {"turnover": 146.343643, "pct": -0.5318391648361201}, "农化制品": {"turnover": 1361.03702, "pct": -3.9591217969094927}, "农产品加工": {"turnover": 163.701716, "pct": -1.7725004108228113}, "光伏设备": {"turnover": 1642.20252, "pct": -2.7522939502321497}, "养殖业": {"turnover": 193.973438, "pct": -1.4047925904890977}, "厨卫电器": {"turnover": 34.771504, "pct": -3.553817183999474}, "旅游及酒店": {"turnover": 114.865577, "pct": -2.077539722566556}, "证券": {"turnover": 709.8454416, "pct": -1.7426423630516608}, "橡胶制品": {"turnover": 103.926375, "pct": -0.25057936328200214}, "能源金属": {"turnover": 447.55363, "pct": -6.939281878210793}, "保险": {"turnover": 248.398935, "pct": 0.478517626481287}, "建筑装饰": {"turnover": 953.97751, "pct": -4.358617971524818}, "饮料制造": {"turnover": 157.518931, "pct": -1.8216028337182246}, "其他电源设备": {"turnover": 870.24045, "pct": -5.3907663900861}, "军工电子": {"turnover": 1830.83241, "pct": -3.5639474539892193}, "环境治理": {"turnover": 508.5048, "pct": -3.889357055228451}, "风电设备": {"turnover": 435.33834, "pct": -4.936482078935368}, "中药": {"turnover": 232.59144291, "pct": -2.0706448149341754}, "纺织制造": {"turnover": 104.9168745, "pct": -2.133480109502345}, "军工装备": {"turnover": 2449.5813, "pct": -8.85914458120997}, "通信设备": {"turnover": 3401.6607, "pct": -7.015692488582115}, "医疗器械": {"turnover": 510.4589481, "pct": -3.883146436118299}, "食品加工制造": {"turnover": 178.26257, "pct": -2.0619523807812774}, "金属新材料": {"turnover": 342.84975, "pct": -7.662144476935164}, "医药商业": {"turnover": 102.430388, "pct": -2.31881353107815}, "环保设备": {"turnover": 111.335309, "pct": -5.181138258096787}, "化学制品": {"turnover": 1628.02046, "pct": -5.3999059931910125}, "化学制药": {"turnover": 995.63351, "pct": -5.103100285538031}, "专用设备": {"turnover": 1362.3459966, "pct": -4.219099300393029}, "零售": {"turnover": 398.64084, "pct": -2.9968764394618206}, "建筑材料": {"turnover": 554.85489, "pct": -4.427300679284038}, "贸易": {"turnover": 64.362091, "pct": -4.107119550787433}, "综合": {"turnover": 329.83877, "pct": -3.9981084846150137}, "美容护理": {"turnover": 134.203715, "pct": -1.7557182272832192}, "电池": {"turnover": 1498.53693, "pct": -4.477273664621217}, "轨交设备": {"turnover": 106.052554, "pct": -4.386978493900076}, "房地产": {"turnover": 363.5195, "pct": -3.418516312058207}, "汽车服务及其他": {"turnover": 73.149276, "pct": -2.661386673303254}, "汽车整车": {"turnover": 484.29015, "pct": -4.049950208737978}, "生物制品": {"turnover": 230.11347, "pct": -3.8213278009065883}, "黑色家电": {"turnover": 95.031898, "pct": -3.659757553467539}, "其他社会服务": {"turnover": 143.715569, "pct": -4.10101810707459}, "包装印刷": {"turnover": 224.207542, "pct": -4.358158851654045}, "白色家电": {"turnover": 415.52052, "pct": -4.0723728095520215}, "通用设备": {"turnover": 2000.22375, "pct": -5.722936589367386}, "家居用品": {"turnover": 226.126596, "pct": -3.7458612245449907}, "教育": {"turnover": 70.0639618, "pct": -3.4014230010928745}, "IT服务": {"turnover": 1797.67017, "pct": -5.894937014453197}, "白酒": {"turnover": 390.127216, "pct": -3.456687344167219}, "元件": {"turnover": 1670.3849992, "pct": -6.338476073641459}, "工程机械": {"turnover": 230.126951, "pct": -3.949248136724654}, "造纸": {"turnover": 116.021482, "pct": -4.172072023190001}, "光学光电子": {"turnover": 1017.2564, "pct": -4.800149845879628}, "塑料制品": {"turnover": 468.10934, "pct": -4.941257240826231}, "计算机设备": {"turnover": 686.87655, "pct": -5.449643742680326}, "电子化学品": {"turnover": 631.59206, "pct": -5.760454038470733}, "消费电子": {"turnover": 1536.278087, "pct": -5.586133497198541}, "自动化设备": {"turnover": 1052.8457, "pct": -5.8509278074250295}, "汽车零部件": {"turnover": 1576.41631, "pct": -4.2688987583639175}, "机场航运": {"turnover": 173.044753, "pct": -2.8338337020337114}, "小家电": {"turnover": 65.251688, "pct": -3.591184750336051}, "软件开发": {"turnover": 1417.52543, "pct": -5.717046394341128}, "电机": {"turnover": 189.21808, "pct": -5.426838553159645}, "通信服务": {"turnover": 881.769948, "pct": -4.827735669352857}, "互联网电商": {"turnover": 69.6111777, "pct": -5.043025000982817}, "医疗服务": {"turnover": 379.32708, "pct": -6.179097018851417}, "游戏": {"turnover": 447.24832, "pct": -5.496213086329007}, "其他电子": {"turnover": 351.62744, "pct": -6.719715396824048}, "化学纤维": {"turnover": 157.797711, "pct": -6.215289008630191}, "文化传媒": {"turnover": 839.53793, "pct": -5.268245360247341}, "影视院线": {"turnover": 240.586162, "pct": -5.429612173151412}, "半导体": {"turnover": 3968.1578, "pct": -7.595589171669456}, "服装家纺": {"turnover": 370.806689, "pct": -4.645818293786525}}