{"风电设备": {"turnover": 2508.34966, "pct": 11.461954620464972}, "油气开采及服务": {"turnover": 4262.46356, "pct": -0.23585355906318708}, "煤炭开采加工": {"turnover": 2550.45346, "pct": 5.704696509007663}, "电力": {"turnover": 8261.38115, "pct": 6.344719914336845}, "种植业与林业": {"turnover": 1790.015287, "pct": 0.5662938294306782}, "银行": {"turnover": 2554.51369, "pct": 1.6900080176695986}, "化学原料": {"turnover": 3630.8629, "pct": 2.57124796018833}, "电网设备": {"turnover": 9836.09553, "pct": 4.088332702261247}, "非金属材料": {"turnover": 503.367447, "pct": 1.8932359549956388}, "港口航运": {"turnover": 2680.01859, "pct": -3.9113193138835376}, "燃气": {"turnover": 1214.58266, "pct": -1.2054321257390932}, "电池": {"turnover": 7523.42215, "pct": 2.7464623191804196}, "养殖业": {"turnover": 998.361755, "pct": 1.174025520123071}, "农化制品": {"turnover": 3653.33485, "pct": 6.95820896223108}, "公路铁路运输": {"turnover": 460.401306, "pct": 1.0790505469045868}, "化学纤维": {"turnover": 936.141347, "pct": 0.48464446388404425}, "元件": {"turnover": 6729.15017, "pct": -2.23767217105609}, "厨卫电器": {"turnover": 104.2621247, "pct": 5.369198364620411}, "石油加工贸易": {"turnover": 2503.86003, "pct": -8.758445540187006}, "农产品加工": {"turnover": 831.806983, "pct": 0.6867785382101209}, "光学光电子": {"turnover": 5431.27731, "pct": 1.1365758602103735}, "旅游及酒店": {"turnover": 378.600953, "pct": 2.1710323657356128}, "橡胶制品": {"turnover": 404.934149, "pct": 0.20215567210583088}, "建筑装饰": {"turnover": 5145.06943, "pct": 0.8413731584829144}, "化学制药": {"turnover": 2672.13316, "pct": 2.8769409538359323}, "环保设备": {"turnover": 399.485727, "pct": 10.25449359947577}, "互联网电商": {"turnover": 279.801658, "pct": -0.28874504825136216}, "造纸": {"turnover": 401.090529, "pct": 2.3358156852633427}, "光伏设备": {"turnover": 7541.42119, "pct": 1.5974396170989547}, "其他电源设备": {"turnover": 3254.05001, "pct": -0.9683452738321389}, "物流": {"turnover": 747.581667, "pct": -1.369275571425911}, "中药": {"turnover": 858.732171, "pct": -0.4553198930053137}, "综合": {"turnover": 1819.97993, "pct": -0.9717934158467464}, "生物制品": {"turnover": 941.02185, "pct": -0.11644349101222014}, "医疗器械": {"turnover": 2027.49205, "pct": -0.28599891467079824}, "环境治理": {"turnover": 1940.63671, "pct": 1.0549567456228386}, "塑料制品": {"turnover": 1931.55407, "pct": -0.1734726373657657}, "饮料制造": {"turnover": 614.721027, "pct": -1.0283893422606214}, "汽车整车": {"turnover": 1709.447831, "pct": -1.8735843808363195}, "黑色家电": {"turnover": 465.01287, "pct": -0.15012294319105546}, "房地产": {"turnover": 1458.83987, "pct": -1.2584645118080078}, "通信设备": {"turnover": 13954.37358, "pct": -2.3857617725375366}, "白酒": {"turnover": 1081.981317, "pct": -2.147970230467688}, "医药商业": {"turnover": 339.146133, "pct": 1.4512696910804483}, "计算机设备": {"turnover": 2437.93496, "pct": 2.199453113695719}, "化学制品": {"turnover": 5119.25398, "pct": -1.4604040327190124}, "医疗服务": {"turnover": 1634.294487, "pct": -0.4253685426682507}, "电子化学品": {"turnover": 2496.04366, "pct": -3.279134110738244}, "小家电": {"turnover": 248.135976, "pct": 0.09619941647597333}, "食品加工制造": {"turnover": 747.582727, "pct": -2.350000066196127}, "多元金融": {"turnover": 1111.333478, "pct": -3.4586078396023887}, "贸易": {"turnover": 215.161512, "pct": 1.5742255143471482}, "服装家纺": {"turnover": 760.946541, "pct": 1.205814122381595}, "轨交设备": {"turnover": 383.405904, "pct": 1.3834007186827706}, "家居用品": {"turnover": 934.519353, "pct": -1.3111158823315532}, "教育": {"turnover": 216.899118, "pct": -0.6597432309134778}, "纺织制造": {"turnover": 375.940626, "pct": -1.6909011362565716}, "保险": {"turnover": 745.900714, "pct": -4.310032032798893}, "零售": {"turnover": 1401.213214, "pct": -2.2652345191252095}, "汽车服务及其他": {"turnover": 293.70797, "pct": -1.234519705224777}, "证券": {"turnover": 2611.32632, "pct": -2.8746351957679934}, "通信服务": {"turnover": 3719.42372, "pct": -1.6879173217394214}, "其他社会服务": {"turnover": 580.87575, "pct": -2.5100216788356584}, "美容护理": {"turnover": 382.243697, "pct": -0.38219953351537495}, "其他电子": {"turnover": 1504.6977, "pct": 1.6722530117367722}, "包装印刷": {"turnover": 819.230409, "pct": 1.9979846201194071}, "专用设备": {"turnover": 5257.27011, "pct": -3.336581726708591}, "白色家电": {"turnover": 1485.523738, "pct": -2.6899704378944946}, "消费电子": {"turnover": 5940.63869, "pct": -3.6750143418975436}, "建筑材料": {"turnover": 2096.41564, "pct": -3.528914828139203}, "通用设备": {"turnover": 6907.09749, "pct": 0.9103220610112592}, "自动化设备": {"turnover": 4761.804, "pct": -3.5047608643889783}, "电机": {"turnover": 657.159716, "pct": -2.4161150039358392}, "汽车零部件": {"turnover": 6179.44885, "pct": -3.422605720250883}, "IT服务": {"turnover": 8064.63181, "pct": -3.2252774772430373}, "工程机械": {"turnover": 1018.103791, "pct": -4.0735120009785994}, "能源金属": {"turnover": 1577.574344, "pct": -3.4918304832668}, "半导体": {"turnover": 16687.8927, "pct": -6.203625390070769}, "软件开发": {"turnover": 6161.09814, "pct": -3.3332311297692514}, "军工电子": {"turnover": 4765.34906, "pct": -10.492579932401606}, "钢铁": {"turnover": 1946.43609, "pct": -0.7386105526726086}, "文化传媒": {"turnover": 2807.40199, "pct": -4.711351075756371}, "贵金属": {"turnover": 2993.73192, "pct": -13.391895926133671}, "游戏": {"turnover": 1619.423552, "pct": -4.476724967925666}, "军工装备": {"turnover": 7761.22842, "pct": -10.993975852972476}, "影视院线": {"turnover": 738.99367, "pct": -6.06117061816633}, "工业金属": {"turnover": 7129.89665, "pct": -8.630412619154182}, "机场航运": {"turnover": 675.735313, "pct": -6.355874194839473}, "金属新材料": {"turnover": 1157.416734, "pct": -9.518577520217736}, "小金属": {"turnover": 6143.96021, "pct": -14.720218431223545}}