{"煤炭开采加工": {"turnover": 2323.18684, "pct": -0.008732134120238029}, "光伏设备": {"turnover": 8099.25139, "pct": 2.194735046095201}, "风电设备": {"turnover": 3339.93581, "pct": 4.501060171412351}, "银行": {"turnover": 2625.75245, "pct": 1.9759220982679564}, "电力": {"turnover": 8792.4632, "pct": 0.5353642055043856}, "燃气": {"turnover": 805.622721, "pct": -1.2905281800972903}, "电池": {"turnover": 8455.015, "pct": -0.5833064598467923}, "公路铁路运输": {"turnover": 443.327827, "pct": -1.6796939267777853}, "旅游及酒店": {"turnover": 409.503357, "pct": -1.0575765626832214}, "生物制品": {"turnover": 939.370556, "pct": -1.8746216795146824}, "通信服务": {"turnover": 3777.52622, "pct": -4.434347859412489}, "汽车整车": {"turnover": 1659.642697, "pct": -2.5634438975755813}, "保险": {"turnover": 750.803191, "pct": -1.5205355146701098}, "证券": {"turnover": 2525.07502, "pct": -2.4321833972670825}, "化学纤维": {"turnover": 1301.630129, "pct": -0.9813759870901053}, "港口航运": {"turnover": 1788.2042, "pct": -1.9187954702826453}, "化学制药": {"turnover": 2809.67201, "pct": -3.462583789605172}, "厨卫电器": {"turnover": 141.8361175, "pct": -2.8083897296536082}, "房地产": {"turnover": 1526.61618, "pct": -2.6524307499194277}, "小家电": {"turnover": 232.481337, "pct": -3.1516668051352705}, "中药": {"turnover": 768.4756, "pct": -3.7157336517218664}, "白酒": {"turnover": 1057.085572, "pct": -3.447587651997547}, "医疗器械": {"turnover": 2076.89642, "pct": -3.2899444895339682}, "环保设备": {"turnover": 431.646787, "pct": -3.823101237660925}, "建筑装饰": {"turnover": 5533.94749, "pct": -4.041569319973157}, "互联网电商": {"turnover": 323.79636, "pct": -4.058147547116329}, "黑色家电": {"turnover": 440.109645, "pct": -2.3835395157741126}, "油气开采及服务": {"turnover": 3162.62859, "pct": -8.909828718460282}, "造纸": {"turnover": 433.950794, "pct": -5.125362746137321}, "元件": {"turnover": 6966.52389, "pct": -0.178596499057684}, "家居用品": {"turnover": 897.521407, "pct": -4.289770763019567}, "医药商业": {"turnover": 357.267996, "pct": -4.645282191007434}, "食品加工制造": {"turnover": 765.4139, "pct": -4.469716304131874}, "文化传媒": {"turnover": 2290.38362, "pct": -5.108222991518183}, "饮料制造": {"turnover": 555.050517, "pct": -4.136427370434278}, "养殖业": {"turnover": 924.672011, "pct": -4.860733451039123}, "计算机设备": {"turnover": 2864.3583, "pct": -4.889483391203378}, "美容护理": {"turnover": 370.181491, "pct": -3.715906897776876}, "光学光电子": {"turnover": 4705.95906, "pct": -3.212302066285244}, "物流": {"turnover": 711.21717, "pct": -4.320360235474173}, "包装印刷": {"turnover": 1065.878231, "pct": -3.7048876059031857}, "服装家纺": {"turnover": 725.971018, "pct": -4.997645981471208}, "教育": {"turnover": 170.947082, "pct": -6.60692643510177}, "半导体": {"turnover": 16192.1207, "pct": -3.064808626499099}, "医疗服务": {"turnover": 1572.035299, "pct": -5.886605552146421}, "其他社会服务": {"turnover": 590.086418, "pct": -5.430836853203946}, "环境治理": {"turnover": 1997.38529, "pct": -5.132014794345327}, "汽车服务及其他": {"turnover": 261.655259, "pct": -5.562964185509163}, "贸易": {"turnover": 229.770153, "pct": -5.864512589806021}, "橡胶制品": {"turnover": 399.890642, "pct": -5.949511917081749}, "零售": {"turnover": 1207.169999, "pct": -5.355104804472204}, "其他电子": {"turnover": 1929.35697, "pct": -3.2695862376114007}, "白色家电": {"turnover": 1362.371605, "pct": -4.452053031339812}, "多元金融": {"turnover": 1186.872757, "pct": -5.177099914454946}, "软件开发": {"turnover": 5725.73239, "pct": -7.163972845714939}, "塑料制品": {"turnover": 1904.47769, "pct": -5.235860322597422}, "电子化学品": {"turnover": 2289.55774, "pct": -3.739144318017803}, "消费电子": {"turnover": 5379.59629, "pct": -4.834064293095394}, "农产品加工": {"turnover": 775.96255, "pct": -7.698116035043411}, "综合": {"turnover": 1529.588517, "pct": -7.404767799859859}, "通信设备": {"turnover": 13166.21867, "pct": -3.2934710852473557}, "游戏": {"turnover": 1464.24957, "pct": -6.305792562837081}, "电机": {"turnover": 541.919982, "pct": -6.99573255591538}, "IT服务": {"turnover": 7273.00079, "pct": -8.471689736481226}, "汽车零部件": {"turnover": 5543.39081, "pct": -5.896589013456775}, "建筑材料": {"turnover": 1895.21653, "pct": -6.756827595920132}, "种植业与林业": {"turnover": 1085.117222, "pct": -8.616078150047374}, "专用设备": {"turnover": 4629.17644, "pct": -6.6360738102109975}, "自动化设备": {"turnover": 4315.85401, "pct": -6.260849720840388}, "机场航运": {"turnover": 606.294816, "pct": -5.909336073894984}, "影视院线": {"turnover": 446.74926, "pct": -9.310330413255203}, "轨交设备": {"turnover": 363.621893, "pct": -6.902175995575033}, "纺织制造": {"turnover": 326.571604, "pct": -7.164895440521074}, "能源金属": {"turnover": 1506.348242, "pct": -7.9603894605534204}, "通用设备": {"turnover": 6513.62355, "pct": -7.535673659597572}, "工程机械": {"turnover": 983.260796, "pct": -6.596638153187231}, "电网设备": {"turnover": 8496.54005, "pct": -11.096754724163759}, "化学制品": {"turnover": 4854.12143, "pct": -8.335236841883596}, "其他电源设备": {"turnover": 2886.92073, "pct": -9.076616733600888}, "军工电子": {"turnover": 3565.40644, "pct": -8.279785062475764}, "化学原料": {"turnover": 3689.29925, "pct": -8.45774575221405}, "非金属材料": {"turnover": 482.734207, "pct": -8.956626455331449}, "农化制品": {"turnover": 4115.28226, "pct": -8.849816890441858}, "钢铁": {"turnover": 1945.35338, "pct": -10.231964222492481}, "石油加工贸易": {"turnover": 1824.49935, "pct": -10.826545556038603}, "金属新材料": {"turnover": 887.418619, "pct": -10.808875616169253}, "军工装备": {"turnover": 4516.34336, "pct": -14.12476299363013}, "工业金属": {"turnover": 5836.14173, "pct": -13.22585693845755}, "小金属": {"turnover": 4063.01439, "pct": -15.24100494644415}, "贵金属": {"turnover": 1560.352753, "pct": -21.493768078576252}}