{"影视院线": {"turnover": 1139.76679, "pct": 5.396022389193837}, "小金属": {"turnover": 1414.86298, "pct": 3.565799127369197}, "电子化学品": {"turnover": 409.34042, "pct": 1.8300278776798962}, "通信服务": {"turnover": 991.13876, "pct": 1.414250743330607}, "黑色家电": {"turnover": 123.543643, "pct": 2.9389031782178043}, "游戏": {"turnover": 933.27602, "pct": 2.6283715257371587}, "IT服务": {"turnover": 2012.57915, "pct": 0.8068764365685913}, "能源金属": {"turnover": 339.568625, "pct": 2.478980095064953}, "文化传媒": {"turnover": 2520.53676, "pct": 1.203010202633655}, "其他电源设备": {"turnover": 546.16459, "pct": -0.44149205915021844}, "金属新材料": {"turnover": 296.149285, "pct": 0.7689407885560506}, "通信设备": {"turnover": 3861.51467, "pct": -0.799580254297039}, "软件开发": {"turnover": 1821.74689, "pct": 0.5777543388551115}, "元件": {"turnover": 1340.72773, "pct": 1.1188775114473193}, "其他电子": {"turnover": 423.409233, "pct": -0.18883366660288564}, "钢铁": {"turnover": 444.15135, "pct": 1.1080458911175664}, "工业金属": {"turnover": 1571.80299, "pct": 0.8023577235772288}, "化学原料": {"turnover": 544.50499, "pct": 1.438964000607031}, "煤炭开采加工": {"turnover": 378.867918, "pct": 1.4948125510176606}, "化学纤维": {"turnover": 196.908247, "pct": 1.7168246273111656}, "半导体": {"turnover": 4436.56484, "pct": -1.0324101204601812}, "港口航运": {"turnover": 254.244161, "pct": 0.9507759558607486}, "贵金属": {"turnover": 745.56777, "pct": 0.03430562496732859}, "综合": {"turnover": 292.341199, "pct": -0.34531259615303467}, "建筑材料": {"turnover": 500.19196, "pct": 1.927656256260565}, "自动化设备": {"turnover": 643.92818, "pct": -0.5991332112967929}, "通用设备": {"turnover": 2284.44944, "pct": -0.47231549539665607}, "造纸": {"turnover": 145.504117, "pct": 1.6189455267855826}, "消费电子": {"turnover": 1594.14471, "pct": -0.575019962003792}, "石油加工贸易": {"turnover": 262.028805, "pct": 0.8030083579478148}, "包装印刷": {"turnover": 360.771131, "pct": -0.012228328432015167}, "油气开采及服务": {"turnover": 423.942714, "pct": 1.8155761397093393}, "非金属材料": {"turnover": 64.372967, "pct": 1.048931990609388}, "计算机设备": {"turnover": 425.28803, "pct": -0.5713707450561114}, "橡胶制品": {"turnover": 100.264966, "pct": -0.02662271524522328}, "农化制品": {"turnover": 579.89392, "pct": 0.7505759122723321}, "电机": {"turnover": 199.804637, "pct": 0.2478590397375579}, "环保设备": {"turnover": 92.316916, "pct": -0.7750271828457352}, "房地产": {"turnover": 510.989, "pct": -0.6497304923942898}, "塑料制品": {"turnover": 554.13796, "pct": 0.19098020109287522}, "光伏设备": {"turnover": 2809.34008, "pct": -2.436353160013543}, "专用设备": {"turnover": 1177.97454, "pct": -0.26832457798380943}, "互联网电商": {"turnover": 140.717763, "pct": -1.625813535271822}, "建筑装饰": {"turnover": 554.65221, "pct": -0.32834898442253874}, "风电设备": {"turnover": 279.457308, "pct": -0.2379470979342517}, "工程机械": {"turnover": 264.919668, "pct": -0.2424346541465122}, "化学制品": {"turnover": 1299.15434, "pct": -0.0243930771558173}, "光学光电子": {"turnover": 1095.33732, "pct": -0.5676849124467637}, "教育": {"turnover": 93.304726, "pct": -0.6059413494505057}, "白色家电": {"turnover": 352.68116, "pct": -0.32277358155357583}, "环境治理": {"turnover": 422.17733, "pct": 0.05301470639116282}, "汽车零部件": {"turnover": 1866.02381, "pct": -0.5522600121551454}, "汽车服务及其他": {"turnover": 78.009788, "pct": 0.24236375666203339}, "物流": {"turnover": 170.397166, "pct": 0.07300990139942475}, "其他社会服务": {"turnover": 150.690265, "pct": -0.682447621308686}, "电力": {"turnover": 879.66726, "pct": -0.5460087029751246}, "电网设备": {"turnover": 1517.70616, "pct": -1.2038451704848894}, "汽车整车": {"turnover": 279.17802, "pct": 0.4581247096512724}, "公路铁路运输": {"turnover": 102.772828, "pct": 0.22219625847067032}, "家居用品": {"turnover": 296.444973, "pct": -0.5304784486189209}, "军工电子": {"turnover": 1112.96659, "pct": -1.8402486743233255}, "电池": {"turnover": 1622.48716, "pct": -0.43203190048726103}, "美容护理": {"turnover": 147.339404, "pct": 0.21183595621759294}, "银行": {"turnover": 658.00492, "pct": 0.5305917533001894}, "生物制品": {"turnover": 234.399608, "pct": -0.281357866659471}, "军工装备": {"turnover": 1261.23003, "pct": -1.2387591301289789}, "化学制药": {"turnover": 604.15928, "pct": -0.3253865213595347}, "纺织制造": {"turnover": 152.220525, "pct": 0.5404122250695845}, "小家电": {"turnover": 44.013773, "pct": -0.746695688342731}, "证券": {"turnover": 669.3994, "pct": -0.41318500104604694}, "保险": {"turnover": 249.696343, "pct": -1.3687240931243312}, "医疗器械": {"turnover": 453.611608, "pct": -0.595481692091149}, "农产品加工": {"turnover": 130.144759, "pct": -0.322656157942677}, "多元金融": {"turnover": 217.456764, "pct": -0.8004553865415456}, "厨卫电器": {"turnover": 25.6454834, "pct": -0.4737880153992925}, "中药": {"turnover": 221.226121, "pct": -0.20183357123620885}, "燃气": {"turnover": 95.701151, "pct": -0.4803711575000034}, "贸易": {"turnover": 57.410523, "pct": -0.48866330531271}, "种植业与林业": {"turnover": 281.989616, "pct": -0.5461196300586824}, "养殖业": {"turnover": 202.851605, "pct": -0.8882009301592971}, "医药商业": {"turnover": 145.804955, "pct": -1.3695576010446857}, "服装家纺": {"turnover": 181.268885, "pct": -0.6785593359884693}, "旅游及酒店": {"turnover": 144.374626, "pct": -2.1868179786069546}, "饮料制造": {"turnover": 184.959136, "pct": -1.4119334754501496}, "食品加工制造": {"turnover": 244.155338, "pct": -1.478016503177709}, "零售": {"turnover": 675.31746, "pct": -1.6052756494896285}, "机场航运": {"turnover": 156.107, "pct": -2.030811680109732}, "白酒": {"turnover": 454.680409, "pct": -1.8964681648021273}, "轨交设备": {"turnover": 82.008111, "pct": -0.07771760517809681}, "医疗服务": {"turnover": 515.32788, "pct": -0.47740943154879867}}