{"风电设备": {"turnover": 2912.01656, "pct": 12.38792642323813}, "银行": {"turnover": 2644.43078, "pct": 4.197990648133097}, "电力": {"turnover": 8289.34027, "pct": 3.523398082281084}, "化学纤维": {"turnover": 1093.348126, "pct": 9.614467032793875}, "煤炭开采加工": {"turnover": 2312.43995, "pct": 0.8497895377906635}, "旅游及酒店": {"turnover": 418.623547, "pct": 3.1589091005095415}, "公路铁路运输": {"turnover": 466.737275, "pct": 2.6043750503655354}, "化学制药": {"turnover": 2907.47611, "pct": 3.8929035558356704}, "互联网电商": {"turnover": 289.995627, "pct": 4.980221031874012}, "养殖业": {"turnover": 1000.540452, "pct": 1.3546204819828256}, "房地产": {"turnover": 1460.75489, "pct": 3.9617324180365934}, "光伏设备": {"turnover": 7275.40308, "pct": 2.227716738924817}, "电网设备": {"turnover": 9732.658, "pct": -0.36261447638650723}, "生物制品": {"turnover": 888.928935, "pct": 3.662481917164157}, "种植业与林业": {"turnover": 1679.977245, "pct": -3.5314256962219104}, "环保设备": {"turnover": 436.512109, "pct": 3.474774026639947}, "电池": {"turnover": 7668.68251, "pct": 3.738580399244367}, "建筑装饰": {"turnover": 5391.66724, "pct": 2.4434743424619163}, "中药": {"turnover": 779.646603, "pct": 1.970121584256122}, "化学原料": {"turnover": 3724.38552, "pct": 2.5484756885264837}, "厨卫电器": {"turnover": 125.718863, "pct": 3.3043718275962473}, "汽车整车": {"turnover": 1630.176321, "pct": 3.503215089436054}, "白酒": {"turnover": 1103.679106, "pct": 2.4599952428321665}, "农化制品": {"turnover": 4178.97623, "pct": 1.7098012407021375}, "医疗器械": {"turnover": 1946.53466, "pct": 3.176015590441873}, "保险": {"turnover": 807.551559, "pct": 0.9754283688638615}, "饮料制造": {"turnover": 575.785975, "pct": 0.9151678114916264}, "医药商业": {"turnover": 370.11285, "pct": 1.7466835241129508}, "小家电": {"turnover": 230.877311, "pct": 2.4145306542414176}, "黑色家电": {"turnover": 459.645777, "pct": 2.6332577103489134}, "综合": {"turnover": 1732.605823, "pct": 2.3340257824985753}, "造纸": {"turnover": 433.456754, "pct": 2.3590700427918496}, "光学光电子": {"turnover": 5299.44752, "pct": 2.811443130070793}, "食品加工制造": {"turnover": 744.449541, "pct": 1.049073515899467}, "油气开采及服务": {"turnover": 4007.69795, "pct": -13.11627245871285}, "农产品加工": {"turnover": 835.351962, "pct": -0.6562535978815689}, "环境治理": {"turnover": 2062.1979, "pct": 0.7845420522291334}, "汽车服务及其他": {"turnover": 271.609366, "pct": 1.5732702630664466}, "教育": {"turnover": 184.828089, "pct": 1.9616795994428857}, "医疗服务": {"turnover": 1619.262867, "pct": 3.216938895891367}, "家居用品": {"turnover": 893.80873, "pct": 1.151438368004278}, "橡胶制品": {"turnover": 385.343212, "pct": 0.9354982275757713}, "零售": {"turnover": 1270.570104, "pct": 0.8801806102142793}, "物流": {"turnover": 770.32779, "pct": -0.06604183040271462}, "塑料制品": {"turnover": 1861.25751, "pct": 1.9587051728776204}, "计算机设备": {"turnover": 2562.0426, "pct": 1.978443406931058}, "证券": {"turnover": 2544.46176, "pct": 0.43581137785754276}, "美容护理": {"turnover": 391.934395, "pct": 0.0521370097205586}, "通信服务": {"turnover": 3421.65331, "pct": 2.7138086775106025}, "多元金融": {"turnover": 1092.378252, "pct": 0.5712002219538934}, "港口航运": {"turnover": 2236.68671, "pct": -2.177112705421471}, "包装印刷": {"turnover": 910.972896, "pct": 0.7167991010081409}, "服装家纺": {"turnover": 772.826509, "pct": 0.8770708841333444}, "元件": {"turnover": 6631.52974, "pct": 1.2920140528718453}, "非金属材料": {"turnover": 528.338428, "pct": -1.6746627083541525}, "燃气": {"turnover": 1018.129057, "pct": -6.622609448011195}, "白色家电": {"turnover": 1332.289481, "pct": -0.03047999975903736}, "其他电子": {"turnover": 1732.66653, "pct": 1.6615773594915906}, "贸易": {"turnover": 233.716053, "pct": 1.4121965719749985}, "其他社会服务": {"turnover": 553.350743, "pct": 0.1008131160098958}, "化学制品": {"turnover": 4998.54767, "pct": 0.10054936887768594}, "纺织制造": {"turnover": 342.479073, "pct": -1.0288010737781481}, "轨交设备": {"turnover": 400.16115, "pct": -0.14628224946171012}, "文化传媒": {"turnover": 2390.85428, "pct": 0.3018093151932895}, "汽车零部件": {"turnover": 5700.4452, "pct": -0.6051697071043596}, "电机": {"turnover": 566.175018, "pct": -0.9734879088071305}, "软件开发": {"turnover": 5730.11495, "pct": 0.5656870569065884}, "建筑材料": {"turnover": 1951.59146, "pct": -1.1004746881795737}, "IT服务": {"turnover": 7303.64595, "pct": 0.02525408883178633}, "专用设备": {"turnover": 4806.81169, "pct": -1.0102056882339818}, "消费电子": {"turnover": 5470.24515, "pct": -0.48254209020907446}, "游戏": {"turnover": 1421.330872, "pct": -0.2011166016567422}, "其他电源设备": {"turnover": 3129.16236, "pct": -1.966916045696604}, "自动化设备": {"turnover": 4511.66506, "pct": -1.855985162852058}, "通用设备": {"turnover": 7171.59504, "pct": -1.976181074656342}, "影视院线": {"turnover": 588.730661, "pct": -1.870372190810815}, "工程机械": {"turnover": 964.627322, "pct": -2.4324779871205493}, "电子化学品": {"turnover": 2324.60271, "pct": -1.9657439442175833}, "机场航运": {"turnover": 621.146969, "pct": -3.221147589376691}, "半导体": {"turnover": 16018.9097, "pct": -0.3490800447415187}, "钢铁": {"turnover": 2055.20231, "pct": -2.9175356155381698}, "石油加工贸易": {"turnover": 2324.756688, "pct": -6.505384196802979}, "通信设备": {"turnover": 12970.69285, "pct": -3.0903629418166734}, "能源金属": {"turnover": 1423.115415, "pct": -2.2196025531132704}, "军工电子": {"turnover": 3937.46013, "pct": -6.390198085705368}, "工业金属": {"turnover": 6169.13514, "pct": -7.399399420775415}, "军工装备": {"turnover": 6255.15265, "pct": -8.435425480504287}, "金属新材料": {"turnover": 976.641058, "pct": -7.907705363914443}, "贵金属": {"turnover": 2189.30685, "pct": -9.949101163278916}, "小金属": {"turnover": 4925.66764, "pct": -12.841940170378832}}