{"小金属": {"turnover": 1095.16297, "pct": 0.313489547666212}, "电子化学品": {"turnover": 620.78128, "pct": 2.7077891671710566}, "黑色家电": {"turnover": 154.806373, "pct": 0.4646094691169287}, "其他电源设备": {"turnover": 431.56636, "pct": 4.23225940622915}, "通信服务": {"turnover": 1043.56617, "pct": 0.41780122558751814}, "金属新材料": {"turnover": 232.983689, "pct": 1.601508513915761}, "能源金属": {"turnover": 383.535409, "pct": 4.838589906756282}, "IT服务": {"turnover": 2101.80775, "pct": 0.7638976750467852}, "游戏": {"turnover": 991.21741, "pct": -1.2935407749786731}, "元件": {"turnover": 1295.02565, "pct": 0.7590127196537826}, "港口航运": {"turnover": 264.595765, "pct": 0.9470279390952435}, "造纸": {"turnover": 165.227398, "pct": 1.1281368759112333}, "其他电子": {"turnover": 406.502433, "pct": 1.2136796380905246}, "钢铁": {"turnover": 448.79044, "pct": 1.5066808660808626}, "煤炭开采加工": {"turnover": 381.58806, "pct": 0.6055716960517485}, "软件开发": {"turnover": 1835.73539, "pct": 0.48512215257412467}, "半导体": {"turnover": 4394.97334, "pct": 1.6226101954711156}, "化学纤维": {"turnover": 137.355519, "pct": -1.1982489436196773}, "通信设备": {"turnover": 3615.33051, "pct": 0.9138903586889389}, "非金属材料": {"turnover": 108.082144, "pct": 1.4651544771729368}, "电机": {"turnover": 201.71378, "pct": -0.18364008366332107}, "电网设备": {"turnover": 1590.41337, "pct": 1.4879847395853407}, "消费电子": {"turnover": 1545.63802, "pct": 0.9927270265719275}, "通用设备": {"turnover": 2192.15151, "pct": 0.502371423749698}, "计算机设备": {"turnover": 697.29035, "pct": 0.015566935386377299}, "环保设备": {"turnover": 55.255222, "pct": -0.04381810742585358}, "电力": {"turnover": 858.13263, "pct": 0.8986998930807211}, "综合": {"turnover": 241.277672, "pct": 0.5013307932770347}, "轨交设备": {"turnover": 79.314834, "pct": 0.2023959256892042}, "建筑材料": {"turnover": 848.93212, "pct": 0.4068256840015816}, "农化制品": {"turnover": 385.19333, "pct": -0.8501376425732624}, "自动化设备": {"turnover": 1001.96621, "pct": 0.0873077954414259}, "汽车零部件": {"turnover": 1900.51356, "pct": -0.20264930333877074}, "汽车整车": {"turnover": 404.310797, "pct": 0.08054907371528802}, "专用设备": {"turnover": 1222.54636, "pct": 0.17925417913804545}, "环境治理": {"turnover": 273.959294, "pct": -0.4868075597510479}, "工业金属": {"turnover": 1128.96622, "pct": 0.5303382857382634}, "化学原料": {"turnover": 573.42452, "pct": -0.11716415241114085}, "橡胶制品": {"turnover": 102.130239, "pct": 0.5846231412774039}, "文化传媒": {"turnover": 1545.32155, "pct": -0.6892823276360552}, "军工装备": {"turnover": 1856.48172, "pct": -0.61251242861341}, "塑料制品": {"turnover": 340.33084, "pct": -0.7524907601352658}, "汽车服务及其他": {"turnover": 50.012526, "pct": -1.4107792525386682}, "工程机械": {"turnover": 157.908916, "pct": -0.062311016174796896}, "教育": {"turnover": 96.152275, "pct": -2.2623675822508864}, "石油加工贸易": {"turnover": 175.50443, "pct": -1.8090300747150532}, "包装印刷": {"turnover": 356.255867, "pct": -0.9670495531191932}, "生物制品": {"turnover": 222.585927, "pct": -1.0394122827099759}, "白色家电": {"turnover": 493.9509, "pct": -0.6733421536103285}, "化学制品": {"turnover": 1251.04949, "pct": -0.15986106245873102}, "电池": {"turnover": 1599.92046, "pct": 0.8229685699003989}, "建筑装饰": {"turnover": 573.45364, "pct": -0.7181481504301725}, "银行": {"turnover": 689.92351, "pct": -1.1778442842243713}, "燃气": {"turnover": 90.901121, "pct": -0.6397604301368013}, "化学制药": {"turnover": 844.86753, "pct": -1.5497165609679309}, "证券": {"turnover": 621.30409, "pct": -0.692216135485844}, "光学光电子": {"turnover": 1031.02766, "pct": -0.6929696093854023}, "多元金融": {"turnover": 201.87023, "pct": -0.979666927100379}, "家居用品": {"turnover": 192.539011, "pct": 0.07188920998161856}, "贸易": {"turnover": 54.730234, "pct": -0.6673211923929288}, "其他社会服务": {"turnover": 97.175828, "pct": -0.6818880364330194}, "纺织制造": {"turnover": 142.066932, "pct": -1.1229589613619801}, "医疗服务": {"turnover": 504.82133, "pct": -1.3096626794957102}, "公路铁路运输": {"turnover": 103.187778, "pct": -1.3662409370077435}, "油气开采及服务": {"turnover": 409.501444, "pct": 0.6585388998399719}, "物流": {"turnover": 157.625877, "pct": -1.0189437594472617}, "风电设备": {"turnover": 396.533401, "pct": -0.16880692771391614}, "小家电": {"turnover": 66.087319, "pct": -1.3061773364400984}, "美容护理": {"turnover": 143.025379, "pct": -1.1575144712078702}, "农产品加工": {"turnover": 84.647703, "pct": -1.1984901054439663}, "房地产": {"turnover": 449.88228, "pct": -0.6507719683673371}, "影视院线": {"turnover": 1227.52827, "pct": -10.415510542234886}, "中药": {"turnover": 314.903676, "pct": -1.476024562540854}, "医疗器械": {"turnover": 285.341838, "pct": -8.45992436100245}, "军工电子": {"turnover": 1022.41543, "pct": -0.6674033715070001}, "厨卫电器": {"turnover": 22.6748216, "pct": -2.2738633311304617}, "种植业与林业": {"turnover": 244.995199, "pct": -1.1929084081864545}, "医药商业": {"turnover": 127.07678, "pct": -1.6804383736345458}, "互联网电商": {"turnover": 123.097707, "pct": -2.745768529853688}, "养殖业": {"turnover": 118.558542, "pct": -1.6134553830005127}, "饮料制造": {"turnover": 172.764548, "pct": -2.131302071004901}, "服装家纺": {"turnover": 267.328277, "pct": -2.163703560479075}, "保险": {"turnover": 215.75389, "pct": -2.4110025967504627}, "光伏设备": {"turnover": 2338.06608, "pct": -0.6951085326778659}, "食品加工制造": {"turnover": 238.723777, "pct": -2.2468291832667506}, "机场航运": {"turnover": 151.201482, "pct": -2.443748314453855}, "零售": {"turnover": 602.74934, "pct": -2.512809193829961}, "白酒": {"turnover": 413.534659, "pct": -1.8539737359236597}, "贵金属": {"turnover": 635.1621, "pct": 0.42964805514268833}, "旅游及酒店": {"turnover": 126.463858, "pct": -2.2609763075783587}}