{"非金属材料": {"turnover": 146.951704, "pct": 2.8237813597247055}, "工程机械": {"turnover": 267.833954, "pct": 2.5556749468006577}, "影视院线": {"turnover": 200.616664, "pct": 1.8524872442912497}, "医药商业": {"turnover": 111.534932, "pct": 3.207507158289328}, "汽车零部件": {"turnover": 1698.50522, "pct": 2.851827927871216}, "元件": {"turnover": 1801.12461, "pct": 2.3908875017726117}, "游戏": {"turnover": 250.87893, "pct": 0.12876857338971273}, "汽车服务及其他": {"turnover": 78.702116, "pct": 3.606240447519974}, "厨卫电器": {"turnover": 36.1929232, "pct": 3.3589077491074733}, "旅游及酒店": {"turnover": 123.858463, "pct": 2.307288904036269}, "食品加工制造": {"turnover": 214.027923, "pct": 2.3284983808467987}, "军工电子": {"turnover": 1263.77557, "pct": 0.647187804445895}, "美容护理": {"turnover": 126.97984, "pct": 1.8072167132934729}, "零售": {"turnover": 245.370334, "pct": 0.444534514755565}, "光伏设备": {"turnover": 1663.58785, "pct": 0.4640017707473282}, "公路铁路运输": {"turnover": 144.837404, "pct": 2.190423409756993}, "白色家电": {"turnover": 388.223505, "pct": 2.4631333560226554}, "通信设备": {"turnover": 3864.84485, "pct": 1.9923761723852467}, "钢铁": {"turnover": 612.52771, "pct": 1.155071727028131}, "电池": {"turnover": 1545.84013, "pct": 1.9482044724970196}, "橡胶制品": {"turnover": 100.321061, "pct": 2.325917051715029}, "半导体": {"turnover": 4866.3175, "pct": 2.583236085852579}, "医疗器械": {"turnover": 543.01762, "pct": 3.2670260404007565}, "银行": {"turnover": 461.92158, "pct": 0.21474201625925315}, "物流": {"turnover": 149.142669, "pct": 1.5231005386280434}, "金属新材料": {"turnover": 203.282078, "pct": -1.5482732701215371}, "电子化学品": {"turnover": 650.49279, "pct": 0.7100934668685404}, "建筑材料": {"turnover": 565.50865, "pct": 1.7113920570924295}, "石油加工贸易": {"turnover": 919.77013, "pct": -0.17628631182403906}, "煤炭开采加工": {"turnover": 608.75183, "pct": -1.3379407341110325}, "证券": {"turnover": 798.92622, "pct": 1.472014483070755}, "工业金属": {"turnover": 2031.71091, "pct": -1.0203954521754095}, "白酒": {"turnover": 321.531331, "pct": 1.7450713861259108}, "机场航运": {"turnover": 169.243507, "pct": 0.899469052070454}, "保险": {"turnover": 271.280753, "pct": 1.0024597230652865}, "能源金属": {"turnover": 407.163881, "pct": 0.19172933075439724}, "小金属": {"turnover": 1821.70049, "pct": -2.3604756676201184}, "港口航运": {"turnover": 942.04399, "pct": -0.6967782458528687}, "燃气": {"turnover": 448.052837, "pct": -3.2411006338912167}, "贵金属": {"turnover": 810.36014, "pct": -2.8970266265077917}, "电网设备": {"turnover": 2215.59596, "pct": 1.9588684651091561}, "通信服务": {"turnover": 587.53919, "pct": 1.5215562232704125}, "其他电源设备": {"turnover": 681.27502, "pct": 1.6506460584478637}, "电力": {"turnover": 1981.86115, "pct": 3.4845340109633014}, "IT服务": {"turnover": 1935.63245, "pct": 3.711126617600912}, "风电设备": {"turnover": 378.34159, "pct": 0.40021448749256916}, "综合": {"turnover": 534.67906, "pct": 4.534472539410181}, "光学光电子": {"turnover": 1749.30499, "pct": 5.9819257790528075}, "医疗服务": {"turnover": 305.04576, "pct": 1.3073194918896878}, "互联网电商": {"turnover": 70.66396, "pct": 3.8246918842966138}, "软件开发": {"turnover": 1487.05487, "pct": 3.684678987495545}, "环保设备": {"turnover": 123.500348, "pct": 4.063470463399467}, "教育": {"turnover": 42.144392, "pct": -0.10220270575777754}, "计算机设备": {"turnover": 429.21515, "pct": 2.4933236029504524}, "农化制品": {"turnover": 692.48322, "pct": 5.991255506114964}, "化学制药": {"turnover": 590.2514, "pct": 2.7327263985607324}, "环境治理": {"turnover": 598.69189, "pct": 3.550714414955319}, "农产品加工": {"turnover": 150.198759, "pct": 3.129366844003825}, "生物制品": {"turnover": 245.379722, "pct": 3.864974445808029}, "其他电子": {"turnover": 347.65426, "pct": -0.23975302154493408}, "造纸": {"turnover": 115.622686, "pct": 3.5615964904176067}, "电机": {"turnover": 106.277951, "pct": 0.3003267468260802}, "建筑装饰": {"turnover": 1209.19643, "pct": 2.928578087934168}, "其他社会服务": {"turnover": 108.847245, "pct": 1.6305712726226667}, "化学制品": {"turnover": 1321.22441, "pct": 3.8798637966974954}, "化学原料": {"turnover": 926.1883, "pct": 4.518177652221159}, "贸易": {"turnover": 45.925676, "pct": 2.1055120589460405}, "养殖业": {"turnover": 314.465671, "pct": 2.3025677633573363}, "轨交设备": {"turnover": 129.554073, "pct": 4.022163043971078}, "文化传媒": {"turnover": 707.38724, "pct": 2.494289369854572}, "塑料制品": {"turnover": 444.89953, "pct": 3.2297405277562556}, "小家电": {"turnover": 66.629493, "pct": 3.5522084191309866}, "家居用品": {"turnover": 255.251921, "pct": 2.72967171468522}, "中药": {"turnover": 149.121259, "pct": 1.8702650536373882}, "通用设备": {"turnover": 1528.46528, "pct": 0.867935844412687}, "专用设备": {"turnover": 1479.06619, "pct": 3.2937558535047993}, "服装家纺": {"turnover": 247.104838, "pct": 2.8921094159107756}, "消费电子": {"turnover": 1008.42291, "pct": -0.17887761840734043}, "多元金融": {"turnover": 197.627505, "pct": 2.1407185745492487}, "纺织制造": {"turnover": 102.373346, "pct": 2.5150921281475935}, "种植业与林业": {"turnover": 665.71309, "pct": -1.378299496310777}, "包装印刷": {"turnover": 227.533608, "pct": 2.7041337897730906}, "自动化设备": {"turnover": 1364.19485, "pct": 2.786864473896378}, "黑色家电": {"turnover": 107.00281, "pct": 3.765284859710428}, "房地产": {"turnover": 264.22165, "pct": 1.3694924784406117}, "饮料制造": {"turnover": 177.787814, "pct": 2.6015108739610953}, "化学纤维": {"turnover": 201.18815, "pct": 3.1940970112479143}, "军工装备": {"turnover": 2315.04042, "pct": 0.11512744208655205}, "汽车整车": {"turnover": 262.178524, "pct": 0.6071380371096009}, "油气开采及服务": {"turnover": 1633.74698, "pct": -8.404139663709955}}