{"油气开采及服务": {"turnover": 1105.1384, "pct": 38.120529191009965}, "小金属": {"turnover": 3423.73583, "pct": -3.827816329107894}, "燃气": {"turnover": 386.76228, "pct": 21.121934560341952}, "种植业与林业": {"turnover": 653.907459, "pct": 2.565755453754331}, "电力": {"turnover": 2698.41881, "pct": 0.7046450605767808}, "港口航运": {"turnover": 1103.64749, "pct": 11.201550055698315}, "贵金属": {"turnover": 1665.8326, "pct": -0.8028041811284689}, "钢铁": {"turnover": 1320.95062, "pct": -1.925643729643277}, "煤炭开采加工": {"turnover": 888.58438, "pct": 9.277576939500063}, "石油加工贸易": {"turnover": 935.363895, "pct": 12.418277498939041}, "非金属材料": {"turnover": 225.154119, "pct": -2.590649382517592}, "电网设备": {"turnover": 2899.71173, "pct": -5.844005396864202}, "工业金属": {"turnover": 3626.6141, "pct": -4.595624860168022}, "能源金属": {"turnover": 924.57117, "pct": -5.289120613709384}, "农化制品": {"turnover": 2333.71444, "pct": -2.57393077691984}, "元件": {"turnover": 3633.8071992, "pct": -7.9226138851450925}, "化学原料": {"turnover": 1356.11246, "pct": -0.12339146203418294}, "风电设备": {"turnover": 881.29247, "pct": -6.143488668155457}, "多元金融": {"turnover": 469.192974, "pct": -2.163987948069817}, "军工电子": {"turnover": 2738.25721, "pct": -2.2377698060975044}, "电子化学品": {"turnover": 1232.0751, "pct": -7.630542319417577}, "其他电源设备": {"turnover": 1370.76186, "pct": -2.4455427976311666}, "物流": {"turnover": 391.909532, "pct": 0.3052058183457}, "环境治理": {"turnover": 945.83878, "pct": -4.806795638041077}, "金属新材料": {"turnover": 664.59972, "pct": -7.340929084168489}, "农产品加工": {"turnover": 260.073408, "pct": -2.3234780082591318}, "银行": {"turnover": 1170.0665099, "pct": 0.9184199100177166}, "养殖业": {"turnover": 366.136678, "pct": -2.312852354035697}, "光伏设备": {"turnover": 2990.89809, "pct": -3.205210725276926}, "橡胶制品": {"turnover": 181.173543, "pct": -0.9972556053654562}, "厨卫电器": {"turnover": 51.4890859, "pct": -2.988374934328571}, "公路铁路运输": {"turnover": 218.975213, "pct": -0.5180213501478481}, "军工装备": {"turnover": 4068.08195, "pct": -6.410927080171722}, "环保设备": {"turnover": 219.587814, "pct": -6.120736211135753}, "通信设备": {"turnover": 6165.66367, "pct": -7.400484810180252}, "旅游及酒店": {"turnover": 211.14002, "pct": -3.2150228902012725}, "建筑装饰": {"turnover": 1737.6221, "pct": -4.899083232931065}, "证券": {"turnover": 1225.0432216, "pct": -2.5632914570341088}, "化学制品": {"turnover": 2839.63771, "pct": -5.155514348451538}, "通用设备": {"turnover": 3828.44834, "pct": -6.96991084895808}, "专用设备": {"turnover": 2381.3885366, "pct": -5.273129216741417}, "电池": {"turnover": 2891.7421, "pct": -6.557438531116813}, "建筑材料": {"turnover": 1166.47742, "pct": -6.010012077872388}, "塑料制品": {"turnover": 923.58276, "pct": -7.014856347508442}, "中药": {"turnover": 395.74128591, "pct": -3.794755922216754}, "光学光电子": {"turnover": 1921.99858, "pct": -6.712624106029412}, "饮料制造": {"turnover": 278.856896, "pct": -3.523538217918634}, "造纸": {"turnover": 224.1724, "pct": -6.777600632126053}, "贸易": {"turnover": 109.366261, "pct": -4.9171637866087945}, "美容护理": {"turnover": 226.731931, "pct": -4.439780967520524}, "食品加工制造": {"turnover": 319.133486, "pct": -4.0813472445066745}, "轨交设备": {"turnover": 188.226327, "pct": -6.03230650856459}, "综合": {"turnover": 556.163267, "pct": -5.151818853504668}, "医疗器械": {"turnover": 853.8274781, "pct": -4.651321372772104}, "其他社会服务": {"turnover": 267.788296, "pct": -5.882991862574514}, "自动化设备": {"turnover": 1938.88114, "pct": -8.104469009378484}, "消费电子": {"turnover": 2939.673107, "pct": -7.493978839556475}, "化学制药": {"turnover": 1573.24795, "pct": -5.456496864595783}, "医药商业": {"turnover": 175.392204, "pct": -4.494431606799372}, "工程机械": {"turnover": 413.033916, "pct": -5.933814396324781}, "生物制品": {"turnover": 422.091149, "pct": -6.0644796077101315}, "IT服务": {"turnover": 3688.04682, "pct": -7.065732175879065}, "零售": {"turnover": 723.36922, "pct": -4.92008533934249}, "服装家纺": {"turnover": 487.696556, "pct": -4.491296386012054}, "房地产": {"turnover": 731.73279, "pct": -5.6723283793347505}, "计算机设备": {"turnover": 1243.36641, "pct": -7.468640891233903}, "白色家电": {"turnover": 757.77386, "pct": -6.466343298547309}, "半导体": {"turnover": 7920.7476, "pct": -10.440587891069264}, "其他电子": {"turnover": 706.45419, "pct": -9.631497260837131}, "包装印刷": {"turnover": 432.80915, "pct": -6.4926353365826}, "家居用品": {"turnover": 426.890937, "pct": -6.059011722156252}, "保险": {"turnover": 443.408327, "pct": -0.8251275008575455}, "汽车服务及其他": {"turnover": 132.917829, "pct": -5.33784804529897}, "汽车零部件": {"turnover": 2944.61705, "pct": -6.988914445438908}, "白酒": {"turnover": 634.669219, "pct": -4.739366756910438}, "通信服务": {"turnover": 1825.537588, "pct": -6.574793524921634}, "机场航运": {"turnover": 270.439728, "pct": -6.448330576847214}, "黑色家电": {"turnover": 182.502412, "pct": -5.683679126291906}, "教育": {"turnover": 126.9710218, "pct": -5.3301244869681765}, "电机": {"turnover": 358.253878, "pct": -8.397532588756963}, "医疗服务": {"turnover": 656.88673, "pct": -8.747404786840352}, "软件开发": {"turnover": 2479.33034, "pct": -7.659481392535597}, "化学纤维": {"turnover": 276.534099, "pct": -8.06913778851041}, "汽车整车": {"turnover": 721.803346, "pct": -5.473005094788455}, "互联网电商": {"turnover": 128.5643137, "pct": -7.6492533956598106}, "小家电": {"turnover": 115.455725, "pct": -6.947361220928482}, "文化传媒": {"turnover": 1648.64522, "pct": -8.732501937721581}, "游戏": {"turnover": 857.39215, "pct": -8.466218577805757}, "影视院线": {"turnover": 513.300155, "pct": -9.326114756808014}, "纺织制造": {"turnover": 177.551537, "pct": -4.871743534399373}}