{"贵金属": {"turnover": 6662.353537, "pct": 13.238629983155537}, "油气开采及服务": {"turnover": 3256.332132, "pct": 20.97150123190204}, "小金属": {"turnover": 10768.97615, "pct": 12.10198727074251}, "石油加工贸易": {"turnover": 2229.702563, "pct": 4.71477753048883}, "光伏设备": {"turnover": 16953.39308, "pct": 13.384024592727922}, "建筑材料": {"turnover": 5338.5928, "pct": 4.791567882840746}, "煤炭开采加工": {"turnover": 2868.220284, "pct": 4.005908417235636}, "农化制品": {"turnover": 4981.32176, "pct": 2.1419944951454797}, "化学原料": {"turnover": 4024.42693, "pct": 1.700170819570987}, "造纸": {"turnover": 815.722798, "pct": 6.498689325756215}, "化学制品": {"turnover": 9563.24927, "pct": 2.313332551124143}, "能源金属": {"turnover": 3520.103318, "pct": 2.44734360623021}, "钢铁": {"turnover": 3483.406996, "pct": 1.8138375877305972}, "工业金属": {"turnover": 18284.63897, "pct": 4.130375885528506}, "影视院线": {"turnover": 3498.2772565, "pct": 9.959151721337044}, "电网设备": {"turnover": 12999.88199, "pct": -0.6013956025539463}, "环保设备": {"turnover": 721.870736, "pct": 4.015520762621538}, "房地产": {"turnover": 4400.87208, "pct": 1.779861315599523}, "种植业与林业": {"turnover": 2337.395415, "pct": 2.2354581873720285}, "元件": {"turnover": 9686.74375, "pct": 3.369482470426207}, "非金属材料": {"turnover": 813.120096, "pct": 3.7825579598602124}, "港口航运": {"turnover": 1972.543725, "pct": 0.6638252714993468}, "综合": {"turnover": 3166.633339, "pct": 3.1469778973785134}, "环境治理": {"turnover": 3164.906931, "pct": 0.36230548079788943}, "服装家纺": {"turnover": 2471.179366, "pct": 1.7396863843021155}, "家居用品": {"turnover": 2169.730616, "pct": 0.8804130713109063}, "化学纤维": {"turnover": 1410.903214, "pct": -2.181851129925603}, "燃气": {"turnover": 983.636294, "pct": -0.9522406435963925}, "电子化学品": {"turnover": 4560.12025, "pct": 3.3751878416522376}, "通信服务": {"turnover": 6367.92265, "pct": 6.83953485974181}, "自动化设备": {"turnover": 7145.22356, "pct": 5.163450263713999}, "贸易": {"turnover": 663.881471, "pct": -0.08657848610986439}, "电力": {"turnover": 7252.43536, "pct": -1.348085965629218}, "轨交设备": {"turnover": 838.651912, "pct": 0.1304808155920696}, "纺织制造": {"turnover": 904.3022968, "pct": 1.9383324810393499}, "其他电源设备": {"turnover": 3805.9574, "pct": 3.0129038521761746}, "通用设备": {"turnover": 15330.84084, "pct": 2.929324945513143}, "光学光电子": {"turnover": 8290.08933, "pct": 3.288532668420087}, "建筑装饰": {"turnover": 7583.09828, "pct": 0.24810973713280654}, "包装印刷": {"turnover": 2122.70158, "pct": 1.8971840746519437}, "军工装备": {"turnover": 14866.19438, "pct": 1.7271211147134318}, "其他电子": {"turnover": 4061.80797, "pct": 3.4974806408904566}, "通信设备": {"turnover": 25009.66477, "pct": 5.132014179783761}, "专用设备": {"turnover": 9435.54206, "pct": 1.5391690653779024}, "中药": {"turnover": 2502.493227, "pct": 0.4266775528518647}, "文化传媒": {"turnover": 14057.90922, "pct": 4.815228058751834}, "银行": {"turnover": 6429.01052, "pct": 1.2725614689787264}, "公路铁路运输": {"turnover": 937.713144, "pct": -0.9258017185715641}, "汽车整车": {"turnover": 3093.8835, "pct": -1.1567708107334707}, "橡胶制品": {"turnover": 765.404543, "pct": -0.016806487219895486}, "物流": {"turnover": 1439.545329, "pct": -1.177558299651972}, "金属新材料": {"turnover": 2553.88483, "pct": 0.40744696413967185}, "养殖业": {"turnover": 1835.950417, "pct": -1.4969050982565897}, "风电设备": {"turnover": 3919.331882, "pct": -0.9908576353175473}, "消费电子": {"turnover": 13573.04996, "pct": 1.702104570245163}, "其他社会服务": {"turnover": 1401.456096, "pct": -0.829161159508262}, "汽车服务及其他": {"turnover": 649.855613, "pct": -1.8518750921623486}, "白色家电": {"turnover": 4622.71113, "pct": -0.4886331510100605}, "美容护理": {"turnover": 1054.956154, "pct": -1.5633405760435846}, "电机": {"turnover": 1946.408614, "pct": -0.9998083300875805}, "塑料制品": {"turnover": 3816.77985, "pct": -0.39409062049475624}, "半导体": {"turnover": 41726.87064, "pct": 1.4205982208664756}, "黑色家电": {"turnover": 903.969812, "pct": 0.33575148052184534}, "汽车零部件": {"turnover": 14986.48338, "pct": -1.147712104563464}, "饮料制造": {"turnover": 1677.935181, "pct": -3.244856790077367}, "机场航运": {"turnover": 1141.0030016, "pct": -4.668539786644454}, "厨卫电器": {"turnover": 202.1929499, "pct": -3.1915426693553184}, "工程机械": {"turnover": 2148.58152, "pct": -0.14182400507838233}, "农产品加工": {"turnover": 1291.356519, "pct": -3.592835141353439}, "电池": {"turnover": 12747.4248, "pct": 0.11562156058028968}, "互联网电商": {"turnover": 937.22184, "pct": -0.6196323243946947}, "证券": {"turnover": 6586.95945, "pct": -2.569884130161733}, "化学制药": {"turnover": 6379.55833, "pct": -2.6476502039035377}, "旅游及酒店": {"turnover": 1398.024995, "pct": -3.448486248929176}, "IT服务": {"turnover": 13827.54586, "pct": 2.487215366366192}, "白酒": {"turnover": 4537.254056, "pct": -1.729952284869293}, "多元金融": {"turnover": 1776.798794, "pct": -2.6227899177992433}, "小家电": {"turnover": 578.096879, "pct": -3.557696420444202}, "医疗器械": {"turnover": 3981.960768, "pct": -2.1236371696245446}, "保险": {"turnover": 2501.017994, "pct": -3.0922484428711963}, "食品加工制造": {"turnover": 1867.407838, "pct": -5.442113360934071}, "计算机设备": {"turnover": 5804.75157, "pct": -0.7199013983115595}, "零售": {"turnover": 4486.19739, "pct": -5.384254126959699}, "生物制品": {"turnover": 2201.590455, "pct": -2.562116789898929}, "医药商业": {"turnover": 1400.061805, "pct": -3.42378169485381}, "教育": {"turnover": 626.646324, "pct": -1.0937458321217837}, "医疗服务": {"turnover": 4075.16497, "pct": -1.5128586787431713}, "游戏": {"turnover": 4734.33622, "pct": -0.38194643294695685}, "软件开发": {"turnover": 12618.00901, "pct": -0.7073501589953435}, "军工电子": {"turnover": 9168.4156, "pct": -1.3600904194735441}}