{"化学纤维": {"turnover": 645.508924, "pct": 5.284938122763138}, "风电设备": {"turnover": 1812.09802, "pct": 7.87855910174437}, "电池": {"turnover": 4662.12581, "pct": 3.512632651818992}, "银行": {"turnover": 1230.61552, "pct": 2.7350086671177856}, "汽车整车": {"turnover": 807.449967, "pct": 0.6514477024843686}, "房地产": {"turnover": 693.35059, "pct": 0.585959886136622}, "元件": {"turnover": 3317.15909, "pct": 0.4038560775364792}, "旅游及酒店": {"turnover": 205.098055, "pct": 0.9162066893312729}, "黑色家电": {"turnover": 257.499447, "pct": 1.231809919784071}, "白酒": {"turnover": 532.90815, "pct": 2.184388609172886}, "光伏设备": {"turnover": 4129.90455, "pct": -0.4867599288973591}, "保险": {"turnover": 328.916429, "pct": -1.4111932664796705}, "医疗器械": {"turnover": 984.86718, "pct": -0.26185817400046685}, "公路铁路运输": {"turnover": 233.650868, "pct": 0.8654919664093973}, "互联网电商": {"turnover": 149.280095, "pct": 0.8992629144298656}, "港口航运": {"turnover": 876.39914, "pct": 2.028718422440861}, "化学制药": {"turnover": 1405.42373, "pct": -0.7472127178163283}, "生物制品": {"turnover": 449.290371, "pct": -1.3805648934410748}, "环保设备": {"turnover": 227.251993, "pct": -1.0871049775510195}, "小家电": {"turnover": 115.005621, "pct": -0.19153548563452494}, "厨卫电器": {"turnover": 65.7193433, "pct": 0.11960540472293205}, "证券": {"turnover": 1061.23434, "pct": -0.8308138980758545}, "美容护理": {"turnover": 184.046762, "pct": -0.842544100231652}, "塑料制品": {"turnover": 1047.90017, "pct": -0.16121851969106213}, "其他电子": {"turnover": 839.11838, "pct": -1.547865014120256}, "建筑装饰": {"turnover": 3168.93986, "pct": -0.725755216546458}, "养殖业": {"turnover": 460.71922, "pct": 1.262338197560463}, "食品加工制造": {"turnover": 349.858898, "pct": -0.5253771941267706}, "电子化学品": {"turnover": 1241.35466, "pct": 0.2486687068081559}, "零售": {"turnover": 607.728384, "pct": -0.527490025087723}, "包装印刷": {"turnover": 495.273017, "pct": -0.9209555237825292}, "橡胶制品": {"turnover": 207.462779, "pct": 0.3687021055021594}, "饮料制造": {"turnover": 274.040769, "pct": -0.6472512112195534}, "中药": {"turnover": 366.691595, "pct": -0.9500978770673163}, "半导体": {"turnover": 7923.3548, "pct": -1.7421108781271382}, "汽车服务及其他": {"turnover": 134.873557, "pct": -1.1239631310215976}, "白色家电": {"turnover": 661.020426, "pct": -1.8127906169511727}, "医药商业": {"turnover": 173.53197, "pct": -0.7994059176233539}, "电力": {"turnover": 4722.91002, "pct": -0.7411320107302569}, "医疗服务": {"turnover": 839.46102, "pct": -1.658265700977095}, "物流": {"turnover": 360.987381, "pct": -0.5815841748680118}, "家居用品": {"turnover": 451.45969, "pct": -1.7833158070084714}, "煤炭开采加工": {"turnover": 1160.40297, "pct": 4.012865969674443}, "服装家纺": {"turnover": 373.366649, "pct": -1.5911229314347426}, "光学光电子": {"turnover": 2593.45745, "pct": -0.9796256200524693}, "消费电子": {"turnover": 2766.21096, "pct": -2.0799114079769447}, "种植业与林业": {"turnover": 686.358557, "pct": 1.504705707034364}, "建筑材料": {"turnover": 996.57843, "pct": -1.7198363131570158}, "机场航运": {"turnover": 283.868166, "pct": -1.8817710202856184}, "计算机设备": {"turnover": 1384.4411, "pct": -2.04575109545152}, "汽车零部件": {"turnover": 2782.89178, "pct": -2.623285033764512}, "造纸": {"turnover": 228.504832, "pct": -1.3023172118874067}, "农化制品": {"turnover": 2182.01951, "pct": 1.9567014839387473}, "教育": {"turnover": 87.303347, "pct": -0.7574533928855802}, "多元金融": {"turnover": 533.589221, "pct": -1.396257124625864}, "化学原料": {"turnover": 1963.70071, "pct": 3.007704968557174}, "其他社会服务": {"turnover": 273.82385, "pct": -2.4374983541993713}, "游戏": {"turnover": 761.579252, "pct": -3.0982839001390063}, "贸易": {"turnover": 118.880074, "pct": -1.511017120539912}, "环境治理": {"turnover": 1046.48969, "pct": -1.5594130573510274}, "能源金属": {"turnover": 728.513003, "pct": -2.8289481574816238}, "工程机械": {"turnover": 498.108232, "pct": -3.713785069437704}, "纺织制造": {"turnover": 174.982321, "pct": -2.0457314287454667}, "自动化设备": {"turnover": 2273.71121, "pct": -2.7701661988909483}, "电机": {"turnover": 287.657176, "pct": -3.285552511527788}, "综合": {"turnover": 820.877222, "pct": -2.287770140859639}, "文化传媒": {"turnover": 1202.43355, "pct": -1.9109716727463113}, "化学制品": {"turnover": 2625.24443, "pct": -0.7678106844365366}, "轨交设备": {"turnover": 195.969481, "pct": -2.8063133906661024}, "通信设备": {"turnover": 6588.60822, "pct": -3.008438062600493}, "通用设备": {"turnover": 3582.47915, "pct": -3.256091066188326}, "专用设备": {"turnover": 2370.9754, "pct": -2.892394230951709}, "农产品加工": {"turnover": 396.734605, "pct": -0.6647656182839198}, "非金属材料": {"turnover": 283.062587, "pct": -3.415345454085484}, "影视院线": {"turnover": 273.848281, "pct": -1.9238700008921832}, "软件开发": {"turnover": 2974.13134, "pct": -3.478749107027621}, "钢铁": {"turnover": 1059.26446, "pct": -2.811046598480246}, "通信服务": {"turnover": 1895.13044, "pct": -3.8877548776733843}, "燃气": {"turnover": 374.54015, "pct": -0.30084558247158133}, "IT服务": {"turnover": 3888.62185, "pct": -4.236630991784535}, "工业金属": {"turnover": 2931.69309, "pct": -3.6278192203484187}, "军工电子": {"turnover": 1967.19422, "pct": -5.4308203880204164}, "金属新材料": {"turnover": 473.257661, "pct": -6.126289226005611}, "其他电源设备": {"turnover": 1608.42114, "pct": -5.094065228601392}, "军工装备": {"turnover": 2791.17902, "pct": -5.768504250136707}, "石油加工贸易": {"turnover": 924.29279, "pct": -0.9964995618466581}, "电网设备": {"turnover": 4728.06318, "pct": -5.743438338329357}, "小金属": {"turnover": 2290.19927, "pct": -8.97231240783198}, "贵金属": {"turnover": 957.96859, "pct": -9.139002398115412}, "油气开采及服务": {"turnover": 1536.4551, "pct": 1.0815600262735097}}