{"油气开采及服务": {"turnover": 6363.52912, "pct": 10.068457567748137}, "电力": {"turnover": 14296.45216, "pct": 10.933505648420532}, "煤炭开采加工": {"turnover": 4084.32097, "pct": 6.447108012157074}, "燃气": {"turnover": 1718.879443, "pct": 3.979270603704986}, "风电设备": {"turnover": 5070.67629, "pct": 8.118924353271915}, "银行": {"turnover": 5103.15957, "pct": 1.9150828715191952}, "港口航运": {"turnover": 4180.389354, "pct": 0.5968200383761092}, "元件": {"turnover": 13822.44525, "pct": 0.30909858634974036}, "种植业与林业": {"turnover": 2802.765326, "pct": -2.335051744072667}, "光伏设备": {"turnover": 13913.18991, "pct": 1.7095344015944727}, "电网设备": {"turnover": 15758.74458, "pct": -1.8599485539302023}, "环保设备": {"turnover": 856.891242, "pct": -2.2955935562722085}, "公路铁路运输": {"turnover": 881.558153, "pct": -2.0287064322025503}, "环境治理": {"turnover": 3855.97282, "pct": -3.053170529868764}, "电池": {"turnover": 14198.70374, "pct": -3.39280197658057}, "建筑装饰": {"turnover": 9408.52669, "pct": -4.326817367666925}, "光学光电子": {"turnover": 9177.75061, "pct": -3.2494057956759193}, "厨卫电器": {"turnover": 242.6524554, "pct": -2.90270190877166}, "养殖业": {"turnover": 1742.058223, "pct": -4.513357541982984}, "农化制品": {"turnover": 7820.55719, "pct": -6.093203876317169}, "物流": {"turnover": 1488.83021, "pct": -4.510239601349201}, "化学原料": {"turnover": 6164.20816, "pct": -4.986179991554953}, "旅游及酒店": {"turnover": 853.754875, "pct": -2.8024407442380275}, "非金属材料": {"turnover": 965.058008, "pct": -5.197658822262815}, "生物制品": {"turnover": 1768.541179, "pct": -4.4032357132699325}, "造纸": {"turnover": 885.236824, "pct": -6.476793283391999}, "石油加工贸易": {"turnover": 3914.6395, "pct": -7.630288417565828}, "多元金融": {"turnover": 2097.024161, "pct": -4.554174244500368}, "中药": {"turnover": 1581.34634, "pct": -5.700165728958466}, "农产品加工": {"turnover": 1365.613252, "pct": -6.327050165537706}, "其他电源设备": {"turnover": 5399.03536, "pct": -4.491735477702842}, "化学制药": {"turnover": 5480.7698, "pct": -5.4200277633378136}, "贸易": {"turnover": 450.756869, "pct": -7.510884343166807}, "橡胶制品": {"turnover": 760.691273, "pct": -6.865141819426858}, "能源金属": {"turnover": 3250.858163, "pct": -6.391017775679429}, "电子化学品": {"turnover": 4745.83343, "pct": -6.224351704263552}, "医疗器械": {"turnover": 3798.73815, "pct": -6.17537795458275}, "综合": {"turnover": 2868.941301, "pct": -7.349114400647105}, "房地产": {"turnover": 3057.54674, "pct": -6.963956510924193}, "塑料制品": {"turnover": 3733.51338, "pct": -7.301809952856727}, "计算机设备": {"turnover": 5246.39612, "pct": -6.9371585703758525}, "通信服务": {"turnover": 7102.06684, "pct": -3.7398655678341997}, "钢铁": {"turnover": 4333.49814, "pct": -6.754760568754992}, "化学纤维": {"turnover": 1912.638304, "pct": -6.936007005158393}, "饮料制造": {"turnover": 1124.463008, "pct": -7.003686747422224}, "汽车整车": {"turnover": 3075.458821, "pct": -8.58139550509737}, "证券": {"turnover": 5127.53452, "pct": -6.232740651140238}, "其他社会服务": {"turnover": 1133.200473, "pct": -8.006255327305398}, "小家电": {"turnover": 462.807539, "pct": -8.58951687062319}, "医药商业": {"turnover": 722.8108, "pct": -7.637271047744367}, "家居用品": {"turnover": 1783.309121, "pct": -8.178107143460435}, "专用设备": {"turnover": 9384.21791, "pct": -8.286646169313236}, "食品加工制造": {"turnover": 1438.052991, "pct": -7.937192236919563}, "服装家纺": {"turnover": 1627.613487, "pct": -8.231785418709432}, "化学制品": {"turnover": 9451.84267, "pct": -9.650047843232922}, "汽车服务及其他": {"turnover": 534.556987, "pct": -9.830145759317087}, "其他电子": {"turnover": 3462.98823, "pct": -7.136413158834115}, "黑色家电": {"turnover": 801.290574, "pct": -7.64408670575665}, "消费电子": {"turnover": 11069.752, "pct": -8.803164473555615}, "美容护理": {"turnover": 803.210074, "pct": -8.375523225733012}, "通信设备": {"turnover": 25570.9123, "pct": -5.75150596201426}, "轨交设备": {"turnover": 764.961238, "pct": -9.049005613615904}, "通用设备": {"turnover": 14224.06332, "pct": -9.382589279323}, "包装印刷": {"turnover": 1932.300076, "pct": -8.583794761265143}, "建筑材料": {"turnover": 4280.18699, "pct": -10.470619038010135}, "白色家电": {"turnover": 2878.24783, "pct": -9.48854964169745}, "教育": {"turnover": 396.545748, "pct": -9.208259060345803}, "半导体": {"turnover": 32526.6441, "pct": -8.50121662015454}, "互联网电商": {"turnover": 593.745726, "pct": -7.257102656148143}, "零售": {"turnover": 2669.678233, "pct": -9.482479109871777}, "军工电子": {"turnover": 7905.29073, "pct": -9.131572841863173}, "自动化设备": {"turnover": 8490.67964, "pct": -10.059219506170637}, "医疗服务": {"turnover": 3000.419356, "pct": -8.784950563374892}, "纺织制造": {"turnover": 688.439243, "pct": -10.47947305414358}, "电机": {"turnover": 1256.266754, "pct": -11.486285783299882}, "汽车零部件": {"turnover": 11622.74074, "pct": -11.19010864868243}, "白酒": {"turnover": 2153.587632, "pct": -9.33623365088478}, "保险": {"turnover": 1649.094727, "pct": -8.195223338726288}, "工程机械": {"turnover": 1878.447589, "pct": -11.526600188773708}, "军工装备": {"turnover": 13146.39909, "pct": -14.550979569167632}, "小金属": {"turnover": 10520.06937, "pct": -9.831696792776718}, "IT服务": {"turnover": 14319.11086, "pct": -10.600829256926216}, "软件开发": {"turnover": 10868.34491, "pct": -9.992126745583384}, "金属新材料": {"turnover": 2137.600461, "pct": -13.943576555305295}, "贵金属": {"turnover": 4852.376863, "pct": -18.094259981528978}, "文化传媒": {"turnover": 5625.85409, "pct": -11.670551580960868}, "工业金属": {"turnover": 12919.9557, "pct": -14.220968092900504}, "机场航运": {"turnover": 1152.970118, "pct": -14.311122036061628}, "游戏": {"turnover": 3153.386112, "pct": -15.660806368047142}, "影视院线": {"turnover": 1627.692346, "pct": -19.221503676918022}}