{"能源金属": {"turnover": 606.72988, "pct": 4.793830665553851}, "医疗服务": {"turnover": 482.44222, "pct": 0.6657551533720263}, "化学制药": {"turnover": 546.64511, "pct": -1.2455935792991224}, "电子化学品": {"turnover": 585.51016, "pct": 1.511307615176594}, "工业金属": {"turnover": 1182.32477, "pct": 1.2521613141262766}, "小金属": {"turnover": 1242.10907, "pct": 0.816301916261016}, "电池": {"turnover": 2572.83036, "pct": 2.3902974837488995}, "电力": {"turnover": 3776.80099, "pct": 3.366193277949111}, "互联网电商": {"turnover": 87.421127, "pct": 0.7161722283162715}, "综合": {"turnover": 297.201883, "pct": 2.6032144557209262}, "服装家纺": {"turnover": 223.598618, "pct": 1.5196367929007164}, "旅游及酒店": {"turnover": 146.85937, "pct": 2.5961472264285583}, "贸易": {"turnover": 76.237952, "pct": 0.7547121842912371}, "农化制品": {"turnover": 797.1639, "pct": 0.9329717673470772}, "生物制品": {"turnover": 247.369027, "pct": -0.4082529504076661}, "贵金属": {"turnover": 943.03031, "pct": -0.11704650704397604}, "包装印刷": {"turnover": 422.950795, "pct": 1.4695776228634958}, "化学制品": {"turnover": 1029.28498, "pct": 1.1816827763330526}, "纺织制造": {"turnover": 92.225234, "pct": 0.5798589969008116}, "化学原料": {"turnover": 666.7858, "pct": 1.0403705830610173}, "中药": {"turnover": 158.934662, "pct": -0.7926674063388415}, "塑料制品": {"turnover": 500.92761, "pct": 1.2588706581757751}, "环境治理": {"turnover": 562.32769, "pct": 0.5047823358808395}, "通信设备": {"turnover": 3769.40795, "pct": 1.4049628249516781}, "金属新材料": {"turnover": 192.617225, "pct": 0.6091290530264662}, "医疗器械": {"turnover": 339.30365, "pct": -2.8296568496822263}, "美容护理": {"turnover": 98.849436, "pct": 0.4554528180764821}, "物流": {"turnover": 212.531894, "pct": 1.9587764760349278}, "轨交设备": {"turnover": 82.585994, "pct": 0.3999074806654757}, "食品加工制造": {"turnover": 228.650231, "pct": 0.9636951806604597}, "房地产": {"turnover": 412.761047, "pct": 0.9908421825196448}, "建筑材料": {"turnover": 512.00412, "pct": 0.8302436833139595}, "小家电": {"turnover": 72.835844, "pct": 2.0731081013722}, "家居用品": {"turnover": 272.105317, "pct": 0.48069132640139645}, "自动化设备": {"turnover": 1063.43871, "pct": 0.9485447026001211}, "石油加工贸易": {"turnover": 333.249653, "pct": 2.5947759878666457}, "农产品加工": {"turnover": 154.854173, "pct": 0.799065873699}, "化学纤维": {"turnover": 282.309866, "pct": 0.1441565398877011}, "机场航运": {"turnover": 176.95475, "pct": 2.1902209560881363}, "环保设备": {"turnover": 174.359762, "pct": -1.3959727802032722}, "建筑装饰": {"turnover": 1242.68357, "pct": 0.5179715869415769}, "消费电子": {"turnover": 1562.65623, "pct": 0.6432737967711534}, "其他电子": {"turnover": 566.66649, "pct": 0.8235407295550468}, "钢铁": {"turnover": 407.083666, "pct": 0.33852835615848}, "饮料制造": {"turnover": 146.065255, "pct": 0.5226320848901025}, "非金属材料": {"turnover": 87.923391, "pct": 0.5572642958612719}, "黑色家电": {"turnover": 73.326969, "pct": 0.684342256869932}, "养殖业": {"turnover": 116.581178, "pct": -1.1038871092832492}, "医药商业": {"turnover": 102.164817, "pct": -0.226567602454871}, "文化传媒": {"turnover": 552.79842, "pct": 0.45896469741960766}, "专用设备": {"turnover": 1099.00401, "pct": 0.06559533253286819}, "零售": {"turnover": 304.210318, "pct": 0.4536469978289769}, "电网设备": {"turnover": 1811.91652, "pct": -0.6812119819171377}, "教育": {"turnover": 53.14551, "pct": 0.6661916968610241}, "电机": {"turnover": 194.250336, "pct": 0.7218697490746256}, "港口航运": {"turnover": 506.76778, "pct": 0.9719490916230483}, "军工装备": {"turnover": 1271.98288, "pct": 0.09740494546025473}, "通用设备": {"turnover": 1438.69607, "pct": 0.03300156046891562}, "工程机械": {"turnover": 274.827586, "pct": 0.7105730905539432}, "公路铁路运输": {"turnover": 153.955594, "pct": 2.4327715089012747}, "种植业与林业": {"turnover": 249.464189, "pct": 0.8332135134418526}, "造纸": {"turnover": 105.640507, "pct": 0.34745624372473527}, "游戏": {"turnover": 313.459358, "pct": 0.370408100558304}, "通信服务": {"turnover": 1045.415, "pct": -0.027034567048378286}, "汽车零部件": {"turnover": 1510.23931, "pct": 0.7317567437562038}, "其他电源设备": {"turnover": 584.02851, "pct": -0.17160082694285186}, "元件": {"turnover": 1603.51379, "pct": 0.004684512232822737}, "影视院线": {"turnover": 118.322924, "pct": -0.02610868673306813}, "橡胶制品": {"turnover": 79.798791, "pct": -0.08220385468471032}, "白色家电": {"turnover": 451.63248, "pct": 0.8305409138008408}, "光学光电子": {"turnover": 1212.12557, "pct": -0.8206061633230235}, "其他社会服务": {"turnover": 191.299545, "pct": -0.37692289209212154}, "半导体": {"turnover": 4414.15116, "pct": -0.3525555514725554}, "汽车整车": {"turnover": 553.46844, "pct": 0.8819761156812875}, "汽车服务及其他": {"turnover": 132.277481, "pct": -0.7164646506035938}, "军工电子": {"turnover": 911.94613, "pct": -0.23323257024773092}, "IT服务": {"turnover": 1468.39048, "pct": -0.12471895051926693}, "计算机设备": {"turnover": 724.12632, "pct": -0.5998873473689712}, "燃气": {"turnover": 223.727667, "pct": 0.3877514204927672}, "银行": {"turnover": 761.33023, "pct": 1.417031589773386}, "厨卫电器": {"turnover": 47.567996, "pct": -1.5890566536600443}, "多元金融": {"turnover": 318.460409, "pct": -1.483592701053598}, "软件开发": {"turnover": 1197.39697, "pct": -1.6299080053349444}, "证券": {"turnover": 712.01648, "pct": -0.747740424492433}, "白酒": {"turnover": 238.55609, "pct": -1.4435829026821745}, "煤炭开采加工": {"turnover": 717.74091, "pct": 0.7809652577743816}, "风电设备": {"turnover": 775.60882, "pct": -2.9255878406989666}, "光伏设备": {"turnover": 2631.22275, "pct": -3.131681948047651}, "油气开采及服务": {"turnover": 642.80728, "pct": -0.23083498539209774}, "保险": {"turnover": 258.413808, "pct": -2.459385641728945}}