{"油气开采及服务": {"turnover": 3064.016291, "pct": 32.521428273000666}, "小金属": {"turnover": 6965.72081, "pct": 8.246962464837944}, "电力": {"turnover": 5504.1033, "pct": 8.112173962851685}, "电网设备": {"turnover": 7280.96435, "pct": 7.806026503035082}, "能源金属": {"turnover": 1865.761137, "pct": 3.693154724199095}, "贵金属": {"turnover": 3188.10149, "pct": 8.232253012741433}, "燃气": {"turnover": 868.169858, "pct": 8.760926723115926}, "煤炭开采加工": {"turnover": 1856.912756, "pct": 6.798444607207641}, "非金属材料": {"turnover": 506.294599, "pct": 5.8611916268281075}, "石油加工贸易": {"turnover": 2034.413377, "pct": 7.0217650822142845}, "港口航运": {"turnover": 2373.639685, "pct": 4.9267683493811}, "元件": {"turnover": 7120.71401, "pct": 4.930758371454979}, "其他电源设备": {"turnover": 2590.19588, "pct": 2.8449015026322013}, "钢铁": {"turnover": 2513.72623, "pct": 3.935155110196572}, "种植业与林业": {"turnover": 1477.768322, "pct": 5.959597795787539}, "电子化学品": {"turnover": 2702.17017, "pct": 1.705814037624543}, "农化制品": {"turnover": 3647.51188, "pct": 3.922545521442692}, "工业金属": {"turnover": 7698.89491, "pct": 2.208482930296287}, "化学原料": {"turnover": 2465.32833, "pct": 3.572736825645718}, "光学光电子": {"turnover": 4376.21146, "pct": 3.494939066863365}, "环境治理": {"turnover": 1915.078421, "pct": 2.314641718044695}, "环保设备": {"turnover": 448.072926, "pct": 1.8299871561348577}, "军工装备": {"turnover": 8498.75641, "pct": 2.476167825637301}, "风电设备": {"turnover": 1764.976144, "pct": 2.006448425368383}, "金属新材料": {"turnover": 1363.706224, "pct": -0.42051851749839547}, "橡胶制品": {"turnover": 408.758737, "pct": -0.5348832830941684}, "通用设备": {"turnover": 8420.96824, "pct": -0.6523425936522117}, "造纸": {"turnover": 511.383312, "pct": -1.2085145835691684}, "专用设备": {"turnover": 5215.65857, "pct": -0.6542002781756141}, "军工电子": {"turnover": 4587.65002, "pct": 0.02197856226450338}, "物流": {"turnover": 807.516394, "pct": 0.35739863145696243}, "建筑装饰": {"turnover": 4043.46421, "pct": -0.2300199652460725}, "通信设备": {"turnover": 13555.8896, "pct": -1.2500422587895557}, "电池": {"turnover": 6370.3449, "pct": -2.3373878074998053}, "塑料制品": {"turnover": 2002.61015, "pct": -1.0774003867942286}, "农产品加工": {"turnover": 597.46737, "pct": -0.47518623292736023}, "综合": {"turnover": 1468.875604, "pct": -1.6448928293903153}, "多元金融": {"turnover": 944.723916, "pct": -0.3229974160206697}, "化学制品": {"turnover": 4899.61933, "pct": -1.1420347278582241}, "轨交设备": {"turnover": 419.40957, "pct": -1.9932852043205898}, "消费电子": {"turnover": 5781.86507, "pct": -2.9127697741173417}, "银行": {"turnover": 2767.22239, "pct": -0.924368783912449}, "其他电子": {"turnover": 1641.09071, "pct": -3.363668202867446}, "建筑材料": {"turnover": 2813.93521, "pct": -2.7153127066731972}, "自动化设备": {"turnover": 4440.60652, "pct": -2.4165925819881044}, "公路铁路运输": {"turnover": 470.357258, "pct": -0.9773507263876997}, "半导体": {"turnover": 18229.4554, "pct": -4.079042923483242}, "厨卫电器": {"turnover": 101.4638253, "pct": -0.6182964281726074}, "计算机设备": {"turnover": 2462.73858, "pct": -3.3638688149829266}, "贸易": {"turnover": 229.220026, "pct": -2.1976623090063376}, "养殖业": {"turnover": 803.675411, "pct": -0.979641552663508}, "工程机械": {"turnover": 968.556539, "pct": -3.005657833794903}, "其他社会服务": {"turnover": 589.895754, "pct": -2.697650164356386}, "电机": {"turnover": 743.963077, "pct": -4.167609193943939}, "中药": {"turnover": 910.272876, "pct": -2.8703831451363415}, "汽车整车": {"turnover": 1534.314101, "pct": -4.52219552250477}, "汽车零部件": {"turnover": 6819.96793, "pct": -4.332597944498523}, "化学纤维": {"turnover": 647.412092, "pct": -5.634727069412271}, "黑色家电": {"turnover": 395.961094, "pct": -5.1333782588863555}, "纺织制造": {"turnover": 410.918291, "pct": -3.444818354021835}, "汽车服务及其他": {"turnover": 294.606851, "pct": -4.275300154416435}, "房地产": {"turnover": 1700.930891, "pct": -4.219884415232053}, "白色家电": {"turnover": 1723.656804, "pct": -4.142801763434827}, "医疗器械": {"turnover": 1833.70446, "pct": -3.9336751158727923}, "通信服务": {"turnover": 3759.02724, "pct": -5.309949554922742}, "家居用品": {"turnover": 994.804573, "pct": -3.9829739722166635}, "IT服务": {"turnover": 7930.91733, "pct": -6.294624567868766}, "证券": {"turnover": 2839.07607, "pct": -4.7338095131471984}, "包装印刷": {"turnover": 1022.986428, "pct": -4.754938389743925}, "美容护理": {"turnover": 481.990531, "pct": -4.699055893162062}, "饮料制造": {"turnover": 617.59834, "pct": -3.861003932891896}, "化学制药": {"turnover": 2796.35895, "pct": -4.494266352822127}, "光伏设备": {"turnover": 6570.39076, "pct": -4.732882297688079}, "医药商业": {"turnover": 401.229906, "pct": -4.165467700982677}, "生物制品": {"turnover": 878.867016, "pct": -4.900087232807025}, "小家电": {"turnover": 248.262071, "pct": -5.022923814375425}, "服装家纺": {"turnover": 986.882764, "pct": -4.236935309219695}, "食品加工制造": {"turnover": 752.186245, "pct": -4.7118646638542945}, "教育": {"turnover": 261.617075, "pct": -4.910416802646019}, "零售": {"turnover": 1691.924542, "pct": -4.618575964433108}, "旅游及酒店": {"turnover": 445.141596, "pct": -3.7550925907353614}, "软件开发": {"turnover": 5902.24818, "pct": -8.406485723966513}, "医疗服务": {"turnover": 1603.938787, "pct": -6.959632533052057}, "白酒": {"turnover": 1288.707976, "pct": -8.02360251146667}, "互联网电商": {"turnover": 313.634367, "pct": -7.367162343733637}, "保险": {"turnover": 988.961113, "pct": -8.155383826208212}, "机场航运": {"turnover": 577.009386, "pct": -9.123447550761117}, "游戏": {"turnover": 2080.333112, "pct": -11.443719953766735}, "文化传媒": {"turnover": 4456.67332, "pct": -11.157578634882414}, "影视院线": {"turnover": 1737.276738, "pct": -17.948570903067747}}