{"油气开采及服务": {"turnover": 5462.485895, "pct": 28.509133974965028}, "非金属材料": {"turnover": 938.936354, "pct": 15.1990500413278}, "电网设备": {"turnover": 14578.19226, "pct": 17.856507346231805}, "电力": {"turnover": 10214.5464, "pct": 15.936682928173463}, "小金属": {"turnover": 11247.037, "pct": 16.463157655585285}, "煤炭开采加工": {"turnover": 3493.117164, "pct": 9.420651659119851}, "元件": {"turnover": 11936.87462, "pct": 14.412194762188124}, "能源金属": {"turnover": 3046.181744, "pct": 15.174958790171472}, "其他电源设备": {"turnover": 4922.6967, "pct": 14.208628101666795}, "化学原料": {"turnover": 4790.74794, "pct": 12.220895576646821}, "农化制品": {"turnover": 6169.82478, "pct": 11.217830482489726}, "风电设备": {"turnover": 3469.939562, "pct": 9.958574470598846}, "电子化学品": {"turnover": 4576.13042, "pct": 9.821927904482635}, "光伏设备": {"turnover": 14304.17811, "pct": 3.7965771063862195}, "石油加工贸易": {"turnover": 3473.761102, "pct": 7.312390344727114}, "环保设备": {"turnover": 782.594677, "pct": 7.703710867442419}, "钢铁": {"turnover": 3971.793976, "pct": 5.366988650604784}, "电池": {"turnover": 12276.46246, "pct": 6.726660485326767}, "通信设备": {"turnover": 25135.81442, "pct": 7.745607786865966}, "环境治理": {"turnover": 3465.944991, "pct": 6.70649418000306}, "光学光电子": {"turnover": 8537.99073, "pct": 5.093512159031803}, "种植业与林业": {"turnover": 2658.041406, "pct": 8.732178260601966}, "港口航运": {"turnover": 3674.098353, "pct": 5.321499298873243}, "造纸": {"turnover": 901.161635, "pct": 5.321186392411248}, "通信服务": {"turnover": 6832.42129, "pct": 6.823343993289469}, "燃气": {"turnover": 1443.404886, "pct": 5.038150403692101}, "通用设备": {"turnover": 15170.95634, "pct": 5.1305189005924845}, "综合": {"turnover": 2818.843824, "pct": 3.492889992139464}, "化学制品": {"turnover": 9087.17602, "pct": 4.398662476432484}, "建筑装饰": {"turnover": 7469.52862, "pct": 3.967215664438542}, "橡胶制品": {"turnover": 714.202088, "pct": 4.775549427296573}, "塑料制品": {"turnover": 3595.48077, "pct": 4.828451413894019}, "物流": {"turnover": 1427.329264, "pct": 2.1306718723774383}, "计算机设备": {"turnover": 4877.77251, "pct": 3.222870932251962}, "自动化设备": {"turnover": 7841.79189, "pct": 2.7700252836783923}, "专用设备": {"turnover": 9211.57811, "pct": 3.0534155017496225}, "消费电子": {"turnover": 11366.87331, "pct": 3.4044084082066433}, "轨交设备": {"turnover": 726.760463, "pct": 2.6120838703064795}, "军工装备": {"turnover": 14161.37085, "pct": 0.15154893361960883}, "厨卫电器": {"turnover": 184.7988841, "pct": 0.008194954900481504}, "其他电子": {"turnover": 3066.37894, "pct": 4.387619868205548}, "金属新材料": {"turnover": 2239.06551, "pct": 3.39677353326671}, "化学纤维": {"turnover": 1276.196043, "pct": 2.1085471630825547}, "军工电子": {"turnover": 8287.49802, "pct": 1.150718901643081}, "黑色家电": {"turnover": 784.452014, "pct": 1.2637187775625731}, "IT服务": {"turnover": 14508.92307, "pct": 2.6679000316430694}, "建筑材料": {"turnover": 4782.13275, "pct": -0.8991875803356598}, "中药": {"turnover": 1991.143975, "pct": 0.2432764727764093}, "贸易": {"turnover": 430.348386, "pct": 0.9726617486743635}, "纺织制造": {"turnover": 814.140589, "pct": -1.1409213066353867}, "多元金融": {"turnover": 1719.312787, "pct": 0.05766032042441916}, "房地产": {"turnover": 3143.159542, "pct": -2.757159030164571}, "银行": {"turnover": 5043.31616, "pct": -0.7347291769102839}, "化学制药": {"turnover": 5557.63038, "pct": -0.6372821877217071}, "农产品加工": {"turnover": 1191.611735, "pct": 1.408984185047271}, "工程机械": {"turnover": 1793.413245, "pct": -1.4004946249076262}, "包装印刷": {"turnover": 1968.736267, "pct": -0.4058802662228583}, "养殖业": {"turnover": 1592.753948, "pct": 0.9222778534564176}, "工业金属": {"turnover": 12989.23601, "pct": 3.2735195216221693}, "公路铁路运输": {"turnover": 848.0022, "pct": -0.38626335062663075}, "汽车整车": {"turnover": 2822.031888, "pct": -1.4419907836090573}, "其他社会服务": {"turnover": 1074.211414, "pct": 0.16867832413642259}, "医疗服务": {"turnover": 3165.566687, "pct": -2.075390837353145}, "生物制品": {"turnover": 1682.842567, "pct": -0.7699166905608931}, "家居用品": {"turnover": 1874.004878, "pct": -1.4829509399251386}, "医疗器械": {"turnover": 3380.168558, "pct": -0.9880516280866278}, "汽车服务及其他": {"turnover": 553.468538, "pct": -1.4905740986699778}, "电机": {"turnover": 1389.592054, "pct": 0.9034651498816018}, "半导体": {"turnover": 32109.42264, "pct": 0.1241078241402545}, "汽车零部件": {"turnover": 12370.38589, "pct": -1.1246632205330322}, "教育": {"turnover": 466.336396, "pct": -1.6833340569537447}, "服装家纺": {"turnover": 1858.908455, "pct": -2.651548240235595}, "美容护理": {"turnover": 967.793231, "pct": -4.484808746633293}, "贵金属": {"turnover": 5508.32209, "pct": 8.739085365400022}, "白色家电": {"turnover": 3154.256385, "pct": -1.7376505481233495}, "软件开发": {"turnover": 11374.49637, "pct": -1.3369949749811432}, "小家电": {"turnover": 459.770615, "pct": -3.96624299345782}, "医药商业": {"turnover": 837.226707, "pct": -4.5825705909851475}, "证券": {"turnover": 5040.39132, "pct": -4.792813584312968}, "旅游及酒店": {"turnover": 1078.18296, "pct": -6.873143815326989}, "饮料制造": {"turnover": 1239.64881, "pct": -5.125438325848773}, "零售": {"turnover": 3386.589778, "pct": -7.705830396268008}, "互联网电商": {"turnover": 641.554926, "pct": -3.5844525739570163}, "食品加工制造": {"turnover": 1554.379033, "pct": -6.360510528646776}, "游戏": {"turnover": 3999.495392, "pct": -6.244918291162323}, "文化传媒": {"turnover": 9158.90672, "pct": -7.800635869461013}, "机场航运": {"turnover": 1151.631445, "pct": -13.790465697334215}, "保险": {"turnover": 1711.56508, "pct": -9.107145026191759}, "影视院线": {"turnover": 3479.459078, "pct": -12.912260931002223}, "白酒": {"turnover": 2657.157142, "pct": -12.746085565271844}}