{"油气开采及服务": {"turnover": 2633.521981, "pct": 37.48793796350043}, "小金属": {"turnover": 6904.66885, "pct": 13.330447141611437}, "燃气": {"turnover": 753.583016, "pct": 10.935259412399887}, "贵金属": {"turnover": 3156.364, "pct": 9.360704402271077}, "煤炭开采加工": {"turnover": 1786.405194, "pct": 6.995767733685475}, "种植业与林业": {"turnover": 1335.782488, "pct": 8.966263563304397}, "港口航运": {"turnover": 2152.007055, "pct": 6.413259693244464}, "石油加工贸易": {"turnover": 1842.719208, "pct": 6.231166134001566}, "能源金属": {"turnover": 1886.330683, "pct": 4.388673089869568}, "电力": {"turnover": 5048.7149, "pct": 6.982829854702864}, "元件": {"turnover": 6869.61597, "pct": 4.506492570912913}, "农化制品": {"turnover": 3550.82801, "pct": 4.374878306734942}, "电网设备": {"turnover": 6599.31296, "pct": 6.193491845415001}, "非金属材料": {"turnover": 493.50852, "pct": 4.808127616422512}, "钢铁": {"turnover": 2456.35955, "pct": 3.4889557717615176}, "电子化学品": {"turnover": 2660.33611, "pct": 1.8367152316917763}, "其他电源设备": {"turnover": 2453.47224, "pct": 3.448859155352436}, "化学原料": {"turnover": 2383.29023, "pct": 1.4103839321575222}, "工业金属": {"turnover": 7544.52927, "pct": 1.9755111225460185}, "军工装备": {"turnover": 8344.70519, "pct": 3.4060203796481137}, "金属新材料": {"turnover": 1363.520601, "pct": 0.7405649607327728}, "环境治理": {"turnover": 1872.315441, "pct": 0.7386668879833822}, "环保设备": {"turnover": 427.800725, "pct": 0.5018199734118356}, "风电设备": {"turnover": 1713.033282, "pct": -0.06879630669393061}, "物流": {"turnover": 783.82088, "pct": -1.3898941426479816}, "农产品加工": {"turnover": 563.494861, "pct": -1.0527219917950255}, "军工电子": {"turnover": 4460.63153, "pct": 0.3181916625377624}, "橡胶制品": {"turnover": 403.969523, "pct": -1.6921480811124194}, "通用设备": {"turnover": 8294.45297, "pct": -1.330561246753668}, "通信设备": {"turnover": 13197.07196, "pct": -1.0584897922363385}, "建筑装饰": {"turnover": 3901.33263, "pct": -1.551855242613229}, "造纸": {"turnover": 534.633168, "pct": -3.477381988495712}, "养殖业": {"turnover": 784.984194, "pct": -1.6093895437166261}, "专用设备": {"turnover": 5078.4886, "pct": -2.3817696299880184}, "化学制品": {"turnover": 4944.06853, "pct": -2.6423925964258608}, "多元金融": {"turnover": 916.27246, "pct": -1.8824908705921004}, "银行": {"turnover": 2703.33314, "pct": -3.202526649432668}, "公路铁路运输": {"turnover": 461.359551, "pct": -2.9895361093033945}, "综合": {"turnover": 1350.253616, "pct": -2.61629003380415}, "塑料制品": {"turnover": 2026.07416, "pct": -3.3987424260502976}, "建筑材料": {"turnover": 2884.68296, "pct": -3.856288048713319}, "消费电子": {"turnover": 6249.55868, "pct": -2.6873521351412477}, "其他电子": {"turnover": 1608.543213, "pct": -3.512567767094675}, "轨交设备": {"turnover": 401.66732, "pct": -3.685971113363166}, "电池": {"turnover": 6411.92604, "pct": -3.38056106421374}, "光学光电子": {"turnover": 4044.28627, "pct": -3.2675046683013944}, "自动化设备": {"turnover": 4218.62087, "pct": -3.6631212829245046}, "计算机设备": {"turnover": 2677.29003, "pct": -3.9149460868023427}, "厨卫电器": {"turnover": 95.0919257, "pct": -4.077606302404378}, "黑色家电": {"turnover": 454.598714, "pct": -7.301628981173355}, "贸易": {"turnover": 228.588551, "pct": -4.16027301037958}, "半导体": {"turnover": 17566.71384, "pct": -3.762481631074216}, "中药": {"turnover": 935.482902, "pct": -4.546792977177889}, "其他社会服务": {"turnover": 580.734073, "pct": -4.165476186610996}, "工程机械": {"turnover": 958.113385, "pct": -4.597814170839747}, "纺织制造": {"turnover": 431.037954, "pct": -5.59143855009814}, "电机": {"turnover": 805.68995, "pct": -5.319610778062174}, "化学纤维": {"turnover": 671.504756, "pct": -7.068206602130081}, "通信服务": {"turnover": 3748.82351, "pct": -6.901460842602742}, "汽车零部件": {"turnover": 6836.07813, "pct": -5.072917691417554}, "白色家电": {"turnover": 1745.66672, "pct": -5.460430972939711}, "证券": {"turnover": 2821.56668, "pct": -5.393876296367237}, "汽车服务及其他": {"turnover": 293.421999, "pct": -6.173128715206356}, "IT服务": {"turnover": 7927.90064, "pct": -6.703506052789118}, "家居用品": {"turnover": 1001.795085, "pct": -5.510038127952884}, "汽车整车": {"turnover": 1560.112591, "pct": -6.099399749400472}, "医疗器械": {"turnover": 1799.698118, "pct": -5.654503780560363}, "美容护理": {"turnover": 488.711088, "pct": -6.423051907701904}, "生物制品": {"turnover": 872.225504, "pct": -6.087077496219305}, "房地产": {"turnover": 1703.41613, "pct": -5.903909473859768}, "化学制药": {"turnover": 2538.96559, "pct": -5.301007404260607}, "光伏设备": {"turnover": 6768.25556, "pct": -4.367911566926159}, "包装印刷": {"turnover": 1058.511815, "pct": -6.735575532224708}, "饮料制造": {"turnover": 618.072356, "pct": -5.541407356855575}, "服装家纺": {"turnover": 907.145062, "pct": -5.180119157982836}, "医药商业": {"turnover": 404.59951, "pct": -6.1091392219367195}, "小家电": {"turnover": 248.875598, "pct": -7.235250992427054}, "旅游及酒店": {"turnover": 469.731342, "pct": -4.05748568552951}, "食品加工制造": {"turnover": 688.835468, "pct": -4.422463219510604}, "教育": {"turnover": 236.067816, "pct": -6.159921584818486}, "软件开发": {"turnover": 5960.52552, "pct": -9.28979496428759}, "零售": {"turnover": 1755.41295, "pct": -7.486715757821841}, "医疗服务": {"turnover": 1465.134577, "pct": -9.438352653587396}, "互联网电商": {"turnover": 331.796313, "pct": -9.328296492974506}, "保险": {"turnover": 912.252408, "pct": -8.338693258246735}, "游戏": {"turnover": 1932.520012, "pct": -12.627701155334156}, "白酒": {"turnover": 1318.507368, "pct": -9.927893251974579}, "机场航运": {"turnover": 524.727786, "pct": -8.049055756384863}, "文化传媒": {"turnover": 4205.7143, "pct": -11.420441149830461}, "影视院线": {"turnover": 2208.536771, "pct": -22.92989053981264}}