{"油气开采及服务": {"turnover": 1680.55487, "pct": -4.34449601673339}, "石油加工贸易": {"turnover": 1146.18424, "pct": -5.423925718553331}, "燃气": {"turnover": 553.92827, "pct": -8.04252208232037}, "煤炭开采加工": {"turnover": 832.34762, "pct": -2.8886169956779075}, "电力": {"turnover": 2137.1459, "pct": 2.633262281208229}, "电网设备": {"turnover": 2704.02158, "pct": 7.640731501713639}, "港口航运": {"turnover": 1162.77338, "pct": -6.568454659200168}, "贵金属": {"turnover": 1164.21178, "pct": -6.251485654142789}, "银行": {"turnover": 1083.16991, "pct": -0.5080929312415703}, "非金属材料": {"turnover": 150.76931, "pct": 0.5571680158244484}, "种植业与林业": {"turnover": 719.92471, "pct": -1.4572472849072593}, "光学光电子": {"turnover": 1560.50636, "pct": 6.301058576771347}, "其他电源设备": {"turnover": 830.99855, "pct": 5.058082273295658}, "化学原料": {"turnover": 981.60076, "pct": -0.5774391720774009}, "公路铁路运输": {"turnover": 183.875955, "pct": -0.8936627013299463}, "风电设备": {"turnover": 565.36801, "pct": 2.6400004699665756}, "保险": {"turnover": 337.059657, "pct": -2.6268999743232557}, "厨卫电器": {"turnover": 38.7844036, "pct": -0.3695850043381654}, "物流": {"turnover": 298.318478, "pct": -1.9285389656322642}, "军工装备": {"turnover": 2720.6168, "pct": 1.7315274972906032}, "橡胶制品": {"turnover": 123.836855, "pct": -0.972592005330509}, "军工电子": {"turnover": 1523.34327, "pct": 0.2757554666677819}, "环境治理": {"turnover": 658.38237, "pct": 1.1179293304217626}, "农产品加工": {"turnover": 257.524197, "pct": -0.8843181821291907}, "造纸": {"turnover": 128.526699, "pct": 0.8765077546506425}, "环保设备": {"turnover": 140.840764, "pct": 1.9536960590339043}, "专用设备": {"turnover": 1726.96447, "pct": 0.692577474012796}, "通信设备": {"turnover": 4404.53167, "pct": 1.8189077984964916}, "元件": {"turnover": 2100.65568, "pct": 1.2967678859984442}, "工业金属": {"turnover": 2473.21681, "pct": 0.7687557103995014}, "多元金融": {"turnover": 345.404841, "pct": -0.09427765783132062}, "综合": {"turnover": 526.38217, "pct": 0.688609947878981}, "建筑装饰": {"turnover": 1257.64329, "pct": 0.5755272401301057}, "饮料制造": {"turnover": 200.518049, "pct": -0.7263995139648615}, "轨交设备": {"turnover": 138.476742, "pct": 1.0323746653712769}, "旅游及酒店": {"turnover": 135.456616, "pct": -0.34179422754146954}, "中药": {"turnover": 288.528101, "pct": -0.5560040538107847}, "汽车整车": {"turnover": 527.06994, "pct": 0.4682787366604659}, "自动化设备": {"turnover": 1521.89817, "pct": 1.5602154964795762}, "黑色家电": {"turnover": 99.085943, "pct": 1.2050346286043416}, "养殖业": {"turnover": 277.411268, "pct": -0.8124805307957432}, "证券": {"turnover": 557.55629, "pct": -0.015609009337309738}, "电子化学品": {"turnover": 807.01403, "pct": 0.9063340173589065}, "钢铁": {"turnover": 731.84766, "pct": -0.7113345519230071}, "工程机械": {"turnover": 303.864658, "pct": 0.498908602167228}, "通用设备": {"turnover": 2502.4136, "pct": 1.391005426232665}, "化学制药": {"turnover": 536.73588, "pct": 0.6612452066152148}, "农化制品": {"turnover": 1164.84074, "pct": -0.35705866157747107}, "医药商业": {"turnover": 123.490836, "pct": -0.15306466210145395}, "服装家纺": {"turnover": 174.130397, "pct": 0.4936015036603025}, "纺织制造": {"turnover": 117.926027, "pct": -0.11225191973851265}, "建筑材料": {"turnover": 656.80696, "pct": -0.40533903010887246}, "零售": {"turnover": 281.594872, "pct": -0.0740205796190951}, "电池": {"turnover": 1871.28051, "pct": 0.1707410183183088}, "教育": {"turnover": 43.442158, "pct": 3.181545000112815}, "食品加工制造": {"turnover": 227.368934, "pct": -1.0864266273694823}, "白色家电": {"turnover": 282.596934, "pct": 1.1578544730604412}, "医疗器械": {"turnover": 602.02111, "pct": -0.11458611546663723}, "塑料制品": {"turnover": 535.07654, "pct": 1.0525287086578585}, "包装印刷": {"turnover": 268.783164, "pct": 0.7075239133366}, "化学制品": {"turnover": 1424.35617, "pct": 0.48586071908497935}, "房地产": {"turnover": 455.609761, "pct": -0.04587717477500918}, "小家电": {"turnover": 73.561658, "pct": 0.9195645671235717}, "计算机设备": {"turnover": 804.37812, "pct": 1.6658593451256822}, "家居用品": {"turnover": 280.238322, "pct": 0.22311515601331594}, "美容护理": {"turnover": 144.419055, "pct": -0.654353405329042}, "电机": {"turnover": 213.870077, "pct": 1.9682171732112643}, "汽车服务及其他": {"turnover": 85.616624, "pct": -0.1740978659696176}, "其他社会服务": {"turnover": 176.71894, "pct": 1.0830378660033562}, "光伏设备": {"turnover": 2034.60822, "pct": -0.8093333902734253}, "汽车零部件": {"turnover": 1928.03559, "pct": 0.33999062802495145}, "消费电子": {"turnover": 1850.00705, "pct": 1.2876045350644107}, "能源金属": {"turnover": 520.525864, "pct": 0.41893800357875627}, "生物制品": {"turnover": 265.646767, "pct": -0.050692165630616536}, "白酒": {"turnover": 391.759017, "pct": -2.626664646389323}, "贸易": {"turnover": 70.206619, "pct": 0.049950313235899}, "其他电子": {"turnover": 483.42788, "pct": 1.9016702012656337}, "互联网电商": {"turnover": 77.570147, "pct": 1.0472511856282274}, "小金属": {"turnover": 2235.48109, "pct": -1.072735377245284}, "金属新材料": {"turnover": 385.356864, "pct": 0.9834784484296994}, "IT服务": {"turnover": 2123.65129, "pct": 1.3368673233427215}, "化学纤维": {"turnover": 211.793193, "pct": -0.21273546923883283}, "半导体": {"turnover": 5572.3061, "pct": 1.7222560203112371}, "通信服务": {"turnover": 1000.88857, "pct": 2.308380409280151}, "机场航运": {"turnover": 187.99586, "pct": -2.2571190681872464}, "医疗服务": {"turnover": 469.744317, "pct": 1.067240467400965}, "游戏": {"turnover": 471.395032, "pct": 0.6627089862693897}, "文化传媒": {"turnover": 884.74773, "pct": 0.35619527726188105}, "影视院线": {"turnover": 250.623058, "pct": 0.2927660391394577}, "软件开发": {"turnover": 1688.15693, "pct": 0.6662173653649478}}