{"电网设备": {"turnover": 5436.51291, "pct": 8.946023097131198}, "通信服务": {"turnover": 1778.83037, "pct": 9.761478739301284}, "通信设备": {"turnover": 6523.47403, "pct": 4.85283485443013}, "其他电源设备": {"turnover": 1646.47771, "pct": 7.511058540718571}, "光学光电子": {"turnover": 2763.30632, "pct": 7.211437986952986}, "IT服务": {"turnover": 3887.27679, "pct": 6.971526884473328}, "计算机设备": {"turnover": 1248.07013, "pct": 6.343587438603201}, "医疗服务": {"turnover": 746.868777, "pct": 7.238841894788166}, "风电设备": {"turnover": 906.57441, "pct": 5.565773841992131}, "其他电子": {"turnover": 840.54879, "pct": 5.896357818851314}, "元件": {"turnover": 3148.76363, "pct": 5.29373616624772}, "软件开发": {"turnover": 3023.69263, "pct": 6.620089954234029}, "非金属材料": {"turnover": 268.975829, "pct": 5.908006410507447}, "环保设备": {"turnover": 210.246634, "pct": 5.720174087355}, "互联网电商": {"turnover": 128.610522, "pct": 5.818035912538531}, "电力": {"turnover": 3597.4821, "pct": 5.122264996116046}, "电机": {"turnover": 300.653343, "pct": 4.952693648031721}, "半导体": {"turnover": 8275.3367, "pct": 4.661617618203312}, "塑料制品": {"turnover": 797.42048, "pct": 5.08245709712079}, "电池": {"turnover": 2975.63382, "pct": 3.9158844776824195}, "通用设备": {"turnover": 3737.54003, "pct": 4.367654127354706}, "教育": {"turnover": 98.070406, "pct": 5.1494397164429895}, "能源金属": {"turnover": 693.796606, "pct": 2.971303632452911}, "造纸": {"turnover": 206.627491, "pct": 5.0682086107275595}, "综合": {"turnover": 1009.95736, "pct": 5.686487217155533}, "消费电子": {"turnover": 2781.50132, "pct": 4.306213729406027}, "生物制品": {"turnover": 442.458341, "pct": 5.742162182678568}, "化学制药": {"turnover": 1477.82821, "pct": 5.542864499933129}, "建筑装饰": {"turnover": 2181.38317, "pct": 4.421958681367253}, "其他社会服务": {"turnover": 273.473065, "pct": 4.354660777392638}, "自动化设备": {"turnover": 2263.37485, "pct": 3.6896079839019587}, "轨交设备": {"turnover": 208.195879, "pct": 5.032622652533476}, "环境治理": {"turnover": 1020.34698, "pct": 4.217503183015016}, "电子化学品": {"turnover": 1113.46814, "pct": 2.3801632809541227}, "医疗器械": {"turnover": 921.06017, "pct": 4.556135959210084}, "家居用品": {"turnover": 442.267975, "pct": 4.165063860607293}, "化学制品": {"turnover": 2335.54229, "pct": 3.43503937507197}, "黑色家电": {"turnover": 197.794081, "pct": 3.2415502376259653}, "光伏设备": {"turnover": 3117.33688, "pct": 3.1874800529025213}, "包装印刷": {"turnover": 414.372146, "pct": 3.177615003337406}, "贸易": {"turnover": 114.160698, "pct": 4.832577876058874}, "专用设备": {"turnover": 2507.15773, "pct": 4.110031526960102}, "小家电": {"turnover": 114.274727, "pct": 3.880865041759126}, "汽车零部件": {"turnover": 2903.49361, "pct": 3.470666883994796}, "游戏": {"turnover": 680.819282, "pct": 3.690342110475541}, "文化传媒": {"turnover": 1276.48769, "pct": 3.810145830402667}, "军工电子": {"turnover": 2156.57536, "pct": 1.8353216039467022}, "服装家纺": {"turnover": 396.102672, "pct": 3.6572158560683015}, "白色家电": {"turnover": 673.997875, "pct": 3.082226726622718}, "养殖业": {"turnover": 527.100013, "pct": 2.260140253675511}, "化学纤维": {"turnover": 354.627081, "pct": 2.619522109455561}, "纺织制造": {"turnover": 174.999047, "pct": 3.4488190961106953}, "汽车服务及其他": {"turnover": 139.763094, "pct": 3.893278765406267}, "橡胶制品": {"turnover": 174.508217, "pct": 3.2910125229226463}, "农化制品": {"turnover": 1874.07152, "pct": 1.418014244211109}, "旅游及酒店": {"turnover": 206.981734, "pct": 2.9936312993973284}, "中药": {"turnover": 409.801592, "pct": 3.651803069786466}, "厨卫电器": {"turnover": 56.1863038, "pct": 4.709448196026307}, "农产品加工": {"turnover": 444.887579, "pct": 2.5716972132522753}, "医药商业": {"turnover": 186.950058, "pct": 3.3484226213931603}, "金属新材料": {"turnover": 534.79124, "pct": 1.1097184177942108}, "军工装备": {"turnover": 3636.69673, "pct": -0.5085531317207624}, "房地产": {"turnover": 678.057303, "pct": 2.6250418269698166}, "汽车整车": {"turnover": 758.633478, "pct": 2.5620298047777967}, "种植业与林业": {"turnover": 1001.10654, "pct": -2.047534019955955}, "美容护理": {"turnover": 212.652545, "pct": 2.017032949709453}, "工程机械": {"turnover": 478.833332, "pct": 2.528512964010088}, "饮料制造": {"turnover": 292.469044, "pct": 2.5840454690470365}, "建筑材料": {"turnover": 962.6809, "pct": 1.9563132324417167}, "零售": {"turnover": 635.871137, "pct": 2.50996193634041}, "食品加工制造": {"turnover": 370.698093, "pct": 2.3270973589569968}, "影视院线": {"turnover": 340.445333, "pct": 1.6531525389330572}, "多元金融": {"turnover": 511.283347, "pct": 2.2762884517770585}, "化学原料": {"turnover": 1699.53072, "pct": 1.339228280435455}, "小金属": {"turnover": 2760.78629, "pct": -2.148265853913521}, "公路铁路运输": {"turnover": 231.665628, "pct": 1.9377121537502378}, "工业金属": {"turnover": 3215.76648, "pct": -1.5741526709799083}, "物流": {"turnover": 412.147085, "pct": 2.058373537687068}, "银行": {"turnover": 1346.99638, "pct": 0.7359011929894543}, "证券": {"turnover": 1257.59113, "pct": 0.7299007880917078}, "钢铁": {"turnover": 1006.37443, "pct": -0.401968928620139}, "白酒": {"turnover": 506.21714, "pct": 0.9778350309011722}, "保险": {"turnover": 427.130318, "pct": 0.3160455601976825}, "机场航运": {"turnover": 345.532081, "pct": -1.2113992602370445}, "贵金属": {"turnover": 1282.11267, "pct": -1.6525240871235056}, "煤炭开采加工": {"turnover": 1171.43411, "pct": -1.6581595744323039}, "港口航运": {"turnover": 1412.19271, "pct": -2.7253541179714458}, "石油加工贸易": {"turnover": 1495.97535, "pct": -3.779281796848693}, "燃气": {"turnover": 683.087178, "pct": -4.805237371528644}, "油气开采及服务": {"turnover": 2588.9715, "pct": -12.680870189888257}}