{"风电设备": {"turnover": 2758.70897, "pct": 14.792381254502324}, "电力": {"turnover": 8288.41082, "pct": 5.246701810445055}, "银行": {"turnover": 2803.8925, "pct": 2.137277248556967}, "化学纤维": {"turnover": 1013.176257, "pct": 7.224059135320274}, "旅游及酒店": {"turnover": 425.481127, "pct": 3.208927344670267}, "煤炭开采加工": {"turnover": 2492.4655, "pct": -0.06604112235063052}, "光伏设备": {"turnover": 7421.20046, "pct": 2.1209465507811958}, "互联网电商": {"turnover": 283.422766, "pct": 6.397010154399566}, "化学制药": {"turnover": 2948.33425, "pct": 4.007317341660648}, "养殖业": {"turnover": 1004.029908, "pct": 3.8152208460031445}, "公路铁路运输": {"turnover": 507.076696, "pct": 1.2602614226202296}, "电池": {"turnover": 7716.05391, "pct": 6.4858498993249745}, "电网设备": {"turnover": 9780.48063, "pct": 6.655851819953407}, "环保设备": {"turnover": 450.657538, "pct": 4.4975762681920735}, "房地产": {"turnover": 1429.14519, "pct": 2.287312459751021}, "生物制品": {"turnover": 904.314165, "pct": 3.410382143017656}, "种植业与林业": {"turnover": 1783.977757, "pct": 2.4468431782184084}, "建筑装饰": {"turnover": 5359.01701, "pct": 3.4078256549006722}, "中药": {"turnover": 819.646433, "pct": 1.5492229363932997}, "厨卫电器": {"turnover": 126.2862037, "pct": 2.498870231650404}, "汽车整车": {"turnover": 1663.779251, "pct": 2.2200146378016865}, "光学光电子": {"turnover": 5410.73521, "pct": 5.653242290052242}, "黑色家电": {"turnover": 467.855186, "pct": 3.4991188101688566}, "小家电": {"turnover": 238.390264, "pct": 2.868734500377385}, "医疗器械": {"turnover": 1980.24374, "pct": 3.0658440133287854}, "饮料制造": {"turnover": 598.057646, "pct": 0.975069550321353}, "综合": {"turnover": 1782.740662, "pct": 2.5873040181235494}, "医药商业": {"turnover": 376.303754, "pct": 1.2889430926828669}, "教育": {"turnover": 196.054992, "pct": 3.8979177843724178}, "白酒": {"turnover": 1125.204436, "pct": 0.14378610022743984}, "化学原料": {"turnover": 3744.57881, "pct": 3.0532243830742716}, "农产品加工": {"turnover": 856.130123, "pct": 1.7235024975289244}, "环境治理": {"turnover": 2150.48291, "pct": 2.500294838261592}, "医疗服务": {"turnover": 1638.702847, "pct": 4.864906822906062}, "食品加工制造": {"turnover": 743.67078, "pct": 0.43959736375984926}, "橡胶制品": {"turnover": 399.925039, "pct": 1.6203797805591058}, "汽车服务及其他": {"turnover": 280.786949, "pct": 1.3520047469131222}, "保险": {"turnover": 830.946552, "pct": -4.053643362559935}, "造纸": {"turnover": 444.909399, "pct": 2.644172654499195}, "通信服务": {"turnover": 3606.06687, "pct": 5.126123008513745}, "农化制品": {"turnover": 4213.95828, "pct": 4.1856430057246685}, "塑料制品": {"turnover": 1898.92239, "pct": 4.200682405088065}, "计算机设备": {"turnover": 2674.27092, "pct": 3.7038173808673815}, "家居用品": {"turnover": 910.286435, "pct": 1.5862490320595932}, "零售": {"turnover": 1335.304154, "pct": 0.6989808852133429}, "物流": {"turnover": 820.417412, "pct": -1.0851350031186358}, "美容护理": {"turnover": 416.934793, "pct": 0.301424865149966}, "元件": {"turnover": 6635.54207, "pct": 5.803154654667728}, "包装印刷": {"turnover": 926.371356, "pct": 1.4271936298350232}, "证券": {"turnover": 2501.64719, "pct": -2.206216612799591}, "非金属材料": {"turnover": 551.077258, "pct": 1.1605593644481853}, "多元金融": {"turnover": 1098.893422, "pct": -0.30768799237676075}, "其他电子": {"turnover": 1686.78087, "pct": 4.390054520489601}, "服装家纺": {"turnover": 835.190861, "pct": 0.855978964758732}, "港口航运": {"turnover": 2526.25652, "pct": -6.197141692573611}, "其他社会服务": {"turnover": 563.804416, "pct": 1.6248362581037261}, "贸易": {"turnover": 241.049133, "pct": 1.7722594377721759}, "白色家电": {"turnover": 1404.136621, "pct": 0.5604809519067113}, "轨交设备": {"turnover": 419.041026, "pct": 1.2559554365764487}, "纺织制造": {"turnover": 360.879075, "pct": 0.5968783722494204}, "化学制品": {"turnover": 5092.39415, "pct": 2.2394137785142676}, "电机": {"turnover": 612.22994, "pct": 1.8441957063601029}, "燃气": {"turnover": 1173.920227, "pct": -10.472858136322099}, "软件开发": {"turnover": 5903.75532, "pct": 2.0379768231790734}, "其他电源设备": {"turnover": 3191.79159, "pct": 3.793093665379338}, "IT服务": {"turnover": 7651.79278, "pct": 2.2193674778043695}, "文化传媒": {"turnover": 2567.29112, "pct": 0.8287675776067933}, "汽车零部件": {"turnover": 5910.08251, "pct": -0.09722569015703356}, "消费电子": {"turnover": 5689.08636, "pct": 1.7636113080318057}, "油气开采及服务": {"turnover": 4180.88293, "pct": -11.16776115478968}, "建筑材料": {"turnover": 2023.31583, "pct": -0.5719401750576834}, "专用设备": {"turnover": 5100.90568, "pct": -0.18963972162401338}, "游戏": {"turnover": 1487.973684, "pct": -0.5047366718105128}, "自动化设备": {"turnover": 4686.52969, "pct": 0.42155354343112056}, "通用设备": {"turnover": 7573.7684, "pct": 0.6598030101386819}, "工程机械": {"turnover": 1005.997869, "pct": -2.17808418983918}, "半导体": {"turnover": 16656.2683, "pct": 2.5244201743329477}, "影视院线": {"turnover": 653.489017, "pct": -0.7288838705236599}, "通信设备": {"turnover": 13448.98575, "pct": 1.7178767306278955}, "电子化学品": {"turnover": 2458.11168, "pct": 2.193709511060377}, "能源金属": {"turnover": 1542.618494, "pct": -0.19797564722024505}, "机场航运": {"turnover": 634.878587, "pct": -4.569105799945079}, "钢铁": {"turnover": 2178.23606, "pct": -4.251033397402501}, "石油加工贸易": {"turnover": 2643.44554, "pct": -9.703144994693561}, "军工电子": {"turnover": 4337.72957, "pct": -3.5503707834954863}, "工业金属": {"turnover": 6682.0559, "pct": -4.79852162668691}, "金属新材料": {"turnover": 1067.886127, "pct": -4.810209316435737}, "军工装备": {"turnover": 6938.90666, "pct": -4.190099430249007}, "贵金属": {"turnover": 2601.4777, "pct": -14.063243870954292}, "小金属": {"turnover": 5539.76895, "pct": -10.187981143670815}}