{"油气开采及服务": {"turnover": 1662.577095, "pct": 12.717072861823283}, "元件": {"turnover": 5645.12786, "pct": 15.908845490489842}, "小金属": {"turnover": 5211.4109, "pct": 17.74620160058162}, "电子化学品": {"turnover": 2294.19343, "pct": 15.080249761330347}, "能源金属": {"turnover": 1558.371238, "pct": 14.583005918085703}, "农化制品": {"turnover": 2588.9447, "pct": 10.121034113045702}, "非金属材料": {"turnover": 435.305279, "pct": 9.662240395032764}, "钢铁": {"turnover": 1757.898086, "pct": 8.025602478486379}, "煤炭开采加工": {"turnover": 1337.552404, "pct": 3.0111454202011583}, "环保设备": {"turnover": 353.888899, "pct": 7.57993589683447}, "化学原料": {"turnover": 1837.1267, "pct": 7.918275350653811}, "其他电源设备": {"turnover": 2023.30971, "pct": 10.372833547024667}, "电网设备": {"turnover": 5888.82214, "pct": 9.156699271542955}, "金属新材料": {"turnover": 1098.871177, "pct": 9.872710997654751}, "环境治理": {"turnover": 1494.233201, "pct": 6.28993498884143}, "造纸": {"turnover": 482.637215, "pct": 6.2914143728222145}, "通用设备": {"turnover": 7683.91276, "pct": 7.068265188213715}, "港口航运": {"turnover": 1158.151563, "pct": 4.304195636693734}, "化学制品": {"turnover": 4604.5047, "pct": 6.406451866180357}, "电池": {"turnover": 6028.29296, "pct": 6.265092930940392}, "军工装备": {"turnover": 6673.18515, "pct": 4.823613980579145}, "消费电子": {"turnover": 5751.67655, "pct": 6.75284230934681}, "建筑材料": {"turnover": 2785.05067, "pct": 3.378524763084185}, "电力": {"turnover": 3400.91119, "pct": 5.097521347864469}, "风电设备": {"turnover": 1636.679122, "pct": 6.65898872589286}, "化学纤维": {"turnover": 613.282726, "pct": 5.511013878391988}, "塑料制品": {"turnover": 1903.76576, "pct": 6.477787750902925}, "半导体": {"turnover": 16433.76054, "pct": 7.154575395210568}, "自动化设备": {"turnover": 3635.28663, "pct": 6.444495273235708}, "石油加工贸易": {"turnover": 927.820468, "pct": 3.877428214737929}, "光学光电子": {"turnover": 3738.6256, "pct": 4.481836911518957}, "综合": {"turnover": 1178.713081, "pct": 3.65496212209036}, "轨交设备": {"turnover": 327.2539, "pct": 4.163607249851715}, "其他电子": {"turnover": 1534.07746, "pct": 7.720148479393557}, "专用设备": {"turnover": 4349.25581, "pct": 5.154729207301538}, "通信设备": {"turnover": 12240.81869, "pct": 7.14726660220434}, "黑色家电": {"turnover": 379.314656, "pct": 3.4137592405684822}, "包装印刷": {"turnover": 1111.266948, "pct": 2.752346135364048}, "房地产": {"turnover": 1822.62147, "pct": 0.5180883778691578}, "物流": {"turnover": 636.848742, "pct": 2.1331007424972173}, "橡胶制品": {"turnover": 356.945616, "pct": 4.573108434723797}, "计算机设备": {"turnover": 2390.35619, "pct": 4.287373749807726}, "建筑装饰": {"turnover": 3357.8173, "pct": 3.271731125999675}, "工业金属": {"turnover": 6337.27675, "pct": 6.634841415773884}, "中药": {"turnover": 1205.666386, "pct": 1.4826235824600167}, "汽车零部件": {"turnover": 6626.04502, "pct": 3.1090314436839463}, "军工电子": {"turnover": 3837.06329, "pct": 3.9595672482063184}, "汽车整车": {"turnover": 1284.928454, "pct": 1.0750557626723887}, "通信服务": {"turnover": 3344.6993, "pct": 5.348698524207706}, "厨卫电器": {"turnover": 75.890107, "pct": -0.0743838995147554}, "家居用品": {"turnover": 1014.4251, "pct": 0.8122203989909911}, "美容护理": {"turnover": 550.359979, "pct": -0.8396573821508416}, "电机": {"turnover": 764.197089, "pct": 4.20185272351086}, "种植业与林业": {"turnover": 989.835401, "pct": 3.5154928083055363}, "汽车服务及其他": {"turnover": 285.175433, "pct": 1.3416449378112405}, "燃气": {"turnover": 342.909122, "pct": 1.3530015218395812}, "工程机械": {"turnover": 910.997336, "pct": 2.6707713359155445}, "纺织制造": {"turnover": 470.937655, "pct": 0.765623225708765}, "贸易": {"turnover": 204.383282, "pct": 2.1131239028638533}, "白色家电": {"turnover": 1768.50969, "pct": 1.8356761187178277}, "农产品加工": {"turnover": 470.226185, "pct": 1.1851008121584299}, "其他社会服务": {"turnover": 540.508499, "pct": 2.3724706590894793}, "银行": {"turnover": 2507.48516, "pct": -2.3343686519604208}, "IT服务": {"turnover": 6889.50231, "pct": 3.401737362019984}, "光伏设备": {"turnover": 7825.68254, "pct": 1.5805883553516253}, "生物制品": {"turnover": 841.298383, "pct": 0.6616921232963401}, "化学制药": {"turnover": 2808.50135, "pct": -0.012005152866852711}, "公路铁路运输": {"turnover": 381.119668, "pct": -1.0309979947852073}, "服装家纺": {"turnover": 1015.660098, "pct": -0.7979460574077542}, "多元金融": {"turnover": 726.831129, "pct": 0.6631709775356572}, "养殖业": {"turnover": 692.154082, "pct": 0.5440158566633239}, "小家电": {"turnover": 236.387505, "pct": -0.16314301201388726}, "医疗服务": {"turnover": 1731.77578, "pct": -0.3754040028034614}, "医疗器械": {"turnover": 1588.305128, "pct": -0.3004906265447239}, "证券": {"turnover": 2624.70652, "pct": -1.788775447933561}, "机场航运": {"turnover": 531.507147, "pct": -5.038849301701138}, "教育": {"turnover": 252.166323, "pct": -0.06288743843196308}, "零售": {"turnover": 2094.26096, "pct": -4.558797046641469}, "饮料制造": {"turnover": 679.971013, "pct": -3.365560831045463}, "软件开发": {"turnover": 5711.1385, "pct": 0.6905008429512176}, "食品加工制造": {"turnover": 874.61292, "pct": -3.394416037005718}, "医药商业": {"turnover": 480.160335, "pct": -2.236273186275161}, "旅游及酒店": {"turnover": 673.394499, "pct": -6.328176586728502}, "游戏": {"turnover": 2484.9884, "pct": -0.5185819777185268}, "互联网电商": {"turnover": 392.071342, "pct": -1.1565288838775871}, "影视院线": {"turnover": 2730.67399, "pct": -5.49028979605036}, "文化传媒": {"turnover": 6403.35916, "pct": -2.167870256744576}, "贵金属": {"turnover": 2582.3217, "pct": 4.548560049399492}, "保险": {"turnover": 894.158262, "pct": -6.445887155832823}, "白酒": {"turnover": 1682.572222, "pct": -7.83500407740763}}