{"电力": {"turnover": 17880.04898, "pct": 12.327056617410065}, "煤炭开采加工": {"turnover": 4761.15321, "pct": 6.437446861348861}, "油气开采及服务": {"turnover": 6596.63865, "pct": 7.18581156095033}, "燃气": {"turnover": 1925.110377, "pct": 1.09370020851264}, "银行": {"turnover": 5580.84888, "pct": 2.480467339154097}, "能源金属": {"turnover": 3357.520593, "pct": -7.813961749687085}, "风电设备": {"turnover": 5570.22104, "pct": -0.4234982143298596}, "电池": {"turnover": 15642.91402, "pct": -3.6032691296822144}, "光伏设备": {"turnover": 15924.02355, "pct": -4.6741384222509454}, "港口航运": {"turnover": 4343.76133, "pct": -2.0748860018135202}, "化学制药": {"turnover": 5598.64584, "pct": -5.285824991242123}, "公路铁路运输": {"turnover": 996.668939, "pct": -2.927484838715901}, "旅游及酒店": {"turnover": 905.817376, "pct": -5.683057417649132}, "化学原料": {"turnover": 6468.118, "pct": -7.5780015206082005}, "环保设备": {"turnover": 943.669011, "pct": -5.9329994674899575}, "厨卫电器": {"turnover": 292.8914153, "pct": -6.628018896104611}, "石油加工贸易": {"turnover": 4084.505447, "pct": -6.470935609846443}, "电网设备": {"turnover": 16153.16978, "pct": -5.440471265036945}, "生物制品": {"turnover": 1862.885006, "pct": -8.050424011365397}, "种植业与林业": {"turnover": 2846.470905, "pct": -7.958992042168897}, "互联网电商": {"turnover": 615.194458, "pct": -8.61065744538036}, "建筑装饰": {"turnover": 9822.82458, "pct": -6.961521301621813}, "通信服务": {"turnover": 7278.22202, "pct": -8.39616463301813}, "中药": {"turnover": 1633.498849, "pct": -6.164911119556884}, "环境治理": {"turnover": 4110.43242, "pct": -7.799619971819316}, "物流": {"turnover": 1585.014365, "pct": -7.756079596256211}, "综合": {"turnover": 2940.398203, "pct": -7.016858997929775}, "医疗服务": {"turnover": 3173.139646, "pct": -10.522821136423003}, "医疗器械": {"turnover": 3900.73682, "pct": -8.906960338421573}, "农化制品": {"turnover": 7683.37645, "pct": -11.022032373666281}, "汽车整车": {"turnover": 3556.401977, "pct": -6.932349837684021}, "养殖业": {"turnover": 1767.149353, "pct": -7.761543814537545}, "饮料制造": {"turnover": 1177.638151, "pct": -8.252220949798213}, "多元金融": {"turnover": 2313.378621, "pct": -10.07753395966368}, "房地产": {"turnover": 3044.760357, "pct": -8.23749692689105}, "服装家纺": {"turnover": 1660.448899, "pct": -8.622622993944173}, "化学纤维": {"turnover": 2108.474288, "pct": -8.34884421534057}, "黑色家电": {"turnover": 800.169542, "pct": -8.552042098484131}, "贸易": {"turnover": 485.727837, "pct": -9.686647892360643}, "食品加工制造": {"turnover": 1560.822587, "pct": -9.478031651942938}, "光学光电子": {"turnover": 9593.16816, "pct": -8.91391526287825}, "包装印刷": {"turnover": 2194.053399, "pct": -9.390822054964328}, "通信设备": {"turnover": 26892.13914, "pct": -8.716920593152752}, "小家电": {"turnover": 492.942, "pct": -7.839625819101103}, "农产品加工": {"turnover": 1471.279049, "pct": -10.358860698020173}, "医药商业": {"turnover": 754.128613, "pct": -9.88207001323356}, "其他电源设备": {"turnover": 5488.7406, "pct": -9.181085993035229}, "家居用品": {"turnover": 1855.349746, "pct": -9.906447102457715}, "非金属材料": {"turnover": 922.290272, "pct": -10.279304237824158}, "电子化学品": {"turnover": 4670.9489, "pct": -10.859193882079351}, "塑料制品": {"turnover": 3730.20929, "pct": -10.717817819094291}, "汽车服务及其他": {"turnover": 630.741623, "pct": -10.42850738168461}, "元件": {"turnover": 13507.07585, "pct": -8.433484512196268}, "造纸": {"turnover": 868.6067, "pct": -8.965376775466758}, "橡胶制品": {"turnover": 758.45668, "pct": -11.069529346028}, "教育": {"turnover": 407.472015, "pct": -11.957198831098053}, "美容护理": {"turnover": 806.545682, "pct": -11.849218769579712}, "其他电子": {"turnover": 3692.55625, "pct": -10.192271889030653}, "零售": {"turnover": 2582.289731, "pct": -11.51025359700999}, "其他社会服务": {"turnover": 1219.030607, "pct": -11.418727861492291}, "纺织制造": {"turnover": 689.003078, "pct": -12.36976445373809}, "计算机设备": {"turnover": 5516.02262, "pct": -11.362810835746792}, "化学制品": {"turnover": 9253.85242, "pct": -12.53889014839475}, "专用设备": {"turnover": 9503.30014, "pct": -11.925235093999294}, "轨交设备": {"turnover": 766.925056, "pct": -11.970072404693711}, "消费电子": {"turnover": 11228.22829, "pct": -12.028625688599329}, "建筑材料": {"turnover": 4004.39336, "pct": -11.841127082426157}, "IT服务": {"turnover": 14139.41851, "pct": -14.181209259754837}, "白色家电": {"turnover": 2986.50477, "pct": -11.77691721642989}, "白酒": {"turnover": 2140.542998, "pct": -12.43545062310133}, "电机": {"turnover": 1279.596317, "pct": -12.816685552400855}, "钢铁": {"turnover": 4157.825456, "pct": -15.148904179239853}, "文化传媒": {"turnover": 5023.89909, "pct": -13.511473181495404}, "自动化设备": {"turnover": 8627.23305, "pct": -13.477378543254684}, "汽车零部件": {"turnover": 11612.883, "pct": -13.101374748695843}, "工程机械": {"turnover": 1976.32528, "pct": -12.720982019222443}, "通用设备": {"turnover": 13713.14772, "pct": -14.117278377663306}, "保险": {"turnover": 1733.572849, "pct": -11.887997648244573}, "软件开发": {"turnover": 10940.90623, "pct": -15.759305704844945}, "半导体": {"turnover": 32937.26986, "pct": -14.259167187527968}, "游戏": {"turnover": 2966.07048, "pct": -15.773407442183876}, "军工电子": {"turnover": 7886.20976, "pct": -14.233076216587525}, "贵金属": {"turnover": 5225.131273, "pct": -18.852841501152653}, "小金属": {"turnover": 10255.40898, "pct": -22.821193978990177}, "工业金属": {"turnover": 12673.16378, "pct": -18.983747550800608}, "影视院线": {"turnover": 1246.137129, "pct": -15.966579754521092}, "机场航运": {"turnover": 1248.15179, "pct": -15.572608400494047}, "军工装备": {"turnover": 12552.64037, "pct": -16.687206922989343}, "金属新材料": {"turnover": 1987.882978, "pct": -20.604552845961276}}