{"油气开采及服务": {"turnover": 1417.40766, "pct": 12.942008486562939}, "燃气": {"turnover": 502.414354, "pct": 3.2641328711299225}, "贵金属": {"turnover": 1504.43403, "pct": -6.701171982095231}, "种植业与林业": {"turnover": 663.08565, "pct": 3.3758887149865564}, "石油加工贸易": {"turnover": 1180.41515, "pct": -0.8676178261091938}, "煤炭开采加工": {"turnover": 903.25373, "pct": 0.6639622249762674}, "港口航运": {"turnover": 1194.76573, "pct": -0.9362426147807061}, "小金属": {"turnover": 2672.5375, "pct": -5.988880299331149}, "电力": {"turnover": 2221.18074, "pct": -0.3245097426197618}, "银行": {"turnover": 1122.33424, "pct": -0.8827367693608325}, "电网设备": {"turnover": 2344.69722, "pct": 0.2856688138927556}, "化学原料": {"turnover": 1008.10583, "pct": -3.3658530195120635}, "非金属材料": {"turnover": 163.15969, "pct": -1.8918439974986891}, "工业金属": {"turnover": 2949.02216, "pct": -5.460819181760375}, "公路铁路运输": {"turnover": 209.128719, "pct": -1.7536524877613935}, "农产品加工": {"turnover": 254.799863, "pct": -1.3219139992863298}, "农化制品": {"turnover": 1322.5185, "pct": -2.811949199115912}, "钢铁": {"turnover": 873.89957, "pct": -4.3112780120834895}, "养殖业": {"turnover": 295.248724, "pct": -1.0740108533856874}, "物流": {"turnover": 327.861922, "pct": -2.507167665622527}, "军工装备": {"turnover": 3275.02739, "pct": -4.811549952671017}, "多元金融": {"turnover": 379.729545, "pct": -3.491544788545554}, "光伏设备": {"turnover": 2260.41249, "pct": -2.2020826695466953}, "旅游及酒店": {"turnover": 157.428536, "pct": -1.807842231533895}, "其他电源设备": {"turnover": 837.90129, "pct": -3.5390371144624595}, "保险": {"turnover": 373.789937, "pct": -2.203209382119454}, "军工电子": {"turnover": 1806.03599, "pct": -6.438574146289612}, "厨卫电器": {"turnover": 46.9380197, "pct": -4.124531083517433}, "建筑装饰": {"turnover": 1321.98426, "pct": -3.0650425655030125}, "环境治理": {"turnover": 713.32321, "pct": -2.782264471543078}, "证券": {"turnover": 1046.70731, "pct": -3.0880587256488745}, "能源金属": {"turnover": 597.00429, "pct": -5.5944626864920455}, "饮料制造": {"turnover": 223.291765, "pct": -2.26054464670989}, "橡胶制品": {"turnover": 139.729275, "pct": -3.385333787798195}, "风电设备": {"turnover": 598.59885, "pct": -2.9880632246255128}, "中药": {"turnover": 330.418893, "pct": -2.65515601946251}, "纺织制造": {"turnover": 132.015526, "pct": -3.1509196968812723}, "环保设备": {"turnover": 150.757413, "pct": -3.8003596610458894}, "通信设备": {"turnover": 4553.84907, "pct": -4.3828419847892}, "食品加工制造": {"turnover": 251.108147, "pct": -2.803178699828791}, "综合": {"turnover": 488.16017, "pct": -3.830428201837112}, "医疗器械": {"turnover": 696.3234, "pct": -4.246757510473336}, "服装家纺": {"turnover": 380.6732, "pct": -4.0665808321833055}, "医药商业": {"turnover": 142.41254, "pct": -3.0988739971909416}, "专用设备": {"turnover": 1855.03359, "pct": -4.30656466974372}, "零售": {"turnover": 547.55426, "pct": -3.4046580698091673}, "化学制药": {"turnover": 1008.57989, "pct": -3.2955822428333352}, "金属新材料": {"turnover": 449.977361, "pct": -5.702714387697508}, "美容护理": {"turnover": 162.669751, "pct": -2.832555545229538}, "化学制品": {"turnover": 1606.90477, "pct": -4.172497875242288}, "建筑材料": {"turnover": 748.91705, "pct": -4.013294760875027}, "通用设备": {"turnover": 2703.92253, "pct": -4.410070336060919}, "轨交设备": {"turnover": 151.192076, "pct": -4.067579345084031}, "家居用品": {"turnover": 315.436167, "pct": -3.422726093156584}, "其他社会服务": {"turnover": 193.879203, "pct": -3.9980740162998436}, "汽车整车": {"turnover": 644.81175, "pct": -4.368897259012095}, "贸易": {"turnover": 84.850292, "pct": -5.052446659592339}, "教育": {"turnover": 81.906158, "pct": -3.948312823815691}, "房地产": {"turnover": 505.3994, "pct": -3.633470787567735}, "白色家电": {"turnover": 577.67422, "pct": -3.6058313157645343}, "包装印刷": {"turnover": 302.730885, "pct": -3.9013152398379165}, "生物制品": {"turnover": 312.709439, "pct": -3.7980637533505717}, "工程机械": {"turnover": 318.626427, "pct": -4.098605055526909}, "黑色家电": {"turnover": 123.820751, "pct": -4.087717962863547}, "电池": {"turnover": 2013.69272, "pct": -4.106969523112807}, "汽车服务及其他": {"turnover": 99.133065, "pct": -3.577821750612216}, "IT服务": {"turnover": 2403.18803, "pct": -5.110173297476452}, "光学光电子": {"turnover": 1387.0343, "pct": -4.4045112268833275}, "元件": {"turnover": 2235.06203, "pct": -4.745012795873337}, "白酒": {"turnover": 439.753791, "pct": -3.4654582525865356}, "造纸": {"turnover": 153.888066, "pct": -3.9027085152246066}, "计算机设备": {"turnover": 895.80454, "pct": -4.5300537063774025}, "塑料制品": {"turnover": 377.91854, "pct": -0.2263405037125336}, "自动化设备": {"turnover": 1478.82613, "pct": -4.331100473568817}, "消费电子": {"turnover": 2053.70708, "pct": -4.874655137879975}, "电子化学品": {"turnover": 568.77805, "pct": 0.6456601804175282}, "电机": {"turnover": 252.243268, "pct": -3.9747590104912773}, "汽车零部件": {"turnover": 2136.16966, "pct": -4.2875261199219725}, "互联网电商": {"turnover": 93.785519, "pct": -4.412323118798029}, "小家电": {"turnover": 88.694667, "pct": -3.7365911912887864}, "通信服务": {"turnover": 671.8343, "pct": 0.9113003650278614}, "软件开发": {"turnover": 1899.9317, "pct": -5.45505998796759}, "机场航运": {"turnover": 135.71426, "pct": -1.1015498217582198}, "化学纤维": {"turnover": 232.927721, "pct": -5.972197208050926}, "医疗服务": {"turnover": 330.940107, "pct": -1.6253263108044733}, "其他电子": {"turnover": 496.91312, "pct": -5.24451150904944}, "游戏": {"turnover": 323.581932, "pct": -0.6831329469777182}, "影视院线": {"turnover": 308.333878, "pct": -4.62535960300313}, "文化传媒": {"turnover": 633.78871, "pct": 0.05926638365615091}, "半导体": {"turnover": 5579.1521, "pct": -6.633069492043066}}