{"石油加工贸易": {"turnover": 1689.03913, "pct": -1.042374646466857}, "油气开采及服务": {"turnover": 2051.63356, "pct": 3.4780557869971958}, "燃气": {"turnover": 747.936021, "pct": -0.08276159393853802}, "化学原料": {"turnover": 1629.31187, "pct": 1.0002494137748905}, "煤炭开采加工": {"turnover": 1254.76139, "pct": -0.6828619302018325}, "电网设备": {"turnover": 4560.29318, "pct": 6.268495748102371}, "电力": {"turnover": 3563.7572, "pct": 3.148716615993065}, "种植业与林业": {"turnover": 902.90585, "pct": 1.73664110641354}, "农化制品": {"turnover": 2015.00172, "pct": 0.3846165043032208}, "港口航运": {"turnover": 1731.56573, "pct": -1.626497325765379}, "综合": {"turnover": 695.91606, "pct": 4.970507004916383}, "非金属材料": {"turnover": 266.466041, "pct": 0.8785158240695775}, "银行": {"turnover": 1285.99122, "pct": -0.29444200398733605}, "其他电源设备": {"turnover": 1519.17631, "pct": 2.3420466063191365}, "农产品加工": {"turnover": 334.61815, "pct": 2.3173811683901433}, "公路铁路运输": {"turnover": 291.181047, "pct": 0.3983585073778882}, "养殖业": {"turnover": 413.833908, "pct": 2.7008470783938887}, "多元金融": {"turnover": 577.35705, "pct": -0.3346941693993754}, "风电设备": {"turnover": 976.94044, "pct": 0.19265630355736493}, "物流": {"turnover": 372.435538, "pct": -0.4348120143774178}, "饮料制造": {"turnover": 335.306745, "pct": 0.28215791245630245}, "厨卫电器": {"turnover": 70.9644272, "pct": -0.9041625285885739}, "造纸": {"turnover": 168.926536, "pct": 1.9864742939184332}, "化学制药": {"turnover": 1598.83129, "pct": 0.730292520400905}, "建筑装饰": {"turnover": 1690.91552, "pct": 2.3280070404888416}, "环境治理": {"turnover": 1107.19669, "pct": 0.6696596777589807}, "专用设备": {"turnover": 2835.97815, "pct": -1.1546565421335735}, "贵金属": {"turnover": 1981.5672, "pct": -9.404063871993644}, "环保设备": {"turnover": 234.835657, "pct": 0.10868431002402992}, "橡胶制品": {"turnover": 204.247436, "pct": -1.1381567919110342}, "中药": {"turnover": 479.540152, "pct": -0.24266001153184724}, "计算机设备": {"turnover": 993.39084, "pct": 1.6880135713097169}, "化学制品": {"turnover": 2477.4449, "pct": -0.4545213130242905}, "保险": {"turnover": 519.679688, "pct": -1.2228359457247104}, "光学光电子": {"turnover": 2766.56139, "pct": 1.3139399596472712}, "军工电子": {"turnover": 2649.44862, "pct": -5.833056008498709}, "军工装备": {"turnover": 4764.62172, "pct": -4.701961924969692}, "纺织制造": {"turnover": 196.340432, "pct": -0.7150761019941914}, "钢铁": {"turnover": 1267.7758, "pct": -3.206004638446515}, "旅游及酒店": {"turnover": 238.72404, "pct": 0.4577345292917108}, "生物制品": {"turnover": 355.907259, "pct": 3.004495435878779}, "其他社会服务": {"turnover": 302.726448, "pct": -0.9566450841994388}, "医药商业": {"turnover": 213.96532, "pct": 0.009236555812120314}, "服装家纺": {"turnover": 533.385343, "pct": -1.2920813834257252}, "证券": {"turnover": 1506.37656, "pct": -1.661500914265401}, "轨交设备": {"turnover": 235.606627, "pct": -0.20902097431512398}, "食品加工制造": {"turnover": 392.290493, "pct": -0.5399522896197482}, "工程机械": {"turnover": 497.960905, "pct": -1.6476771312986587}, "汽车整车": {"turnover": 648.542924, "pct": 1.0418212218200429}, "贸易": {"turnover": 130.775968, "pct": -0.5562592380099628}, "通用设备": {"turnover": 4232.38781, "pct": -1.6719911028656336}, "房地产": {"turnover": 769.62105, "pct": -0.9010697000109265}, "家居用品": {"turnover": 362.200102, "pct": 1.4218838401966258}, "黑色家电": {"turnover": 202.034708, "pct": -0.4763473287164835}, "光伏设备": {"turnover": 3305.79037, "pct": -1.7482986013793838}, "元件": {"turnover": 3464.63284, "pct": -2.4675732119947726}, "零售": {"turnover": 594.766084, "pct": 0.32973979280325716}, "塑料制品": {"turnover": 913.00887, "pct": -1.4069760593764191}, "小家电": {"turnover": 131.881181, "pct": -0.3171142790432673}, "自动化设备": {"turnover": 1938.14401, "pct": 1.460784946523954}, "美容护理": {"turnover": 247.755291, "pct": -1.076529249162774}, "通信设备": {"turnover": 7266.50555, "pct": -2.47778851178219}, "汽车服务及其他": {"turnover": 151.851392, "pct": -0.10060615820298696}, "化学纤维": {"turnover": 358.985861, "pct": -2.9688579693311987}, "通信服务": {"turnover": 1643.79124, "pct": -1.3288392332654675}, "包装印刷": {"turnover": 451.74115, "pct": -1.3026782337108502}, "互联网电商": {"turnover": 140.120347, "pct": -0.7563889987350264}, "IT服务": {"turnover": 3733.30262, "pct": -1.5886916813237224}, "医疗服务": {"turnover": 635.985867, "pct": 2.975076384674549}, "白酒": {"turnover": 615.965272, "pct": -1.7808615868246513}, "汽车零部件": {"turnover": 3274.92153, "pct": -1.557971059353464}, "白色家电": {"turnover": 597.650615, "pct": 0.835125595611989}, "消费电子": {"turnover": 2312.57597, "pct": 1.106423680330242}, "建筑材料": {"turnover": 835.26078, "pct": -0.20373011840103505}, "电池": {"turnover": 3044.37706, "pct": -2.238777214549161}, "医疗器械": {"turnover": 1052.05618, "pct": -1.1184741438124186}, "教育": {"turnover": 87.743909, "pct": 2.2449215909199975}, "电机": {"turnover": 263.469819, "pct": 2.274455002644122}, "电子化学品": {"turnover": 989.271, "pct": -0.9170546619102098}, "工业金属": {"turnover": 4212.29677, "pct": -6.425492683353578}, "其他电子": {"turnover": 672.68902, "pct": 1.6573578679533458}, "软件开发": {"turnover": 2904.5803, "pct": -1.9713824496039638}, "文化传媒": {"turnover": 1546.92517, "pct": -2.7300534421438627}, "金属新材料": {"turnover": 653.259439, "pct": -5.345907361487428}, "影视院线": {"turnover": 441.202826, "pct": -2.8585565553601135}, "游戏": {"turnover": 574.460862, "pct": 0.8584472493015406}, "机场航运": {"turnover": 342.28826, "pct": -2.9867346342628736}, "小金属": {"turnover": 3771.56395, "pct": -8.20798990472266}, "能源金属": {"turnover": 649.825991, "pct": -2.4779364489543645}, "半导体": {"turnover": 6994.593, "pct": -0.053699226121960236}}