{"光伏设备": {"turnover": 8832.67596, "pct": 6.478936521148068}, "电网设备": {"turnover": 5315.03066, "pct": 0.6146216406203197}, "小金属": {"turnover": 4363.2485, "pct": 5.634574123852731}, "元件": {"turnover": 4506.24297, "pct": 5.012014573595028}, "自动化设备": {"turnover": 3092.35381, "pct": 3.7765930906953087}, "其他电源设备": {"turnover": 1655.63302, "pct": 2.980999987302277}, "电池": {"turnover": 5017.17938, "pct": 2.93286216090102}, "环保设备": {"turnover": 291.222807, "pct": 3.98143298800064}, "军工装备": {"turnover": 6044.79604, "pct": 2.0553543725689676}, "综合": {"turnover": 1144.32574, "pct": 1.996019898256251}, "通用设备": {"turnover": 7563.73567, "pct": 4.47903544363156}, "油气开采及服务": {"turnover": 1329.481595, "pct": 5.842599795177139}, "通信服务": {"turnover": 3269.06271, "pct": 5.63814116762583}, "电子化学品": {"turnover": 1782.00745, "pct": 4.690683169410794}, "能源金属": {"turnover": 1157.888158, "pct": 3.8229762488248884}, "汽车整车": {"turnover": 1382.22008, "pct": 4.075876816710268}, "消费电子": {"turnover": 5982.56934, "pct": 4.680177946921913}, "通信设备": {"turnover": 13402.74551, "pct": 4.034012415853426}, "光学光电子": {"turnover": 3408.45822, "pct": 1.7044911527147304}, "包装印刷": {"turnover": 1008.559686, "pct": 4.086627137647857}, "计算机设备": {"turnover": 2337.24034, "pct": 4.203110822211291}, "黑色家电": {"turnover": 328.694378, "pct": 4.93472338811821}, "汽车零部件": {"turnover": 6613.07312, "pct": 3.4079731122309296}, "轨交设备": {"turnover": 282.48813, "pct": 1.632120288339025}, "汽车服务及其他": {"turnover": 293.330006, "pct": 2.696522982326842}, "非金属材料": {"turnover": 350.518111, "pct": 2.0127173667735923}, "美容护理": {"turnover": 560.136514, "pct": 2.6508568365748464}, "建筑材料": {"turnover": 2410.64216, "pct": 1.3376627141738964}, "教育": {"turnover": 241.3329624, "pct": 1.0736181537036977}, "中药": {"turnover": 1252.869443, "pct": 2.5541582461511654}, "军工电子": {"turnover": 3595.88034, "pct": 0.014691579551568338}, "专用设备": {"turnover": 3911.77102, "pct": 1.1460542275482557}, "造纸": {"turnover": 380.815931, "pct": 4.104294553967393}, "环境治理": {"turnover": 1272.384501, "pct": 0.35438260926213616}, "房地产": {"turnover": 1899.89324, "pct": 4.1506205904956035}, "家居用品": {"turnover": 1042.49566, "pct": 1.9917648471267928}, "电机": {"turnover": 632.388703, "pct": 2.811661461873826}, "工程机械": {"turnover": 879.503322, "pct": -0.2594783613727146}, "影视院线": {"turnover": 2624.18968, "pct": 9.632663549927193}, "纺织制造": {"turnover": 434.4966008, "pct": 1.2431405308780057}, "银行": {"turnover": 2441.90021, "pct": 2.38893902099091}, "石油加工贸易": {"turnover": 812.733773, "pct": 2.4440729200624114}, "电力": {"turnover": 3245.63647, "pct": 1.0412390391312956}, "其他电子": {"turnover": 1408.01782, "pct": 1.297120373158821}, "IT服务": {"turnover": 6089.65116, "pct": 2.847868570628013}, "建筑装饰": {"turnover": 3184.48274, "pct": 2.1535086070400453}, "金属新材料": {"turnover": 1018.602955, "pct": 3.964589581615747}, "小家电": {"turnover": 214.45718, "pct": 0.06425748148711333}, "煤炭开采加工": {"turnover": 1546.173679, "pct": 5.702536708971095}, "厨卫电器": {"turnover": 86.5787209, "pct": 2.4877736188820188}, "白色家电": {"turnover": 1681.74071, "pct": 1.6390730900582906}, "物流": {"turnover": 656.230879, "pct": 1.946825424775573}, "化学制品": {"turnover": 4420.25462, "pct": 3.41318487788947}, "其他社会服务": {"turnover": 493.00395, "pct": -0.5108211868815404}, "塑料制品": {"turnover": 1540.03006, "pct": 1.0665609672464065}, "医疗服务": {"turnover": 1627.14028, "pct": 0.18228793394876194}, "机场航运": {"turnover": 550.6348726, "pct": -0.5907107186176783}, "化学原料": {"turnover": 1784.49475, "pct": 3.6205965034944847}, "风电设备": {"turnover": 1527.557402, "pct": -0.888102645972827}, "农化制品": {"turnover": 2092.3158, "pct": 3.017311831197095}, "公路铁路运输": {"turnover": 376.98454554, "pct": 0.5997242807857253}, "服装家纺": {"turnover": 1128.660963, "pct": 1.1690185792009395}, "化学纤维": {"turnover": 631.822803, "pct": 3.38163281591947}, "化学制药": {"turnover": 2929.80895, "pct": 1.9484209984782528}, "医疗器械": {"turnover": 1421.132298, "pct": -0.1841707495340171}, "游戏": {"turnover": 2434.84567, "pct": 1.319631979165145}, "多元金融": {"turnover": 654.378812, "pct": -0.7200877138797791}, "生物制品": {"turnover": 872.462368, "pct": 1.663121312887424}, "软件开发": {"turnover": 5866.21754, "pct": 3.358131129873925}, "橡胶制品": {"turnover": 297.258591, "pct": 0.7882045271612141}, "钢铁": {"turnover": 1528.769186, "pct": 3.2387501396271388}, "燃气": {"turnover": 360.046625, "pct": -0.09748931836551167}, "零售": {"turnover": 1998.64501, "pct": -1.3300227311846755}, "医药商业": {"turnover": 472.208918, "pct": -2.00713240002989}, "证券": {"turnover": 2474.52258, "pct": 0.028300614016649156}, "贸易": {"turnover": 194.424302, "pct": -0.5857214521499907}, "饮料制造": {"turnover": 803.770724, "pct": -1.6317615031345958}, "文化传媒": {"turnover": 7309.32953, "pct": 1.3585375183326938}, "互联网电商": {"turnover": 437.107109, "pct": -0.4320121527230109}, "半导体": {"turnover": 16872.53314, "pct": 3.8287438327831644}, "食品加工制造": {"turnover": 964.619716, "pct": -1.9426773915425743}, "白酒": {"turnover": 1940.763029, "pct": -5.902876582134401}, "养殖业": {"turnover": 664.637884, "pct": -1.1927110994540226}, "农产品加工": {"turnover": 566.977866, "pct": -0.9361767814315495}, "旅游及酒店": {"turnover": 749.482503, "pct": -0.7710848443542578}, "工业金属": {"turnover": 7219.54048, "pct": -0.991937715225842}, "保险": {"turnover": 959.991689, "pct": -2.454690433730593}, "种植业与林业": {"turnover": 1173.93977, "pct": -1.6728827349492745}, "贵金属": {"turnover": 2859.10067, "pct": -4.27815450447439}, "港口航运": {"turnover": 993.746256, "pct": 1.4455690526997587}}