{"电力": {"turnover": 4330.57709, "pct": -0.016900704338035432}, "光伏设备": {"turnover": 4402.68158, "pct": 0.2270517245297721}, "燃气": {"turnover": 385.804969, "pct": -0.6270575483860596}, "煤炭开采加工": {"turnover": 1131.24058, "pct": 1.3253323173030587}, "银行": {"turnover": 1508.13421, "pct": -5.18035695748966}, "保险": {"turnover": 453.886861, "pct": -7.94109002531785}, "油气开采及服务": {"turnover": 1295.87987, "pct": -0.8042255333316666}, "证券": {"turnover": 1562.46086, "pct": -7.23599334130989}, "通信服务": {"turnover": 1759.24104, "pct": -5.3631889471484}, "环保设备": {"turnover": 207.017014, "pct": -7.357393743022846}, "汽车整车": {"turnover": 977.70093, "pct": -7.766450822940317}, "多元金融": {"turnover": 657.57234, "pct": -7.39173607089145}, "厨卫电器": {"turnover": 87.586719, "pct": -6.302051352722337}, "风电设备": {"turnover": 1610.43201, "pct": -6.9357636708511095}, "公路铁路运输": {"turnover": 229.137549, "pct": -7.962791620536254}, "港口航运": {"turnover": 824.74956, "pct": -6.822626009403961}, "电池": {"turnover": 4081.37427, "pct": -5.432056075348464}, "生物制品": {"turnover": 507.407613, "pct": -8.170962106007638}, "能源金属": {"turnover": 799.959939, "pct": -7.435329188484941}, "汽车服务及其他": {"turnover": 153.326966, "pct": -8.08423461727543}, "小家电": {"turnover": 120.950063, "pct": -8.2967818898241}, "包装印刷": {"turnover": 629.540426, "pct": -8.424718715957088}, "电网设备": {"turnover": 3161.97731, "pct": -7.519468736827292}, "饮料制造": {"turnover": 295.10588, "pct": -8.539897384775182}, "其他社会服务": {"turnover": 327.613881, "pct": -8.453229868729428}, "房地产": {"turnover": 872.16316, "pct": -10.412131031340186}, "中药": {"turnover": 450.967653, "pct": -9.13700588125165}, "建筑装饰": {"turnover": 2345.35556, "pct": -9.083501338776916}, "食品加工制造": {"turnover": 434.440688, "pct": -9.17146653998377}, "环境治理": {"turnover": 927.39734, "pct": -8.705879716041009}, "文化传媒": {"turnover": 1054.2544, "pct": -8.631131767062215}, "化学制药": {"turnover": 1449.41171, "pct": -9.339972630935122}, "军工电子": {"turnover": 1466.52261, "pct": -7.824116910945181}, "工程机械": {"turnover": 501.598868, "pct": -8.896947526093388}, "医药商业": {"turnover": 189.380795, "pct": -9.209912013275567}, "服装家纺": {"turnover": 364.024556, "pct": -9.387835223494005}, "其他电源设备": {"turnover": 1132.37647, "pct": -7.306923089253674}, "通信设备": {"turnover": 6564.11754, "pct": -5.976344410094577}, "半导体": {"turnover": 8183.2529, "pct": -7.421715372038119}, "家居用品": {"turnover": 457.51458, "pct": -9.405087727343915}, "其他电子": {"turnover": 1105.38898, "pct": -8.228497163125185}, "游戏": {"turnover": 700.398468, "pct": -9.729349322708085}, "综合": {"turnover": 585.359915, "pct": -9.80847955765929}, "旅游及酒店": {"turnover": 225.000984, "pct": -9.749021948146664}, "白酒": {"turnover": 549.096176, "pct": -8.94123156281585}, "电机": {"turnover": 304.743555, "pct": -8.389429875296582}, "黑色家电": {"turnover": 162.428715, "pct": -8.726396588408331}, "汽车零部件": {"turnover": 2762.10449, "pct": -9.368949399135428}, "机场航运": {"turnover": 291.994364, "pct": -10.341171316589078}, "造纸": {"turnover": 209.694199, "pct": -9.400166069154805}, "计算机设备": {"turnover": 1500.8563, "pct": -8.870487459811763}, "白色家电": {"turnover": 763.567309, "pct": -9.602403954208222}, "物流": {"turnover": 355.599738, "pct": -8.980229526708271}, "IT服务": {"turnover": 2977.19609, "pct": -8.739026286833493}, "光学光电子": {"turnover": 2029.17465, "pct": -7.914197082996491}, "影视院线": {"turnover": 229.143078, "pct": -9.117701424588326}, "医疗器械": {"turnover": 1129.2706, "pct": -9.746971560331312}, "消费电子": {"turnover": 2549.29251, "pct": -8.763203662994663}, "贸易": {"turnover": 111.575998, "pct": -9.302214495414837}, "软件开发": {"turnover": 2550.26552, "pct": -8.953016361366359}, "美容护理": {"turnover": 186.336506, "pct": -10.078465801772408}, "专用设备": {"turnover": 2171.49745, "pct": -9.114548417893214}, "石油加工贸易": {"turnover": 695.54844, "pct": -8.322694613419596}, "互联网电商": {"turnover": 180.251337, "pct": -9.924757189260436}, "建筑材料": {"turnover": 892.91656, "pct": -10.105871384272785}, "零售": {"turnover": 603.366399, "pct": -10.358821338129664}, "钢铁": {"turnover": 851.69156, "pct": -11.739220167785616}, "自动化设备": {"turnover": 1955.99298, "pct": -9.507738998526685}, "元件": {"turnover": 3626.02035, "pct": -8.234673204731749}, "化学纤维": {"turnover": 680.831905, "pct": -13.065132869913462}, "军工装备": {"turnover": 2209.95957, "pct": -9.928942572264994}, "医疗服务": {"turnover": 734.759459, "pct": -10.115747628600284}, "通用设备": {"turnover": 2769.0816, "pct": -9.738799360648175}, "教育": {"turnover": 84.920137, "pct": -10.098824224286961}, "电子化学品": {"turnover": 1059.48591, "pct": -7.994009851524851}, "轨交设备": {"turnover": 168.970548, "pct": -10.393715897788237}, "橡胶制品": {"turnover": 191.290278, "pct": -10.185614738596664}, "纺织制造": {"turnover": 150.828903, "pct": -10.77745279452436}, "塑料制品": {"turnover": 887.15396, "pct": -10.14144275926358}, "小金属": {"turnover": 1652.77984, "pct": -11.355620668542887}, "养殖业": {"turnover": 456.428055, "pct": -10.643543094175769}, "化学原料": {"turnover": 1551.22721, "pct": -10.652473011699424}, "农产品加工": {"turnover": 337.906481, "pct": -10.448353219059388}, "金属新材料": {"turnover": 381.899006, "pct": -10.880431665574235}, "化学制品": {"turnover": 2070.93532, "pct": -11.132778350183695}, "农化制品": {"turnover": 1792.63772, "pct": -12.03496837247459}, "非金属材料": {"turnover": 174.595311, "pct": -10.87539319201101}, "种植业与林业": {"turnover": 503.363429, "pct": -11.380774601615611}, "贵金属": {"turnover": 787.231183, "pct": -15.478120560328923}, "工业金属": {"turnover": 2841.67953, "pct": -13.531964050452356}}