{"元件": {"turnover": 2550.32871, "pct": 7.558372263358105}, "油气开采及服务": {"turnover": 672.1984, "pct": 0.49167816870681824}, "电子化学品": {"turnover": 899.16354, "pct": 5.911542003500673}, "能源金属": {"turnover": 686.47165, "pct": 5.085331695694422}, "农化制品": {"turnover": 1273.94248, "pct": 2.9276535168086175}, "小金属": {"turnover": 1890.19685, "pct": 6.9455187740189315}, "钢铁": {"turnover": 752.17822, "pct": 5.445559281557514}, "军工装备": {"turnover": 2350.53683, "pct": 2.3191898893029617}, "非金属材料": {"turnover": 165.180614, "pct": 3.3844000778779137}, "环境治理": {"turnover": 519.21833, "pct": 3.2630278335085148}, "电网设备": {"turnover": 2041.4045, "pct": 2.834331112651243}, "环保设备": {"turnover": 134.326031, "pct": 2.8686638091366876}, "风电设备": {"turnover": 545.59822, "pct": 3.9932487724669694}, "金属新材料": {"turnover": 428.115203, "pct": 4.052484153316213}, "种植业与林业": {"turnover": 310.363374, "pct": 1.8957391410067796}, "塑料制品": {"turnover": 709.81201, "pct": 2.3745289813984325}, "贵金属": {"turnover": 755.12292, "pct": -0.5796292294907855}, "半导体": {"turnover": 5656.3329, "pct": 3.2865208330116267}, "化学原料": {"turnover": 646.50757, "pct": 1.484612637809481}, "化学制品": {"turnover": 1648.47637, "pct": 1.9275749787156609}, "造纸": {"turnover": 173.996899, "pct": 2.080122197331376}, "通用设备": {"turnover": 2552.01949, "pct": 2.4831991121805204}, "工业金属": {"turnover": 2081.72375, "pct": 2.701752564765452}, "军工电子": {"turnover": 1245.27631, "pct": 3.4286261126619615}, "其他电子": {"turnover": 527.22233, "pct": 2.410677625056427}, "光学光电子": {"turnover": 1242.88445, "pct": 2.0806143316651062}, "电力": {"turnover": 1256.66461, "pct": 2.1970688915100265}, "其他电源设备": {"turnover": 717.51241, "pct": 3.271837395096878}, "消费电子": {"turnover": 1950.38655, "pct": 1.689759015253304}, "专用设备": {"turnover": 1430.73187, "pct": 1.6275787716929433}, "电池": {"turnover": 2115.95838, "pct": 1.856881194147914}, "建筑材料": {"turnover": 973.55283, "pct": 1.423016811407183}, "橡胶制品": {"turnover": 120.247891, "pct": 1.2609127972625696}, "建筑装饰": {"turnover": 1307.89524, "pct": 0.9562998460033265}, "自动化设备": {"turnover": 1315.40995, "pct": 1.883656447630114}, "港口航运": {"turnover": 513.652334, "pct": 2.277804759592029}, "贸易": {"turnover": 67.979041, "pct": 0.9450037247711053}, "燃气": {"turnover": 114.824761, "pct": 0.10756597181936613}, "计算机设备": {"turnover": 771.8779, "pct": 1.0228885843262097}, "农产品加工": {"turnover": 132.64428, "pct": 0.9643710914081777}, "综合": {"turnover": 368.340981, "pct": 0.542858075585183}, "养殖业": {"turnover": 207.434794, "pct": 0.7615880010168744}, "轨交设备": {"turnover": 124.033267, "pct": 0.9013686545713797}, "其他社会服务": {"turnover": 177.793179, "pct": 0.8993464426516329}, "物流": {"turnover": 208.712181, "pct": 1.0952152850628827}, "通信设备": {"turnover": 3710.53118, "pct": 2.142095720914911}, "工程机械": {"turnover": 308.737747, "pct": 0.8204457938807944}, "化学纤维": {"turnover": 197.260484, "pct": 0.9508202236667836}, "汽车零部件": {"turnover": 2150.32534, "pct": 0.556623725560437}, "煤炭开采加工": {"turnover": 360.21568, "pct": -0.3721559641816306}, "电机": {"turnover": 282.504467, "pct": 0.44410474614819784}, "多元金融": {"turnover": 229.336564, "pct": 1.3948404295074568}, "石油加工贸易": {"turnover": 313.351296, "pct": -1.225508591374615}, "厨卫电器": {"turnover": 19.6239331, "pct": 0.43061034170392665}, "中药": {"turnover": 260.363267, "pct": 0.20533320056049387}, "家居用品": {"turnover": 308.144198, "pct": -0.11779213293579187}, "汽车服务及其他": {"turnover": 94.469582, "pct": -0.3810433306780076}, "房地产": {"turnover": 612.56818, "pct": 0.2167766592482676}, "白色家电": {"turnover": 551.05725, "pct": 0.16684226124686347}, "美容护理": {"turnover": 142.24305, "pct": 0.8421470729744397}, "纺织制造": {"turnover": 127.835417, "pct": -0.22214692806068148}, "小家电": {"turnover": 73.452111, "pct": -0.7226022898372034}, "生物制品": {"turnover": 269.469163, "pct": 0.540364721224584}, "服装家纺": {"turnover": 283.730942, "pct": -0.029333525844121487}, "公路铁路运输": {"turnover": 108.161363, "pct": 0.01187881111857062}, "医药商业": {"turnover": 118.756423, "pct": -0.2425167352522017}, "医疗器械": {"turnover": 497.51275, "pct": -0.09506417810377392}, "饮料制造": {"turnover": 168.929924, "pct": -0.3162059889068762}, "汽车整车": {"turnover": 405.819844, "pct": -1.4944641199778077}, "包装印刷": {"turnover": 312.233012, "pct": -0.21356826685626829}, "食品加工制造": {"turnover": 213.3777, "pct": 0.06023667638855733}, "化学制药": {"turnover": 805.87036, "pct": 0.04726211587281001}, "零售": {"turnover": 528.33329, "pct": -0.17687042492401883}, "通信服务": {"turnover": 1197.66802, "pct": 0.9059750035385887}, "医疗服务": {"turnover": 475.16307, "pct": 0.5774098870745416}, "证券": {"turnover": 855.15063, "pct": 0.0634949345361552}, "机场航运": {"turnover": 156.847689, "pct": 0.6162601275769692}, "黑色家电": {"turnover": 107.679608, "pct": -0.6201663170325891}, "旅游及酒店": {"turnover": 157.145587, "pct": 0.15517109647436783}, "IT服务": {"turnover": 2215.7793, "pct": 0.5949983699618014}, "银行": {"turnover": 683.92396, "pct": -0.683853288005862}, "互联网电商": {"turnover": 102.095994, "pct": -0.3179055717323273}, "教育": {"turnover": 64.503381, "pct": -0.7006154855560043}, "光伏设备": {"turnover": 1804.43545, "pct": 0.4998436846942224}, "白酒": {"turnover": 384.843513, "pct": -0.2217987185217445}, "软件开发": {"turnover": 1662.49182, "pct": 0.11192371474606558}, "文化传媒": {"turnover": 1392.4474, "pct": -0.9169955341185696}, "游戏": {"turnover": 650.43671, "pct": -1.7244962828877293}, "保险": {"turnover": 301.725205, "pct": -2.4271124546030127}, "影视院线": {"turnover": 556.12024, "pct": -4.179788593190543}}