{"油气开采及服务": {"turnover": 1788.23702, "pct": 28.28668373469484}, "小金属": {"turnover": 4146.40987, "pct": 3.2683415375036127}, "燃气": {"turnover": 589.29345, "pct": 9.067710745193708}, "种植业与林业": {"turnover": 912.485129, "pct": 6.152764178439949}, "贵金属": {"turnover": 1999.05957, "pct": 6.701766370818679}, "港口航运": {"turnover": 1508.89148, "pct": 3.6107765925397746}, "煤炭开采加工": {"turnover": 1145.82855, "pct": 5.843295810150677}, "电力": {"turnover": 3337.7035, "pct": 2.8829689179677134}, "石油加工贸易": {"turnover": 1346.510045, "pct": 6.051820109959354}, "钢铁": {"turnover": 1539.6021, "pct": -1.9217037189809205}, "非金属材料": {"turnover": 268.799472, "pct": -1.025809938349775}, "电网设备": {"turnover": 3753.49664, "pct": -0.8098032782014748}, "农化制品": {"turnover": 2230.57698, "pct": -1.8998284726293284}, "能源金属": {"turnover": 1074.02183, "pct": -3.920454963649017}, "工业金属": {"turnover": 4395.0504, "pct": -1.6933592273168954}, "元件": {"turnover": 4198.48423, "pct": -6.35610154009444}, "化学原料": {"turnover": 1410.46877, "pct": -0.9922637952142621}, "军工装备": {"turnover": 4893.52804, "pct": -2.2546063269857703}, "军工电子": {"turnover": 2750.64346, "pct": -3.5257862589209066}, "其他电源设备": {"turnover": 1407.03619, "pct": -3.466122886084195}, "风电设备": {"turnover": 1044.55298, "pct": -4.219808582693451}, "环境治理": {"turnover": 1150.65719, "pct": -3.710270972953464}, "银行": {"turnover": 1545.01378, "pct": -0.003968433060327827}, "农产品加工": {"turnover": 351.171555, "pct": -1.8754190255944447}, "物流": {"turnover": 497.683916, "pct": -2.1283058428323676}, "多元金融": {"turnover": 566.862049, "pct": -2.5823809626187506}, "养殖业": {"turnover": 467.411964, "pct": -1.9851171096967082}, "电子化学品": {"turnover": 1462.07494, "pct": -6.921608657582366}, "金属新材料": {"turnover": 771.727331, "pct": -5.374682731956693}, "公路铁路运输": {"turnover": 281.760289, "pct": -1.7400044036676967}, "环保设备": {"turnover": 259.009918, "pct": -4.753640300414928}, "光伏设备": {"turnover": 3609.10806, "pct": -2.6575619720686103}, "建筑装饰": {"turnover": 2105.62885, "pct": -3.6128177648789577}, "通信设备": {"turnover": 7317.85204, "pct": -4.778529700297227}, "旅游及酒店": {"turnover": 253.702979, "pct": -2.9484582489309004}, "橡胶制品": {"turnover": 216.976443, "pct": -4.108544764232872}, "通用设备": {"turnover": 4532.14712, "pct": -5.674409481286921}, "厨卫电器": {"turnover": 63.6556016, "pct": -3.562434800911682}, "化学制品": {"turnover": 2655.86952, "pct": -5.55189074485232}, "专用设备": {"turnover": 2874.07613, "pct": -5.359632065221383}, "证券": {"turnover": 1561.90509, "pct": -3.897470852288132}, "中药": {"turnover": 493.568736, "pct": -4.368976420162226}, "建筑材料": {"turnover": 1360.53958, "pct": -5.602862216588543}, "饮料制造": {"turnover": 344.62973, "pct": -3.954870917045155}, "塑料制品": {"turnover": 1070.38248, "pct": -6.575054835167333}, "光学光电子": {"turnover": 2291.77648, "pct": -6.324933489828563}, "电池": {"turnover": 3406.89789, "pct": -6.195198372857574}, "综合": {"turnover": 714.484667, "pct": -4.986153681865158}, "造纸": {"turnover": 262.038984, "pct": -6.515561025877255}, "美容护理": {"turnover": 255.197967, "pct": -5.487198772491183}, "食品加工制造": {"turnover": 391.979063, "pct": -4.8072901404318245}, "纺织制造": {"turnover": 215.599977, "pct": -4.622431612015499}, "自动化设备": {"turnover": 2364.86157, "pct": -6.621020085175577}, "轨交设备": {"turnover": 233.365849, "pct": -5.718403644241275}, "其他社会服务": {"turnover": 317.95193, "pct": -5.781960656216509}, "贸易": {"turnover": 129.854462, "pct": -5.854505351837724}, "医疗器械": {"turnover": 1039.69193, "pct": -5.01202643321124}, "消费电子": {"turnover": 3457.1021, "pct": -6.79687750687916}, "服装家纺": {"turnover": 551.467396, "pct": -5.2151908762115315}, "工程机械": {"turnover": 501.533392, "pct": -6.080085355923774}, "化学制药": {"turnover": 1576.18755, "pct": -5.360773669909788}, "医药商业": {"turnover": 215.374356, "pct": -5.257118065576877}, "零售": {"turnover": 872.28264, "pct": -5.31978218610859}, "生物制品": {"turnover": 504.687118, "pct": -6.041758141883678}, "计算机设备": {"turnover": 1452.2944, "pct": -6.568687477516315}, "房地产": {"turnover": 873.61269, "pct": -5.8822667071074735}, "IT服务": {"turnover": 4293.56468, "pct": -6.290731988446314}, "保险": {"turnover": 568.799329, "pct": -3.4720608000147277}, "白色家电": {"turnover": 919.92756, "pct": -6.011444817317628}, "家居用品": {"turnover": 516.200508, "pct": -5.743642077005383}, "其他电子": {"turnover": 851.73987, "pct": -8.202342459902438}, "包装印刷": {"turnover": 511.332493, "pct": -6.04598728285071}, "通信服务": {"turnover": 1539.33341, "pct": -8.065067826154698}, "汽车零部件": {"turnover": 3504.3704, "pct": -7.007012546234373}, "教育": {"turnover": 118.950893, "pct": -6.357674601602781}, "半导体": {"turnover": 9531.7419, "pct": -9.50770280606219}, "电机": {"turnover": 421.279066, "pct": -6.991065183513466}, "汽车服务及其他": {"turnover": 158.901618, "pct": -6.229084457858856}, "白酒": {"turnover": 659.743651, "pct": -6.399753340688237}, "黑色家电": {"turnover": 211.291265, "pct": -6.102648917822571}, "机场航运": {"turnover": 280.038349, "pct": -6.359887357664771}, "化学纤维": {"turnover": 351.664109, "pct": -7.830851200136195}, "汽车整车": {"turnover": 882.324946, "pct": -5.787221775883282}, "软件开发": {"turnover": 2961.73661, "pct": -7.402892478978414}, "互联网电商": {"turnover": 152.738655, "pct": -7.035862018089806}, "医疗服务": {"turnover": 648.175227, "pct": -9.510530038466674}, "小家电": {"turnover": 138.898704, "pct": -7.087705783726876}, "文化传媒": {"turnover": 1483.34386, "pct": -8.050366794366576}, "游戏": {"turnover": 787.820902, "pct": -8.82384242703429}, "影视院线": {"turnover": 581.047871, "pct": -8.554999115560065}}