{"电网设备": {"turnover": 13807.64793, "pct": 14.195489272122918}, "小金属": {"turnover": 11323.76615, "pct": 13.557985836046957}, "电力": {"turnover": 9151.57646, "pct": 13.1637718826331}, "油气开采及服务": {"turnover": 5123.176395, "pct": 36.543026789261894}, "其他电源设备": {"turnover": 4537.05991, "pct": 8.625732253083825}, "非金属材料": {"turnover": 892.407708, "pct": 9.808270507421353}, "元件": {"turnover": 11524.18074, "pct": 6.039621073686171}, "环保设备": {"turnover": 760.58908, "pct": 6.780702377964467}, "能源金属": {"turnover": 3066.677579, "pct": 7.1240825256899605}, "光伏设备": {"turnover": 14708.53878, "pct": 0.1833132727511936}, "煤炭开采加工": {"turnover": 3470.405079, "pct": 15.760699931980623}, "环境治理": {"turnover": 3365.820531, "pct": 4.970992515598538}, "风电设备": {"turnover": 3445.237812, "pct": 4.154474453283898}, "通信服务": {"turnover": 6655.86351, "pct": 2.2257527869288953}, "综合": {"turnover": 2749.625904, "pct": 4.357652047807763}, "光学光电子": {"turnover": 8409.75316, "pct": 2.278387891858441}, "钢铁": {"turnover": 3900.361896, "pct": 7.0016051432212585}, "电子化学品": {"turnover": 4465.76916, "pct": 3.5401454558217775}, "化学原料": {"turnover": 4473.16016, "pct": 9.457007533722615}, "农化制品": {"turnover": 5931.83635, "pct": 9.224616458952381}, "通用设备": {"turnover": 15223.66975, "pct": 1.7209087399598613}, "港口航运": {"turnover": 3514.677701, "pct": 5.778552196487038}, "军工装备": {"turnover": 14674.85177, "pct": 0.5745621701362591}, "建筑装饰": {"turnover": 7140.72604, "pct": 1.7760510822895055}, "通信设备": {"turnover": 25378.78312, "pct": -0.9290498388782235}, "造纸": {"turnover": 879.579992, "pct": 2.397980968970368}, "电池": {"turnover": 11459.72134, "pct": 0.31968858322565336}, "IT服务": {"turnover": 14110.64055, "pct": 1.1876474690141974}, "计算机设备": {"turnover": 4764.43143, "pct": -0.08009968556684183}, "厨卫电器": {"turnover": 187.8002537, "pct": 1.7615144336836923}, "自动化设备": {"turnover": 7741.85391, "pct": -1.5223249140984956}, "轨交设备": {"turnover": 725.92043, "pct": 0.49795775244555046}, "物流": {"turnover": 1443.292134, "pct": 2.122817334215124}, "军工电子": {"turnover": 8381.70345, "pct": -1.3838886616083341}, "石油加工贸易": {"turnover": 3257.499633, "pct": 4.878335416345184}, "燃气": {"turnover": 1367.307129, "pct": 3.5901341576448282}, "中药": {"turnover": 2033.818385, "pct": 0.7940761846446425}, "银行": {"turnover": 5206.59309, "pct": 1.8300317013365572}, "专用设备": {"turnover": 9204.32617, "pct": 0.3697414049506479}, "化学制品": {"turnover": 9011.66993, "pct": 1.738068970766855}, "多元金融": {"turnover": 1687.472027, "pct": -0.17249366854036102}, "消费电子": {"turnover": 11567.98411, "pct": -1.1672294596415274}, "建筑材料": {"turnover": 4987.08924, "pct": -0.750062096422232}, "塑料制品": {"turnover": 3544.06962, "pct": 0.18061841042964857}, "公路铁路运输": {"turnover": 864.559036, "pct": 0.38054849928971524}, "种植业与林业": {"turnover": 2699.940514, "pct": 2.940639004035583}, "教育": {"turnover": 485.672438, "pct": -1.8556334593835866}, "纺织制造": {"turnover": 827.665871, "pct": -1.4559865972475148}, "橡胶制品": {"turnover": 697.411314, "pct": 2.0868574409770413}, "其他社会服务": {"turnover": 1097.09046, "pct": -1.969064939613334}, "金属新材料": {"turnover": 2262.786999, "pct": -1.4847001592590163}, "其他电子": {"turnover": 3116.62255, "pct": -1.8640919540042975}, "汽车服务及其他": {"turnover": 556.435894, "pct": -2.036473992130907}, "家居用品": {"turnover": 1904.171916, "pct": -1.750188077708689}, "房地产": {"turnover": 3353.81353, "pct": -1.0144314704022983}, "化学制药": {"turnover": 5560.9768, "pct": -1.1136403862342488}, "包装印刷": {"turnover": 1967.081859, "pct": -0.47408559682420315}, "黑色家电": {"turnover": 743.288397, "pct": -1.1797181481462142}, "汽车整车": {"turnover": 2822.540224, "pct": -2.294841107524965}, "贸易": {"turnover": 441.437156, "pct": -0.7124161062690547}, "美容护理": {"turnover": 982.429041, "pct": -3.4778489461868762}, "工程机械": {"turnover": 1890.031663, "pct": -4.046098170269266}, "医疗服务": {"turnover": 3218.780297, "pct": -3.580605784860589}, "电机": {"turnover": 1407.83842, "pct": -3.1660644099502657}, "汽车零部件": {"turnover": 12601.47454, "pct": -3.6021203160433704}, "养殖业": {"turnover": 1611.500876, "pct": -0.1506271677710614}, "农产品加工": {"turnover": 1182.253458, "pct": 1.9851120575685877}, "生物制品": {"turnover": 1681.337643, "pct": -2.5510897955952205}, "服装家纺": {"turnover": 1991.697292, "pct": -2.480121294007278}, "医疗器械": {"turnover": 3345.428138, "pct": -2.882317001704037}, "软件开发": {"turnover": 11114.1245, "pct": -4.474526257476082}, "白色家电": {"turnover": 3343.082515, "pct": -3.725354740386535}, "医药商业": {"turnover": 880.016372, "pct": -5.128381735076841}, "小家电": {"turnover": 472.059763, "pct": -4.490477233484341}, "饮料制造": {"turnover": 1323.346181, "pct": -3.8154504780346876}, "化学纤维": {"turnover": 1234.692888, "pct": -2.5689815409224654}, "证券": {"turnover": 5335.17478, "pct": -3.9768324020067705}, "零售": {"turnover": 3593.96293, "pct": -5.391514045955682}, "旅游及酒店": {"turnover": 1140.336486, "pct": -4.364560184667433}, "互联网电商": {"turnover": 689.613527, "pct": -6.490098196087696}, "食品加工制造": {"turnover": 1616.916292, "pct": -5.083824673820452}, "工业金属": {"turnover": 14019.04132, "pct": -0.8348498129458216}, "半导体": {"turnover": 32718.14984, "pct": -3.823433202348096}, "机场航运": {"turnover": 1196.665652, "pct": -7.595385169467174}, "文化传媒": {"turnover": 10110.21912, "pct": -9.456703029709164}, "游戏": {"turnover": 4275.915782, "pct": -9.02932330546089}, "贵金属": {"turnover": 6151.12478, "pct": 0.17341548986005875}, "影视院线": {"turnover": 3634.390746, "pct": -11.768984443198182}, "白酒": {"turnover": 3145.589124, "pct": -12.49334849071206}, "保险": {"turnover": 1803.961205, "pct": -10.172757872784798}}