{"风电设备": {"turnover": 4237.774412, "pct": 13.891236465210618}, "油气开采及服务": {"turnover": 5837.177725, "pct": 23.87890950185259}, "元件": {"turnover": 12502.39344, "pct": 10.43067929497625}, "电力": {"turnover": 12190.89981, "pct": 11.861472543811947}, "煤炭开采加工": {"turnover": 3770.870334, "pct": 10.568117177577626}, "农化制品": {"turnover": 7070.02292, "pct": 9.406515190678448}, "电网设备": {"turnover": 15273.67028, "pct": 8.40909428179648}, "化学原料": {"turnover": 5617.03477, "pct": 7.229172918288454}, "能源金属": {"turnover": 3126.854316, "pct": 8.042589575253828}, "环保设备": {"turnover": 812.723379, "pct": 4.427896075870215}, "港口航运": {"turnover": 3903.153688, "pct": 6.341400190951223}, "电子化学品": {"turnover": 4762.60824, "pct": 5.792504016230679}, "小金属": {"turnover": 11215.93746, "pct": 4.624346215183558}, "非金属材料": {"turnover": 970.975514, "pct": 8.056746581167413}, "其他电源设备": {"turnover": 5311.38033, "pct": 5.042756070032742}, "种植业与林业": {"turnover": 2712.505468, "pct": 8.843452165159432}, "化学纤维": {"turnover": 1581.056508, "pct": 2.4636305754325525}, "钢铁": {"turnover": 4258.69849, "pct": 1.7399495097188387}, "环境治理": {"turnover": 3688.300381, "pct": 3.689641927590473}, "建筑装饰": {"turnover": 8699.49014, "pct": 2.018199369000767}, "电池": {"turnover": 13241.47576, "pct": 4.674002662109034}, "燃气": {"turnover": 1549.378324, "pct": 5.209073917982925}, "综合": {"turnover": 2903.604221, "pct": 0.13534335644898157}, "光学光电子": {"turnover": 8938.74195, "pct": 2.15140592854917}, "其他电子": {"turnover": 3113.086623, "pct": 0.1976353528760571}, "橡胶制品": {"turnover": 747.502824, "pct": 2.666271843910739}, "银行": {"turnover": 4906.79264, "pct": 0.5119484877340866}, "黑色家电": {"turnover": 867.303088, "pct": -2.532220942859648}, "通信服务": {"turnover": 7045.95943, "pct": -2.295516289373761}, "塑料制品": {"turnover": 3730.74089, "pct": 1.482158610420965}, "造纸": {"turnover": 941.236093, "pct": 1.6566470299398155}, "石油加工贸易": {"turnover": 3709.274852, "pct": 1.9346883374637276}, "公路铁路运输": {"turnover": 860.522274, "pct": -0.20753634801890883}, "光伏设备": {"turnover": 13630.88246, "pct": -2.6002842100872097}, "物流": {"turnover": 1433.362075, "pct": 0.18908183535301942}, "养殖业": {"turnover": 1656.863525, "pct": 1.4538377688762378}, "计算机设备": {"turnover": 5029.92173, "pct": -0.49218530986172804}, "通信设备": {"turnover": 24922.86015, "pct": -0.446457263448516}, "厨卫电器": {"turnover": 204.9283772, "pct": -0.08186787667176125}, "贵金属": {"turnover": 5071.39336, "pct": -0.36011859668235247}, "化学制品": {"turnover": 9407.40121, "pct": 0.42231711555698376}, "通用设备": {"turnover": 14957.87204, "pct": -0.8733140600525269}, "消费电子": {"turnover": 11166.5824, "pct": -0.9055333189772088}, "多元金融": {"turnover": 1831.460335, "pct": -1.5103358825046356}, "房地产": {"turnover": 2971.70149, "pct": -2.621986810264809}, "农产品加工": {"turnover": 1273.985075, "pct": 0.9330006845324073}, "半导体": {"turnover": 32000.69104, "pct": -1.7539298975777038}, "专用设备": {"turnover": 9350.19432, "pct": -1.3480964533195787}, "生物制品": {"turnover": 1668.773991, "pct": -2.6296487755466074}, "汽车整车": {"turnover": 2950.201432, "pct": -2.77922468329569}, "IT服务": {"turnover": 14810.00948, "pct": -4.756536966158448}, "化学制药": {"turnover": 5444.64164, "pct": -2.5878677040497817}, "轨交设备": {"turnover": 748.395896, "pct": -1.5775995381348014}, "医疗器械": {"turnover": 3499.992808, "pct": -2.1641477454777647}, "其他社会服务": {"turnover": 1071.945844, "pct": -2.749028156657608}, "工业金属": {"turnover": 12917.60982, "pct": -1.7760665193146081}, "建筑材料": {"turnover": 4680.63604, "pct": -2.482932707866525}, "中药": {"turnover": 1662.617329, "pct": -2.2781589907078}, "贸易": {"turnover": 436.997958, "pct": -1.1779355584197329}, "互联网电商": {"turnover": 607.805227, "pct": -5.141032167803008}, "自动化设备": {"turnover": 8249.16622, "pct": -3.4264250751078427}, "金属新材料": {"turnover": 2240.623215, "pct": -3.494035511305353}, "汽车服务及其他": {"turnover": 537.508726, "pct": -3.566598464501099}, "教育": {"turnover": 454.655684, "pct": -5.655677875767482}, "包装印刷": {"turnover": 1921.475958, "pct": -5.001953187513333}, "电机": {"turnover": 1344.03672, "pct": -4.3923244824584975}, "旅游及酒店": {"turnover": 942.252563, "pct": -4.629541945898568}, "家居用品": {"turnover": 1814.135254, "pct": -3.929951911183221}, "白色家电": {"turnover": 2988.450541, "pct": -4.688629171489202}, "军工装备": {"turnover": 13978.2763, "pct": -4.07994647970707}, "小家电": {"turnover": 457.10445, "pct": -4.453057169740454}, "证券": {"turnover": 4800.93164, "pct": -5.526487597614083}, "医疗服务": {"turnover": 3100.263667, "pct": -4.727882527386678}, "汽车零部件": {"turnover": 12018.62855, "pct": -4.942478732942828}, "军工电子": {"turnover": 8086.39243, "pct": -4.4365435519539265}, "软件开发": {"turnover": 11326.82614, "pct": -6.707962900133407}, "工程机械": {"turnover": 1834.320311, "pct": -5.827972671829745}, "医药商业": {"turnover": 741.626078, "pct": -4.415106336390002}, "纺织制造": {"turnover": 751.544146, "pct": -3.8513194861220192}, "美容护理": {"turnover": 848.195378, "pct": -4.895925706048387}, "饮料制造": {"turnover": 1129.587706, "pct": -4.297390274715703}, "服装家纺": {"turnover": 1696.040288, "pct": -5.168120202964123}, "食品加工制造": {"turnover": 1416.820227, "pct": -5.415765467506752}, "文化传媒": {"turnover": 7991.07308, "pct": -14.80852444647198}, "零售": {"turnover": 2958.748244, "pct": -6.258249748963367}, "游戏": {"turnover": 3802.724474, "pct": -13.602986520668885}, "保险": {"turnover": 1622.562266, "pct": -11.683052309294608}, "白酒": {"turnover": 2291.017304, "pct": -7.160439440829339}, "机场航运": {"turnover": 1126.553632, "pct": -13.441283873909397}, "影视院线": {"turnover": 3051.645597, "pct": -27.24342137235345}}