{"油气开采及服务": {"turnover": 687.25182, "pct": 13.586331121389172}, "燃气": {"turnover": 178.04067, "pct": 5.620129383458292}, "贵金属": {"turnover": 1097.3631, "pct": 14.365602052730805}, "港口航运": {"turnover": 653.14613, "pct": 4.589992674756868}, "石油加工贸易": {"turnover": 490.606985, "pct": 6.979997639853922}, "小金属": {"turnover": 2499.32931, "pct": 9.846943495949981}, "电力": {"turnover": 1484.26008, "pct": -0.10723808221585877}, "种植业与林业": {"turnover": 416.714699, "pct": 2.686192590913925}, "煤炭开采加工": {"turnover": 419.70622, "pct": 2.1271326599419447}, "钢铁": {"turnover": 720.81417, "pct": -0.5477920255569959}, "物流": {"turnover": 274.391047, "pct": 0.3886047965975104}, "化学原料": {"turnover": 708.79965, "pct": 2.456263441511073}, "通信设备": {"turnover": 3109.6279, "pct": -0.04833075836902195}, "非金属材料": {"turnover": 163.656948, "pct": 0.8827340095219344}, "军工电子": {"turnover": 1669.45956, "pct": 3.1132358883917037}, "银行": {"turnover": 507.49194, "pct": 0.6878665650711979}, "元件": {"turnover": 1641.99964, "pct": 0.15356483502929746}, "风电设备": {"turnover": 663.22355, "pct": -1.2696843285584265}, "其他电源设备": {"turnover": 874.25302, "pct": 0.07558936402572128}, "多元金融": {"turnover": 322.127164, "pct": 0.9420561379153605}, "公路铁路运输": {"turnover": 140.242754, "pct": 0.013891696169159563}, "厨卫电器": {"turnover": 31.4504966, "pct": 0.6012761508590685}, "军工装备": {"turnover": 2131.79126, "pct": 3.0294441679373127}, "环境治理": {"turnover": 470.22448, "pct": -2.059466084645319}, "农产品加工": {"turnover": 166.752164, "pct": -0.560919905057858}, "电网设备": {"turnover": 2147.08789, "pct": -1.0923515842798794}, "工业金属": {"turnover": 1967.10358, "pct": 0.7863545186439916}, "环保设备": {"turnover": 163.804435, "pct": -0.9909399203679016}, "光伏设备": {"turnover": 2113.90163, "pct": -0.46573517612126447}, "养殖业": {"turnover": 266.768441, "pct": -0.9209978734311224}, "农化制品": {"turnover": 879.61655, "pct": -0.18159823841496064}, "橡胶制品": {"turnover": 128.384436, "pct": -0.7485519588156894}, "专用设备": {"turnover": 1131.893, "pct": -0.770898600693725}, "建筑装饰": {"turnover": 875.76844, "pct": -1.9515449165442258}, "通用设备": {"turnover": 1931.60165, "pct": -1.4238505808993784}, "电子化学品": {"turnover": 893.29689, "pct": -1.9843986533108482}, "旅游及酒店": {"turnover": 108.475895, "pct": -3.31539843202302}, "光学光电子": {"turnover": 941.13273, "pct": -4.432479987060021}, "轨交设备": {"turnover": 96.327488, "pct": -2.1104958236727946}, "证券": {"turnover": 565.08872, "pct": -1.297044014505888}, "金属新材料": {"turnover": 498.42339, "pct": 0.34786966942982467}, "纺织制造": {"turnover": 85.069866, "pct": -2.4789225827049566}, "医疗器械": {"turnover": 431.40653, "pct": -7.250395534185635}, "能源金属": {"turnover": 681.90906, "pct": 1.7732092528469763}, "服装家纺": {"turnover": 237.634864, "pct": -2.941477751774894}, "中药": {"turnover": 186.172847, "pct": -2.3429638521018967}, "自动化设备": {"turnover": 1364.93198, "pct": -2.3935883269715115}, "消费电子": {"turnover": 1427.19319, "pct": -2.2279526814762125}, "黑色家电": {"turnover": 132.562573, "pct": -2.1008059782988577}, "通信服务": {"turnover": 867.49911, "pct": -4.057061856674022}, "造纸": {"turnover": 170.86855, "pct": -2.7189658212860253}, "饮料制造": {"turnover": 194.571513, "pct": -1.733513108100444}, "食品加工制造": {"turnover": 227.960906, "pct": -2.061910475872222}, "塑料制品": {"turnover": 692.46394, "pct": -2.1813870523572594}, "IT服务": {"turnover": 2835.38766, "pct": -1.2441362072152111}, "计算机设备": {"turnover": 888.11871, "pct": -2.135367045110711}, "贸易": {"turnover": 79.637217, "pct": -0.8447386625854685}, "其他社会服务": {"turnover": 197.791064, "pct": -1.8581779705331603}, "白色家电": {"turnover": 548.34675, "pct": -2.495600651356116}, "化学制品": {"turnover": 1638.40275, "pct": -1.4394540596646266}, "汽车服务及其他": {"turnover": 97.538026, "pct": -2.74963992245578}, "医药商业": {"turnover": 126.420002, "pct": -2.2272641788738046}, "美容护理": {"turnover": 104.424947, "pct": -2.8281273158532994}, "其他电子": {"turnover": 526.70511, "pct": -3.121540501725638}, "汽车零部件": {"turnover": 2144.55437, "pct": -2.8413082601122124}, "综合": {"turnover": 394.926267, "pct": -1.2017579556802427}, "建筑材料": {"turnover": 576.15685, "pct": -1.2918954925660526}, "工程机械": {"turnover": 288.319781, "pct": -2.0661642112131338}, "化学制药": {"turnover": 929.37007, "pct": -2.1355709232046984}, "包装印刷": {"turnover": 321.344747, "pct": -2.2317392255319106}, "教育": {"turnover": 73.351376, "pct": -3.794254628102639}, "零售": {"turnover": 522.88689, "pct": -1.9826257436755874}, "生物制品": {"turnover": 311.563612, "pct": -2.332275706780538}, "家居用品": {"turnover": 319.942756, "pct": -2.4031699073298647}, "软件开发": {"turnover": 1775.75293, "pct": -2.06021865449693}, "电机": {"turnover": 264.087198, "pct": -3.141159701282851}, "半导体": {"turnover": 5792.4721, "pct": -3.0788559700740517}, "保险": {"turnover": 308.448377, "pct": -1.2974366642081656}, "汽车整车": {"turnover": 495.960546, "pct": -1.4831205290109934}, "电池": {"turnover": 2082.50735, "pct": -2.17766488279676}, "互联网电商": {"turnover": 64.099228, "pct": -3.6940857917252288}, "小家电": {"turnover": 85.976956, "pct": -3.481192525705402}, "医疗服务": {"turnover": 457.65345, "pct": -2.737457950607216}, "化学纤维": {"turnover": 132.15626, "pct": -1.9114405043818017}, "白酒": {"turnover": 227.686296, "pct": -3.4851015155628864}, "房地产": {"turnover": 330.69096, "pct": -2.718672840986365}, "机场航运": {"turnover": 194.179711, "pct": -3.7199130237673637}, "文化传媒": {"turnover": 1262.56454, "pct": -3.656911656126468}, "游戏": {"turnover": 656.94286, "pct": -3.1427370145387323}, "影视院线": {"turnover": 403.99941, "pct": -4.1202142374532835}}