{"影视院线": {"turnover": 486.34996, "pct": 3.555694086310955}, "光伏设备": {"turnover": 3192.76469, "pct": -3.932942334863555}, "煤炭开采加工": {"turnover": 628.99379, "pct": -2.9583160833120554}, "机场航运": {"turnover": 237.206826, "pct": -0.7132150515793266}, "油气开采及服务": {"turnover": 332.24153, "pct": 4.1286477850819}, "包装印刷": {"turnover": 327.604633, "pct": 1.684422160574306}, "房地产": {"turnover": 673.21828, "pct": -0.587055472620869}, "银行": {"turnover": 745.539795, "pct": 0.2934204956610172}, "中药": {"turnover": 466.982267, "pct": 2.068563653693054}, "非金属材料": {"turnover": 120.276411, "pct": 0.29385475232343095}, "石油加工贸易": {"turnover": 213.419317, "pct": 2.156647815625091}, "厨卫电器": {"turnover": 29.037641, "pct": 0.9770893754986693}, "环保设备": {"turnover": 105.920905, "pct": 0.12967452557617062}, "汽车整车": {"turnover": 418.556953, "pct": 0.805265830203878}, "美容护理": {"turnover": 211.79713, "pct": 1.9994719542822452}, "服装家纺": {"turnover": 404.435238, "pct": 1.9448836263658849}, "电池": {"turnover": 1749.90565, "pct": 0.3567510023979053}, "物流": {"turnover": 154.28223395, "pct": 0.42242239089933936}, "化学原料": {"turnover": 480.87991, "pct": 0.08997497841354143}, "零售": {"turnover": 763.98517, "pct": 0.1486765042698645}, "纺织制造": {"turnover": 150.414934, "pct": 1.5981462879124924}, "家居用品": {"turnover": 330.049455, "pct": 0.5557207603796358}, "旅游及酒店": {"turnover": 267.668343, "pct": 0.09638227336558286}, "化学制药": {"turnover": 730.918833, "pct": 0.9863516696585541}, "黑色家电": {"turnover": 81.578595, "pct": -0.5825331212600504}, "轨交设备": {"turnover": 69.2033331, "pct": 1.3695545881170772}, "证券": {"turnover": 976.40226, "pct": -0.21603398538083915}, "钢铁": {"turnover": 402.332276, "pct": -2.2451783456216767}, "化学纤维": {"turnover": 112.91184, "pct": 2.764202762848491}, "综合": {"turnover": 362.122341, "pct": -0.334660075945281}, "汽车服务及其他": {"turnover": 90.313384, "pct": 0.2006576755975385}, "光学光电子": {"turnover": 1243.04955, "pct": -0.9414286369177819}, "化学制品": {"turnover": 1326.26135, "pct": 0.16776727786021697}, "自动化设备": {"turnover": 964.62945, "pct": -0.1376721172791129}, "建筑材料": {"turnover": 811.23366, "pct": -1.5548580936804965}, "港口航运": {"turnover": 206.032145, "pct": 0.5514826780687505}, "医疗服务": {"turnover": 589.20619, "pct": -0.5433282684436719}, "食品加工制造": {"turnover": 356.195389, "pct": 0.6165657159072616}, "教育": {"turnover": 65.220505, "pct": 0.27980849195035284}, "公路铁路运输": {"turnover": 98.364637, "pct": -0.8949568538544191}, "保险": {"turnover": 279.716586, "pct": -1.1381015016606193}, "通用设备": {"turnover": 2223.21372, "pct": -1.027478337886438}, "电力": {"turnover": 1016.25231, "pct": -1.12482055852119}, "饮料制造": {"turnover": 311.437542, "pct": 0.3904496788789231}, "生物制品": {"turnover": 289.917939, "pct": -0.1651362192738656}, "白色家电": {"turnover": 602.89467, "pct": -0.5877728761381978}, "汽车零部件": {"turnover": 2037.04529, "pct": -0.4137529456147988}, "环境治理": {"turnover": 427.05184, "pct": -0.19288797133308744}, "小家电": {"turnover": 81.847399, "pct": -0.5029890150121441}, "医疗器械": {"turnover": 504.24608, "pct": 0.006411715103526029}, "建筑装饰": {"turnover": 980.32634, "pct": -1.3320935364199404}, "通信设备": {"turnover": 3854.50359, "pct": -2.2134268550549248}, "消费电子": {"turnover": 1807.32897, "pct": -0.5097766453404277}, "电子化学品": {"turnover": 561.11976, "pct": -2.500898925144033}, "军工电子": {"turnover": 1338.59522, "pct": -1.572060874967024}, "养殖业": {"turnover": 254.131648, "pct": -0.29778816848528283}, "燃气": {"turnover": 119.260494, "pct": -0.58820483880154}, "专用设备": {"turnover": 814.48017, "pct": 0.8649878351661899}, "文化传媒": {"turnover": 1869.08307, "pct": -1.0051425687930788}, "IT服务": {"turnover": 1827.39677, "pct": -0.7325378324668806}, "农化制品": {"turnover": 596.52879, "pct": -0.184115914452985}, "农产品加工": {"turnover": 187.135205, "pct": -0.3856220172765532}, "通信服务": {"turnover": 797.71909, "pct": 0.1474808569193773}, "橡胶制品": {"turnover": 87.93335, "pct": -0.8374726085765832}, "风电设备": {"turnover": 435.89434, "pct": 1.717973358537822}, "工程机械": {"turnover": 175.286744, "pct": -0.03758556275114629}, "塑料制品": {"turnover": 496.0874, "pct": -0.38767053159587783}, "造纸": {"turnover": 99.130105, "pct": -0.5879548371446108}, "计算机设备": {"turnover": 621.25544, "pct": -0.4721726329731869}, "多元金融": {"turnover": 149.14937827, "pct": 0.7057592302888162}, "元件": {"turnover": 1353.67279, "pct": -0.9485268543599745}, "电网设备": {"turnover": 1876.78192, "pct": -2.171165334625289}, "医药商业": {"turnover": 202.481112, "pct": -1.0068943373191288}, "游戏": {"turnover": 409.9283386, "pct": 2.2021288688337664}, "贸易": {"turnover": 72.548982, "pct": -0.2767973912070801}, "其他社会服务": {"turnover": 171.660327, "pct": -1.250471020369092}, "其他电源设备": {"turnover": 456.24011, "pct": -2.4537734911358116}, "军工装备": {"turnover": 1213.27106, "pct": -0.792274804872156}, "电机": {"turnover": 214.539272, "pct": -0.9463043927468875}, "软件开发": {"turnover": 1581.38578, "pct": -1.3926465634959497}, "小金属": {"turnover": 1315.88863, "pct": -2.4355830646043546}, "种植业与林业": {"turnover": 431.898863, "pct": -1.2893037820594635}, "互联网电商": {"turnover": 129.226861, "pct": -0.08514649674133971}, "半导体": {"turnover": 4719.1979, "pct": -1.6419962686363656}, "能源金属": {"turnover": 412.4056, "pct": -2.336470022471073}, "金属新材料": {"turnover": 266.827223, "pct": -2.401160731143961}, "其他电子": {"turnover": 286.725307, "pct": 0.6325305532577761}, "工业金属": {"turnover": 1696.59918, "pct": 1.5505948735105033}, "白酒": {"turnover": 920.09246, "pct": -2.888533987265781}, "贵金属": {"turnover": 1175.9386, "pct": -6.448058517162454}}