{"电网设备": {"turnover": 5684.16605, "pct": 5.031482018342737}, "其他电源设备": {"turnover": 1786.05979, "pct": 3.7885518231937954}, "通信服务": {"turnover": 1948.38858, "pct": 6.4421024725002916}, "风电设备": {"turnover": 1026.45977, "pct": 5.7046482902349025}, "电力": {"turnover": 3908.88732, "pct": 5.375886777603475}, "光学光电子": {"turnover": 2949.98512, "pct": 0.5288353996674378}, "医疗服务": {"turnover": 785.61568, "pct": 4.978017857349653}, "电池": {"turnover": 3651.12348, "pct": 5.811518510057754}, "IT服务": {"turnover": 4119.20458, "pct": 4.333169560369617}, "其他电子": {"turnover": 873.54681, "pct": 3.7270706494271395}, "通信设备": {"turnover": 6913.48976, "pct": 3.7381067943741915}, "元件": {"turnover": 3215.72492, "pct": 4.142104870644676}, "计算机设备": {"turnover": 1306.47155, "pct": 3.73773818535927}, "环保设备": {"turnover": 221.865598, "pct": 3.025198481187431}, "非金属材料": {"turnover": 289.794239, "pct": 4.383316547397955}, "软件开发": {"turnover": 3187.88577, "pct": 4.228027744840352}, "造纸": {"turnover": 218.991391, "pct": 4.002602226582594}, "塑料制品": {"turnover": 870.59114, "pct": 3.574104166132782}, "互联网电商": {"turnover": 127.96504, "pct": 3.476294187630192}, "电机": {"turnover": 299.830611, "pct": 2.4454044533304744}, "光伏设备": {"turnover": 3514.37038, "pct": 5.246154873294738}, "综合": {"turnover": 1045.4766, "pct": 3.6760403297527513}, "能源金属": {"turnover": 687.485456, "pct": 3.9148291718271286}, "化学制药": {"turnover": 1474.153, "pct": 3.8483180048699634}, "化学纤维": {"turnover": 375.223766, "pct": 4.423829641240385}, "建筑装饰": {"turnover": 2386.21704, "pct": 3.5925045795406043}, "环境治理": {"turnover": 1026.21607, "pct": 3.015087032661828}, "教育": {"turnover": 95.21918, "pct": 1.664754772369504}, "生物制品": {"turnover": 444.626477, "pct": 4.092131753982074}, "通用设备": {"turnover": 3857.08858, "pct": 2.3541845888161075}, "农化制品": {"turnover": 1842.03085, "pct": 4.10337975378577}, "化学原料": {"turnover": 1746.42594, "pct": 4.2891047422578135}, "其他社会服务": {"turnover": 277.229284, "pct": 2.551375886714629}, "轨交设备": {"turnover": 206.615036, "pct": 2.577785392269496}, "消费电子": {"turnover": 2883.85051, "pct": 2.231180691262568}, "贸易": {"turnover": 118.883105, "pct": 3.4787852793589833}, "化学制品": {"turnover": 2403.96658, "pct": 2.9738240721579907}, "医疗器械": {"turnover": 923.26723, "pct": 3.449371339245139}, "黑色家电": {"turnover": 229.849994, "pct": 2.0434707413757622}, "自动化设备": {"turnover": 2285.304, "pct": 1.4057723289125306}, "家居用品": {"turnover": 447.878612, "pct": 2.7181607799992418}, "半导体": {"turnover": 8252.7948, "pct": 1.1982009684533594}, "小家电": {"turnover": 109.695533, "pct": 1.7805826409671064}, "养殖业": {"turnover": 503.838833, "pct": 3.511465861315402}, "汽车整车": {"turnover": 789.285678, "pct": 2.0089942928590063}, "橡胶制品": {"turnover": 181.221893, "pct": 3.424773595577664}, "服装家纺": {"turnover": 378.048973, "pct": 2.7287840627527893}, "包装印刷": {"turnover": 452.290751, "pct": 1.6369944975627506}, "汽车服务及其他": {"turnover": 142.579286, "pct": 2.454792748165753}, "汽车零部件": {"turnover": 2954.06815, "pct": 1.8995329890405703}, "专用设备": {"turnover": 2518.95726, "pct": 1.528858102835044}, "中药": {"turnover": 382.091375, "pct": 2.7381847455214636}, "纺织制造": {"turnover": 173.495618, "pct": 2.2306909156953147}, "电子化学品": {"turnover": 1145.31779, "pct": 1.169755984918202}, "文化传媒": {"turnover": 1272.2037, "pct": 1.701388659391783}, "白色家电": {"turnover": 646.997525, "pct": 1.5377821753675442}, "农产品加工": {"turnover": 414.577887, "pct": 2.8798016732325302}, "种植业与林业": {"turnover": 862.770045, "pct": 3.4650727083743753}, "房地产": {"turnover": 666.397342, "pct": 1.899558482440463}, "医药商业": {"turnover": 181.832771, "pct": 1.932469738798052}, "旅游及酒店": {"turnover": 198.978034, "pct": 2.0696066781756137}, "游戏": {"turnover": 726.68609, "pct": 1.0107766552959943}, "厨卫电器": {"turnover": 51.7427798, "pct": 1.8438142502759634}, "工程机械": {"turnover": 475.301341, "pct": 0.817579818882652}, "饮料制造": {"turnover": 271.21021, "pct": 2.0148008477990005}, "美容护理": {"turnover": 211.733259, "pct": 1.7194477543352733}, "军工电子": {"turnover": 2199.23938, "pct": 0.7279097891916625}, "公路铁路运输": {"turnover": 218.865897, "pct": 1.7896040421154276}, "多元金融": {"turnover": 509.294323, "pct": 0.9590300670782944}, "零售": {"turnover": 603.524208, "pct": 0.9791393406477857}, "建筑材料": {"turnover": 957.11094, "pct": 1.1768074648517222}, "食品加工制造": {"turnover": 361.687068, "pct": 1.5779005790831313}, "影视院线": {"turnover": 326.554517, "pct": 0.04369856052911527}, "银行": {"turnover": 1204.26942, "pct": 0.8246186052112371}, "军工装备": {"turnover": 3395.8909, "pct": -1.8081971081763546}, "金属新材料": {"turnover": 521.409772, "pct": -1.2327510948434426}, "物流": {"turnover": 370.722332, "pct": 1.5631124322550423}, "工业金属": {"turnover": 2913.14365, "pct": -1.8785534651885982}, "证券": {"turnover": 1128.04518, "pct": 0.8385530715825601}, "钢铁": {"turnover": 971.80558, "pct": -0.9232569239328353}, "白酒": {"turnover": 439.137854, "pct": 0.8127060941754731}, "煤炭开采加工": {"turnover": 1106.15397, "pct": 0.9646361026494505}, "保险": {"turnover": 366.730238, "pct": 0.27791670971515753}, "小金属": {"turnover": 2567.79442, "pct": -2.3772868562209104}, "机场航运": {"turnover": 340.085949, "pct": -1.2179720532370701}, "贵金属": {"turnover": 1130.91184, "pct": -0.006941068334462576}, "石油加工贸易": {"turnover": 1277.77576, "pct": -2.3701211740584154}, "港口航运": {"turnover": 1174.21397, "pct": -1.4150147520874214}, "燃气": {"turnover": 547.58547, "pct": -2.528557884369332}, "油气开采及服务": {"turnover": 2221.85503, "pct": -6.493451901456593}}