{"电力": {"turnover": 5333.82995, "pct": 7.646603981073066}, "煤炭开采加工": {"turnover": 1248.73493, "pct": 2.2172880367563073}, "通信服务": {"turnover": 1895.60551, "pct": -3.0985890969511556}, "燃气": {"turnover": 445.279125, "pct": -1.7828249359588715}, "光伏设备": {"turnover": 4940.10801, "pct": 2.828689363043478}, "通信设备": {"turnover": 6658.9458, "pct": -0.3847637658941849}, "环保设备": {"turnover": 242.1636, "pct": 0.5094237195775165}, "能源金属": {"turnover": 932.47703, "pct": 5.82190276144166}, "港口航运": {"turnover": 849.4694, "pct": 0.3770507313861414}, "其他电源设备": {"turnover": 1094.9096, "pct": -0.6552350610427754}, "电网设备": {"turnover": 3073.2194, "pct": -0.4579597803094704}, "银行": {"turnover": 1473.97391, "pct": -0.579271171269832}, "环境治理": {"turnover": 981.22258, "pct": -0.6362310418811676}, "电池": {"turnover": 4337.01928, "pct": 1.5695202540885411}, "电子化学品": {"turnover": 1055.66807, "pct": -1.727948643816884}, "其他电子": {"turnover": 1001.83353, "pct": -1.9716797810533588}, "光学光电子": {"turnover": 2106.51371, "pct": -2.6849482930425985}, "公路铁路运输": {"turnover": 246.563201, "pct": -1.0395208506750309}, "建筑装饰": {"turnover": 2241.97792, "pct": -0.9272540026754233}, "元件": {"turnover": 3036.29753, "pct": -3.031153815643246}, "半导体": {"turnover": 8105.6835, "pct": -2.8532532753902937}, "贸易": {"turnover": 120.439401, "pct": -0.33317705871635855}, "服装家纺": {"turnover": 382.290809, "pct": -1.3156043337554582}, "厨卫电器": {"turnover": 96.693876, "pct": -4.06756942702418}, "军工电子": {"turnover": 1513.88277, "pct": -3.400233293429621}, "黑色家电": {"turnover": 144.579016, "pct": -1.3342357442190893}, "包装印刷": {"turnover": 695.429154, "pct": -2.5642565070859993}, "消费电子": {"turnover": 2528.65751, "pct": -2.560390616744591}, "小家电": {"turnover": 119.072358, "pct": -1.9135151096221894}, "文化传媒": {"turnover": 1052.96326, "pct": -3.86976390656365}, "综合": {"turnover": 575.308479, "pct": -1.5551099744710553}, "旅游及酒店": {"turnover": 236.599103, "pct": -1.0869617104968017}, "工程机械": {"turnover": 523.527028, "pct": -0.9777973937596154}, "汽车服务及其他": {"turnover": 205.823146, "pct": -1.3699596825618008}, "多元金融": {"turnover": 642.457034, "pct": -3.0560895779772226}, "IT服务": {"turnover": 2872.41021, "pct": -5.267646251566095}, "汽车整车": {"turnover": 1015.51711, "pct": -0.7769310095679512}, "家居用品": {"turnover": 464.813118, "pct": -2.294053488854221}, "风电设备": {"turnover": 1388.82514, "pct": -1.8742382154158035}, "饮料制造": {"turnover": 283.329449, "pct": -2.264950792482318}, "石油加工贸易": {"turnover": 693.218693, "pct": -1.7830678881154867}, "专用设备": {"turnover": 2074.85514, "pct": -2.9059582063184575}, "其他社会服务": {"turnover": 323.522085, "pct": -3.7489076168135718}, "油气开采及服务": {"turnover": 1275.11442, "pct": -5.725004908403329}, "计算机设备": {"turnover": 1475.11303, "pct": -4.512379171582824}, "医疗服务": {"turnover": 762.303008, "pct": -2.2361329251776887}, "军工装备": {"turnover": 2196.97907, "pct": -2.5003164907816657}, "电机": {"turnover": 353.739941, "pct": -2.766899064669755}, "互联网电商": {"turnover": 161.934177, "pct": -2.9366045785803077}, "物流": {"turnover": 357.807459, "pct": -2.5839871842543496}, "教育": {"turnover": 92.083523, "pct": -2.62514748451195}, "建筑材料": {"turnover": 857.63961, "pct": -1.4634537654116437}, "生物制品": {"turnover": 480.771635, "pct": -4.047681638774124}, "化学制药": {"turnover": 1418.16516, "pct": -2.9073774220405113}, "自动化设备": {"turnover": 1906.8835, "pct": -2.9273657335910306}, "造纸": {"turnover": 201.53518, "pct": -1.9836214818859772}, "通用设备": {"turnover": 2649.01946, "pct": -3.1923538366709656}, "中药": {"turnover": 476.673868, "pct": -3.221989753295424}, "医药商业": {"turnover": 186.541534, "pct": -2.612247444607068}, "证券": {"turnover": 1399.29694, "pct": -3.3980476901622994}, "食品加工制造": {"turnover": 425.655842, "pct": -2.6389137343599005}, "纺织制造": {"turnover": 163.662556, "pct": -3.148619961833686}, "影视院线": {"turnover": 232.770198, "pct": -3.304064677711068}, "轨交设备": {"turnover": 166.843564, "pct": -3.0067445406952027}, "汽车零部件": {"turnover": 2672.59431, "pct": -3.17560517483123}, "软件开发": {"turnover": 2367.74623, "pct": -5.642163409402321}, "塑料制品": {"turnover": 858.60027, "pct": -2.7182209843936804}, "白色家电": {"turnover": 795.58876, "pct": -3.4282811222632525}, "医疗器械": {"turnover": 1085.13789, "pct": -3.7862033994554003}, "房地产": {"turnover": 770.86137, "pct": -1.5474342037539075}, "游戏": {"turnover": 691.480963, "pct": -4.132994328485036}, "机场航运": {"turnover": 304.18043, "pct": -2.0279333864076374}, "美容护理": {"turnover": 182.600856, "pct": -3.7236437573248384}, "零售": {"turnover": 571.437831, "pct": -2.764024905641021}, "非金属材料": {"turnover": 166.832192, "pct": -1.5890644470310447}, "小金属": {"turnover": 1925.68548, "pct": -1.5851449479135842}, "农产品加工": {"turnover": 312.702368, "pct": -3.656677101175354}, "保险": {"turnover": 417.137586, "pct": -4.52886823594601}, "金属新材料": {"turnover": 369.687898, "pct": -4.374359691492534}, "化学制品": {"turnover": 1907.91559, "pct": -3.4863126039518897}, "橡胶制品": {"turnover": 172.154915, "pct": -4.54935341033029}, "钢铁": {"turnover": 788.98755, "pct": -2.455659545016503}, "养殖业": {"turnover": 441.026297, "pct": -4.781714584272486}, "白酒": {"turnover": 465.840144, "pct": -3.234293437829841}, "种植业与林业": {"turnover": 439.811345, "pct": -3.7210949986474944}, "工业金属": {"turnover": 2784.75168, "pct": -1.4950995337526343}, "化学原料": {"turnover": 1329.53354, "pct": -3.619402014667887}, "化学纤维": {"turnover": 569.841687, "pct": -3.0164303142634905}, "农化制品": {"turnover": 1572.81304, "pct": -3.1665657841572394}, "贵金属": {"turnover": 1209.95311, "pct": -3.7754826701277313}}