{"电力": {"turnover": 3567.30788, "pct": 9.291134721382429}, "能源金属": {"turnover": 573.17399, "pct": 7.351030064473191}, "光伏设备": {"turnover": 3086.90088, "pct": 1.0516504793039945}, "煤炭开采加工": {"turnover": 803.06652, "pct": 1.12093802786292}, "电池": {"turnover": 2596.49584, "pct": 3.778283300931831}, "环保设备": {"turnover": 164.371444, "pct": 7.3341249116454605}, "港口航运": {"turnover": 535.396, "pct": 5.812846456611782}, "贸易": {"turnover": 77.022008, "pct": 7.018542223322664}, "通信设备": {"turnover": 3831.09442, "pct": 7.64927511591372}, "电网设备": {"turnover": 1889.22781, "pct": 6.407807657701263}, "银行": {"turnover": 935.64097, "pct": 3.6674038649352023}, "环境治理": {"turnover": 613.87951, "pct": 7.5024833853277855}, "其他电源设备": {"turnover": 638.77138, "pct": 6.218237989852986}, "汽车整车": {"turnover": 718.80215, "pct": 4.286165562686788}, "建筑装饰": {"turnover": 1353.42559, "pct": 6.92978732475564}, "工程机械": {"turnover": 328.712655, "pct": 5.784664939537675}, "公路铁路运输": {"turnover": 164.711052, "pct": 5.721820377103126}, "旅游及酒店": {"turnover": 160.509053, "pct": 6.832995461855957}, "服装家纺": {"turnover": 247.589806, "pct": 7.046436531956803}, "黑色家电": {"turnover": 83.829215, "pct": 5.978502760314361}, "汽车服务及其他": {"turnover": 156.049377, "pct": 4.806040888750773}, "建筑材料": {"turnover": 520.5249, "pct": 6.328715763412992}, "工业金属": {"turnover": 1538.34069, "pct": 6.911574449863784}, "房地产": {"turnover": 473.33287, "pct": 5.895352008954705}, "综合": {"turnover": 353.92288, "pct": 6.9085601376026595}, "小金属": {"turnover": 1250.11456, "pct": 5.795579449117958}, "非金属材料": {"turnover": 99.903794, "pct": 5.609580748798901}, "电子化学品": {"turnover": 615.57906, "pct": 6.27800408690424}, "燃气": {"turnover": 252.97499, "pct": 2.1385676615059364}, "石油加工贸易": {"turnover": 380.542938, "pct": 4.722956137969579}, "风电设备": {"turnover": 786.47001, "pct": 3.288084895280025}, "小家电": {"turnover": 74.74127, "pct": 5.239730189950937}, "其他电子": {"turnover": 573.7452, "pct": 6.361852401040023}, "造纸": {"turnover": 121.781223, "pct": 5.228513377320949}, "机场航运": {"turnover": 198.603872, "pct": 5.534353039914673}, "医疗服务": {"turnover": 502.8462, "pct": 6.457396653023456}, "饮料制造": {"turnover": 177.292519, "pct": 5.01542121283544}, "家居用品": {"turnover": 289.217239, "pct": 6.11739367138178}, "军工装备": {"turnover": 1368.89235, "pct": 6.2232961011825925}, "钢铁": {"turnover": 458.68355, "pct": 5.39473509046404}, "消费电子": {"turnover": 1567.74156, "pct": 5.82334700421117}, "包装印刷": {"turnover": 444.14708, "pct": 5.511203275069987}, "物流": {"turnover": 223.142672, "pct": 5.074379775510264}, "医药商业": {"turnover": 120.3563, "pct": 4.939076398585519}, "教育": {"turnover": 59.650675, "pct": 6.355954296061459}, "食品加工制造": {"turnover": 261.184566, "pct": 4.888373184631836}, "光学光电子": {"turnover": 1307.12733, "pct": 5.729365567779835}, "塑料制品": {"turnover": 532.56773, "pct": 5.673809619018885}, "零售": {"turnover": 353.27271, "pct": 5.45046898054187}, "电机": {"turnover": 253.866194, "pct": 4.420351255584657}, "半导体": {"turnover": 4761.1131, "pct": 4.889770759158921}, "专用设备": {"turnover": 1212.19756, "pct": 5.556375117663304}, "化学制药": {"turnover": 907.25657, "pct": 5.2956557571519465}, "自动化设备": {"turnover": 1080.91181, "pct": 5.4724935963177606}, "互联网电商": {"turnover": 94.620182, "pct": 6.189765368685594}, "轨交设备": {"turnover": 103.362255, "pct": 6.172432288245699}, "化学纤维": {"turnover": 309.485144, "pct": 5.818829481050681}, "元件": {"turnover": 1735.01504, "pct": 5.901752248668078}, "多元金融": {"turnover": 361.022974, "pct": 3.9969974493552294}, "通信服务": {"turnover": 1069.8157, "pct": 7.47135176627469}, "纺织制造": {"turnover": 101.93805, "pct": 6.728102624393537}, "农化制品": {"turnover": 906.14569, "pct": 3.8176608501484783}, "汽车零部件": {"turnover": 1643.96621, "pct": 4.918780101942718}, "中药": {"turnover": 304.617306, "pct": 4.869346757822456}, "通用设备": {"turnover": 1597.90752, "pct": 5.591980482457503}, "白酒": {"turnover": 291.644613, "pct": 2.047819693394306}, "影视院线": {"turnover": 141.689817, "pct": 4.745907351832615}, "证券": {"turnover": 845.31284, "pct": 2.703422634277377}, "军工电子": {"turnover": 931.11071, "pct": 4.967336856363487}, "白色家电": {"turnover": 507.12651, "pct": 5.038841847451363}, "化学制品": {"turnover": 1096.58693, "pct": 5.053261752123805}, "化学原料": {"turnover": 730.81247, "pct": 3.2122144508890305}, "农产品加工": {"turnover": 190.053548, "pct": 4.711995100739127}, "种植业与林业": {"turnover": 270.107725, "pct": 4.743053881132687}, "美容护理": {"turnover": 109.666209, "pct": 5.19847896001055}, "其他社会服务": {"turnover": 194.463371, "pct": 4.730645650246821}, "贵金属": {"turnover": 898.00198, "pct": 6.562912605302483}, "医疗器械": {"turnover": 614.76921, "pct": 5.137448283254395}, "文化传媒": {"turnover": 630.67965, "pct": 5.5709439049892895}, "生物制品": {"turnover": 282.000701, "pct": 3.961623673846653}, "游戏": {"turnover": 373.504073, "pct": 4.956497944547694}, "厨卫电器": {"turnover": 56.315817, "pct": 3.3763196303423415}, "金属新材料": {"turnover": 218.883083, "pct": 4.990786681995176}, "计算机设备": {"turnover": 828.53742, "pct": 5.011976631911195}, "保险": {"turnover": 270.988726, "pct": 1.814035248220927}, "橡胶制品": {"turnover": 95.794637, "pct": 3.9026753588347542}, "养殖业": {"turnover": 278.033183, "pct": 4.100522696566763}, "IT服务": {"turnover": 1580.21515, "pct": 5.403982277987264}, "软件开发": {"turnover": 1365.01371, "pct": 4.3242503303758655}, "油气开采及服务": {"turnover": 693.05076, "pct": -3.473026400830845}}