{"油气开采及服务": {"turnover": 4393.597825, "pct": 28.120371951732707}, "煤炭开采加工": {"turnover": 3374.870799, "pct": 9.431766925944684}, "种植业与林业": {"turnover": 2725.459004, "pct": 8.05603410856882}, "小金属": {"turnover": 11937.65352, "pct": 8.677296111324882}, "石油加工贸易": {"turnover": 2873.113323, "pct": 6.536012360208288}, "港口航运": {"turnover": 3113.142879, "pct": 6.959272185492722}, "燃气": {"turnover": 1151.031059, "pct": 7.862387961621048}, "电力": {"turnover": 8268.56285, "pct": 7.4992281763572155}, "电网设备": {"turnover": 12172.40824, "pct": 10.078699939074468}, "非金属材料": {"turnover": 859.158628, "pct": 5.211634980742434}, "元件": {"turnover": 11187.73781, "pct": 7.17461984660274}, "贵金属": {"turnover": 6661.301677, "pct": -17.16344449044292}, "农化制品": {"turnover": 5833.78366, "pct": 3.2514213617409196}, "化学原料": {"turnover": 4187.24056, "pct": 2.277647388898117}, "电子化学品": {"turnover": 4517.21754, "pct": 4.512784011390854}, "通信设备": {"turnover": 25880.3576, "pct": 2.1605298423363903}, "军工装备": {"turnover": 14556.65412, "pct": 3.1355543783432407}, "钢铁": {"turnover": 4036.756116, "pct": 0.8772302857077157}, "银行": {"turnover": 5759.4393, "pct": -0.29668364477099496}, "环保设备": {"turnover": 747.867241, "pct": 4.160103533050695}, "其他电源设备": {"turnover": 4072.19491, "pct": 4.558691416383413}, "光伏设备": {"turnover": 15397.36192, "pct": 1.7939723896065727}, "环境治理": {"turnover": 3308.413401, "pct": 1.8489183139903893}, "造纸": {"turnover": 898.404337, "pct": 0.6166992109744907}, "物流": {"turnover": 1441.459317, "pct": 0.6456237403337857}, "金属新材料": {"turnover": 2527.722309, "pct": -2.945913900425469}, "建筑材料": {"turnover": 5357.49755, "pct": -2.130198239609336}, "通用设备": {"turnover": 15413.62977, "pct": 1.0712161350536717}, "公路铁路运输": {"turnover": 920.539009, "pct": -1.6045466211596626}, "建筑装饰": {"turnover": 7228.08513, "pct": -0.27341880253583295}, "能源金属": {"turnover": 3348.407778, "pct": -2.526483748608794}, "化学制品": {"turnover": 9388.98061, "pct": -1.057429146876309}, "军工电子": {"turnover": 8426.85918, "pct": 0.5407214840014045}, "综合": {"turnover": 2581.024613, "pct": -0.43539833447000936}, "光学光电子": {"turnover": 7819.22183, "pct": -0.9696930996598043}, "纺织制造": {"turnover": 872.442943, "pct": -1.6141944333579996}, "消费电子": {"turnover": 12247.87063, "pct": -1.190766033241952}, "风电设备": {"turnover": 3498.307892, "pct": -0.9780639408873069}, "自动化设备": {"turnover": 7439.07671, "pct": 0.7404559081200023}, "橡胶制品": {"turnover": 725.148188, "pct": -1.4377924972797096}, "房地产": {"turnover": 3810.28418, "pct": -5.137880558033743}, "厨卫电器": {"turnover": 190.2897054, "pct": -2.3209382128323597}, "专用设备": {"turnover": 9287.78452, "pct": -1.329322753637454}, "轨交设备": {"turnover": 750.62924, "pct": -1.7564899783422339}, "农产品加工": {"turnover": 1239.027774, "pct": -3.1959059710780244}, "家居用品": {"turnover": 2033.784421, "pct": -3.2874901676218156}, "其他电子": {"turnover": 3350.53327, "pct": -3.4941511433981844}, "通信服务": {"turnover": 6782.84843, "pct": -3.733682262532662}, "多元金融": {"turnover": 1628.801743, "pct": -3.417563294270973}, "养殖业": {"turnover": 1684.728359, "pct": -2.5788038701572322}, "工业金属": {"turnover": 16473.99304, "pct": -10.458305654663686}, "塑料制品": {"turnover": 3681.8725, "pct": -2.20842297138823}, "服装家纺": {"turnover": 2265.074729, "pct": -5.102307275082308}, "其他社会服务": {"turnover": 1149.159005, "pct": -4.263686525102374}, "工程机械": {"turnover": 1923.859269, "pct": -3.8161228520445194}, "中药": {"turnover": 2184.779154, "pct": -2.142732418190476}, "半导体": {"turnover": 35095.22774, "pct": -7.385820178807548}, "白酒": {"turnover": 4254.333248, "pct": -12.927341530888883}, "包装印刷": {"turnover": 2013.321335, "pct": -3.104576477409524}, "美容护理": {"turnover": 1021.09012, "pct": -3.3932790222646334}, "贸易": {"turnover": 514.650809, "pct": -6.139163425129722}, "饮料制造": {"turnover": 1525.215241, "pct": -7.218744930429052}, "电池": {"turnover": 11741.82472, "pct": -1.2163085508469347}, "计算机设备": {"turnover": 4949.42161, "pct": -3.5381410270027196}, "化学纤维": {"turnover": 1274.242941, "pct": -5.361374078842235}, "旅游及酒店": {"turnover": 1284.651057, "pct": -5.812659884669693}, "证券": {"turnover": 6035.00111, "pct": -6.904715725550262}, "白色家电": {"turnover": 3757.91317, "pct": -4.53902048509051}, "汽车整车": {"turnover": 2912.84335, "pct": -5.0977480895506355}, "IT服务": {"turnover": 14169.06048, "pct": -6.523514646811251}, "汽车零部件": {"turnover": 13119.07037, "pct": -3.6427074247178224}, "黑色家电": {"turnover": 741.705753, "pct": -4.335638181726575}, "汽车服务及其他": {"turnover": 587.90689, "pct": -4.317185452056737}, "保险": {"turnover": 2151.947484, "pct": -12.336119060900085}, "教育": {"turnover": 528.727617, "pct": -4.8124813070243935}, "零售": {"turnover": 3892.17513, "pct": -7.2085951021619366}, "食品加工制造": {"turnover": 1711.326199, "pct": -6.698342387408483}, "电机": {"turnover": 1512.750979, "pct": -4.601638261064879}, "机场航运": {"turnover": 1155.347149, "pct": -6.316762587281131}, "文化传媒": {"turnover": 12133.70963, "pct": -10.361905339149587}, "影视院线": {"turnover": 3887.883119, "pct": -9.816389189486001}, "化学制药": {"turnover": 5743.8648, "pct": -5.768097259416473}, "互联网电商": {"turnover": 779.335255, "pct": -9.854141631790512}, "医疗器械": {"turnover": 3459.940238, "pct": -5.921255625590703}, "软件开发": {"turnover": 11693.55307, "pct": -10.335254473458663}, "小家电": {"turnover": 494.598677, "pct": -7.214129044180514}, "游戏": {"turnover": 4689.811312, "pct": -10.999543410079744}, "医疗服务": {"turnover": 3441.699537, "pct": -9.109977546901295}, "医药商业": {"turnover": 968.4147, "pct": -8.006014138214884}, "生物制品": {"turnover": 1802.264732, "pct": -7.345811111234836}}