{"油气开采及服务": {"turnover": 5670.691405, "pct": 24.404957537488617}, "煤炭开采加工": {"turnover": 3570.783534, "pct": 14.77362360284281}, "电力": {"turnover": 10920.02242, "pct": 17.337217587468036}, "非金属材料": {"turnover": 967.836194, "pct": 12.498514685042036}, "电网设备": {"turnover": 14921.66085, "pct": 14.688384856963044}, "化学原料": {"turnover": 5100.22947, "pct": 11.207308671726173}, "风电设备": {"turnover": 3665.346562, "pct": 13.54155911679662}, "农化制品": {"turnover": 6394.56689, "pct": 10.52951359340073}, "小金属": {"turnover": 11250.68202, "pct": 13.07220785284462}, "元件": {"turnover": 12135.18111, "pct": 11.435168566139984}, "能源金属": {"turnover": 3027.590642, "pct": 10.81703674302573}, "其他电源设备": {"turnover": 5097.17047, "pct": 12.024793369743684}, "燃气": {"turnover": 1495.268837, "pct": 6.804457455279896}, "石油加工贸易": {"turnover": 3584.585532, "pct": 5.480038724299506}, "电子化学品": {"turnover": 4628.02657, "pct": 10.393310791479683}, "环保设备": {"turnover": 790.150293, "pct": 6.228390115240741}, "港口航运": {"turnover": 3743.712589, "pct": 6.531640567916219}, "钢铁": {"turnover": 4053.737433, "pct": 6.9272296517411815}, "种植业与林业": {"turnover": 2673.560433, "pct": 7.494431013490649}, "环境治理": {"turnover": 3538.946801, "pct": 5.627630192556519}, "电池": {"turnover": 12640.42605, "pct": 3.9299860869750374}, "光学光电子": {"turnover": 8710.1611, "pct": 4.794638962000592}, "化学纤维": {"turnover": 1381.671872, "pct": 3.5375865353649836}, "造纸": {"turnover": 917.466627, "pct": 3.6271186583789783}, "银行": {"turnover": 4912.06679, "pct": 0.44651969012461334}, "橡胶制品": {"turnover": 725.695833, "pct": 3.637571261986341}, "光伏设备": {"turnover": 14165.15945, "pct": 2.14076827671945}, "建筑装饰": {"turnover": 7831.94748, "pct": 3.7091010431556812}, "综合": {"turnover": 2847.870903, "pct": 3.2802308880477407}, "塑料制品": {"turnover": 3682.36237, "pct": 3.651523183579794}, "物流": {"turnover": 1409.466293, "pct": 1.7866043987163052}, "通信设备": {"turnover": 25373.50211, "pct": 6.148430628178493}, "化学制品": {"turnover": 9247.89543, "pct": 2.1659969935331964}, "通信服务": {"turnover": 6966.13217, "pct": 5.088400651225418}, "公路铁路运输": {"turnover": 847.065939, "pct": 0.9186024268735847}, "通用设备": {"turnover": 15200.13725, "pct": 2.4433401875186145}, "厨卫电器": {"turnover": 182.9833822, "pct": -0.9913953185348745}, "计算机设备": {"turnover": 4983.85653, "pct": 2.814042434507773}, "农产品加工": {"turnover": 1197.349948, "pct": 1.089478572364231}, "养殖业": {"turnover": 1626.188211, "pct": 1.1630192980704366}, "轨交设备": {"turnover": 735.299456, "pct": 0.5010100202003992}, "中药": {"turnover": 1939.349676, "pct": -1.907440447816084}, "多元金融": {"turnover": 1768.560674, "pct": 1.1936023842585757}, "黑色家电": {"turnover": 801.490539, "pct": 1.222479036667725}, "工业金属": {"turnover": 12825.47706, "pct": 3.391302138828144}, "专用设备": {"turnover": 9242.64385, "pct": 0.8926053759740809}, "消费电子": {"turnover": 11379.4208, "pct": 1.126106492614686}, "汽车整车": {"turnover": 2817.850091, "pct": -2.406924431502714}, "房地产": {"turnover": 3046.90183, "pct": -2.4130645735834295}, "贸易": {"turnover": 431.243963, "pct": -0.5616269499139767}, "建筑材料": {"turnover": 4712.08928, "pct": -1.0912522142087184}, "化学制药": {"turnover": 5542.02433, "pct": -1.9075213688583386}, "自动化设备": {"turnover": 8088.33324, "pct": 0.21427774611264805}, "包装印刷": {"turnover": 1959.727962, "pct": -2.953160118956919}, "纺织制造": {"turnover": 801.098622, "pct": -2.4912658777426087}, "IT服务": {"turnover": 14769.67948, "pct": 1.6159228455167005}, "家居用品": {"turnover": 1854.367551, "pct": -2.803417555587949}, "生物制品": {"turnover": 1673.22331, "pct": -1.7499325908451708}, "其他电子": {"turnover": 3076.75186, "pct": 2.5069794633559286}, "医疗器械": {"turnover": 3401.395998, "pct": -1.6930223030550997}, "金属新材料": {"turnover": 2241.68571, "pct": 2.021960660867741}, "汽车服务及其他": {"turnover": 546.774904, "pct": -2.454816273270727}, "服装家纺": {"turnover": 1798.152764, "pct": -4.3557529919675595}, "军工装备": {"turnover": 14082.64451, "pct": -0.66011535761117}, "其他社会服务": {"turnover": 1072.569203, "pct": -0.549174838298073}, "教育": {"turnover": 463.503655, "pct": -2.263900818703368}, "电机": {"turnover": 1379.397735, "pct": -1.2459010637289887}, "汽车零部件": {"turnover": 12337.16122, "pct": -2.6016204367739966}, "军工电子": {"turnover": 8281.90037, "pct": -0.8754361160777115}, "贵金属": {"turnover": 5342.52623, "pct": 7.044804739578733}, "美容护理": {"turnover": 898.919406, "pct": -4.974764888715662}, "证券": {"turnover": 4916.04498, "pct": -3.8619407272246233}, "医疗服务": {"turnover": 3121.099967, "pct": -3.2475565132297977}, "白色家电": {"turnover": 3094.290765, "pct": -3.09106801363719}, "旅游及酒店": {"turnover": 998.441265, "pct": -4.5481924183129046}, "工程机械": {"turnover": 1824.870268, "pct": -2.768482116446334}, "半导体": {"turnover": 31922.59554, "pct": -0.33408999499353936}, "小家电": {"turnover": 447.788128, "pct": -4.0207980895651}, "饮料制造": {"turnover": 1176.289826, "pct": -5.357072814990968}, "软件开发": {"turnover": 11453.26899, "pct": -1.7903547085802713}, "医药商业": {"turnover": 797.959805, "pct": -4.549321145906432}, "零售": {"turnover": 3215.405638, "pct": -6.888252608321971}, "食品加工制造": {"turnover": 1477.435642, "pct": -6.640627463814207}, "互联网电商": {"turnover": 630.42247, "pct": -3.424851919736099}, "保险": {"turnover": 1677.952368, "pct": -9.247011314093092}, "游戏": {"turnover": 3962.697812, "pct": -7.303991558915851}, "机场航运": {"turnover": 1126.265476, "pct": -13.000925466584349}, "文化传媒": {"turnover": 8772.33069, "pct": -6.8483553160025235}, "白酒": {"turnover": 2432.315215, "pct": -10.527473554929893}, "影视院线": {"turnover": 3358.019959, "pct": -13.853998156835361}}