{"贵金属": {"turnover": 6819.652747, "pct": 30.02088651565824}, "油气开采及服务": {"turnover": 3292.79955, "pct": 15.451560394276953}, "小金属": {"turnover": 11187.40682, "pct": 8.957667808983235}, "光伏设备": {"turnover": 17735.95378, "pct": 17.550813086875877}, "影视院线": {"turnover": 2570.14573, "pct": 29.17492145671165}, "石油加工贸易": {"turnover": 2341.121414, "pct": 9.638463690283928}, "化学原料": {"turnover": 4322.9374, "pct": 7.698553220370479}, "建筑材料": {"turnover": 5336.7718, "pct": 7.341319696997031}, "农化制品": {"turnover": 5435.05062, "pct": 7.3142526960339405}, "电子化学品": {"turnover": 5348.83408, "pct": 5.213871800946767}, "化学制品": {"turnover": 10185.73297, "pct": 7.016553500090025}, "工业金属": {"turnover": 20133.31766, "pct": 4.262335747693434}, "造纸": {"turnover": 852.790491, "pct": 4.778393169242612}, "煤炭开采加工": {"turnover": 2854.633586, "pct": 6.485361239187223}, "环保设备": {"turnover": 827.288283, "pct": 5.515613693292516}, "化学纤维": {"turnover": 1549.585253, "pct": 2.3479384279161333}, "电网设备": {"turnover": 15375.96455, "pct": 5.671240489603153}, "半导体": {"turnover": 45009.8815, "pct": 2.667869477112061}, "元件": {"turnover": 10731.52478, "pct": 3.95711858216806}, "贸易": {"turnover": 740.02998, "pct": 4.250738687117436}, "钢铁": {"turnover": 3765.141796, "pct": 3.078842548636844}, "房地产": {"turnover": 4964.81892, "pct": 5.031033192717643}, "其他电子": {"turnover": 4784.126037, "pct": 3.3835986066066797}, "非金属材料": {"turnover": 828.183952, "pct": 4.69262546312313}, "自动化设备": {"turnover": 7505.66782, "pct": 4.958358891001382}, "服装家纺": {"turnover": 2671.472492, "pct": 4.519093545048967}, "家居用品": {"turnover": 2423.13968, "pct": 3.808678132026197}, "环境治理": {"turnover": 3592.8049, "pct": 3.0774264075126934}, "光学光电子": {"turnover": 9467.37739, "pct": 3.361419280339369}, "种植业与林业": {"turnover": 2464.360542, "pct": 3.6479250334671947}, "纺织制造": {"turnover": 994.412064, "pct": 2.8247580263697336}, "港口航运": {"turnover": 2080.09683, "pct": 3.3084086189446085}, "包装印刷": {"turnover": 2378.404501, "pct": 2.2204352414937034}, "旅游及酒店": {"turnover": 1720.764811, "pct": 2.7724290511770726}, "综合": {"turnover": 3931.617577, "pct": 2.292803831910253}, "黑色家电": {"turnover": 1051.996157, "pct": -1.453857061808123}, "电力": {"turnover": 8184.94952, "pct": 2.36190617558036}, "专用设备": {"turnover": 10770.03512, "pct": 1.6124407273090855}, "橡胶制品": {"turnover": 870.010983, "pct": 1.2631449477347156}, "通用设备": {"turnover": 15799.0412, "pct": 3.3138162761703365}, "通信设备": {"turnover": 25649.48385, "pct": 2.532094179060284}, "文化传媒": {"turnover": 15579.19595, "pct": 1.7203203830915206}, "通信服务": {"turnover": 6443.95273, "pct": 1.9892683544295804}, "公路铁路运输": {"turnover": 1075.8065, "pct": 2.6894424553438685}, "轨交设备": {"turnover": 961.720116, "pct": 2.1832695780860574}, "能源金属": {"turnover": 4047.751055, "pct": 0.9608650618018024}, "建筑装饰": {"turnover": 8512.00674, "pct": 1.5662244127116836}, "物流": {"turnover": 1676.656605, "pct": 1.4607634200892285}, "其他社会服务": {"turnover": 1668.768683, "pct": 0.7444704579110726}, "燃气": {"turnover": 1164.084204, "pct": 1.429827673001392}, "白色家电": {"turnover": 5506.72207, "pct": 1.1409271603727198}, "风电设备": {"turnover": 4164.720843, "pct": 1.3406697117185535}, "塑料制品": {"turnover": 4025.60467, "pct": 0.41254369223233345}, "消费电子": {"turnover": 15982.96881, "pct": 0.7700292360693772}, "养殖业": {"turnover": 2048.052504, "pct": 1.5670231112444784}, "电机": {"turnover": 2353.374781, "pct": 1.9874040282013834}, "中药": {"turnover": 2733.267825, "pct": 1.7490421918652794}, "机场航运": {"turnover": 1259.623788, "pct": 2.5309665585248666}, "其他电源设备": {"turnover": 4243.05179, "pct": -0.5720703259440243}, "美容护理": {"turnover": 1147.213019, "pct": 0.380179406247903}, "饮料制造": {"turnover": 1862.838488, "pct": 1.4502240648681763}, "银行": {"turnover": 6702.16818, "pct": 2.815014966954605}, "汽车零部件": {"turnover": 16374.92615, "pct": 0.9120367178497273}, "汽车服务及其他": {"turnover": 700.817995, "pct": -0.16623016300123467}, "工程机械": {"turnover": 2412.367474, "pct": 0.6288766721191111}, "金属新材料": {"turnover": 3009.983753, "pct": -1.3766816908838448}, "互联网电商": {"turnover": 1191.496413, "pct": -3.608593122617902}, "汽车整车": {"turnover": 3450.473409, "pct": 0.2049194329156262}, "电池": {"turnover": 14675.04958, "pct": -1.289375550122053}, "农产品加工": {"turnover": 1434.383138, "pct": -1.7209986791828862}, "食品加工制造": {"turnover": 2059.242831, "pct": -0.6714998950248254}, "白酒": {"turnover": 4705.858818, "pct": -0.6940392088697911}, "厨卫电器": {"turnover": 233.6278805, "pct": -1.6485896321818139}, "游戏": {"turnover": 5462.36671, "pct": -3.119220299983435}, "军工装备": {"turnover": 17195.4412, "pct": -1.836711523928809}, "IT服务": {"turnover": 16527.53472, "pct": -7.015459447534381}, "化学制药": {"turnover": 7345.40856, "pct": -2.273381536928546}, "零售": {"turnover": 5316.09871, "pct": -2.453124188880182}, "小家电": {"turnover": 704.919969, "pct": -3.081550422790993}, "医疗器械": {"turnover": 4876.06554, "pct": -3.7794719611005583}, "证券": {"turnover": 8021.63452, "pct": -3.0499971256383476}, "计算机设备": {"turnover": 6955.05834, "pct": -6.198816513477532}, "教育": {"turnover": 887.912809, "pct": -3.8086220404458686}, "保险": {"turnover": 2816.613872, "pct": -1.423993039495436}, "生物制品": {"turnover": 2559.878214, "pct": -3.726744467273533}, "软件开发": {"turnover": 16358.05043, "pct": -8.565452527084213}, "医疗服务": {"turnover": 5400.44045, "pct": -7.125878512721815}, "多元金融": {"turnover": 2284.068631, "pct": -5.064114415750216}, "医药商业": {"turnover": 1873.095008, "pct": -7.991633097112934}, "军工电子": {"turnover": 11346.6229, "pct": -9.228696280619411}}