{"油气开采及服务": {"turnover": 4680.553675, "pct": 50.083582173248644}, "电网设备": {"turnover": 13327.67268, "pct": 14.530073389071118}, "电力": {"turnover": 8749.62543, "pct": 13.016504928677747}, "煤炭开采加工": {"turnover": 3307.307809, "pct": 14.098439499070803}, "石油加工贸易": {"turnover": 3051.766583, "pct": 12.576696361391596}, "化学原料": {"turnover": 4259.40366, "pct": 13.605225978498602}, "其他电源设备": {"turnover": 4335.31408, "pct": 13.501572910707951}, "燃气": {"turnover": 1273.303347, "pct": 8.727974021245997}, "元件": {"turnover": 11362.16433, "pct": 11.981950969938172}, "农化制品": {"turnover": 5797.59073, "pct": 13.351413097967683}, "环保设备": {"turnover": 753.157022, "pct": 8.625163128388943}, "港口航运": {"turnover": 3385.93141, "pct": 9.74277007896246}, "非金属材料": {"turnover": 866.034056, "pct": 14.336409971606573}, "种植业与林业": {"turnover": 2696.874524, "pct": 7.786356382058861}, "综合": {"turnover": 2687.660644, "pct": 7.1252241789536}, "环境治理": {"turnover": 3310.681031, "pct": 7.483401189059438}, "电子化学品": {"turnover": 4444.95786, "pct": 7.556226149681038}, "小金属": {"turnover": 11373.75322, "pct": 19.066605375298533}, "通用设备": {"turnover": 15274.17544, "pct": 5.036036377090754}, "造纸": {"turnover": 877.366229, "pct": 4.912636790739954}, "光学光电子": {"turnover": 8279.24695, "pct": 6.788364527401732}, "物流": {"turnover": 1433.843919, "pct": 4.793459559887739}, "化学制品": {"turnover": 9017.97586, "pct": 6.110287812498833}, "建筑装饰": {"turnover": 7059.06194, "pct": 4.2459474038992076}, "自动化设备": {"turnover": 7614.0599, "pct": 3.9235349103677826}, "军工装备": {"turnover": 14579.68714, "pct": 6.924461856659603}, "光伏设备": {"turnover": 14646.61448, "pct": 5.823952385084023}, "专用设备": {"turnover": 9147.28204, "pct": 4.27290054993769}, "通信设备": {"turnover": 25807.43914, "pct": 4.993815913869268}, "钢铁": {"turnover": 3916.913946, "pct": 11.135842898359627}, "风电设备": {"turnover": 3445.315032, "pct": 5.4636961963292405}, "轨交设备": {"turnover": 728.348807, "pct": 3.959288010395999}, "厨卫电器": {"turnover": 187.3950588, "pct": 3.224336841700263}, "计算机设备": {"turnover": 4719.27816, "pct": 3.383150235819955}, "军工电子": {"turnover": 8331.73556, "pct": 3.6354683648850146}, "银行": {"turnover": 5336.51505, "pct": 1.270347824592817}, "橡胶制品": {"turnover": 697.785731, "pct": 3.0964046766860367}, "纺织制造": {"turnover": 841.853801, "pct": 1.844278651347759}, "塑料制品": {"turnover": 3545.64456, "pct": 3.3668885747842636}, "消费电子": {"turnover": 11672.72505, "pct": 2.021776007932519}, "通信服务": {"turnover": 6593.60333, "pct": 2.261695809790109}, "中药": {"turnover": 2065.740183, "pct": 1.8459935076533838}, "公路铁路运输": {"turnover": 876.883415, "pct": 1.290332525474184}, "电池": {"turnover": 11356.71122, "pct": 3.6327977068330215}, "养殖业": {"turnover": 1611.307341, "pct": 1.4893056395273845}, "多元金融": {"turnover": 1645.395183, "pct": 3.3030290123252275}, "农产品加工": {"turnover": 1156.628568, "pct": 2.0430187335533367}, "包装印刷": {"turnover": 1979.135762, "pct": 1.1979711952909502}, "黑色家电": {"turnover": 721.575655, "pct": 2.975065798812339}, "家居用品": {"turnover": 1928.283374, "pct": 0.11621933595471684}, "其他社会服务": {"turnover": 1105.741836, "pct": 0.7360522041421218}, "其他电子": {"turnover": 3173.36864, "pct": 0.06548281418413557}, "汽车零部件": {"turnover": 12692.42305, "pct": 0.3666883746334067}, "工程机械": {"turnover": 1877.276561, "pct": 1.389813530022673}, "建筑材料": {"turnover": 5059.5923, "pct": 2.420105336674379}, "汽车服务及其他": {"turnover": 566.231734, "pct": -0.3378860822449513}, "化学制药": {"turnover": 5600.90674, "pct": 0.8197821686876177}, "化学纤维": {"turnover": 1242.830978, "pct": 2.141097039883328}, "美容护理": {"turnover": 993.165097, "pct": -0.78953839531404}, "电机": {"turnover": 1423.899744, "pct": -1.2684007003889826}, "贸易": {"turnover": 455.228032, "pct": 1.3011158702745913}, "服装家纺": {"turnover": 2030.303432, "pct": -0.34708157880399254}, "白色家电": {"turnover": 3451.392415, "pct": -1.756916006159874}, "房地产": {"turnover": 3430.8238, "pct": 1.5316236362501887}, "IT服务": {"turnover": 13794.77887, "pct": 1.2433554426369071}, "汽车整车": {"turnover": 2798.036204, "pct": 0.10560913875609279}, "金属新材料": {"turnover": 2268.784797, "pct": 4.929278991259446}, "医疗器械": {"turnover": 3339.789528, "pct": -0.3626551217271032}, "教育": {"turnover": 493.797915, "pct": -1.421161435598296}, "小家电": {"turnover": 472.99654, "pct": -1.9112552760371135}, "生物制品": {"turnover": 1701.632991, "pct": 0.18205884674540937}, "能源金属": {"turnover": 3083.714059, "pct": 7.594618119412541}, "旅游及酒店": {"turnover": 1193.734021, "pct": -3.9590923268826517}, "医疗服务": {"turnover": 3249.672297, "pct": -2.258115961314395}, "饮料制造": {"turnover": 1373.183215, "pct": -2.5836669077307914}, "食品加工制造": {"turnover": 1637.258807, "pct": -3.7570435301095753}, "零售": {"turnover": 3663.647024, "pct": -3.0161308591678218}, "证券": {"turnover": 5500.42575, "pct": -2.3274848654391453}, "医药商业": {"turnover": 895.72924, "pct": -2.6166585350050915}, "互联网电商": {"turnover": 707.056475, "pct": -4.662039046709691}, "半导体": {"turnover": 33207.05654, "pct": -2.259043222609236}, "机场航运": {"turnover": 1157.065143, "pct": -5.02585058519681}, "软件开发": {"turnover": 11008.83006, "pct": -3.0527719784216143}, "影视院线": {"turnover": 3735.409439, "pct": -9.498428856739684}, "文化传媒": {"turnover": 10644.8, "pct": -7.539470797924379}, "游戏": {"turnover": 4360.924382, "pct": -6.166823125895808}, "白酒": {"turnover": 3400.713269, "pct": -11.56420158538281}, "工业金属": {"turnover": 14303.35445, "pct": 2.067595471125057}, "保险": {"turnover": 1858.283225, "pct": -8.562467102937369}, "贵金属": {"turnover": 6019.008087, "pct": -0.978623610684878}}