{"小金属": {"turnover": 2429.52386, "pct": 8.89022325504657}, "其他电源设备": {"turnover": 816.23921, "pct": 3.772082257877791}, "电子化学品": {"turnover": 981.96693, "pct": 7.087783332931413}, "通信服务": {"turnover": 1578.60927, "pct": 5.6186478256241355}, "影视院线": {"turnover": 1631.93145, "pct": 5.924942483193714}, "IT服务": {"turnover": 3316.96224, "pct": 5.22284306478897}, "能源金属": {"turnover": 484.103485, "pct": 2.352898836016011}, "黑色家电": {"turnover": 200.347727, "pct": 5.474189384201544}, "金属新材料": {"turnover": 417.265674, "pct": 2.5604950434086535}, "通信设备": {"turnover": 6367.67739, "pct": 5.089205644294827}, "游戏": {"turnover": 1218.68072, "pct": 1.32654209568136}, "元件": {"turnover": 2313.11346, "pct": 4.269453140197381}, "非金属材料": {"turnover": 197.489769, "pct": 2.570029520121432}, "其他电子": {"turnover": 692.5877, "pct": 4.355918218383692}, "电网设备": {"turnover": 2761.56558, "pct": 2.8646610506268746}, "化学纤维": {"turnover": 253.9112, "pct": 0.4980038507309298}, "化学原料": {"turnover": 729.20112, "pct": -0.49248799268281584}, "自动化设备": {"turnover": 1701.97299, "pct": 2.656039991874972}, "消费电子": {"turnover": 2727.38588, "pct": 2.843221502117825}, "通用设备": {"turnover": 3736.94005, "pct": 2.764600004203749}, "软件开发": {"turnover": 2932.30838, "pct": 3.9663944715872383}, "包装印刷": {"turnover": 592.098985, "pct": 1.3723111732509543}, "光伏设备": {"turnover": 3473.5067, "pct": -2.9950361121318236}, "电池": {"turnover": 2891.10404, "pct": 1.13167744881756}, "环保设备": {"turnover": 122.209058, "pct": -0.8185056880280299}, "农化制品": {"turnover": 756.16306, "pct": -0.10594265866724498}, "造纸": {"turnover": 197.261434, "pct": 0.7767682764378612}, "半导体": {"turnover": 7593.25334, "pct": 4.212369016160984}, "电机": {"turnover": 338.172726, "pct": 1.7970129046299763}, "化学制品": {"turnover": 2220.02633, "pct": 1.0189670063307013}, "塑料制品": {"turnover": 713.84679, "pct": -0.5629476674093024}, "石油加工贸易": {"turnover": 440.420764, "pct": 1.2335990834248518}, "油气开采及服务": {"turnover": 744.991054, "pct": -0.5527610620129079}, "钢铁": {"turnover": 594.35793, "pct": 1.3997434348592293}, "轨交设备": {"turnover": 112.900903, "pct": -0.43617359346776957}, "计算机设备": {"turnover": 1153.43497, "pct": 2.0854042271774667}, "文化传媒": {"turnover": 3775.7184, "pct": 4.0228192994662}, "专用设备": {"turnover": 2027.25615, "pct": 1.5914357092285267}, "风电设备": {"turnover": 776.547281, "pct": 1.2351511916448736}, "港口航运": {"turnover": 352.809063, "pct": 1.4440817828744146}, "教育": {"turnover": 140.579253, "pct": 1.4339963113216792}, "电力": {"turnover": 1499.28698, "pct": 0.9841220595311102}, "橡胶制品": {"turnover": 171.670659, "pct": 1.0358798690730655}, "工业金属": {"turnover": 2855.74218, "pct": 2.6067271296942462}, "综合": {"turnover": 541.317959, "pct": 2.0983290560961354}, "汽车零部件": {"turnover": 3241.75291, "pct": 1.011324939710593}, "环境治理": {"turnover": 699.249564, "pct": 0.8189542702002885}, "汽车整车": {"turnover": 628.997476, "pct": 0.5523532201144223}, "煤炭开采加工": {"turnover": 650.27654, "pct": 1.9071593909556952}, "光学光电子": {"turnover": 1794.34677, "pct": 1.1696512605049956}, "白色家电": {"turnover": 857.26662, "pct": 0.8924092607007797}, "工程机械": {"turnover": 422.729324, "pct": 1.2451760043380502}, "建筑材料": {"turnover": 1296.73914, "pct": 1.2830013283309067}, "建筑装饰": {"turnover": 1148.38671, "pct": -1.0396276645872493}, "互联网电商": {"turnover": 214.358674, "pct": 1.1117137265365395}, "中药": {"turnover": 738.535756, "pct": -1.0775177169733345}, "汽车服务及其他": {"turnover": 104.954134, "pct": -1.171834713471296}, "化学制药": {"turnover": 1138.59857, "pct": -0.8425578188371771}, "生物制品": {"turnover": 401.600288, "pct": 0.02434891220365479}, "其他社会服务": {"turnover": 200.4697, "pct": -1.3596821290570797}, "军工电子": {"turnover": 1863.48741, "pct": 0.9903828172697743}, "纺织制造": {"turnover": 261.778421, "pct": -0.45335418135520644}, "医疗服务": {"turnover": 888.86245, "pct": 0.3413059506375556}, "物流": {"turnover": 292.75812, "pct": 0.29349477753666103}, "家居用品": {"turnover": 508.969199, "pct": -0.37056907207172746}, "房地产": {"turnover": 841.76854, "pct": 0.3556030511847224}, "多元金融": {"turnover": 366.745689, "pct": -0.2639958504969381}, "贸易": {"turnover": 97.283106, "pct": -0.7823262530526925}, "医疗器械": {"turnover": 777.469498, "pct": -0.4428339461106463}, "军工装备": {"turnover": 2974.01007, "pct": 1.0308263254019234}, "银行": {"turnover": 1223.74537, "pct": -0.41498990132852126}, "种植业与林业": {"turnover": 495.760776, "pct": -1.3865030143923085}, "小家电": {"turnover": 111.357535, "pct": -0.30244201325049125}, "农产品加工": {"turnover": 175.660165, "pct": -1.5172792612590946}, "证券": {"turnover": 1170.09009, "pct": -0.14613554397759698}, "厨卫电器": {"turnover": 41.0681806, "pct": -1.5357569144388523}, "燃气": {"turnover": 125.385763, "pct": -0.9317521528845272}, "公路铁路运输": {"turnover": 184.835269, "pct": -0.35915178633310435}, "服装家纺": {"turnover": 525.453442, "pct": -2.039020355792491}, "保险": {"turnover": 409.786456, "pct": -0.884436166532932}, "贵金属": {"turnover": 1288.91147, "pct": 0.34410054856408023}, "美容护理": {"turnover": 263.723364, "pct": -0.5783920820049531}, "养殖业": {"turnover": 342.046377, "pct": -1.7829799663987782}, "医药商业": {"turnover": 257.150409, "pct": -1.6722405575234682}, "饮料制造": {"turnover": 337.619503, "pct": -2.4701973237879535}, "食品加工制造": {"turnover": 334.546979, "pct": -3.0589518145527634}, "机场航运": {"turnover": 204.646963, "pct": -2.8710246819325076}, "零售": {"turnover": 864.47005, "pct": -3.5522867813761136}, "旅游及酒店": {"turnover": 273.636429, "pct": -3.8529780896741292}, "白酒": {"turnover": 843.891629, "pct": -3.2746623449526466}}