{"油气开采及服务": {"turnover": 5753.445235, "pct": 23.65104929889894}, "风电设备": {"turnover": 3972.555802, "pct": 13.83024197659177}, "元件": {"turnover": 12288.8964, "pct": 8.457433518917417}, "电力": {"turnover": 11707.31288, "pct": 13.51776966056311}, "煤炭开采加工": {"turnover": 3680.337354, "pct": 14.033041532477005}, "农化制品": {"turnover": 6715.89991, "pct": 11.629927978591663}, "化学原料": {"turnover": 5352.65875, "pct": 9.189846177824512}, "非金属材料": {"turnover": 969.495459, "pct": 7.894575747834843}, "电网设备": {"turnover": 15192.45599, "pct": 8.893290247796969}, "能源金属": {"turnover": 3057.486722, "pct": 9.359063303772698}, "电子化学品": {"turnover": 4707.53743, "pct": 5.568033539446373}, "种植业与林业": {"turnover": 2662.533295, "pct": 5.4258183925880985}, "其他电源设备": {"turnover": 5254.29381, "pct": 5.7368888712623205}, "小金属": {"turnover": 11263.60597, "pct": 6.470628290444318}, "电池": {"turnover": 12955.67152, "pct": 3.0775267603896412}, "港口航运": {"turnover": 3806.108676, "pct": 4.198830012881474}, "环保设备": {"turnover": 799.034805, "pct": 10.026115199073955}, "化学纤维": {"turnover": 1491.274063, "pct": 1.0184090989395813}, "石油加工贸易": {"turnover": 3654.117972, "pct": 3.077680635558304}, "燃气": {"turnover": 1533.363825, "pct": 5.6238307475081974}, "环境治理": {"turnover": 3619.510091, "pct": 1.9468339505733165}, "塑料制品": {"turnover": 3716.23512, "pct": 1.1616764922860927}, "通信设备": {"turnover": 25285.27518, "pct": 0.20038333243221534}, "光学光电子": {"turnover": 8863.53271, "pct": 1.7585219186734744}, "橡胶制品": {"turnover": 738.983729, "pct": 1.9310685949700317}, "建筑装饰": {"turnover": 8299.35087, "pct": 2.0839143926730728}, "化学制品": {"turnover": 9304.23348, "pct": 0.08858538546061975}, "通信服务": {"turnover": 7084.2834, "pct": -1.800766829178755}, "钢铁": {"turnover": 4172.46601, "pct": 5.072195271811668}, "造纸": {"turnover": 929.451259, "pct": 1.408747348922672}, "养殖业": {"turnover": 1632.872302, "pct": -0.2672846811025163}, "其他电子": {"turnover": 3085.769763, "pct": -2.2088925792213456}, "通用设备": {"turnover": 15110.10157, "pct": -0.8855727471080374}, "光伏设备": {"turnover": 14121.33775, "pct": -3.072988497015122}, "综合": {"turnover": 2886.212793, "pct": -0.06783913024414161}, "物流": {"turnover": 1427.176749, "pct": -0.16000992207041173}, "农产品加工": {"turnover": 1231.514443, "pct": 0.6356918857867979}, "计算机设备": {"turnover": 5042.26296, "pct": -1.715781030911172}, "消费电子": {"turnover": 11277.67886, "pct": -1.9612085404226827}, "黑色家电": {"turnover": 840.339605, "pct": -0.6598185113750807}, "银行": {"turnover": 4896.57109, "pct": 0.267226815669532}, "厨卫电器": {"turnover": 192.5870298, "pct": 2.8861889089436987}, "专用设备": {"turnover": 9280.3772, "pct": -1.6568650334098833}, "公路铁路运输": {"turnover": 849.655437, "pct": -0.21113111847259067}, "轨交设备": {"turnover": 746.346843, "pct": -1.630505477279955}, "自动化设备": {"turnover": 8228.01647, "pct": -3.2501103916793608}, "贸易": {"turnover": 431.585442, "pct": -1.7220364081012105}, "中药": {"turnover": 1771.683011, "pct": -2.6363042722382133}, "半导体": {"turnover": 31941.72454, "pct": -4.317969987414527}, "工业金属": {"turnover": 12750.06761, "pct": -1.076422764227643}, "贵金属": {"turnover": 5160.45184, "pct": 1.5529641154347085}, "化学制药": {"turnover": 5462.17159, "pct": -3.141267697987392}, "IT服务": {"turnover": 14939.46599, "pct": -4.082519437289433}, "多元金融": {"turnover": 1793.114657, "pct": -2.634659702894042}, "医疗器械": {"turnover": 3453.653278, "pct": -2.337024515809051}, "生物制品": {"turnover": 1669.055774, "pct": -2.767400581762877}, "金属新材料": {"turnover": 2255.241959, "pct": -2.592745244147786}, "包装印刷": {"turnover": 1934.204804, "pct": -4.13338784484806}, "汽车整车": {"turnover": 2852.189328, "pct": -3.7188246928400037}, "其他社会服务": {"turnover": 1071.024492, "pct": -3.344176519966338}, "电机": {"turnover": 1354.714365, "pct": -3.0564009418439415}, "教育": {"turnover": 464.365502, "pct": -4.874773441740449}, "房地产": {"turnover": 3033.20037, "pct": -4.211297979759944}, "建筑材料": {"turnover": 4698.63477, "pct": -2.726852657173268}, "汽车服务及其他": {"turnover": 542.938512, "pct": -3.659970392748287}, "互联网电商": {"turnover": 620.217438, "pct": -6.954536327379798}, "纺织制造": {"turnover": 773.775339, "pct": -3.6503245800459343}, "家居用品": {"turnover": 1826.352162, "pct": -3.956274294829118}, "医疗服务": {"turnover": 3103.723037, "pct": -4.692108419696718}, "白色家电": {"turnover": 3037.676108, "pct": -4.800062168494355}, "小家电": {"turnover": 453.739412, "pct": -4.215696603537791}, "汽车零部件": {"turnover": 12161.05137, "pct": -4.744076332917533}, "军工电子": {"turnover": 8217.77031, "pct": -5.794696716953512}, "军工装备": {"turnover": 14038.40992, "pct": -4.183754178740596}, "服装家纺": {"turnover": 1740.762263, "pct": -5.081646201186601}, "软件开发": {"turnover": 11482.98826, "pct": -6.718183428406253}, "工程机械": {"turnover": 1842.302524, "pct": -4.804200213576606}, "医药商业": {"turnover": 762.690158, "pct": -5.038170161844397}, "美容护理": {"turnover": 867.154577, "pct": -5.674825117649475}, "饮料制造": {"turnover": 1143.526906, "pct": -5.701118067558246}, "证券": {"turnover": 4854.79516, "pct": -5.577289900195675}, "旅游及酒店": {"turnover": 961.922362, "pct": -5.2456846645395645}, "食品加工制造": {"turnover": 1429.465386, "pct": -7.5545055179199165}, "零售": {"turnover": 3088.219504, "pct": -7.898054673357975}, "游戏": {"turnover": 3914.838622, "pct": -10.51761755371478}, "文化传媒": {"turnover": 8446.40709, "pct": -12.289739464334666}, "保险": {"turnover": 1647.498513, "pct": -11.87175344216151}, "白酒": {"turnover": 2301.617664, "pct": -10.430105429964582}, "影视院线": {"turnover": 3234.128723, "pct": -19.994024053185925}, "机场航运": {"turnover": 1124.071103, "pct": -14.010542797536573}}