{"油气开采及服务": {"turnover": 3994.09637, "pct": 10.851105334770358}, "电网设备": {"turnover": 8974.17864, "pct": 10.35701486848896}, "电力": {"turnover": 6747.68729, "pct": 9.60622308659658}, "非金属材料": {"turnover": 550.869331, "pct": 5.933075211912826}, "小金属": {"turnover": 6934.72291, "pct": 1.8020203575309959}, "其他电源设备": {"turnover": 3017.23957, "pct": 6.689628401744377}, "元件": {"turnover": 7603.31321, "pct": 2.800751893530845}, "种植业与林业": {"turnover": 1762.396725, "pct": 3.9335373621214855}, "能源金属": {"turnover": 1870.643076, "pct": -1.3324646202414894}, "贵金属": {"turnover": 3227.54296, "pct": 3.5778340749962756}, "风电设备": {"turnover": 1946.01395, "pct": 4.238338042338077}, "通信设备": {"turnover": 13788.90714, "pct": 2.2243215107511873}, "环保设备": {"turnover": 477.470306, "pct": 2.1487901400926286}, "通信服务": {"turnover": 3843.12599, "pct": 3.365449266358956}, "环境治理": {"turnover": 2140.76972, "pct": 1.877624981598073}, "燃气": {"turnover": 1106.824421, "pct": 3.4256953577140696}, "光学光电子": {"turnover": 5091.69681, "pct": 1.747137975636584}, "煤炭开采加工": {"turnover": 2191.517966, "pct": 3.1292154555382377}, "电子化学品": {"turnover": 2678.08498, "pct": -2.4133449428323748}, "钢铁": {"turnover": 2627.73844, "pct": -1.1269699819310561}, "农化制品": {"turnover": 4207.78596, "pct": -0.4440363429583646}, "军工电子": {"turnover": 4894.83257, "pct": -0.29382836703788556}, "化学原料": {"turnover": 3055.64318, "pct": -0.07925568844336972}, "港口航运": {"turnover": 2731.05828, "pct": 1.04525347377228}, "通用设备": {"turnover": 8401.25123, "pct": 0.024961393045415954}, "建筑装饰": {"turnover": 4428.49614, "pct": 0.849999947892403}, "光伏设备": {"turnover": 6755.48063, "pct": 0.1684100723843182}, "电池": {"turnover": 6616.09084, "pct": -3.321456641464396}, "农产品加工": {"turnover": 751.279629, "pct": 0.6382803233583089}, "橡胶制品": {"turnover": 394.379861, "pct": -0.7536784841911283}, "厨卫电器": {"turnover": 114.6651373, "pct": 0.3762478355594169}, "塑料制品": {"turnover": 1970.13268, "pct": -1.204589467800165}, "造纸": {"turnover": 492.874401, "pct": -1.565256977614176}, "养殖业": {"turnover": 960.081337, "pct": 0.10508408734177549}, "计算机设备": {"turnover": 2735.46856, "pct": -0.05723021031830862}, "IT服务": {"turnover": 8241.87374, "pct": 0.8977317945632831}, "物流": {"turnover": 875.743106, "pct": 0.06953629870375222}, "综合": {"turnover": 1693.768589, "pct": -0.25425514530707716}, "多元金融": {"turnover": 1065.014544, "pct": -0.6663012624816622}, "专用设备": {"turnover": 5326.6898, "pct": -0.5807514825801093}, "石油加工贸易": {"turnover": 2550.190402, "pct": 0.8408677111579509}, "工业金属": {"turnover": 7648.25254, "pct": -3.8074951419088308}, "旅游及酒店": {"turnover": 464.11944, "pct": -0.8358714415453368}, "化学制品": {"turnover": 5175.18, "pct": -2.2812589340082163}, "银行": {"turnover": 2774.73013, "pct": 0.48934829116224}, "其他电子": {"turnover": 1698.31607, "pct": -1.0869661403997013}, "金属新材料": {"turnover": 1383.85113, "pct": -3.3909528975511924}, "轨交设备": {"turnover": 441.485293, "pct": -0.08999852714887713}, "公路铁路运输": {"turnover": 492.428142, "pct": -0.23659797023847087}, "化学制药": {"turnover": 3051.07616, "pct": -0.9275567723891813}, "自动化设备": {"turnover": 4646.18945, "pct": -1.8905156177278954}, "生物制品": {"turnover": 954.764035, "pct": -1.3604680989076607}, "消费电子": {"turnover": 6356.66334, "pct": -1.749005242057316}, "军工装备": {"turnover": 8533.22507, "pct": -1.3274156456226227}, "医疗器械": {"turnover": 1935.65565, "pct": -1.347722957100557}, "其他社会服务": {"turnover": 599.369304, "pct": -1.4951227381458383}, "软件开发": {"turnover": 6036.27562, "pct": -1.724804440162631}, "贸易": {"turnover": 248.882458, "pct": -1.7375882865444743}, "医疗服务": {"turnover": 1566.081477, "pct": -1.8892027265834226}, "中药": {"turnover": 894.103298, "pct": -1.3400751102222268}, "半导体": {"turnover": 18063.2578, "pct": -3.691897741023817}, "教育": {"turnover": 241.905689, "pct": -2.0059860150447495}, "服装家纺": {"turnover": 948.329848, "pct": -2.1156710097581413}, "互联网电商": {"turnover": 287.783756, "pct": -2.357626677465423}, "电机": {"turnover": 746.157775, "pct": -2.1400843543484025}, "纺织制造": {"turnover": 392.826617, "pct": -1.9096444213406936}, "家居用品": {"turnover": 973.943349, "pct": -2.7208963202610534}, "饮料制造": {"turnover": 628.367442, "pct": -2.224140507778865}, "建筑材料": {"turnover": 2499.87619, "pct": -4.6323538995856195}, "美容护理": {"turnover": 475.834094, "pct": -4.191283847313812}, "医药商业": {"turnover": 405.64756, "pct": -2.929702750792421}, "包装印刷": {"turnover": 955.857749, "pct": -3.7340078394689757}, "食品加工制造": {"turnover": 759.50785, "pct": -3.1448690815105076}, "黑色家电": {"turnover": 414.113542, "pct": -3.1344227727991703}, "白色家电": {"turnover": 1620.478045, "pct": -3.018449961995659}, "汽车零部件": {"turnover": 6535.49459, "pct": -3.4987430424284995}, "汽车服务及其他": {"turnover": 301.661157, "pct": -2.8317113808054213}, "工程机械": {"turnover": 988.288113, "pct": -3.861869197551869}, "零售": {"turnover": 1550.210407, "pct": -4.095481023031247}, "房地产": {"turnover": 1641.089523, "pct": -5.534367750853831}, "证券": {"turnover": 2847.66619, "pct": -3.9825912211544896}, "化学纤维": {"turnover": 705.161639, "pct": -6.316635374442811}, "小家电": {"turnover": 251.703454, "pct": -4.297544983802164}, "汽车整车": {"turnover": 1625.189554, "pct": -4.778788891061334}, "保险": {"turnover": 959.505253, "pct": -5.507928372858729}, "文化传媒": {"turnover": 3367.24389, "pct": -6.0095154426554895}, "白酒": {"turnover": 1140.886359, "pct": -6.641703208157068}, "游戏": {"turnover": 1745.469362, "pct": -6.1626347009328075}, "机场航运": {"turnover": 673.295704, "pct": -8.452849090363594}, "影视院线": {"turnover": 1050.128228, "pct": -9.59704178823811}}