{"小金属": {"turnover": 2758.25898, "pct": 8.93281631750736}, "能源金属": {"turnover": 663.326213, "pct": 11.566008352011742}, "元件": {"turnover": 2262.2605174, "pct": 6.2389469675623825}, "电子化学品": {"turnover": 1001.85925, "pct": 5.506545503376754}, "农化制品": {"turnover": 1111.32684, "pct": 7.615009362752254}, "油气开采及服务": {"turnover": 699.8176838, "pct": 9.02006828337064}, "金属新材料": {"turnover": 479.92597, "pct": 3.3707095607306408}, "钢铁": {"turnover": 763.55261, "pct": 5.134820491831482}, "非金属材料": {"turnover": 191.868341, "pct": 3.9186143339920134}, "电网设备": {"turnover": 2429.85488, "pct": 3.1736188085209074}, "其他电源设备": {"turnover": 884.94431, "pct": 0.6903993438302044}, "工业金属": {"turnover": 2602.33973, "pct": 5.456745686605531}, "半导体": {"turnover": 6864.6772, "pct": 2.6701223507918885}, "贵金属": {"turnover": 926.52661, "pct": 5.1627977936463525}, "环保设备": {"turnover": 144.07221737, "pct": 3.941808222182692}, "电力": {"turnover": 1711.0114, "pct": 2.6061940035569333}, "军工装备": {"turnover": 2845.11511, "pct": 3.854968300135219}, "造纸": {"turnover": 212.5933518, "pct": 3.5466789068884856}, "消费电子": {"turnover": 2343.1522658, "pct": 2.0408181199691557}, "其他电子": {"turnover": 630.95772, "pct": 1.7635851176358457}, "通用设备": {"turnover": 3090.5425295, "pct": 1.9053057124450556}, "风电设备": {"turnover": 536.384584, "pct": 1.1063253097776533}, "环境治理": {"turnover": 581.310101, "pct": 3.697784830673044}, "化学原料": {"turnover": 774.92792, "pct": 4.445322862300894}, "电池": {"turnover": 3005.02815, "pct": 3.852355506794189}, "种植业与林业": {"turnover": 341.128913, "pct": 4.753749900489507}, "塑料制品": {"turnover": 775.06967, "pct": 3.3988688910433904}, "港口航运": {"turnover": 557.720175, "pct": 1.6582586768700347}, "化学制品": {"turnover": 1836.86041, "pct": 4.095642674176824}, "建筑材料": {"turnover": 1260.40296, "pct": 3.6525970164006334}, "化学纤维": {"turnover": 239.488081, "pct": 2.6855006033686335}, "橡胶制品": {"turnover": 156.537446, "pct": 2.8793963479791422}, "专用设备": {"turnover": 1829.5529654, "pct": 2.1017004461175546}, "通信设备": {"turnover": 4713.2912652, "pct": -0.20783690615496161}, "军工电子": {"turnover": 1394.84719, "pct": 2.2774720401195094}, "光学光电子": {"turnover": 1432.1759, "pct": 2.2569563889887876}, "自动化设备": {"turnover": 1556.6634517, "pct": 1.2897359343384789}, "煤炭开采加工": {"turnover": 640.576644, "pct": 2.028902966042506}, "计算机设备": {"turnover": 1042.24407, "pct": 1.9443463513616668}, "综合": {"turnover": 548.273184, "pct": 2.7061163867699727}, "建筑装饰": {"turnover": 1532.9116603, "pct": 2.7238498307684473}, "轨交设备": {"turnover": 144.131018, "pct": 0.42356384611775316}, "贸易": {"turnover": 79.37619, "pct": 3.0967858870483704}, "燃气": {"turnover": 136.200918, "pct": 3.1004231059029386}, "工程机械": {"turnover": 376.3721, "pct": 2.1892078297514503}, "其他社会服务": {"turnover": 215.38575, "pct": 1.8332792456307114}, "汽车零部件": {"turnover": 2747.37797, "pct": 1.5274672893284829}, "电机": {"turnover": 328.714214, "pct": 1.5558233811767297}, "石油加工贸易": {"turnover": 398.08151835, "pct": 2.213450963637235}, "房地产": {"turnover": 695.15821, "pct": 3.6745491153664998}, "农产品加工": {"turnover": 173.191009, "pct": 2.536670064343656}, "多元金融": {"turnover": 277.191911, "pct": 2.0611977101776526}, "通信服务": {"turnover": 1433.0412836, "pct": -1.8598859150431524}, "汽车整车": {"turnover": 511.283615, "pct": 1.3032108385054204}, "白色家电": {"turnover": 683.28601, "pct": 1.1207300450270412}, "养殖业": {"turnover": 317.57223, "pct": 0.5087575384850256}, "汽车服务及其他": {"turnover": 111.452201, "pct": 1.16494627345673}, "美容护理": {"turnover": 183.648555, "pct": 1.5342741340996344}, "中药": {"turnover": 345.389406, "pct": 1.618149061663422}, "家居用品": {"turnover": 394.623495, "pct": 2.0775267506963733}, "生物制品": {"turnover": 304.0993887, "pct": 1.3414329541156726}, "小家电": {"turnover": 88.81222852299999, "pct": 1.4770056035990635}, "IT服务": {"turnover": 2971.87838, "pct": -2.013503383163797}, "黑色家电": {"turnover": 164.312578, "pct": -1.050462580353682}, "纺织制造": {"turnover": 162.029737, "pct": 1.5038648241289485}, "包装印刷": {"turnover": 547.179322, "pct": -0.03945666298029896}, "厨卫电器": {"turnover": 24.7393208, "pct": 1.6523429267927505}, "公路铁路运输": {"turnover": 146.238549, "pct": 0.8246722804108333}, "医疗器械": {"turnover": 630.17197098, "pct": 0.8776317071543487}, "化学制药": {"turnover": 962.77804, "pct": 0.6871607688983967}, "医药商业": {"turnover": 151.4843286, "pct": 1.0355522522912144}, "证券": {"turnover": 1060.18162581, "pct": -0.02407021786345678}, "医疗服务": {"turnover": 676.54102, "pct": 0.7258815788028817}, "服装家纺": {"turnover": 355.677666, "pct": 1.0156072215663503}, "软件开发": {"turnover": 2438.33832, "pct": -2.147938429033383}, "饮料制造": {"turnover": 222.69932257, "pct": 0.7290829005501424}, "食品加工制造": {"turnover": 296.856405, "pct": 0.6458539072061895}, "零售": {"turnover": 686.96045, "pct": 0.9018349017937454}, "光伏设备": {"turnover": 2421.88091, "pct": -1.3085443048947853}, "银行": {"turnover": 964.19666488, "pct": -1.4019631460811726}, "白酒": {"turnover": 544.966078, "pct": -0.981027621187866}, "教育": {"turnover": 97.254598, "pct": -0.48912721747539184}, "机场航运": {"turnover": 194.833815, "pct": -1.1557058696808205}, "互联网电商": {"turnover": 140.744881, "pct": -0.9942898806359176}, "旅游及酒店": {"turnover": 216.028363, "pct": -0.5675005788333688}, "游戏": {"turnover": 953.11942996, "pct": -3.270389981244682}, "保险": {"turnover": 418.374067, "pct": -4.2916895332249165}, "文化传媒": {"turnover": 2312.8349972, "pct": -3.140345329646866}, "影视院线": {"turnover": 1083.87872806, "pct": -8.761297775628522}, "物流": {"turnover": 234.806869, "pct": 1.9510564983727374}}