{"非金属材料": {"turnover": 146.951704, "pct": 2.8237813597247055}, "工程机械": {"turnover": 267.833954, "pct": 2.5556749468006577}, "影视院线": {"turnover": 200.616664, "pct": 1.8524872442912497}, "医药商业": {"turnover": 111.534932, "pct": 3.207507158289328}, "汽车零部件": {"turnover": 1698.50522, "pct": 2.851827927871216}, "元件": {"turnover": 1801.12461, "pct": 2.3908875017726117}, "游戏": {"turnover": 250.87893, "pct": 0.12876857338971273}, "汽车服务及其他": {"turnover": 78.702116, "pct": 3.606240447519974}, "厨卫电器": {"turnover": 36.1929232, "pct": 3.3589077491074733}, "旅游及酒店": {"turnover": 123.858463, "pct": 2.307288904036269}, "食品加工制造": {"turnover": 214.027923, "pct": 2.3284983808467987}, "军工电子": {"turnover": 1263.77557, "pct": 0.647187804445895}, "美容护理": {"turnover": 126.97984, "pct": 1.8072167132934729}, "零售": {"turnover": 245.370334, "pct": 0.444534514755565}, "光伏设备": {"turnover": 1663.58785, "pct": 0.4640017707473282}, "公路铁路运输": {"turnover": 144.837404, "pct": 2.190423409756993}, "白色家电": {"turnover": 388.223505, "pct": 2.4631333560226554}, "通信设备": {"turnover": 3864.84485, "pct": 1.9923761723852467}, "钢铁": {"turnover": 612.52771, "pct": 1.155071727028131}, "电池": {"turnover": 1545.84013, "pct": 1.9482044724970196}, "橡胶制品": {"turnover": 100.321061, "pct": 2.325917051715029}, "半导体": {"turnover": 4866.3175, "pct": 2.583236085852579}, "医疗器械": {"turnover": 543.01762, "pct": 3.2670260404007565}, "银行": {"turnover": 461.92158, "pct": 0.21474201625925315}, "物流": {"turnover": 149.142669, "pct": 1.5231005386280434}, "金属新材料": {"turnover": 203.282078, "pct": -1.5482732701215371}, "电子化学品": {"turnover": 650.49279, "pct": 0.7100934668685404}, "建筑材料": {"turnover": 565.50865, "pct": 1.7113920570924295}, "石油加工贸易": {"turnover": 919.77013, "pct": -0.17628631182403906}, "煤炭开采加工": {"turnover": 608.75183, "pct": -1.3379407341110325}, "证券": {"turnover": 798.92622, "pct": 1.472014483070755}, "工业金属": {"turnover": 2031.71091, "pct": -1.0203954521754095}, "白酒": {"turnover": 321.531331, "pct": 1.7450713861259108}, "机场航运": {"turnover": 169.243507, "pct": 0.899469052070454}, "保险": {"turnover": 271.280753, "pct": 1.0024597230652865}, "能源金属": {"turnover": 407.163881, "pct": 0.19172933075439724}, "小金属": {"turnover": 1821.70049, "pct": -2.3604756676201184}, "港口航运": {"turnover": 942.04399, "pct": -0.6967782458528687}, "燃气": {"turnover": 448.052837, "pct": -3.2411006338912167}, "贵金属": {"turnover": 810.36014, "pct": -2.8970266265077917}}