{"风电设备": {"turnover": 1323.81824, "pct": -2.1821351544397087}, "化学纤维": {"turnover": 490.01607, "pct": 2.570970363622019}, "银行": {"turnover": 815.45268, "pct": 1.1345775771761188}, "白酒": {"turnover": 429.974649, "pct": 1.0804651830396146}, "房地产": {"turnover": 529.86549, "pct": 1.4611660078533415}, "旅游及酒店": {"turnover": 142.528659, "pct": 0.22782841279149862}, "煤炭开采加工": {"turnover": 661.21013, "pct": -3.9594290537141363}, "港口航运": {"turnover": 488.47879, "pct": 0.8516581191020154}, "保险": {"turnover": 250.207421, "pct": 1.8802125674670593}, "公路铁路运输": {"turnover": 133.496864, "pct": -0.19870860036950863}, "互联网电商": {"turnover": 108.306769, "pct": 0.6387438586335406}, "汽车整车": {"turnover": 549.27789, "pct": 0.8711724950377784}, "证券": {"turnover": 859.78116, "pct": 0.21511346404359424}, "厨卫电器": {"turnover": 53.3199983, "pct": -2.1762459057281736}, "食品加工制造": {"turnover": 246.594557, "pct": 0.5801203044624489}, "养殖业": {"turnover": 281.548984, "pct": -0.8974286214835085}, "化学制药": {"turnover": 881.20934, "pct": -0.22886376077811146}, "小家电": {"turnover": 76.552354, "pct": -1.5070313379075175}, "生物制品": {"turnover": 269.707349, "pct": -0.15842622036469714}, "农化制品": {"turnover": 1546.20548, "pct": -3.7937868136642225}, "零售": {"turnover": 394.076346, "pct": -0.29591320879654515}, "医药商业": {"turnover": 116.5212, "pct": -0.7785682990861507}, "饮料制造": {"turnover": 180.166547, "pct": -0.3411839695086568}, "中药": {"turnover": 225.442836, "pct": -0.2833143305428778}, "机场航运": {"turnover": 170.40565, "pct": -0.6330018562653731}, "医疗器械": {"turnover": 649.6796, "pct": -0.9222583348095759}, "多元金融": {"turnover": 368.32576, "pct": 0.5368884266427201}, "环保设备": {"turnover": 132.455298, "pct": -0.7514509834124136}, "黑色家电": {"turnover": 153.084333, "pct": -1.4141003468183184}, "燃气": {"turnover": 177.713965, "pct": -2.3981229677290017}, "美容护理": {"turnover": 104.354305, "pct": -0.5312532888129793}, "建筑装饰": {"turnover": 1953.43765, "pct": -1.5250039364108443}, "汽车服务及其他": {"turnover": 80.379985, "pct": -0.8366491870668409}, "物流": {"turnover": 226.456888, "pct": -1.2384507483103746}, "油气开采及服务": {"turnover": 746.67753, "pct": -1.6397870038236295}, "化学原料": {"turnover": 1226.55046, "pct": -3.387307170559388}, "包装印刷": {"turnover": 293.657057, "pct": -1.0633790028047516}, "钢铁": {"turnover": 650.19325, "pct": -3.3208757483070657}, "家居用品": {"turnover": 268.356881, "pct": -1.0128622217444798}, "教育": {"turnover": 52.058722, "pct": -1.4136698316682046}, "种植业与林业": {"turnover": 422.90286, "pct": -0.8363118299352009}, "服装家纺": {"turnover": 226.820162, "pct": -1.402537191318657}, "建筑材料": {"turnover": 614.38154, "pct": -1.5970477839709507}, "光伏设备": {"turnover": 2233.60643, "pct": -1.5953765351410434}, "综合": {"turnover": 376.707423, "pct": -0.6200376705610465}, "影视院线": {"turnover": 142.571207, "pct": -0.3705067842535346}, "白色家电": {"turnover": 395.055466, "pct": -0.9713714244115457}, "文化传媒": {"turnover": 644.11857, "pct": -0.10434321980893838}, "农产品加工": {"turnover": 255.670234, "pct": -2.6381527602343158}, "游戏": {"turnover": 415.18012, "pct": -1.0003996726706295}, "电池": {"turnover": 2654.09664, "pct": -3.181028063515877}, "塑料制品": {"turnover": 615.25957, "pct": -2.4517013736865687}, "医疗服务": {"turnover": 542.99812, "pct": -1.822188785534081}, "环境治理": {"turnover": 616.0384, "pct": -2.1752411333644313}, "橡胶制品": {"turnover": 129.554691, "pct": -2.6782467422082665}, "造纸": {"turnover": 129.565121, "pct": -1.3867786243561564}, "贸易": {"turnover": 70.702831, "pct": -1.8737812158637674}, "电力": {"turnover": 2694.16431, "pct": -2.968897136846149}, "半导体": {"turnover": 4767.2924, "pct": -0.805329020342853}, "其他社会服务": {"turnover": 171.321504, "pct": -1.4270900747020363}, "汽车零部件": {"turnover": 1613.13205, "pct": -1.4953222835256286}, "化学制品": {"turnover": 1601.41863, "pct": -2.6545064126243316}, "其他电子": {"turnover": 548.05477, "pct": -0.07183093978830099}, "计算机设备": {"turnover": 745.2292, "pct": -1.309208247563286}, "纺织制造": {"turnover": 98.346021, "pct": -2.4986526853755677}, "元件": {"turnover": 2243.75621, "pct": -1.305853525002386}, "石油加工贸易": {"turnover": 436.660548, "pct": -2.5977289462391218}, "消费电子": {"turnover": 1531.73045, "pct": -1.7219422479708153}, "光学光电子": {"turnover": 1419.08165, "pct": -2.821406856079793}, "电子化学品": {"turnover": 701.03656, "pct": -3.747649975386263}, "专用设备": {"turnover": 1331.51668, "pct": -2.0035329854903337}, "轨交设备": {"turnover": 109.678153, "pct": -2.6227536118234624}, "工程机械": {"turnover": 274.191371, "pct": -2.4580003136758344}, "电机": {"turnover": 149.209689, "pct": -2.5551740608521394}, "软件开发": {"turnover": 1500.06718, "pct": -1.6417227845079048}, "自动化设备": {"turnover": 1259.92429, "pct": -2.696444107669985}, "IT服务": {"turnover": 1759.99682, "pct": -1.922952823417319}, "通用设备": {"turnover": 1895.00454, "pct": -2.877176194089003}, "工业金属": {"turnover": 1846.52701, "pct": -4.187102371963697}, "通信服务": {"turnover": 843.56231, "pct": -1.24420495251968}, "军工装备": {"turnover": 1464.46358, "pct": -2.0752807320511146}, "能源金属": {"turnover": 459.656061, "pct": -4.349952901125413}, "军工电子": {"turnover": 906.11556, "pct": -2.150385584007257}, "非金属材料": {"turnover": 131.305286, "pct": -4.9079398065724815}, "金属新材料": {"turnover": 254.512812, "pct": -4.023907096158973}, "贵金属": {"turnover": 538.91515, "pct": -2.992411469261737}, "通信设备": {"turnover": 3543.10172, "pct": -5.073027787229968}, "电网设备": {"turnover": 2227.96285, "pct": -4.002671704951025}, "其他电源设备": {"turnover": 766.41565, "pct": -4.5116867024123275}, "小金属": {"turnover": 1191.34132, "pct": -3.918295230242657}}