{"贵金属": {"turnover": 6849.766567, "pct": 27.83411374139359}, "光伏设备": {"turnover": 17753.41484, "pct": 15.21951177193026}, "油气开采及服务": {"turnover": 3327.14893, "pct": 20.703118686191125}, "小金属": {"turnover": 10770.46842, "pct": 8.935071481238708}, "石油加工贸易": {"turnover": 2309.876203, "pct": 10.28276766265729}, "影视院线": {"turnover": 3306.542788, "pct": 13.593817582774864}, "建筑材料": {"turnover": 5511.89554, "pct": 9.021952747921144}, "煤炭开采加工": {"turnover": 2939.285752, "pct": 9.066871385046806}, "造纸": {"turnover": 867.090694, "pct": 6.8917710850902925}, "化学原料": {"turnover": 4274.44196, "pct": 8.002972516621503}, "电网设备": {"turnover": 14798.06126, "pct": 4.967646493055999}, "环保设备": {"turnover": 735.95749, "pct": 2.899919475020867}, "化学制品": {"turnover": 10092.58959, "pct": 6.078562308048776}, "农化制品": {"turnover": 5074.98702, "pct": 3.338672525295395}, "钢铁": {"turnover": 3677.107736, "pct": 6.688417528893856}, "非金属材料": {"turnover": 837.272972, "pct": 4.889874227368993}, "房地产": {"turnover": 4730.34843, "pct": 5.200944484951488}, "自动化设备": {"turnover": 7757.19464, "pct": 2.6935399440930015}, "港口航运": {"turnover": 1948.985523, "pct": 3.7057939696377877}, "电子化学品": {"turnover": 5027.05346, "pct": 2.8950441955997075}, "半导体": {"turnover": 45751.61114, "pct": 0.3463477773479363}, "化学纤维": {"turnover": 1514.540367, "pct": 3.7901696802131997}, "服装家纺": {"turnover": 2583.482453, "pct": 4.096806257118523}, "通用设备": {"turnover": 16261.4197, "pct": 2.2559604329013365}, "元件": {"turnover": 10488.94596, "pct": 2.1245795823490825}, "纺织制造": {"turnover": 965.60573, "pct": 2.827016616067645}, "种植业与林业": {"turnover": 2339.168865, "pct": 2.0680294227648264}, "环境治理": {"turnover": 3419.194424, "pct": 3.3959865403170157}, "家居用品": {"turnover": 2195.116482, "pct": 2.514613367922226}, "其他电子": {"turnover": 4526.84578, "pct": 1.6858069514927188}, "工业金属": {"turnover": 18426.32328, "pct": 4.521434661446384}, "其他电源设备": {"turnover": 3877.14288, "pct": 1.6160830446348935}, "电力": {"turnover": 7937.99285, "pct": 2.6996212155648687}, "综合": {"turnover": 3581.227499, "pct": 3.2723651636696194}, "光学光电子": {"turnover": 8953.33737, "pct": 1.8014857946559544}, "通信设备": {"turnover": 26682.16835, "pct": 2.640605593329779}, "轨交设备": {"turnover": 917.778744, "pct": 2.2842287023792838}, "贸易": {"turnover": 716.900366, "pct": 2.039444160771657}, "包装印刷": {"turnover": 2280.667295, "pct": 2.21682371622459}, "专用设备": {"turnover": 10171.86025, "pct": 1.3258678450670027}, "银行": {"turnover": 6873.2555, "pct": 2.5727213252609453}, "建筑装饰": {"turnover": 7709.27907, "pct": 0.6166984658653948}, "通信服务": {"turnover": 6266.64661, "pct": 6.470825768771128}, "燃气": {"turnover": 1077.960282, "pct": 2.2577448844726113}, "公路铁路运输": {"turnover": 1012.02229, "pct": 1.5144603852242735}, "电机": {"turnover": 2218.914487, "pct": -0.33003700782624623}, "能源金属": {"turnover": 3566.101855, "pct": 2.7054560553650577}, "橡胶制品": {"turnover": 845.253448, "pct": 0.5215746687496412}, "风电设备": {"turnover": 4241.877694, "pct": 1.1760992299691018}, "金属新材料": {"turnover": 2632.330252, "pct": -0.6082281808270366}, "其他社会服务": {"turnover": 1556.838672, "pct": 0.3782519213707333}, "消费电子": {"turnover": 15020.16402, "pct": 0.010418680758519008}, "中药": {"turnover": 2517.226882, "pct": 0.9140055993921136}, "机场航运": {"turnover": 1221.946765, "pct": 0.8014148817814722}, "汽车零部件": {"turnover": 16647.68224, "pct": -0.9324319030713408}, "白色家电": {"turnover": 5135.09305, "pct": -0.12885442529854366}, "工程机械": {"turnover": 2313.222618, "pct": -1.4460244524811925}, "物流": {"turnover": 1570.035437, "pct": 0.8634158596978757}, "文化传媒": {"turnover": 13950.04268, "pct": 8.223404499985659}, "汽车整车": {"turnover": 3377.894756, "pct": 0.2146301148315649}, "养殖业": {"turnover": 1973.078229, "pct": 0.3279983579493124}, "汽车服务及其他": {"turnover": 672.001349, "pct": -2.8318237553391685}, "黑色家电": {"turnover": 910.000578, "pct": 0.4007063046851546}, "饮料制造": {"turnover": 1798.732664, "pct": -0.5492250928522052}, "塑料制品": {"turnover": 3900.72142, "pct": -2.1023444738412653}, "美容护理": {"turnover": 1070.74039, "pct": -0.5095117788435598}, "军工装备": {"turnover": 16049.67329, "pct": 0.11748956083224485}, "白酒": {"turnover": 4669.913856, "pct": -0.6744662212400964}, "证券": {"turnover": 7068.08364, "pct": -1.2715965082062959}, "互联网电商": {"turnover": 1023.997468, "pct": -0.2680275825950879}, "食品加工制造": {"turnover": 1994.948993, "pct": -2.063869432284185}, "农产品加工": {"turnover": 1315.266376, "pct": -3.4612684932723425}, "厨卫电器": {"turnover": 217.8193201, "pct": -1.3690294634761935}, "化学制药": {"turnover": 6498.95146, "pct": -2.093725900245251}, "旅游及酒店": {"turnover": 1467.802374, "pct": -3.988804362635825}, "多元金融": {"turnover": 1977.523813, "pct": -2.233139353276523}, "小家电": {"turnover": 598.245975, "pct": -3.010025480437224}, "IT服务": {"turnover": 14926.18058, "pct": -0.04910919487867342}, "电池": {"turnover": 13840.68364, "pct": -2.464370756555054}, "保险": {"turnover": 2675.126272, "pct": -1.519421696997759}, "生物制品": {"turnover": 2360.215265, "pct": -2.7857966310435742}, "零售": {"turnover": 4901.14568, "pct": -2.5819050441999534}, "医疗器械": {"turnover": 4059.265938, "pct": -9.946592827349459}, "游戏": {"turnover": 5091.72643, "pct": -0.26714055413576077}, "教育": {"turnover": 717.112418, "pct": -2.6204525932272285}, "计算机设备": {"turnover": 5867.45493, "pct": -2.6785676013726984}, "医疗服务": {"turnover": 4582.46889, "pct": -2.77140124174609}, "软件开发": {"turnover": 13983.17534, "pct": -3.0603359397935925}, "医药商业": {"turnover": 1563.09657, "pct": -3.5751028945245573}, "军工电子": {"turnover": 10017.46946, "pct": -6.084989202696777}}