{"油气开采及服务": {"turnover": 1456.0019278, "pct": 13.060867613745572}, "元件": {"turnover": 4529.3296874, "pct": 11.231273931459997}, "小金属": {"turnover": 4961.66202, "pct": 12.663855875925458}, "电子化学品": {"turnover": 1968.73769, "pct": 12.608710236484589}, "能源金属": {"turnover": 1284.674458, "pct": 19.251086623131723}, "农化制品": {"turnover": 2097.21695, "pct": 10.629936122982127}, "非金属材料": {"turnover": 380.342643, "pct": 8.33639381501407}, "煤炭开采加工": {"turnover": 1516.302864, "pct": 1.32161976448448}, "钢铁": {"turnover": 1460.386296, "pct": 7.576387330756126}, "环保设备": {"turnover": 302.36365137, "pct": 6.709180782907363}, "金属新材料": {"turnover": 945.928407, "pct": 8.673002643304132}, "化学原料": {"turnover": 1633.85323, "pct": 8.512141741792231}, "其他电源设备": {"turnover": 1729.60072, "pct": 7.734489780526433}, "电网设备": {"turnover": 5140.52957, "pct": 7.388975126235025}, "通用设备": {"turnover": 6787.5022995, "pct": 5.35675124901257}, "造纸": {"turnover": 420.7365488, "pct": 6.14222699772946}, "港口航运": {"turnover": 990.992903, "pct": 3.5053089951274377}, "电池": {"turnover": 5788.94985, "pct": 5.290624684139065}, "电力": {"turnover": 3345.66128, "pct": 1.7491547207992004}, "消费电子": {"turnover": 5029.5725258, "pct": 5.683336203078318}, "建筑材料": {"turnover": 2464.48223, "pct": 4.359488979470229}, "环境治理": {"turnover": 1289.071731, "pct": 4.983659945537671}, "化学制品": {"turnover": 4027.33992, "pct": 6.755184853975706}, "化学纤维": {"turnover": 549.308168, "pct": 6.404355324659507}, "石油加工贸易": {"turnover": 849.93466335, "pct": 4.979152015296743}, "军工装备": {"turnover": 5871.95191, "pct": 3.3681723350624955}, "自动化设备": {"turnover": 3194.5134017, "pct": 5.194551533472284}, "塑料制品": {"turnover": 1654.50715, "pct": 5.790885337732692}, "光学光电子": {"turnover": 3296.22913, "pct": 3.2901727194642794}, "综合": {"turnover": 1059.588574, "pct": 4.239304323892963}, "风电设备": {"turnover": 1398.926812, "pct": 3.106421654769894}, "房地产": {"turnover": 1603.14951, "pct": 3.295674195784163}, "包装印刷": {"turnover": 1121.234281, "pct": 3.6702224482452235}, "黑色家电": {"turnover": 343.310755, "pct": 3.5068241541413214}, "通信设备": {"turnover": 10912.3799252, "pct": 4.959263707134548}, "轨交设备": {"turnover": 286.779578, "pct": 2.500264636054013}, "半导体": {"turnover": 14324.88594, "pct": 5.900117853421836}, "其他电子": {"turnover": 1341.09226, "pct": 5.97632243242714}, "专用设备": {"turnover": 3822.0076754, "pct": 4.317303737263708}, "工业金属": {"turnover": 5681.04196, "pct": 8.59565743062816}, "计算机设备": {"turnover": 2119.00656, "pct": 3.999756969015136}, "物流": {"turnover": 636.361053, "pct": 2.185372687660169}, "中药": {"turnover": 1115.483864, "pct": 2.080542578857397}, "通信服务": {"turnover": 2887.1010236, "pct": 4.014751369629612}, "橡胶制品": {"turnover": 316.003752, "pct": 4.78351882383677}, "汽车整车": {"turnover": 1150.421264, "pct": 2.511890691073447}, "汽车零部件": {"turnover": 5911.94734, "pct": 2.975842563687477}, "建筑装饰": {"turnover": 2980.6764803, "pct": 3.333105622565539}, "军工电子": {"turnover": 3337.61518, "pct": 2.6842169826442626}, "厨卫电器": {"turnover": 69.4005027, "pct": 0.44119903098154406}, "美容护理": {"turnover": 500.862005, "pct": 0.04235841625083781}, "种植业与林业": {"turnover": 882.786232, "pct": 3.894749079732094}, "电机": {"turnover": 668.482377, "pct": 4.303493855296065}, "家居用品": {"turnover": 909.925758, "pct": 1.9638085368805076}, "燃气": {"turnover": 306.525966, "pct": 2.15443408711814}, "工程机械": {"turnover": 816.578512, "pct": 3.037923805361134}, "贸易": {"turnover": 181.610819, "pct": 2.8604389905364576}, "白色家电": {"turnover": 1587.3313, "pct": 2.0880565049784803}, "汽车服务及其他": {"turnover": 251.987634, "pct": 1.6135328353531122}, "纺织制造": {"turnover": 425.044994, "pct": 1.6581626859457128}, "其他社会服务": {"turnover": 479.0302, "pct": 2.2249372607495244}, "化学制药": {"turnover": 2507.28983, "pct": 0.8715384833411033}, "IT服务": {"turnover": 6096.15381, "pct": 2.899675035023765}, "银行": {"turnover": 2295.12128488, "pct": -2.0211892003626533}, "农产品加工": {"turnover": 425.862293, "pct": 1.5533255673859212}, "公路铁路运输": {"turnover": 347.376014, "pct": -0.3567041335471733}, "生物制品": {"turnover": 735.9717237, "pct": 1.5856527395508067}, "光伏设备": {"turnover": 7180.69967, "pct": 2.1676309174245136}, "小家电": {"turnover": 211.265149523, "pct": 0.8109795023518251}, "服装家纺": {"turnover": 929.392086, "pct": -0.03974768231717969}, "多元金融": {"turnover": 643.156415, "pct": 1.4777582656764896}, "养殖业": {"turnover": 716.478955, "pct": 0.11887411833740093}, "医疗服务": {"turnover": 1591.35745, "pct": 0.9864576776776266}, "教育": {"turnover": 232.303998, "pct": 1.2032167339633708}, "证券": {"turnover": 2351.75101581, "pct": -0.9168560602558122}, "医疗器械": {"turnover": 1418.20027898, "pct": 0.5040243682579464}, "机场航运": {"turnover": 481.651525, "pct": -5.075761320350093}, "零售": {"turnover": 1910.78293, "pct": -3.3108229785701466}, "饮料制造": {"turnover": 623.99941457, "pct": -2.5589638210180636}, "软件开发": {"turnover": 5224.87399, "pct": 1.1288518130193022}, "食品加工制造": {"turnover": 800.712902, "pct": -2.631861962215874}, "医药商业": {"turnover": 440.1848406, "pct": -1.3113161110115938}, "游戏": {"turnover": 2293.40871996, "pct": 1.3834762208180853}, "旅游及酒店": {"turnover": 625.501947, "pct": -5.476128329813582}, "文化传媒": {"turnover": 5993.8237172, "pct": -1.1620855943090524}, "互联网电商": {"turnover": 360.851231, "pct": -0.41326833675387703}, "影视院线": {"turnover": 2573.08114806, "pct": -3.2033724672101442}, "贵金属": {"turnover": 2378.35068, "pct": 5.662590547139071}, "保险": {"turnover": 872.866008, "pct": -4.8100680783420176}, "白酒": {"turnover": 1558.275637, "pct": -6.822368520791255}}