{"能源金属": {"turnover": 411.050913, "pct": 2.011154275815232}, "小金属": {"turnover": 1480.70962, "pct": -0.1007229230097253}, "油气开采及服务": {"turnover": 396.223131, "pct": 8.156777504839516}, "电子化学品": {"turnover": 669.31751, "pct": 1.8040191398946914}, "元件": {"turnover": 979.74454, "pct": 4.431502016004238}, "农化制品": {"turnover": 630.37717, "pct": 4.073077033382041}, "金属新材料": {"turnover": 295.4658, "pct": 0.4415064948578331}, "半导体": {"turnover": 4997.5037, "pct": 0.5807123749329794}, "电网设备": {"turnover": 1123.6351983, "pct": 3.8337437767010414}, "非金属材料": {"turnover": 135.128958, "pct": 1.7468738007935167}, "环保设备": {"turnover": 95.791869, "pct": 1.867738418201028}, "工业金属": {"turnover": 1796.46777, "pct": 0.8284704465777492}, "军工装备": {"turnover": 2016.66872, "pct": 2.9301191990556616}, "钢铁": {"turnover": 463.13922, "pct": 0.12165606305780087}, "其他电源设备": {"turnover": 678.13189, "pct": -0.11193683717251088}, "电池": {"turnover": 1667.84212, "pct": 1.015638908802938}, "贵金属": {"turnover": 646.92892, "pct": 4.660680648713746}, "消费电子": {"turnover": 1698.94966, "pct": 1.3607105183520685}, "其他电子": {"turnover": 342.73836036, "pct": 1.462173306275498}, "综合": {"turnover": 267.49270079, "pct": 1.9191678972333883}, "环境治理": {"turnover": 406.726141, "pct": 1.670522723721082}, "化学制品": {"turnover": 1202.40794, "pct": 1.793452390569717}, "造纸": {"turnover": 149.913553, "pct": 1.5792456921841287}, "通用设备": {"turnover": 2249.49801, "pct": 1.0514426057147102}, "塑料制品": {"turnover": 375.8962422, "pct": 2.0403687859735755}, "化学原料": {"turnover": 524.30197, "pct": 2.3541507430649564}, "电力": {"turnover": 997.95533, "pct": 1.052952234158331}, "建筑材料": {"turnover": 889.68509, "pct": 1.237648722208041}, "种植业与林业": {"turnover": 233.746187, "pct": 2.429560668184033}, "军工电子": {"turnover": 986.8705, "pct": 0.11519477404536259}, "港口航运": {"turnover": 342.502095, "pct": 0.16140788506228357}, "贸易": {"turnover": 36.225875, "pct": 2.9027553561418924}, "橡胶制品": {"turnover": 81.0294775, "pct": 1.7597996787045884}, "计算机设备": {"turnover": 798.21205, "pct": 1.1912054969518546}, "专用设备": {"turnover": 1382.51244, "pct": 1.2730412509095101}, "房地产": {"turnover": 463.85878, "pct": 0.6685495600802194}, "煤炭开采加工": {"turnover": 376.94168, "pct": 1.8916040458143892}, "建筑装饰": {"turnover": 1020.42704, "pct": 1.6903723265331148}, "燃气": {"turnover": 99.225955, "pct": 2.181656277827259}, "汽车零部件": {"turnover": 2059.99404, "pct": 1.0960581962700018}, "光学光电子": {"turnover": 1025.78399, "pct": 1.3284461371452077}, "自动化设备": {"turnover": 1109.84291, "pct": 0.5983544458730107}, "化学纤维": {"turnover": 108.484669, "pct": 2.554553043857404}, "工程机械": {"turnover": 202.61934898, "pct": 1.6770142773466556}, "石油加工贸易": {"turnover": 278.770995, "pct": 2.395619455654251}, "电机": {"turnover": 241.46366, "pct": 1.0082772319816282}, "其他社会服务": {"turnover": 157.277807, "pct": 1.0712665537531247}, "通信设备": {"turnover": 3605.61452, "pct": -0.2639892951670158}, "风电设备": {"turnover": 378.237514, "pct": 0.5738157148622488}, "轨交设备": {"turnover": 99.067931, "pct": 1.1415481892357424}, "家居用品": {"turnover": 289.839058, "pct": 1.0436757702781025}, "汽车整车": {"turnover": 366.530885, "pct": 1.3986840515004402}, "多元金融": {"turnover": 192.653688, "pct": -0.15080986451986705}, "农产品加工": {"turnover": 126.872367, "pct": 1.1890419077616687}, "小家电": {"turnover": 46.3086078, "pct": 1.8297344925895964}, "白色家电": {"turnover": 494.5797, "pct": 0.7027263612674778}, "物流": {"turnover": 109.24125, "pct": 1.862296396903437}, "生物制品": {"turnover": 211.442092, "pct": -0.12002255088190375}, "汽车服务及其他": {"turnover": 56.06543303, "pct": 1.4721324943219543}, "养殖业": {"turnover": 192.651056, "pct": 1.341454443621123}, "中药": {"turnover": 255.986002, "pct": 0.8159298792512099}, "厨卫电器": {"turnover": 17.7495732, "pct": 0.6969315734119825}, "医疗器械": {"turnover": 466.9927, "pct": 0.16534742318332524}, "医药商业": {"turnover": 108.01377, "pct": 0.33192091448405964}, "美容护理": {"turnover": 133.770673, "pct": -0.20134646469249562}, "包装印刷": {"turnover": 208.827535, "pct": 0.8965339152658474}, "纺织制造": {"turnover": 121.753704, "pct": 0.8366856695375031}, "医疗服务": {"turnover": 349.5002931, "pct": -0.06904460685048634}, "化学制药": {"turnover": 686.37512, "pct": -0.2419156663501312}, "证券": {"turnover": 472.01270048, "pct": 0.15499802638359902}, "公路铁路运输": {"turnover": 104.451248, "pct": 0.13048964221075443}, "教育": {"turnover": 74.339634, "pct": -1.0407353662183376}, "饮料制造": {"turnover": 109.8189155, "pct": 1.0566116052329688}, "服装家纺": {"turnover": 260.525191, "pct": 0.2788192943684843}, "通信服务": {"turnover": 1106.94856, "pct": -1.493720875519029}, "零售": {"turnover": 308.2601802, "pct": 0.6243130279001281}, "IT服务": {"turnover": 2305.32825, "pct": -2.1178105923845814}, "黑色家电": {"turnover": 130.495529, "pct": -0.5225040295004826}, "食品加工制造": {"turnover": 227.180134, "pct": -0.20248482751056338}, "软件开发": {"turnover": 1905.08567, "pct": -2.6810089237811647}, "光伏设备": {"turnover": 1774.63525, "pct": -2.3636423620017233}, "互联网电商": {"turnover": 75.201704, "pct": -0.3287421951897183}, "白酒": {"turnover": 424.72066, "pct": -1.8394267897272276}, "旅游及酒店": {"turnover": 170.030677, "pct": -1.6164585496486947}, "机场航运": {"turnover": 137.50992, "pct": -1.7229120151819588}, "银行": {"turnover": 702.68542, "pct": -1.0403832991102016}, "保险": {"turnover": 178.446839, "pct": -1.3248350600484549}, "游戏": {"turnover": 744.73729, "pct": -3.419611660467401}, "文化传媒": {"turnover": 1867.25007, "pct": -3.238702240746602}, "影视院线": {"turnover": 886.27153, "pct": -7.030995712864193}}