{"小金属": {"turnover": 2434.15473, "pct": 3.3132272174577877}, "电子化学品": {"turnover": 837.49187, "pct": 2.993051401428165}, "通信服务": {"turnover": 1374.72543, "pct": 1.7804205890506746}, "其他电源设备": {"turnover": 821.5323, "pct": 2.836597656869424}, "元件": {"turnover": 2168.45771, "pct": 1.4676915962481019}, "能源金属": {"turnover": 590.119968, "pct": 2.043386996987961}, "半导体": {"turnover": 6004.49234, "pct": 2.385224447071324}, "黑色家电": {"turnover": 195.209622, "pct": -0.46530809714248267}, "IT服务": {"turnover": 2960.206161, "pct": 0.037186469998169436}, "其他电子": {"turnover": 565.363513, "pct": 1.943171332055228}, "金属新材料": {"turnover": 399.141265, "pct": 1.9743123362757833}, "通信设备": {"turnover": 6192.71352, "pct": -0.8092021852376091}, "自动化设备": {"turnover": 1325.95491, "pct": 1.8045399848545225}, "消费电子": {"turnover": 2709.01445, "pct": 0.7406136743185859}, "软件开发": {"turnover": 3083.8579, "pct": 0.8513979855765276}, "游戏": {"turnover": 1427.53842, "pct": 0.22995029754894758}, "计算机设备": {"turnover": 1215.68102, "pct": 1.003600186245621}, "电机": {"turnover": 280.929827, "pct": 1.8471346931914423}, "通用设备": {"turnover": 2900.4825, "pct": 0.9770873507588459}, "军工装备": {"turnover": 2557.04155, "pct": 1.7151576857171849}, "造纸": {"turnover": 213.9672, "pct": 2.981864017239062}, "贵金属": {"turnover": 821.40066, "pct": 5.35372182453478}, "环保设备": {"turnover": 116.105113, "pct": 0.5568017241439905}, "综合": {"turnover": 477.426835, "pct": 0.031847661405981706}, "工业金属": {"turnover": 2186.72659, "pct": 1.9895393013301583}, "文化传媒": {"turnover": 3850.4598, "pct": -1.849646107208548}, "汽车零部件": {"turnover": 3177.17412, "pct": 0.037192744307549194}, "电网设备": {"turnover": 2052.98983, "pct": 0.6645780772449007}, "专用设备": {"turnover": 1686.66377, "pct": 0.43180198113951795}, "电池": {"turnover": 2136.80799, "pct": 1.5467761325065352}, "影视院线": {"turnover": 1825.11812, "pct": 0.22260401882422798}, "塑料制品": {"turnover": 868.65423, "pct": -0.5892977038351725}, "农化制品": {"turnover": 702.50561, "pct": 0.5924565324107816}, "光学光电子": {"turnover": 1343.98956, "pct": 0.023285492510316662}, "包装印刷": {"turnover": 467.680768, "pct": -0.3194319598549591}, "军工电子": {"turnover": 1333.3751, "pct": -0.05322014900057989}, "白色家电": {"turnover": 840.02017, "pct": -0.7930573061273469}, "教育": {"turnover": 123.0128614, "pct": -2.7599564127613663}, "港口航运": {"turnover": 465.470662, "pct": -1.3888754370502445}, "建筑装饰": {"turnover": 1442.87618, "pct": -1.0241892223578308}, "工程机械": {"turnover": 325.683738, "pct": -0.19612076867608305}, "石油加工贸易": {"turnover": 340.216202, "pct": -1.1499761248498992}, "轨交设备": {"turnover": 142.580184, "pct": -0.49437946937976646}, "橡胶制品": {"turnover": 139.887322, "pct": 0.6645084094834725}, "非金属材料": {"turnover": 146.02333, "pct": -0.13193367849376605}, "其他社会服务": {"turnover": 194.035484, "pct": -0.4863700120173288}, "化学纤维": {"turnover": 303.110402, "pct": -1.2687043008604815}, "化学原料": {"turnover": 876.19881, "pct": -1.9321082429053222}, "钢铁": {"turnover": 753.03753, "pct": -1.6768068018823146}, "汽车整车": {"turnover": 633.915647, "pct": -0.4194023273151773}, "环境治理": {"turnover": 689.430571, "pct": -0.8385475622275419}, "汽车服务及其他": {"turnover": 128.180206, "pct": -0.7289159398398317}, "化学制品": {"turnover": 1605.29272, "pct": -0.6686294721358683}, "煤炭开采加工": {"turnover": 623.511154, "pct": -0.7418158008007782}, "油气开采及服务": {"turnover": 507.027825, "pct": 1.9733521969987744}, "互联网电商": {"turnover": 162.400459, "pct": -3.5480586871617543}, "建筑材料": {"turnover": 1107.61053, "pct": -0.5429171122912315}, "房地产": {"turnover": 813.05099, "pct": -1.943115944757848}, "风电设备": {"turnover": 507.995982, "pct": -1.1624509862491952}, "电力": {"turnover": 1505.69997, "pct": -1.5606952994026722}, "物流": {"turnover": 274.41758, "pct": -1.8651011844471523}, "小家电": {"turnover": 84.496246, "pct": -1.206936934390275}, "医疗服务": {"turnover": 669.16263, "pct": -1.811572412371233}, "生物制品": {"turnover": 374.356493, "pct": -1.2938262495191348}, "光伏设备": {"turnover": 4071.76841, "pct": -5.463615397739577}, "家居用品": {"turnover": 487.423612, "pct": -1.6368861240008397}, "医疗器械": {"turnover": 756.375678, "pct": -1.8520344098534678}, "化学制药": {"turnover": 1356.00952, "pct": -1.8112882166069644}, "公路铁路运输": {"turnover": 139.29691554, "pct": -1.3732388568417753}, "多元金融": {"turnover": 264.777899, "pct": -1.2951124419316262}, "贸易": {"turnover": 71.10503, "pct": -0.7782353035039453}, "纺织制造": {"turnover": 177.759788, "pct": -1.4394054334023687}, "美容护理": {"turnover": 238.242883, "pct": -2.158100483085084}, "证券": {"turnover": 879.0451, "pct": -1.5408865826684626}, "银行": {"turnover": 911.48424, "pct": -1.7278828277331924}, "中药": {"turnover": 396.434782, "pct": -1.4094437877113324}, "种植业与林业": {"turnover": 419.804324, "pct": -2.387896381765855}, "农产品加工": {"turnover": 162.8224, "pct": -1.2532939585773044}, "厨卫电器": {"turnover": 27.5677438, "pct": -1.878618113395658}, "燃气": {"turnover": 118.975822, "pct": -0.4713914004052116}, "养殖业": {"turnover": 249.281313, "pct": -1.7968916842803755}, "保险": {"turnover": 409.546966, "pct": -4.191705478754438}, "服装家纺": {"turnover": 341.541462, "pct": -2.0494249160317928}, "医药商业": {"turnover": 160.286654, "pct": -1.9786365231348968}, "旅游及酒店": {"turnover": 317.699927, "pct": -3.609978080835763}, "饮料制造": {"turnover": 294.700133, "pct": -3.518800840556633}, "零售": {"turnover": 1017.42265, "pct": -4.236448818935041}, "食品加工制造": {"turnover": 401.534061, "pct": -4.065847983477115}, "白酒": {"turnover": 553.283059, "pct": -2.72175758681149}, "机场航运": {"turnover": 243.948748, "pct": -4.637966161679447}}