{"光伏设备": {"turnover": 3863.62057, "pct": 1.2479380073416109}, "燃气": {"turnover": 338.976082, "pct": 0.3411644575903118}, "银行": {"turnover": 1357.22998, "pct": -0.8407809593414521}, "电力": {"turnover": 4094.83925, "pct": 1.115278302917003}, "保险": {"turnover": 411.14318, "pct": -1.4435453727053051}, "油气开采及服务": {"turnover": 1268.22105, "pct": -3.268066593053524}, "港口航运": {"turnover": 839.75134, "pct": -4.352012717878825}, "煤炭开采加工": {"turnover": 1027.49477, "pct": -1.3119914737823666}, "生物制品": {"turnover": 473.841898, "pct": -2.9585767011585755}, "证券": {"turnover": 1420.12526, "pct": -2.3874669914725417}, "旅游及酒店": {"turnover": 209.53244, "pct": -3.792649373111513}, "公路铁路运输": {"turnover": 206.496384, "pct": -3.0399071603539425}, "通信服务": {"turnover": 1701.89374, "pct": -2.5444465521333592}, "文化传媒": {"turnover": 1029.9068, "pct": -4.248288511010333}, "汽车整车": {"turnover": 857.18514, "pct": -4.576024599974442}, "食品加工制造": {"turnover": 410.121666, "pct": -5.045392242887208}, "多元金融": {"turnover": 652.896329, "pct": -4.1846229837732665}, "房地产": {"turnover": 837.39736, "pct": -4.446052800681815}, "化学制药": {"turnover": 1374.60773, "pct": -4.643302026086227}, "白酒": {"turnover": 591.069527, "pct": -5.917145232502008}, "中药": {"turnover": 389.283581, "pct": -4.150384115421154}, "饮料制造": {"turnover": 275.636235, "pct": -4.697099344895432}, "半导体": {"turnover": 8338.7033, "pct": -4.806962474512967}, "其他电子": {"turnover": 1097.34829, "pct": -5.253657583053369}, "互联网电商": {"turnover": 184.115049, "pct": -6.2653054773598145}, "小家电": {"turnover": 116.226542, "pct": -4.4194547130150355}, "家居用品": {"turnover": 444.380571, "pct": -4.667693565952685}, "医药商业": {"turnover": 178.628997, "pct": -4.679446517037404}, "物流": {"turnover": 336.071041, "pct": -4.883992018288832}, "美容护理": {"turnover": 174.29838, "pct": -4.965624621282299}, "环保设备": {"turnover": 211.444787, "pct": -4.638761398370795}, "包装印刷": {"turnover": 585.645833, "pct": -4.617419255189744}, "其他社会服务": {"turnover": 311.937116, "pct": -4.952411314726633}, "造纸": {"turnover": 201.786801, "pct": -5.4937353696389595}, "黑色家电": {"turnover": 177.131483, "pct": -5.301830920925896}, "贸易": {"turnover": 110.751562, "pct": -5.741106105233909}, "医疗器械": {"turnover": 1101.46055, "pct": -5.1908052199554335}, "机场航运": {"turnover": 272.847763, "pct": -5.088019685720844}, "元件": {"turnover": 3702.00656, "pct": -5.797225831730876}, "光学光电子": {"turnover": 2041.24314, "pct": -4.693906031494435}, "计算机设备": {"turnover": 1419.81418, "pct": -5.348066372109733}, "汽车服务及其他": {"turnover": 119.798681, "pct": -6.033571755254465}, "软件开发": {"turnover": 2469.21455, "pct": -5.651437750292559}, "白色家电": {"turnover": 680.591892, "pct": -5.0126308479790564}, "零售": {"turnover": 598.881379, "pct": -6.0767585657489125}, "教育": {"turnover": 78.098514, "pct": -6.921612831004742}, "养殖业": {"turnover": 434.749365, "pct": -6.631311451239302}, "影视院线": {"turnover": 218.681743, "pct": -6.078150097806886}, "服装家纺": {"turnover": 345.30114, "pct": -5.060456544682138}, "建筑装饰": {"turnover": 2552.052, "pct": -5.156169653768259}, "军工电子": {"turnover": 1449.506, "pct": -5.438806170529635}, "消费电子": {"turnover": 2501.08759, "pct": -5.791495511849893}, "环境治理": {"turnover": 925.8933, "pct": -4.9627344290011415}, "厨卫电器": {"turnover": 87.315901, "pct": -4.3709578444033195}, "电池": {"turnover": 3975.96991, "pct": -6.00197040876479}, "汽车零部件": {"turnover": 2638.86349, "pct": -5.73985833061572}, "游戏": {"turnover": 666.08591, "pct": -4.934896245301722}, "IT服务": {"turnover": 2941.6716, "pct": -5.492453530212466}, "综合": {"turnover": 574.126417, "pct": -6.083248674225514}, "专用设备": {"turnover": 2207.88448, "pct": -5.6810946246462155}, "医疗服务": {"turnover": 753.820479, "pct": -6.648913302035031}, "电机": {"turnover": 243.281485, "pct": -6.658129923720065}, "风电设备": {"turnover": 1808.52659, "pct": -4.684704826477547}, "自动化设备": {"turnover": 1971.09056, "pct": -6.229068981501655}, "工程机械": {"turnover": 463.11791, "pct": -5.355007622571114}, "建筑材料": {"turnover": 919.16443, "pct": -6.676667875071396}, "化学纤维": {"turnover": 724.474643, "pct": -7.425788918843019}, "种植业与林业": {"turnover": 398.758665, "pct": -7.210399233816385}, "其他电源设备": {"turnover": 1152.04703, "pct": -6.107091698296871}, "轨交设备": {"turnover": 161.194579, "pct": -6.347106080628681}, "农产品加工": {"turnover": 349.154189, "pct": -7.202265315936923}, "通用设备": {"turnover": 2833.34469, "pct": -7.158983038777188}, "石油加工贸易": {"turnover": 685.16636, "pct": -7.43484885126965}, "通信设备": {"turnover": 5301.76747, "pct": -2.9400406189288257}, "电网设备": {"turnover": 3220.7377, "pct": -6.304997473968577}, "军工装备": {"turnover": 1725.16434, "pct": -6.690424492705984}, "橡胶制品": {"turnover": 199.203929, "pct": -7.481268998134462}, "纺织制造": {"turnover": 146.97141, "pct": -7.168936603202752}, "塑料制品": {"turnover": 885.93249, "pct": -7.6180776134327015}, "电子化学品": {"turnover": 1075.59893, "pct": -7.316274251703132}, "化学制品": {"turnover": 2212.31235, "pct": -8.562843981773177}, "金属新材料": {"turnover": 383.261324, "pct": -7.915485145782624}, "钢铁": {"turnover": 914.06966, "pct": -6.855374204311164}, "能源金属": {"turnover": 783.491409, "pct": -7.340197283125089}, "非金属材料": {"turnover": 187.815635, "pct": -9.425661634970458}, "小金属": {"turnover": 1690.61813, "pct": -8.339532872380607}, "化学原料": {"turnover": 1687.74822, "pct": -9.412109515747197}, "农化制品": {"turnover": 2013.66331, "pct": -10.057634512985786}, "工业金属": {"turnover": 2918.54185, "pct": -10.430617361772962}, "贵金属": {"turnover": 602.384163, "pct": -14.260825237265903}}