{"油气开采及服务": {"turnover": 5330.814115, "pct": 22.749386931612293}, "小金属": {"turnover": 11146.18414, "pct": 14.69408149438902}, "非金属材料": {"turnover": 916.877423, "pct": 13.428356587152207}, "电网设备": {"turnover": 14160.5676, "pct": 14.044034720492704}, "元件": {"turnover": 11725.69088, "pct": 12.738819381623545}, "其他电源设备": {"turnover": 4697.77616, "pct": 11.660154951951714}, "能源金属": {"turnover": 3033.668214, "pct": 8.270802145837536}, "电力": {"turnover": 9641.56219, "pct": 11.523405512005489}, "煤炭开采加工": {"turnover": 3576.321354, "pct": 4.492191549956413}, "电子化学品": {"turnover": 4517.67373, "pct": 7.278685230715}, "农化制品": {"turnover": 6014.58584, "pct": 7.850250265980614}, "通信设备": {"turnover": 25110.53992, "pct": 4.522347086202466}, "环保设备": {"turnover": 771.499996, "pct": 8.011179930240575}, "化学原料": {"turnover": 4605.33005, "pct": 6.43107534197052}, "光伏设备": {"turnover": 14532.22065, "pct": -3.3872323102132356}, "风电设备": {"turnover": 3397.491802, "pct": 5.474028915051424}, "钢铁": {"turnover": 3937.361286, "pct": 3.607979623244648}, "光学光电子": {"turnover": 8455.86767, "pct": 4.107520285281625}, "通信服务": {"turnover": 6738.9324, "pct": 7.079342738971318}, "环境治理": {"turnover": 3396.725031, "pct": 6.014243341625294}, "电池": {"turnover": 11656.32577, "pct": 1.793442237728377}, "通用设备": {"turnover": 15158.4124, "pct": 3.692851642060608}, "石油加工贸易": {"turnover": 3376.790306, "pct": 5.0804755192044055}, "种植业与林业": {"turnover": 2710.031391, "pct": 5.64004810634651}, "造纸": {"turnover": 887.422176, "pct": 3.090991351704338}, "综合": {"turnover": 2768.151334, "pct": 4.357592127127333}, "港口航运": {"turnover": 3627.865962, "pct": 4.432734235985539}, "燃气": {"turnover": 1421.012021, "pct": 4.358442015666824}, "军工装备": {"turnover": 14456.75516, "pct": 1.2364202081752451}, "建筑装饰": {"turnover": 7269.96846, "pct": 2.9780452511684943}, "化学制品": {"turnover": 9003.00363, "pct": 2.5659967419946756}, "金属新材料": {"turnover": 2242.293438, "pct": 2.6817834751689085}, "自动化设备": {"turnover": 7747.06247, "pct": 1.7339600815277685}, "塑料制品": {"turnover": 3546.29827, "pct": 2.93488283474043}, "计算机设备": {"turnover": 4828.90127, "pct": 3.1987615085049423}, "消费电子": {"turnover": 11457.08668, "pct": 2.5282596862589646}, "军工电子": {"turnover": 8333.26488, "pct": 1.1227449502564548}, "橡胶制品": {"turnover": 700.417522, "pct": 1.8875467556985}, "专用设备": {"turnover": 9197.05353, "pct": 2.0165915610790153}, "厨卫电器": {"turnover": 187.0978349, "pct": 1.5350160631889072}, "轨交设备": {"turnover": 727.079649, "pct": 2.085777452218603}, "其他电子": {"turnover": 3085.24941, "pct": 2.210038951431144}, "物流": {"turnover": 1440.41767, "pct": 2.2564286136438025}, "IT服务": {"turnover": 14387.17791, "pct": 3.097409810164143}, "建筑材料": {"turnover": 4930.98858, "pct": -1.4668481244204734}, "黑色家电": {"turnover": 749.731309, "pct": 0.49393631420874656}, "半导体": {"turnover": 32216.52424, "pct": 0.8524344912337019}, "中药": {"turnover": 2021.483158, "pct": 1.107336805025607}, "纺织制造": {"turnover": 817.21578, "pct": 0.400740628616945}, "包装印刷": {"turnover": 1968.415577, "pct": -0.20083178516717898}, "工业金属": {"turnover": 13385.68898, "pct": -0.8001410923497225}, "化学纤维": {"turnover": 1235.988811, "pct": -1.698376958241285}, "贸易": {"turnover": 432.862654, "pct": -0.05538946712452951}, "化学制药": {"turnover": 5570.88198, "pct": 0.10249399069300026}, "其他社会服务": {"turnover": 1078.997703, "pct": -0.16841271120967694}, "农产品加工": {"turnover": 1195.43196, "pct": 1.3700745484727803}, "多元金融": {"turnover": 1701.75407, "pct": -0.5751965912686763}, "工程机械": {"turnover": 1831.879163, "pct": -2.3972250018701615}, "房地产": {"turnover": 3289.155583, "pct": -2.782687714777945}, "电机": {"turnover": 1401.965344, "pct": -0.13681940656692}, "医疗服务": {"turnover": 3184.830597, "pct": -2.0358911540601077}, "家居用品": {"turnover": 1890.276835, "pct": -0.7285324209022367}, "生物制品": {"turnover": 1690.523674, "pct": -0.37004757323393483}, "养殖业": {"turnover": 1609.715646, "pct": 0.22408312346151685}, "贵金属": {"turnover": 5795.97825, "pct": 2.5034327222638852}, "汽车零部件": {"turnover": 12498.55773, "pct": -1.6030158721480139}, "教育": {"turnover": 474.770554, "pct": -1.064287438860639}, "医疗器械": {"turnover": 3360.506038, "pct": -1.0483671910387622}, "汽车服务及其他": {"turnover": 552.456296, "pct": -1.1389329666916328}, "银行": {"turnover": 5099.70233, "pct": 0.4484123997395961}, "美容护理": {"turnover": 968.741301, "pct": -1.596896559105951}, "汽车整车": {"turnover": 2804.222078, "pct": -2.171626502460771}, "公路铁路运输": {"turnover": 856.907093, "pct": -0.4389586503436949}, "服装家纺": {"turnover": 1913.525457, "pct": -1.6354446705515275}, "软件开发": {"turnover": 11344.49396, "pct": -1.3897282436213354}, "白色家电": {"turnover": 3244.565435, "pct": -1.9782904260393877}, "小家电": {"turnover": 466.97725, "pct": -3.7825139222529227}, "医药商业": {"turnover": 861.947397, "pct": -4.607079008688446}, "旅游及酒店": {"turnover": 1112.743059, "pct": -4.17712343155505}, "互联网电商": {"turnover": 667.70955, "pct": -2.3407416106921812}, "饮料制造": {"turnover": 1290.231396, "pct": -3.6326695798172306}, "零售": {"turnover": 3485.503437, "pct": -5.750089978078061}, "证券": {"turnover": 5184.91257, "pct": -4.418099508253101}, "食品加工制造": {"turnover": 1587.038711, "pct": -4.648485557287163}, "游戏": {"turnover": 4110.584822, "pct": -5.5800694841385585}, "文化传媒": {"turnover": 9624.11379, "pct": -6.290961940637175}, "机场航运": {"turnover": 1204.11945, "pct": -12.545712480440487}, "保险": {"turnover": 1743.404653, "pct": -10.053061346759927}, "影视院线": {"turnover": 3562.516508, "pct": -9.166019665070417}, "白酒": {"turnover": 2940.379888, "pct": -13.046599724931687}}