{"油气开采及服务": {"turnover": 6675.84827, "pct": 7.5994752524981575}, "电力": {"turnover": 16119.47282, "pct": 13.711598179022575}, "煤炭开采加工": {"turnover": 4497.942266, "pct": 8.041982099916549}, "风电设备": {"turnover": 5453.33449, "pct": 5.961418351864534}, "燃气": {"turnover": 1854.278081, "pct": 2.9662541068270283}, "港口航运": {"turnover": 4397.38253, "pct": -1.4191659200384579}, "光伏设备": {"turnover": 15583.10407, "pct": 0.4039586335082358}, "电网设备": {"turnover": 16334.52767, "pct": -2.4974792461146107}, "环保设备": {"turnover": 921.140089, "pct": -2.3411155007026814}, "元件": {"turnover": 14377.89445, "pct": -5.873125296777371}, "银行": {"turnover": 5577.85245, "pct": 0.9870024622664764}, "能源金属": {"turnover": 3458.782633, "pct": -9.873657953821183}, "环境治理": {"turnover": 4127.10064, "pct": -5.774071893104251}, "化学原料": {"turnover": 6476.84771, "pct": -7.991693878048449}, "厨卫电器": {"turnover": 275.1689122, "pct": -4.5557622635635076}, "种植业与林业": {"turnover": 2888.519455, "pct": -7.172364304647232}, "电池": {"turnover": 15463.38564, "pct": -6.605698135086191}, "农化制品": {"turnover": 8160.00049, "pct": -10.573037542160336}, "建筑装饰": {"turnover": 9869.57313, "pct": -6.12472682592833}, "公路铁路运输": {"turnover": 962.06422, "pct": -4.824246449300924}, "非金属材料": {"turnover": 976.386934, "pct": -9.561336128726209}, "光学光电子": {"turnover": 9665.04526, "pct": -6.724760112291829}, "其他电源设备": {"turnover": 5600.37366, "pct": -6.192882789361909}, "多元金融": {"turnover": 2282.511637, "pct": -7.122702317050397}, "石油加工贸易": {"turnover": 4064.622694, "pct": -8.496537610643498}, "化学纤维": {"turnover": 2063.558231, "pct": -9.613002398550078}, "物流": {"turnover": 1587.316232, "pct": -8.00820896380727}, "钢铁": {"turnover": 4496.68913, "pct": -12.05493547862991}, "电子化学品": {"turnover": 4933.97699, "pct": -11.133531655270678}, "贸易": {"turnover": 485.37665, "pct": -9.541005792157527}, "通信服务": {"turnover": 7334.65424, "pct": -4.954010514227418}, "通信设备": {"turnover": 26706.08035, "pct": -7.8292793974742345}, "生物制品": {"turnover": 1901.542842, "pct": -8.078387175951955}, "化学制药": {"turnover": 5896.01131, "pct": -8.042633077112296}, "养殖业": {"turnover": 1889.576061, "pct": -8.919733729336372}, "中药": {"turnover": 1727.117434, "pct": -8.77742273422348}, "综合": {"turnover": 2994.205635, "pct": -9.736413207076561}, "医疗器械": {"turnover": 4066.99009, "pct": -8.627906033085521}, "塑料制品": {"turnover": 3890.63542, "pct": -10.921270010658993}, "其他电子": {"turnover": 3633.3588, "pct": -9.615977937931136}, "汽车整车": {"turnover": 3502.323517, "pct": -9.188982713265366}, "房地产": {"turnover": 3233.62019, "pct": -11.013708734868874}, "饮料制造": {"turnover": 1200.662936, "pct": -9.16211531119878}, "旅游及酒店": {"turnover": 902.39824, "pct": -7.273268752152003}, "造纸": {"turnover": 923.048623, "pct": -10.395560102637958}, "农产品加工": {"turnover": 1461.799318, "pct": -10.321323197829702}, "橡胶制品": {"turnover": 788.022, "pct": -10.679898146527073}, "汽车服务及其他": {"turnover": 616.015645, "pct": -9.512956686925294}, "医药商业": {"turnover": 774.003667, "pct": -10.092373624276116}, "其他社会服务": {"turnover": 1183.902109, "pct": -11.997709719417088}, "服装家纺": {"turnover": 1664.576274, "pct": -11.603831375289356}, "家居用品": {"turnover": 1889.270687, "pct": -10.841019550401255}, "专用设备": {"turnover": 9761.54209, "pct": -10.908683065136291}, "黑色家电": {"turnover": 821.36171, "pct": -8.803022315937458}, "建筑材料": {"turnover": 4354.4959, "pct": -13.54423033854984}, "证券": {"turnover": 5526.3616, "pct": -9.783255598524828}, "小家电": {"turnover": 490.719613, "pct": -10.504109658722413}, "计算机设备": {"turnover": 5558.28174, "pct": -9.88235237731942}, "食品加工制造": {"turnover": 1525.032264, "pct": -11.631700244978912}, "互联网电商": {"turnover": 619.719507, "pct": -9.28465422457644}, "化学制品": {"turnover": 9774.58418, "pct": -13.337022961404601}, "小金属": {"turnover": 10812.8564, "pct": -17.158255767458485}, "包装印刷": {"turnover": 2132.203522, "pct": -10.61779955924282}, "轨交设备": {"turnover": 799.030059, "pct": -11.34396444325822}, "消费电子": {"turnover": 11479.82596, "pct": -11.593115899826184}, "医疗服务": {"turnover": 3182.503996, "pct": -11.09211481289586}, "通用设备": {"turnover": 14503.14486, "pct": -12.172085605635832}, "美容护理": {"turnover": 839.124128, "pct": -12.541942117727075}, "贵金属": {"turnover": 5100.507913, "pct": -17.151311968582814}, "零售": {"turnover": 2764.599066, "pct": -12.321956355946115}, "军工电子": {"turnover": 8183.04662, "pct": -12.850357866046252}, "纺织制造": {"turnover": 717.902014, "pct": -12.663643262169794}, "半导体": {"turnover": 33976.7444, "pct": -12.91320432302632}, "白色家电": {"turnover": 3062.14818, "pct": -12.447360063400284}, "教育": {"turnover": 414.405259, "pct": -11.698134632004596}, "工程机械": {"turnover": 1993.666808, "pct": -13.95062371103058}, "白酒": {"turnover": 2229.093926, "pct": -12.333296177832516}, "电机": {"turnover": 1352.442082, "pct": -13.108354989963184}, "自动化设备": {"turnover": 8789.03347, "pct": -13.458777541047063}, "IT服务": {"turnover": 14605.16765, "pct": -11.486546786232125}, "汽车零部件": {"turnover": 12001.6247, "pct": -13.607167278913748}, "工业金属": {"turnover": 13401.97856, "pct": -18.268761043751425}, "保险": {"turnover": 1760.335623, "pct": -12.087590966420386}, "军工装备": {"turnover": 13341.63642, "pct": -15.221871246848579}, "软件开发": {"turnover": 11181.84995, "pct": -13.10728575266048}, "金属新材料": {"turnover": 2198.466848, "pct": -19.3536626581049}, "文化传媒": {"turnover": 5519.51048, "pct": -14.33627073372136}, "机场航运": {"turnover": 1237.088891, "pct": -17.868995882746958}, "游戏": {"turnover": 3161.996071, "pct": -16.460834065850293}, "影视院线": {"turnover": 1527.69498, "pct": -18.340427860028658}}