date,code,close,open,high,low,volume
2021-05-18,sz399006,3090.123,3108.634,3128.94,3068.764,8485862129.0
2021-05-19,sz399006,3114.724,3081.221,3128.601,3075.8,8610766005.0
2021-05-20,sz399006,3143.616,3113.552,3158.455,3112.556,8655452145.0
2021-05-21,sz399006,3113.259,3162.791,3171.899,3098.239,8509349745.0
2021-05-24,sz399006,3139.686,3128.776,3140.945,3075.449,8740319410.0
2021-05-25,sz399006,3227.355,3155.274,3232.739,3151.902,9250645801.0
2021-05-26,sz399006,3196.848,3226.698,3228.766,3185.769,9971248975.0
2021-05-27,sz399006,3226.108,3192.045,3238.454,3169.03,10039436142.0
2021-05-28,sz399006,3232.291,3226.081,3285.284,3215.029,10243174503.0
2021-05-31,sz399006,3309.069,3246.149,3309.749,3246.149,10214857160.0
2021-06-01,sz399006,3300.159,3290.533,3307.474,3242.905,10869216527.0
2021-06-02,sz399006,3243.022,3309.181,3310.493,3228.851,10501110601.0
2021-06-03,sz399006,3201.784,3241.158,3255.163,3201.232,9911125979.0
2021-06-04,sz399006,3242.612,3194.39,3281.264,3183.667,9953049289.0
2021-06-07,sz399006,3228.243,3240.954,3241.774,3197.91,10185118685.0
2021-06-08,sz399006,3208.572,3227.271,3275.783,3185.222,11386212811.0
2021-06-09,sz399006,3207.626,3203.147,3222.184,3183.057,10623021002.0
2021-06-10,sz399006,3285.51,3213.444,3301.16,3213.444,13312599973.0
2021-06-11,sz399006,3298.497,3305.531,3320.255,3266.357,14232825969.0
2021-06-15,sz399006,3262.188,3298.212,3306.436,3240.525,13581557003.0
2021-06-16,sz399006,3125.701,3258.603,3258.691,3122.814,14002507978.0
2021-06-17,sz399006,3188.593,3133.911,3197.543,3133.911,13198688346.0
2021-06-18,sz399006,3239.227,3210.137,3260.73,3198.289,13580722317.0
2021-06-21,sz399006,3270.577,3235.692,3288.736,3205.364,14097065852.0
2021-06-22,sz399006,3281.992,3273.631,3291.176,3220.417,15203410795.0
2021-06-23,sz399006,3318.946,3288.756,3341.962,3266.902,14273694569.0
2021-06-24,sz399006,3279.159,3326.334,3328.562,3260.031,13289248415.0
2021-06-25,sz399006,3347.699,3288.269,3355.885,3286.271,12742040642.0
2021-06-28,sz399006,3412.863,3356.219,3422.726,3345.208,11935863686.0
2021-06-29,sz399006,3406.238,3438.885,3445.872,3392.632,12218346161.0
2021-06-30,sz399006,3477.178,3418.812,3484.193,3389.96,11964622365.0
2021-07-01,sz399006,3455.359,3486.778,3500.739,3431.771,13319951689.0
2021-07-02,sz399006,3333.897,3429.606,3429.606,3329.824,11997764427.0
2021-07-05,sz399006,3352.117,3332.49,3387.099,3318.337,12897392541.0
2021-07-06,sz399006,3291.988,3359.263,3367.754,3240.869,13845968853.0
2021-07-07,sz399006,3409.589,3278.126,3419.695,3261.317,12943174629.0
2021-07-08,sz399006,3432.957,3435.311,3469.596,3418.699,15375282409.0
2021-07-09,sz399006,3409.309,3413.018,3428.297,3334.272,13778111200.0
2021-07-12,sz399006,3534.763,3453.01,3554.073,3426.013,16060604848.0
2021-07-13,sz399006,3514.977,3518.527,3560.884,3478.274,16407783722.0
2021-07-14,sz399006,3488.627,3491.42,3539.552,3464.917,15637436078.0
2021-07-15,sz399006,3537.391,3476.114,3537.391,3453.353,13824338847.0
2021-07-16,sz399006,3432.647,3525.271,3525.271,3428.976,13095190484.0
2021-07-19,sz399006,3449.526,3438.198,3482.087,3420.401,13562654889.0
2021-07-20,sz399006,3463.791,3431.001,3491.052,3418.765,12728001626.0
2021-07-21,sz399006,3560.045,3480.702,3568.698,3473.145,16030329151.0
2021-07-22,sz399006,3544.436,3572.435,3576.119,3512.718,17259770839.0
2021-07-23,sz399006,3469.873,3539.423,3542.276,3461.616,17415624959.0
2021-07-26,sz399006,3371.228,3450.903,3464.741,3292.202,16348854512.0
2021-07-27,sz399006,3232.839,3384.456,3423.454,3232.839,16864314246.0
2021-07-28,sz399006,3284.92,3204.314,3306.503,3157.994,15231102149.0
2021-07-29,sz399006,3459.721,3375.326,3467.896,3338.132,15664408358.0
2021-07-30,sz399006,3440.182,3454.026,3479.376,3402.326,17173312766.0
2021-08-02,sz399006,3493.359,3448.257,3500.334,3399.642,17226386501.0
2021-08-03,sz399006,3477.229,3490.857,3517.095,3447.141,18725777723.0
2021-08-04,sz399006,3563.127,3463.729,3564.274,3445.054,16512410468.0
2021-08-05,sz399006,3532.5,3547.836,3569.838,3507.033,17478716410.0
2021-08-06,sz399006,3490.902,3539.967,3548.341,3469.119,15906903420.0
2021-08-09,sz399006,3456.747,3455.703,3466.88,3412.863,14372071360.0
2021-08-10,sz399006,3468.67,3453.845,3470.972,3422.377,15916487759.0
2021-08-11,sz399006,3437.058,3457.789,3471.937,3422.864,17052441934.0
2021-08-12,sz399006,3386.432,3413.521,3439.413,3379.421,17188978878.0
2021-08-13,sz399006,3345.126,3360.517,3432.818,3328.7,16610767348.0
2021-08-16,sz399006,3301.391,3330.825,3346.801,3288.045,15728922247.0
2021-08-17,sz399006,3224.153,3311.952,3326.082,3211.245,16965583381.0
2021-08-18,sz399006,3248.373,3238.261,3269.216,3219.054,14935574135.0
2021-08-19,sz399006,3278.357,3259.094,3304.431,3231.361,14698830187.0
2021-08-20,sz399006,3192.9,3256.492,3265.631,3162.756,14149442452.0
2021-08-23,sz399006,3293.77,3218.968,3296.364,3202.806,16231037614.0
2021-08-24,sz399006,3330.58,3301.865,3351.927,3269.864,16465103156.0
2021-08-25,sz399006,3348.662,3330.809,3348.889,3295.464,14765204487.0
2021-08-26,sz399006,3264.45,3361.907,3368.655,3262.682,15120685668.0
2021-08-27,sz399006,3257.072,3259.154,3296.684,3243.18,14806544028.0
2021-08-30,sz399006,3271.802,3275.975,3316.635,3249.865,15472036434.0
2021-08-31,sz399006,3214.117,3273.813,3273.813,3181.353,14815376960.0
2021-09-01,sz399006,3186.85,3214.166,3222.467,3128.269,15723817525.0
2021-09-02,sz399006,3138.803,3181.258,3200.036,3133.761,14271190559.0
2021-09-03,sz399006,3102.145,3150.304,3165.211,3088.775,16100818918.0
2021-09-06,sz399006,3228.088,3106.257,3231.568,3085.155,14418760730.0
2021-09-07,sz399006,3251.487,3222.428,3256.526,3203.683,14650161243.0
2021-09-08,sz399006,3219.947,3259.534,3282.454,3215.475,17177404470.0
2021-09-09,sz399006,3221.941,3224.451,3244.075,3174.029,16375660455.0
2021-09-10,sz399006,3232.01,3207.864,3241.87,3189.971,15242166237.0
2021-09-13,sz399006,3194.275,3231.395,3260.329,3183.442,15353468449.0
2021-09-14,sz399006,3236.547,3199.411,3275.94,3197.896,15896072745.0
2021-09-15,sz399006,3200.399,3233.154,3234.125,3185.648,14290572925.0
2021-09-16,sz399006,3128.845,3199.459,3199.459,3127.786,15219880540.0
2021-09-17,sz399006,3193.261,3124.316,3201.447,3122.323,13455860589.0
2021-09-22,sz399006,3164.328,3144.455,3199.765,3141.235,11227950138.0
2021-09-23,sz399006,3182.467,3197.261,3210.641,3160.583,14023660627.0
2021-09-24,sz399006,3207.817,3176.868,3250.139,3169.504,13148217918.0
2021-09-27,sz399006,3231.583,3228.068,3280.301,3211.613,13956685068.0
2021-09-28,sz399006,3211.454,3219.381,3272.94,3202.619,9893354389.0
2021-09-29,sz399006,3175.152,3181.979,3209.692,3165.487,10674070345.0
2021-09-30,sz399006,3244.646,3188.392,3257.668,3180.914,9269979002.0
2021-10-08,sz399006,3243.204,3259.46,3285.73,3224.06,10704122573.0
2021-10-11,sz399006,3196.189,3242.184,3257.364,3190.665,10258226155.0
2021-10-12,sz399006,3138.263,3194.012,3196.706,3106.472,10618414572.0
2021-10-13,sz399006,3210.159,3141.424,3211.341,3140.016,9207802708.0
2021-10-14,sz399006,3215.736,3216.86,3238.155,3204.923,9112492113.0
2021-10-15,sz399006,3276.321,3198.893,3284.653,3187.404,10019086202.0
2021-10-18,sz399006,3276.484,3287.039,3287.039,3231.045,9523773298.0
2021-10-19,sz399006,3297.293,3293.801,3310.021,3273.545,9752432343.0
2021-10-20,sz399006,3285.122,3304.551,3320.332,3276.825,10131304476.0
2021-10-21,sz399006,3279.487,3286.27,3304.005,3256.853,9995558644.0
2021-10-22,sz399006,3284.911,3290.541,3309.561,3268.937,10224857955.0
2021-10-25,sz399006,3338.624,3303.22,3342.221,3302.485,10440954107.0
2021-10-26,sz399006,3327.537,3370.785,3370.785,3322.193,11542105167.0
2021-10-27,sz399006,3308.962,3321.64,3324.347,3283.726,11632689969.0
2021-10-28,sz399006,3278.359,3301.906,3335.928,3266.312,10691675531.0
2021-10-29,sz399006,3350.665,3275.831,3358.349,3253.043,11483278006.0
2021-11-01,sz399006,3331.915,3341.472,3374.536,3302.959,11889288285.0
2021-11-02,sz399006,3339.597,3329.414,3373.179,3307.504,12692952636.0
2021-11-03,sz399006,3327.085,3334.414,3363.753,3301.437,10734499300.0
2021-11-04,sz399006,3362.249,3351.298,3380.209,3344.761,12031584128.0
2021-11-05,sz399006,3352.754,3354.379,3383.296,3347.158,14607164494.0
2021-11-08,sz399006,3380.292,3353.889,3393.387,3341.602,14214073644.0
2021-11-09,sz399006,3409.942,3400.973,3409.942,3377.513,13516319599.0
2021-11-10,sz399006,3399.663,3388.054,3403.31,3338.46,14643832685.0
2021-11-11,sz399006,3433.241,3396.654,3443.961,3393.984,16004996133.0
2021-11-12,sz399006,3430.141,3436.262,3446.036,3409.479,15936678618.0
2021-11-15,sz399006,3401.874,3435.623,3435.68,3387.531,16328615182.0
2021-11-16,sz399006,3393.715,3400.34,3423.519,3389.546,16343814823.0
2021-11-17,sz399006,3421.329,3413.431,3425.57,3400.771,15003957307.0
2021-11-18,sz399006,3383.906,3416.643,3416.643,3374.011,15880789662.0
2021-11-19,sz399006,3418.96,3385.834,3419.746,3378.377,14365104641.0
2021-11-22,sz399006,3505.727,3434.575,3505.727,3430.592,15151270561.0
2021-11-23,sz399006,3492.769,3501.218,3508.898,3482.688,15553946979.0
2021-11-24,sz399006,3478.662,3488.381,3501.579,3469.364,16010345725.0
2021-11-25,sz399006,3474.451,3477.596,3490.621,3462.125,15986110190.0
2021-11-26,sz399006,3468.865,3470.211,3501.341,3461.194,15445064908.0
2021-11-29,sz399006,3503.409,3455.608,3522.504,3455.608,14761815638.0
2021-11-30,sz399006,3495.593,3520.294,3520.294,3472.583,16087067101.0
2021-12-01,sz399006,3473.366,3492.435,3501.334,3459.514,15930870261.0
2021-12-02,sz399006,3466.914,3464.921,3487.935,3456.312,16252885183.0
2021-12-03,sz399006,3478.666,3467.413,3482.46,3446.954,13410885295.0
2021-12-06,sz399006,3405.935,3460.961,3479.862,3403.159,13956561089.0
2021-12-07,sz399006,3368.784,3429.765,3429.84,3338.004,13041442182.0
2021-12-08,sz399006,3424.704,3388.318,3428.228,3378.281,11722301702.0
2021-12-09,sz399006,3459.319,3422.379,3463.652,3400.381,13298574103.0
2021-12-10,sz399006,3466.797,3431.289,3485.08,3429.572,13122351881.0
2021-12-13,sz399006,3496.962,3473.389,3508.192,3457.544,14323965486.0
2021-12-14,sz399006,3495.06,3491.823,3507.271,3486.913,15677935411.0
2021-12-15,sz399006,3464.758,3492.581,3520.466,3462.506,15925601843.0
2021-12-16,sz399006,3490.449,3479.184,3491.183,3467.734,15345043998.0
2021-12-17,sz399006,3434.339,3480.513,3486.236,3427.016,16478182782.0
2021-12-20,sz399006,3332.606,3420.862,3434.091,3327.79,14990013005.0
2021-12-21,sz399006,3350.429,3328.895,3354.925,3306.962,13827556926.0
2021-12-22,sz399006,3368.699,3360.283,3379.08,3354.382,15318596332.0
2021-12-23,sz399006,3373.703,3379.808,3389.854,3358.916,13725577683.0
2021-12-24,sz399006,3297.106,3381.545,3384.293,3280.937,14855119608.0
2021-12-27,sz399006,3293.811,3296.408,3315.753,3273.815,12881064471.0
2021-12-28,sz399006,3328.559,3300.311,3331.316,3280.067,13360160944.0
2021-12-29,sz399006,3281.897,3326.076,3326.212,3281.897,12930180200.0
2021-12-30,sz399006,3322.795,3285.769,3339.654,3280.308,14997205763.0
2021-12-31,sz399006,3322.673,3342.187,3353.567,3315.073,14467687781.0
2022-01-04,sz399006,3250.159,3348.128,3349.455,3238.245,17766437269.0
2022-01-05,sz399006,3161.507,3242.435,3245.758,3145.047,17765998746.0
2022-01-06,sz399006,3127.48,3133.046,3150.113,3093.039,15651290472.0
2022-01-07,sz399006,3096.881,3137.075,3147.227,3093.207,16123439606.0
2022-01-10,sz399006,3095.689,3082.781,3115.469,3051.531,13156026011.0
2022-01-11,sz399006,3056.153,3094.703,3103.827,3050.586,13609472266.0
2022-01-12,sz399006,3136.685,3091.669,3139.38,3088.781,13451922556.0
2022-01-13,sz399006,3083.141,3145.02,3145.02,3083.141,14381913130.0
2022-01-14,sz399006,3119.408,3059.143,3128.251,3057.939,15850181937.0
2022-01-17,sz399006,3170.408,3124.628,3176.242,3113.977,17911559362.0
2022-01-18,sz399006,3144.333,3168.786,3177.822,3136.251,19372870404.0
2022-01-19,sz399006,3075.977,3139.23,3141.281,3052.645,16248574913.0
2022-01-20,sz399006,3065.994,3072.388,3102.306,3056.959,17096927157.0
2022-01-21,sz399006,3034.679,3052.977,3069.881,3020.3,13864294294.0
2022-01-24,sz399006,3056.434,3011.628,3071.058,3010.204,11634186988.0
2022-01-25,sz399006,2974.955,3035.824,3055.876,2974.955,13795548573.0
2022-01-26,sz399006,3004.412,2993.157,3008.383,2952.908,10477623703.0
2022-01-27,sz399006,2906.763,2993.995,3001.549,2904.715,11644355743.0
2022-01-28,sz399006,2908.945,2945.718,2962.769,2882.674,10543139715.0
2022-02-07,sz399006,2917.864,2972.194,2987.498,2905.249,10409457181.0
2022-02-08,sz399006,2846.482,2913.319,2913.319,2782.277,10719248576.0
2022-02-09,sz399006,2883.597,2844.838,2887.731,2818.393,12707317523.0
2022-02-10,sz399006,2826.517,2891.3,2891.3,2796.901,11586408322.0
2022-02-11,sz399006,2746.383,2800.749,2811.777,2742.514,12354463686.0
2022-02-14,sz399006,2732.01,2723.51,2776.233,2710.884,10313785349.0
2022-02-15,sz399006,2816.444,2744.385,2817.807,2739.42,10115495128.0
2022-02-16,sz399006,2818.397,2829.652,2841.326,2808.265,10567743449.0
2022-02-17,sz399006,2839.825,2813.48,2861.967,2804.887,12513694132.0
2022-02-18,sz399006,2826.813,2819.548,2829.825,2803.237,10750365670.0
2022-02-21,sz399006,2804.598,2830.601,2836.279,2794.259,13833275751.0
2022-02-22,sz399006,2765.91,2783.283,2783.283,2741.971,14026979997.0
2022-02-23,sz399006,2843.866,2770.214,2845.082,2770.214,14107745317.0
2022-02-24,sz399006,2783.899,2817.796,2852.721,2746.62,19482361255.0
2022-02-25,sz399006,2855.803,2827.829,2882.073,2827.829,13021102881.0
2022-02-28,sz399006,2881.306,2844.823,2881.306,2834.543,11820747538.0
2022-03-01,sz399006,2885.786,2895.388,2905.128,2865.884,11944181746.0
2022-03-02,sz399006,2834.636,2866.69,2866.69,2811.118,12081766034.0
2022-03-03,sz399006,2791.949,2850.669,2853.474,2789.515,12579453085.0
2022-03-04,sz399006,2748.638,2763.062,2797.82,2737.474,13362759571.0
2022-03-07,sz399006,2630.371,2718.444,2720.783,2620.829,12007812841.0
2022-03-08,sz399006,2582.986,2645.109,2654.639,2567.91,13625182207.0
2022-03-09,sz399006,2566.719,2594.962,2608.208,2462.17,14374975147.0
2022-03-10,sz399006,2635.194,2645.363,2664.58,2625.601,13844436432.0
2022-03-11,sz399006,2665.462,2589.696,2668.242,2566.031,13871125439.0
2022-03-14,sz399006,2570.447,2638.49,2647.255,2570.28,12724977158.0
2022-03-15,sz399006,2504.782,2547.717,2615.708,2504.782,13979091514.0
2022-03-16,sz399006,2635.083,2549.153,2639.927,2478.438,15417766941.0
2022-03-17,sz399006,2710.726,2684.841,2764.249,2684.037,17133012826.0
2022-03-18,sz399006,2713.795,2693.154,2725.69,2668.935,13849695224.0
2022-03-21,sz399006,2726.18,2730.209,2756.351,2702.177,14446135853.0
2022-03-22,sz399006,2688.234,2718.002,2718.002,2676.837,13450133778.0
2022-03-23,sz399006,2715.954,2707.565,2725.557,2682.132,12474071317.0
2022-03-24,sz399006,2706.215,2697.425,2725.284,2655.918,11978187871.0
2022-03-25,sz399006,2637.944,2702.653,2714.151,2637.944,11551978862.0
2022-03-28,sz399006,2594.128,2622.468,2622.588,2576.233,10681951290.0
2022-03-29,sz399006,2592.666,2603.425,2633.449,2581.379,10998233760.0
2022-03-30,sz399006,2696.826,2612.715,2696.826,2610.406,10747822063.0
2022-03-31,sz399006,2659.492,2683.195,2686.277,2646.24,12077568697.0
2022-04-01,sz399006,2666.969,2641.752,2687.153,2632.975,11886350248.0
2022-04-06,sz399006,2633.91,2662.281,2662.622,2615.923,11576730860.0
2022-04-07,sz399006,2578.533,2611.979,2632.097,2576.534,11651384938.0
2022-04-08,sz399006,2569.911,2578.736,2609.347,2546.514,10880541644.0
2022-04-11,sz399006,2462.043,2536.149,2536.149,2455.455,10821747359.0
2022-04-12,sz399006,2523.694,2461.595,2523.694,2459.262,10376006114.0
2022-04-13,sz399006,2466.841,2499.191,2513.475,2466.841,10407488897.0
2022-04-14,sz399006,2466.293,2495.165,2498.805,2443.151,9238638493.0
2022-04-15,sz399006,2460.362,2443.355,2483.746,2416.704,10191369327.0
2022-04-18,sz399006,2487.774,2435.851,2491.596,2410.857,8329388289.0
2022-04-19,sz399006,2453.545,2484.516,2510.406,2444.593,8477129265.0
2022-04-20,sz399006,2363.653,2440.295,2443.31,2357.913,9671038780.0
2022-04-21,sz399006,2312.456,2352.215,2378.341,2298.745,10436306690.0
2022-04-22,sz399006,2296.595,2299.156,2321.14,2279.778,9514197308.0
2022-04-25,sz399006,2169.004,2240.042,2262.767,2168.897,12163521767.0
2022-04-26,sz399006,2150.513,2172.799,2218.562,2149.596,11377588335.0
2022-04-27,sz399006,2269.171,2122.318,2271.171,2122.318,12400633165.0
2022-04-28,sz399006,2227.655,2249.512,2266.433,2206.956,10675588639.0
2022-04-29,sz399006,2319.137,2247.696,2322.97,2221.993,12404934689.0
2022-05-05,sz399006,2288.404,2263.92,2317.166,2242.955,10279861280.0
2022-05-06,sz399006,2244.969,2227.682,2274.394,2222.488,9743867940.0
2022-05-09,sz399006,2228.073,2236.169,2263.119,2213.582,8980267124.0
2022-05-10,sz399006,2276.345,2192.058,2287.868,2187.438,10140790625.0
2022-05-11,sz399006,2346.152,2280.96,2401.099,2275.271,13044975464.0
2022-05-12,sz399006,2351.271,2325.948,2367.307,2324.757,10129887105.0
2022-05-13,sz399006,2358.161,2367.546,2373.302,2334.366,8712446311.0
2022-05-16,sz399006,2331.23,2376.643,2395.753,2328.74,9216155328.0
2022-05-17,sz399006,2369.089,2335.125,2370.663,2323.07,9418647312.0
2022-05-18,sz399006,2365.377,2373.889,2384.598,2352.916,9637781248.0
2022-05-19,sz399006,2377.127,2329.963,2377.314,2325.671,9736371194.0
2022-05-20,sz399006,2417.349,2395.352,2426.575,2384.114,10125447308.0
2022-05-23,sz399006,2410.122,2422.127,2423.791,2385.695,9985134662.0
2022-05-24,sz399006,2318.075,2404.596,2404.596,2316.788,12018920186.0
2022-05-25,sz399006,2325.597,2320.78,2332.959,2303.154,8793485754.0
2022-05-26,sz399006,2321.134,2329.434,2343.208,2283.442,9206406813.0
2022-05-27,sz399006,2322.482,2340.616,2377.402,2311.057,9121288154.0
2022-05-30,sz399006,2350.385,2338.355,2359.575,2323.823,8463448639.0
2022-05-31,sz399006,2405.085,2349.789,2411.176,2323.352,10006882320.0
2022-06-01,sz399006,2428.957,2403.355,2441.388,2395.966,9546478382.0
2022-06-02,sz399006,2458.256,2418.663,2463.345,2411.708,9671425742.0
2022-06-06,sz399006,2554.659,2456.162,2562.016,2455.951,11227924800.0
2022-06-07,sz399006,2554.626,2555.55,2575.889,2532.781,11099701835.0
2022-06-08,sz399006,2576.335,2558.154,2576.335,2507.111,11179554052.0
2022-06-09,sz399006,2500.205,2558.326,2561.406,2491.822,9784077518.0
2022-06-10,sz399006,2556.473,2482.312,2556.98,2481.958,9910252352.0
2022-06-13,sz399006,2546.488,2522.73,2563.24,2520.003,10639612306.0
2022-06-14,sz399006,2548.314,2515.511,2551.084,2461.543,11341814759.0
2022-06-15,sz399006,2575.086,2560.644,2631.938,2550.501,12559606776.0
2022-06-16,sz399006,2585.471,2575.964,2616.822,2574.953,12139945498.0
2022-06-17,sz399006,2657.212,2561.396,2666.076,2559.671,11983597370.0
2022-06-20,sz399006,2710.141,2672.768,2741.588,2672.316,12443440651.0
2022-06-21,sz399006,2692.985,2707.98,2723.033,2664.685,12938861050.0
2022-06-22,sz399006,2677.285,2701.628,2721.809,2677.011,11793332089.0
2022-06-23,sz399006,2760.102,2693.751,2760.102,2672.579,12134418575.0
2022-06-24,sz399006,2824.44,2779.407,2824.44,2761.46,12526857496.0
2022-06-27,sz399006,2830.597,2838.58,2863.658,2819.289,13178086815.0
2022-06-28,sz399006,2840.419,2827.352,2850.285,2771.933,13834711748.0
2022-06-29,sz399006,2768.61,2817.117,2845.461,2764.397,14396565705.0
2022-06-30,sz399006,2810.601,2776.393,2834.49,2772.769,12318445012.0
2022-07-01,sz399006,2781.943,2810.106,2822.797,2768.482,10977599309.0
2022-07-04,sz399006,2834.689,2764.62,2834.689,2748.131,10914129274.0
2022-07-05,sz399006,2825.131,2845.74,2867.425,2780.358,11637428006.0
2022-07-06,sz399006,2802.715,2826.351,2858.049,2776.7,10510856474.0
2022-07-07,sz399006,2849.706,2814.15,2852.803,2792.179,10329212170.0
2022-07-08,sz399006,2817.639,2868.689,2887.718,2810.647,11501631999.0
2022-07-11,sz399006,2767.461,2804.548,2804.798,2742.456,10174094369.0
2022-07-12,sz399006,2702.693,2768.819,2774.12,2697.683,9787048361.0
2022-07-13,sz399006,2746.86,2708.096,2762.51,2674.47,9344557907.0
2022-07-14,sz399006,2819.129,2739.917,2841.385,2736.322,10274644840.0
2022-07-15,sz399006,2760.499,2804.177,2835.011,2760.499,11205043376.0
2022-07-18,sz399006,2800.357,2778.404,2812.673,2736.259,11813025299.0
2022-07-19,sz399006,2750.866,2799.377,2799.377,2736.668,11944190121.0
2022-07-20,sz399006,2765.162,2764.245,2786.293,2754.176,11504637055.0
2022-07-21,sz399006,2751.415,2756.317,2794.369,2741.313,11249270586.0
2022-07-22,sz399006,2737.314,2776.985,2788.936,2714.116,10855937263.0
2022-07-25,sz399006,2704.945,2732.611,2736.725,2693.157,9796208779.0
2022-07-26,sz399006,2713.458,2708.736,2729.377,2682.21,9301921935.0
2022-07-27,sz399006,2714.249,2710.737,2730.17,2696.198,10039369668.0
2022-07-28,sz399006,2705.901,2734.626,2749.139,2704.05,12010732319.0
2022-07-29,sz399006,2670.451,2716.101,2718.526,2665.653,11418570666.0
2022-08-01,sz399006,2733.736,2662.755,2734.642,2641.177,11407469539.0
2022-08-02,sz399006,2678.621,2692.123,2716.04,2651.852,15028468233.0
2022-08-03,sz399006,2628.818,2687.248,2716.22,2620.395,13517121814.0
2022-08-04,sz399006,2640.776,2644.997,2655.657,2610.503,10996658437.0
2022-08-05,sz399006,2683.602,2648.055,2686.229,2637.235,12173668499.0
2022-08-08,sz399006,2675.686,2668.987,2679.682,2647.252,10997389066.0
2022-08-09,sz399006,2694.8,2668.918,2698.456,2658.685,11177486851.0
2022-08-10,sz399006,2658.585,2688.133,2692.249,2645.547,11219112674.0
2022-08-11,sz399006,2721.492,2672.176,2724.846,2650.877,13175874231.0
2022-08-12,sz399006,2690.831,2712.693,2717.677,2689.667,12390698282.0
2022-08-15,sz399006,2718.593,2688.66,2734.327,2686.823,10934871092.0
2022-08-16,sz399006,2731.393,2725.927,2759.516,2718.172,11333410648.0
2022-08-17,sz399006,2777.91,2739.48,2783.929,2719.222,11957288924.0
2022-08-18,sz399006,2775.821,2771.154,2797.485,2769.21,12092725342.0
2022-08-19,sz399006,2734.218,2779.991,2780.097,2733.049,13177437000.0
2022-08-22,sz399006,2779.015,2730.423,2782.667,2715.16,11262737485.0
2022-08-23,sz399006,2780.306,2775.214,2802.05,2764.522,10576648564.0
2022-08-24,sz399006,2679.048,2800.378,2803.43,2675.88,12614650192.0
2022-08-25,sz399006,2667.301,2688.862,2694.159,2634.851,10674653511.0
2022-08-26,sz399006,2640.291,2666.214,2677.727,2634.432,9542732802.0
2022-08-29,sz399006,2630.505,2599.84,2641.169,2595.706,8983056861.0
2022-08-30,sz399006,2612.142,2630.131,2632.128,2594.784,9413748078.0
2022-08-31,sz399006,2570.415,2596.156,2611.646,2550.994,10628430712.0
2022-09-01,sz399006,2533.854,2561.935,2584.617,2531.807,8570086014.0
2022-09-02,sz399006,2533.023,2548.182,2552.341,2517.456,8576012774.0
2022-09-05,sz399006,2538.204,2528.707,2553.107,2519.894,7995983480.0
2022-09-06,sz399006,2540.635,2541.122,2542.981,2493.428,8166195258.0
2022-09-07,sz399006,2570.802,2525.155,2584.853,2522.375,8530321801.0
2022-09-08,sz399006,2523.006,2570.046,2572.117,2521.542,8087395593.0
2022-09-09,sz399006,2548.216,2535.745,2551.054,2525.769,7005666829.0
2022-09-13,sz399006,2550.625,2566.838,2569.113,2537.277,7014915358.0
2022-09-14,sz399006,2503.824,2512.283,2527.279,2486.082,7054015229.0
2022-09-15,sz399006,2424.192,2512.453,2515.207,2404.436,9220270771.0
2022-09-16,sz399006,2367.398,2418.438,2430.23,2366.895,8154381875.0
2022-09-19,sz399006,2350.376,2360.58,2389.477,2339.034,7023882347.0
2022-09-20,sz399006,2366.904,2366.787,2397.925,2351.893,6160032217.0
2022-09-21,sz399006,2331.516,2353.777,2358.964,2322.951,6364576803.0
2022-09-22,sz399006,2319.419,2309.287,2348.762,2302.643,6268938758.0
2022-09-23,sz399006,2303.905,2320.918,2336.289,2275.292,6852987124.0
2022-09-26,sz399006,2323.052,2288.232,2358.477,2285.636,6754981035.0
2022-09-27,sz399006,2374.737,2336.038,2374.737,2325.651,6615465753.0
2022-09-28,sz399006,2313.77,2367.481,2367.481,2313.77,6585157099.0
2022-09-29,sz399006,2332.995,2343.276,2359.125,2321.559,6369325195.0
2022-09-30,sz399006,2288.969,2335.54,2339.188,2288.195,5812608765.0
2022-10-10,sz399006,2236.245,2294.715,2301.236,2230.637,6138111209.0
2022-10-11,sz399006,2261.892,2256.342,2273.896,2245.469,5520996282.0
2022-10-12,sz399006,2343.3,2260.678,2343.503,2234.464,7338882057.0
2022-10-13,sz399006,2350.686,2324.466,2374.615,2318.268,7866226060.0
2022-10-14,sz399006,2434.219,2379.83,2453.043,2365.139,8909234576.0
2022-10-17,sz399006,2435.023,2419.642,2446.704,2409.523,9009008390.0
2022-10-18,sz399006,2446.928,2446.358,2469.034,2428.147,8835950046.0
2022-10-19,sz399006,2425.957,2440.031,2463.775,2425.727,8221078221.0
2022-10-20,sz399006,2401.716,2402.756,2444.413,2365.725,8581340292.0
2022-10-21,sz399006,2395.157,2390.413,2410.015,2381.205,7303672525.0
2022-10-24,sz399006,2336.838,2385.816,2412.595,2323.848,9129515775.0
2022-10-25,sz399006,2314.551,2323.838,2344.387,2281.402,9441584623.0
2022-10-26,sz399006,2372.876,2324.766,2397.132,2320.27,10952536987.0
2022-10-27,sz399006,2337.253,2377.181,2377.684,2337.253,11064635028.0
2022-10-28,sz399006,2250.51,2309.957,2326.491,2245.462,11042328885.0
2022-10-31,sz399006,2265.078,2228.618,2295.952,2227.83,9995767528.0
2022-11-01,sz399006,2337.653,2270.035,2337.823,2251.799,10505712904.0
2022-11-02,sz399006,2375.862,2322.983,2396.212,2320.551,12239105425.0
2022-11-03,sz399006,2376.061,2352.56,2385.057,2349.748,9931751054.0
2022-11-04,sz399006,2451.223,2378.42,2464.508,2377.913,11146087684.0
2022-11-07,sz399006,2454.694,2447.13,2470.636,2432.049,11272859373.0
2022-11-08,sz399006,2432.403,2452.857,2460.989,2411.724,9819374381.0
2022-11-09,sz399006,2399.336,2422.171,2432.293,2398.07,9208156496.0
2022-11-10,sz399006,2357.125,2380.232,2393.605,2344.684,11085600165.0
2022-11-11,sz399006,2405.318,2443.113,2446.094,2402.94,14269412575.0
2022-11-14,sz399006,2375.207,2406.869,2418.517,2364.441,11940214650.0
2022-11-15,sz399006,2431.733,2373.993,2432.455,2356.35,12226501840.0
2022-11-16,sz399006,2402.905,2427.406,2443.794,2399.698,11806454164.0
2022-11-17,sz399006,2385.861,2389.465,2389.465,2350.996,11531213219.0
2022-11-18,sz399006,2389.76,2394.31,2420.379,2384.654,13112062838.0
2022-11-21,sz399006,2387.295,2369.763,2389.643,2360.851,10882598275.0
2022-11-22,sz399006,2343.554,2380.708,2382.141,2334.472,11225187397.0
2022-11-23,sz399006,2340.337,2338.86,2357.0,2302.991,10529074812.0
2022-11-24,sz399006,2335.524,2349.271,2356.669,2330.371,8524145865.0
2022-11-25,sz399006,2309.36,2325.575,2327.281,2304.98,7916766913.0
2022-11-28,sz399006,2298.802,2264.83,2300.951,2261.054,7920617523.0
2022-11-29,sz399006,2339.793,2301.212,2347.708,2298.309,9402940427.0
2022-11-30,sz399006,2345.313,2335.952,2348.158,2323.193,8830504235.0
2022-12-01,sz399006,2381.183,2386.081,2403.767,2380.667,10406645898.0
2022-12-02,sz399006,2383.322,2378.4,2408.738,2369.306,9762394376.0
2022-12-05,sz399006,2377.107,2391.103,2394.432,2366.124,10723838835.0
2022-12-06,sz399006,2393.281,2366.107,2414.199,2365.691,9868926743.0
2022-12-07,sz399006,2414.043,2382.563,2432.106,2382.563,10019541355.0
2022-12-08,sz399006,2411.812,2411.797,2423.161,2398.209,9909044943.0
2022-12-09,sz399006,2420.629,2412.16,2421.655,2391.667,10281299313.0
2022-12-12,sz399006,2401.522,2409.444,2418.058,2399.687,10188989431.0
2022-12-13,sz399006,2376.205,2403.736,2404.876,2371.071,10239269999.0
2022-12-14,sz399006,2368.079,2384.701,2391.212,2362.606,9416038321.0
2022-12-15,sz399006,2399.124,2365.234,2399.363,2363.342,8763426630.0
2022-12-16,sz399006,2373.723,2381.68,2390.663,2361.893,9516284603.0
2022-12-19,sz399006,2346.697,2372.925,2389.298,2337.402,9166027170.0
2022-12-20,sz399006,2310.799,2340.515,2340.732,2308.566,7356749842.0
2022-12-21,sz399006,2303.703,2312.523,2322.525,2293.578,6980026429.0
2022-12-22,sz399006,2295.32,2318.713,2328.71,2288.523,7606488310.0
2022-12-23,sz399006,2286.188,2282.325,2301.619,2273.038,7365858116.0
2022-12-26,sz399006,2331.41,2290.256,2334.975,2290.159,7195629850.0
2022-12-27,sz399006,2359.5,2335.565,2363.148,2326.31,7847751098.0
2022-12-28,sz399006,2338.258,2346.038,2348.85,2323.483,7140645804.0
2022-12-29,sz399006,2349.383,2328.734,2365.687,2327.688,6936587831.0
2022-12-30,sz399006,2346.767,2361.966,2369.136,2346.767,6958561767.0
2023-01-03,sz399006,2356.424,2339.981,2361.554,2312.309,9365845448.0
2023-01-04,sz399006,2335.122,2347.003,2352.334,2323.722,9027929966.0
2023-01-05,sz399006,2399.458,2343.782,2405.432,2343.715,8590783145.0
2023-01-06,sz399006,2422.141,2392.655,2442.235,2391.335,8557357302.0
2023-01-09,sz399006,2440.366,2433.346,2455.6,2427.807,7838829301.0
2023-01-10,sz399006,2474.005,2441.497,2478.895,2435.193,7200202658.0
2023-01-11,sz399006,2445.971,2470.639,2480.163,2442.734,7368472289.0
2023-01-12,sz399006,2458.494,2455.733,2477.012,2448.759,7012168046.0
2023-01-13,sz399006,2493.126,2475.137,2493.126,2462.874,6812683853.0
2023-01-16,sz399006,2539.521,2490.72,2566.686,2490.72,8338168785.0
2023-01-17,sz399006,2545.555,2540.566,2556.638,2535.18,6746136451.0
2023-01-18,sz399006,2543.896,2548.702,2555.685,2534.427,6716568410.0
2023-01-19,sz399006,2571.438,2539.891,2571.438,2531.956,7385281033.0
2023-01-20,sz399006,2585.963,2580.272,2588.89,2571.831,7728302294.0
2023-01-30,sz399006,2613.885,2657.393,2661.281,2611.129,12002957555.0
2023-01-31,sz399006,2580.839,2608.12,2618.282,2575.532,10462184695.0
2023-02-01,sz399006,2613.689,2592.449,2613.689,2572.333,12898655493.0
2023-02-02,sz399006,2602.316,2619.793,2631.858,2598.122,13660870209.0
2023-02-03,sz399006,2580.111,2592.843,2605.995,2551.826,12309943194.0
2023-02-06,sz399006,2544.091,2560.46,2560.46,2523.709,12652245075.0
2023-02-07,sz399006,2537.969,2551.133,2557.382,2522.546,13528086560.0
2023-02-08,sz399006,2525.877,2542.244,2550.375,2522.526,12710467882.0
2023-02-09,sz399006,2569.733,2520.83,2569.99,2515.51,13622555874.0
2023-02-10,sz399006,2545.156,2567.086,2571.198,2531.871,13819402899.0
2023-02-13,sz399006,2573.181,2546.145,2576.04,2540.847,13684963855.0
2023-02-14,sz399006,2565.155,2585.967,2586.181,2551.47,12597304069.0
2023-02-15,sz399006,2547.198,2564.54,2574.581,2543.635,14035388940.0
2023-02-16,sz399006,2512.499,2549.427,2567.293,2495.159,17575855302.0
2023-02-17,sz399006,2449.351,2508.259,2513.206,2449.351,13568793011.0
2023-02-20,sz399006,2480.794,2445.643,2481.572,2424.63,11768567908.0
2023-02-21,sz399006,2469.807,2473.599,2480.346,2452.84,11555069922.0
2023-02-22,sz399006,2451.898,2452.387,2470.495,2446.194,10386755698.0
2023-02-23,sz399006,2457.482,2450.962,2470.398,2446.413,10869528840.0
2023-02-24,sz399006,2428.936,2457.532,2458.291,2425.66,9577546158.0
2023-02-27,sz399006,2409.794,2416.428,2432.388,2403.655,9558140366.0
2023-02-28,sz399006,2429.027,2417.575,2432.323,2407.756,10090406363.0
2023-03-01,sz399006,2443.946,2428.1,2449.445,2415.947,13033677088.0
2023-03-02,sz399006,2418.598,2438.582,2442.191,2415.124,13129803749.0
2023-03-03,sz399006,2422.437,2423.672,2434.125,2405.296,11116052148.0
2023-03-06,sz399006,2431.556,2421.425,2435.902,2393.919,10438089211.0
2023-03-07,sz399006,2383.731,2423.026,2430.645,2383.504,11210705138.0
2023-03-08,sz399006,2377.584,2375.866,2390.066,2366.246,9392376272.0
2023-03-09,sz399006,2372.68,2377.975,2386.901,2365.862,11716153561.0
2023-03-10,sz399006,2370.358,2366.59,2388.612,2354.023,12766955112.0
2023-03-13,sz399006,2357.068,2359.721,2374.969,2345.989,12732621660.0
2023-03-14,sz399006,2343.11,2353.21,2356.896,2308.932,13650216657.0
2023-03-15,sz399006,2337.463,2359.222,2375.285,2335.594,11405070486.0
2023-03-16,sz399006,2302.049,2320.383,2333.311,2298.44,11679601424.0
2023-03-17,sz399006,2293.67,2320.198,2324.831,2289.28,14064456348.0
2023-03-20,sz399006,2291.918,2291.385,2317.636,2280.136,15012082724.0
2023-03-21,sz399006,2337.257,2298.281,2337.371,2298.281,13237525605.0
2023-03-22,sz399006,2341.923,2348.523,2358.63,2330.819,15933547604.0
2023-03-23,sz399006,2361.409,2330.981,2361.409,2327.386,14968263315.0
2023-03-24,sz399006,2370.38,2366.432,2373.774,2355.744,16502982145.0
2023-03-27,sz399006,2398.015,2363.007,2399.438,2363.007,17496042304.0
2023-03-28,sz399006,2369.172,2389.849,2389.919,2364.628,15132062682.0
2023-03-29,sz399006,2371.19,2371.298,2381.997,2367.382,13964539043.0
2023-03-30,sz399006,2383.038,2370.733,2384.959,2362.658,12673556322.0
2023-03-31,sz399006,2399.502,2386.861,2402.55,2385.415,13863571403.0
2023-04-03,sz399006,2440.207,2406.137,2442.967,2406.137,17961460494.0
2023-04-04,sz399006,2421.655,2441.427,2442.574,2407.484,18111865246.0
2023-04-06,sz399006,2426.567,2404.262,2428.801,2402.304,16454605846.0
2023-04-07,sz399006,2446.945,2421.751,2454.044,2421.061,15856176911.0
2023-04-10,sz399006,2443.521,2457.193,2461.297,2432.049,16629821707.0
2023-04-11,sz399006,2439.396,2449.272,2463.272,2426.666,14586941913.0
2023-04-12,sz399006,2429.293,2436.893,2440.327,2417.279,16391801027.0
2023-04-13,sz399006,2405.76,2418.271,2426.834,2403.916,17031968041.0
2023-04-14,sz399006,2428.09,2409.775,2432.363,2409.602,15252092627.0
2023-04-17,sz399006,2434.442,2420.012,2440.73,2420.012,13807013991.0
2023-04-18,sz399006,2431.1,2428.183,2443.771,2423.93,12992223709.0
2023-04-19,sz399006,2415.76,2429.327,2429.327,2413.336,13936065325.0
2023-04-20,sz399006,2386.674,2414.009,2414.009,2378.055,14935868912.0
2023-04-21,sz399006,2341.191,2393.192,2400.789,2340.615,16890525180.0
2023-04-24,sz399006,2301.238,2337.381,2340.259,2288.785,15142569558.0
2023-04-25,sz399006,2259.193,2302.859,2305.916,2243.833,17121368168.0
2023-04-26,sz399006,2294.057,2249.533,2306.658,2247.947,16782038060.0
2023-04-27,sz399006,2307.271,2283.632,2315.321,2281.603,15902928143.0
2023-04-28,sz399006,2324.715,2309.35,2328.887,2303.308,16734336991.0
2023-05-04,sz399006,2297.67,2316.333,2319.828,2290.917,16656855659.0
2023-05-05,sz399006,2267.632,2291.24,2293.837,2260.636,15149714053.0
2023-05-08,sz399006,2273.4,2274.717,2277.226,2251.772,14863441147.0
2023-05-09,sz399006,2245.823,2270.762,2277.288,2245.719,15436591364.0
2023-05-10,sz399006,2262.217,2241.436,2273.677,2228.18,13786573877.0
2023-05-11,sz399006,2276.571,2264.901,2296.451,2264.859,13473711858.0
2023-05-12,sz399006,2252.38,2277.423,2287.474,2251.757,12952243157.0
2023-05-15,sz399006,2299.93,2259.169,2299.93,2257.823,12893653253.0
2023-05-16,sz399006,2294.192,2300.796,2307.171,2286.228,12810385288.0
2023-05-17,sz399006,2293.644,2293.549,2300.287,2281.166,12606126188.0
2023-05-18,sz399006,2277.974,2299.63,2300.616,2264.836,14853035987.0
2023-05-19,sz399006,2278.585,2275.804,2293.098,2270.389,13478497432.0
2023-05-22,sz399006,2280.151,2278.708,2291.331,2265.756,12192369512.0
2023-05-23,sz399006,2253.331,2282.9,2284.075,2253.331,12429145774.0
2023-05-24,sz399006,2245.257,2245.471,2268.862,2239.898,12397701967.0
2023-05-25,sz399006,2244.184,2245.311,2257.221,2228.844,14087041055.0
2023-05-26,sz399006,2229.268,2244.342,2244.342,2215.286,13467485877.0
2023-05-29,sz399006,2203.842,2236.981,2238.401,2196.064,14588364342.0
2023-05-30,sz399006,2218.603,2200.801,2218.603,2180.7,15180316659.0
2023-05-31,sz399006,2193.408,2215.272,2215.492,2183.421,15019960872.0
2023-06-01,sz399006,2206.426,2191.801,2225.125,2184.916,16276989982.0
2023-06-02,sz399006,2233.275,2213.773,2240.566,2211.982,14717787286.0
2023-06-05,sz399006,2202.136,2226.203,2226.591,2195.663,13174330134.0
2023-06-06,sz399006,2164.811,2196.978,2197.576,2162.715,14725182078.0
2023-06-07,sz399006,2129.898,2159.163,2162.564,2124.525,12460510246.0
2023-06-08,sz399006,2123.961,2136.021,2139.959,2118.331,13006377710.0
2023-06-09,sz399006,2143.009,2122.16,2143.009,2118.792,14677846357.0
2023-06-12,sz399006,2152.422,2135.882,2162.528,2131.118,13905856012.0
2023-06-13,sz399006,2166.962,2148.395,2169.656,2147.563,14396900695.0
2023-06-14,sz399006,2163.34,2175.916,2177.804,2163.34,15104790067.0
2023-06-15,sz399006,2237.74,2174.535,2237.74,2174.535,15688835762.0
2023-06-16,sz399006,2270.064,2243.537,2272.016,2234.476,15089014482.0
2023-06-19,sz399006,2265.185,2271.762,2276.557,2257.638,15820729854.0
2023-06-20,sz399006,2271.419,2264.183,2277.33,2257.878,15920109936.0
2023-06-21,sz399006,2211.836,2260.505,2266.76,2211.836,15334703647.0
2023-06-26,sz399006,2186.253,2185.149,2212.412,2171.586,14025332828.0
2023-06-27,sz399006,2191.828,2186.161,2205.563,2179.317,11707618072.0
2023-06-28,sz399006,2182.095,2184.989,2189.02,2160.193,13528544152.0
2023-06-29,sz399006,2180.063,2178.882,2194.251,2178.434,12721122456.0
2023-06-30,sz399006,2215.001,2178.533,2227.995,2171.42,13127743372.0
2023-07-03,sz399006,2228.211,2223.33,2239.432,2215.357,13838138250.0
2023-07-04,sz399006,2232.75,2222.327,2234.865,2215.766,12580122063.0
2023-07-05,sz399006,2212.415,2235.2,2239.928,2209.106,12173545268.0
2023-07-06,sz399006,2192.187,2206.301,2218.394,2190.031,11618302561.0
2023-07-07,sz399006,2169.208,2185.725,2186.037,2169.208,11635878329.0
2023-07-10,sz399006,2198.865,2174.332,2213.761,2174.332,10855577184.0
2023-07-11,sz399006,2216.779,2202.934,2217.657,2194.166,10886495905.0
2023-07-12,sz399006,2196.852,2216.03,2217.75,2194.614,13145050923.0
2023-07-13,sz399006,2237.515,2208.224,2238.674,2208.224,13082841402.0
2023-07-14,sz399006,2224.096,2237.245,2239.425,2221.785,13522733370.0
2023-07-17,sz399006,2207.445,2212.763,2214.425,2198.266,11960954534.0
2023-07-18,sz399006,2200.619,2215.054,2215.249,2196.229,11126196053.0
2023-07-19,sz399006,2177.247,2196.588,2201.43,2170.33,10238138921.0
2023-07-20,sz399006,2155.647,2180.714,2199.642,2153.978,11705385323.0
2023-07-21,sz399006,2163.117,2151.851,2177.801,2151.066,11059380066.0
2023-07-24,sz399006,2146.929,2148.286,2167.188,2142.909,9213966195.0
2023-07-25,sz399006,2192.897,2183.047,2195.751,2169.723,11841621869.0
2023-07-26,sz399006,2191.169,2185.811,2194.539,2180.204,11515585465.0
2023-07-27,sz399006,2184.096,2199.481,2205.716,2180.693,11108492257.0
2023-07-28,sz399006,2219.538,2176.486,2224.027,2172.372,12456779083.0
2023-07-31,sz399006,2236.673,2233.264,2256.054,2230.134,14374011873.0
2023-08-01,sz399006,2223.796,2234.615,2249.384,2215.577,12434389881.0
2023-08-02,sz399006,2218.565,2220.77,2231.868,2213.041,10590645699.0
2023-08-03,sz399006,2241.983,2214.088,2242.573,2214.088,10335933479.0
2023-08-04,sz399006,2263.373,2263.404,2282.648,2247.9,13503220959.0
2023-08-07,sz399006,2240.775,2252.435,2255.999,2234.041,12109259390.0
2023-08-08,sz399006,2228.909,2238.663,2244.897,2226.239,11434137582.0
2023-08-09,sz399006,2228.731,2222.51,2241.874,2222.51,11321718205.0
2023-08-10,sz399006,2239.306,2226.913,2241.85,2220.832,10240798460.0
2023-08-11,sz399006,2187.036,2241.481,2241.481,2187.036,10873884438.0
2023-08-14,sz399006,2164.693,2163.28,2170.221,2139.973,10204748274.0
2023-08-15,sz399006,2148.674,2164.82,2171.564,2130.382,10008744870.0
2023-08-16,sz399006,2132.969,2140.006,2158.004,2132.888,10059962851.0
2023-08-17,sz399006,2147.061,2130.54,2151.227,2113.304,10862412231.0
2023-08-18,sz399006,2118.925,2145.796,2156.173,2118.925,11352980757.0
2023-08-21,sz399006,2084.969,2108.7,2115.02,2084.969,9967575162.0
2023-08-22,sz399006,2086.941,2099.842,2104.736,2049.091,12229244318.0
2023-08-23,sz399006,2038.976,2081.214,2081.214,2038.976,11059923832.0
2023-08-24,sz399006,2064.573,2050.534,2083.644,2042.58,12847744839.0
2023-08-25,sz399006,2040.399,2053.648,2059.149,2032.582,13771607667.0
2023-08-28,sz399006,2060.044,2182.386,2182.386,2055.61,17146028935.0
2023-08-29,sz399006,2118.194,2054.976,2133.597,2054.976,16568480189.0
2023-08-30,sz399006,2117.125,2122.649,2141.599,2110.874,15849456755.0
2023-08-31,sz399006,2102.575,2111.021,2117.402,2100.727,12543690469.0
2023-09-01,sz399006,2100.258,2108.077,2118.511,2093.099,10802689501.0
2023-09-04,sz399006,2118.034,2110.169,2120.977,2088.994,12036186344.0
2023-09-05,sz399006,2111.327,2113.595,2122.624,2107.861,12931906318.0
2023-09-06,sz399006,2101.398,2103.297,2105.1,2089.453,13477980827.0
2023-09-07,sz399006,2056.98,2096.615,2097.284,2056.98,13767550881.0
2023-09-08,sz399006,2049.765,2047.6,2057.123,2038.571,13078741309.0
2023-09-11,sz399006,2063.189,2048.95,2076.903,2041.765,13859328746.0
2023-09-12,sz399006,2051.039,2060.62,2063.925,2049.482,12153079334.0
2023-09-13,sz399006,2027.729,2045.314,2053.455,2015.394,12360496945.0
2023-09-14,sz399006,2011.883,2021.597,2024.859,2002.431,11042111423.0
2023-09-15,sz399006,2002.728,2009.327,2022.944,1996.122,10671293395.0
2023-09-18,sz399006,2020.467,1994.868,2033.146,1993.679,10542289060.0
2023-09-19,sz399006,2002.665,2017.89,2017.89,1995.241,9906011077.0
2023-09-20,sz399006,1987.296,2000.719,2001.504,1987.296,9033460418.0
2023-09-21,sz399006,1967.607,1983.02,1990.328,1967.607,9224867867.0
2023-09-22,sz399006,2013.344,1965.692,2013.955,1963.233,11925254760.0
2023-09-25,sz399006,2005.255,2015.316,2015.316,2000.812,11748422109.0
2023-09-26,sz399006,1989.828,2000.231,2007.91,1989.65,11087291796.0
2023-09-27,sz399006,2006.224,1994.013,2027.818,1990.158,11658266128.0
2023-09-28,sz399006,2003.908,2013.621,2019.287,1995.559,12042498547.0
2023-10-09,sz399006,1998.607,2000.134,2006.428,1977.774,13415318503.0
2023-10-10,sz399006,1987.938,2004.947,2014.297,1987.351,13974544945.0
2023-10-11,sz399006,2003.902,2000.515,2021.107,1996.82,14837112333.0
2023-10-12,sz399006,2019.102,2015.546,2022.361,2001.906,13624705064.0
2023-10-13,sz399006,1996.601,2004.205,2005.719,1986.188,14113785571.0
2023-10-16,sz399006,1956.723,1993.907,1994.264,1949.326,14035802335.0
2023-10-17,sz399006,1961.886,1963.828,1969.47,1950.332,12895399921.0
2023-10-18,sz399006,1938.435,1952.996,1952.996,1934.844,13083268125.0
2023-10-19,sz399006,1913.702,1925.533,1936.216,1913.425,13424396822.0
2023-10-20,sz399006,1896.946,1899.985,1922.933,1893.95,12406771529.0
2023-10-23,sz399006,1864.909,1891.485,1891.485,1854.445,12623196366.0
2023-10-24,sz399006,1880.814,1872.291,1890.099,1859.864,13651282901.0
2023-10-25,sz399006,1863.796,1890.484,1894.535,1863.768,15174534645.0
2023-10-26,sz399006,1875.858,1851.193,1877.448,1840.258,15525630401.0
2023-10-27,sz399006,1929.909,1868.226,1937.313,1863.527,17262581242.0
2023-10-30,sz399006,1977.686,1933.789,1983.465,1931.701,16898044614.0
2023-10-31,sz399006,1968.226,1974.8,1975.395,1958.352,15886551014.0
2023-11-01,sz399006,1959.127,1969.078,1971.413,1949.994,13878258170.0
2023-11-02,sz399006,1939.705,1964.43,1973.229,1939.412,14562587936.0
2023-11-03,sz399006,1968.213,1943.214,1975.52,1943.214,14749044984.0
2023-11-06,sz399006,2032.335,1984.332,2034.569,1984.332,17563397496.0
2023-11-07,sz399006,2022.766,2025.103,2031.792,2012.058,17347538162.0
2023-11-08,sz399006,2023.13,2016.603,2035.911,2010.019,19609419055.0
2023-11-09,sz399006,2018.385,2019.686,2035.423,2013.509,17429252930.0
2023-11-10,sz399006,2005.235,2006.087,2011.933,2000.489,14476367375.0
2023-11-13,sz399006,2009.214,2018.827,2022.845,1998.024,15452093409.0
2023-11-14,sz399006,2004.813,2008.293,2024.656,1995.761,15463688481.0
2023-11-15,sz399006,2015.364,2032.262,2033.389,2008.482,16340058140.0
2023-11-16,sz399006,1978.118,2012.198,2012.198,1978.118,15328492208.0
2023-11-17,sz399006,1986.526,1971.223,1986.665,1971.223,14370069570.0
2023-11-20,sz399006,1992.97,1987.854,1998.098,1969.919,16206868841.0
2023-11-21,sz399006,1984.271,2001.069,2014.594,1981.285,17801649357.0
2023-11-22,sz399006,1950.008,1973.661,1980.015,1950.008,15677683710.0
2023-11-23,sz399006,1961.351,1945.901,1961.351,1940.209,13784032325.0
2023-11-24,sz399006,1937.94,1960.376,1960.376,1935.002,14548033528.0
2023-11-27,sz399006,1926.201,1936.612,1936.612,1916.55,13546900938.0
2023-11-28,sz399006,1938.423,1923.357,1938.729,1918.352,12460617446.0
2023-11-29,sz399006,1917.903,1934.554,1937.848,1917.219,12125665201.0
2023-11-30,sz399006,1922.591,1915.045,1932.826,1912.172,12259673144.0
2023-12-01,sz399006,1926.284,1922.37,1934.091,1904.646,13843008829.0
2023-12-04,sz399006,1908.917,1923.216,1926.166,1908.534,14136931440.0
2023-12-05,sz399006,1871.096,1900.986,1905.728,1870.982,13180136733.0
2023-12-06,sz399006,1881.942,1867.5,1898.601,1866.904,13390051194.0
2023-12-07,sz399006,1877.212,1877.032,1888.751,1864.237,13614396985.0
2023-12-08,sz399006,1892.178,1881.104,1896.78,1870.882,14816516950.0
2023-12-11,sz399006,1915.737,1880.578,1919.835,1866.093,13483863870.0
2023-12-12,sz399006,1903.871,1909.598,1913.292,1899.564,12145861102.0
2023-12-13,sz399006,1872.341,1899.339,1899.934,1871.775,11899321429.0
2023-12-14,sz399006,1860.513,1884.546,1895.599,1859.249,11178664619.0
2023-12-15,sz399006,1848.501,1869.514,1877.775,1844.181,10765898804.0
2023-12-18,sz399006,1819.995,1839.316,1845.969,1814.93,10105358970.0
2023-12-19,sz399006,1827.672,1818.875,1837.944,1813.601,9312253514.0
2023-12-20,sz399006,1802.881,1830.721,1832.313,1802.355,10059199471.0
2023-12-21,sz399006,1832.616,1795.274,1840.965,1792.376,11119992895.0
2023-12-22,sz399006,1825.842,1827.684,1848.317,1812.765,13002559204.0
2023-12-25,sz399006,1831.569,1820.252,1838.129,1820.22,9261320156.0
2023-12-26,sz399006,1808.5,1828.559,1829.871,1801.379,9464989954.0
2023-12-27,sz399006,1809.832,1813.053,1818.05,1796.695,9551734737.0
2023-12-28,sz399006,1879.496,1806.787,1887.147,1804.697,12170714103.0
2023-12-29,sz399006,1891.366,1879.535,1897.672,1878.042,12243719957.0
2024-01-02,sz399006,1855.922,1889.023,1889.023,1855.727,11595394570.0
2024-01-03,sz399006,1834.732,1850.161,1856.439,1825.545,10753667822.0
2024-01-04,sz399006,1801.761,1831.295,1831.383,1794.002,9399127020.0
2024-01-05,sz399006,1775.577,1798.817,1815.073,1765.724,10169629728.0
2024-01-08,sz399006,1744.411,1769.325,1779.378,1744.238,8996973808.0
2024-01-09,sz399006,1750.775,1749.765,1774.319,1737.995,9976519251.0
2024-01-10,sz399006,1743.198,1741.126,1771.68,1726.556,9860194078.0
2024-01-11,sz399006,1777.272,1744.301,1790.327,1739.158,10495536571.0
2024-01-12,sz399006,1761.16,1770.968,1785.513,1760.875,10231773981.0
2024-01-15,sz399006,1745.609,1751.524,1766.258,1738.543,8619686304.0
2024-01-16,sz399006,1752.23,1741.368,1755.384,1724.636,9626025853.0
2024-01-17,sz399006,1699.62,1747.772,1747.772,1699.62,8629963845.0
2024-01-18,sz399006,1732.358,1685.937,1735.092,1678.434,12094122741.0
2024-01-19,sz399006,1715.436,1726.547,1743.302,1714.507,9410327742.0
2024-01-22,sz399006,1666.88,1710.29,1714.928,1657.354,11773259633.0
2024-01-23,sz399006,1687.614,1663.982,1700.568,1655.203,10646550151.0
2024-01-24,sz399006,1696.188,1696.561,1700.774,1642.163,11423779821.0
2024-01-25,sz399006,1720.783,1686.547,1720.851,1672.068,12286814240.0
2024-01-26,sz399006,1682.478,1703.475,1714.534,1679.341,11735174665.0
2024-01-29,sz399006,1623.812,1680.15,1685.602,1623.812,11052971075.0
2024-01-30,sz399006,1583.771,1613.463,1631.529,1582.422,9533713989.0
2024-01-31,sz399006,1573.372,1585.214,1601.887,1573.164,13011629546.0
2024-02-01,sz399006,1589.037,1567.832,1616.402,1563.377,11866309271.0
2024-02-02,sz399006,1550.374,1585.957,1595.983,1512.062,13968097378.0
2024-02-05,sz399006,1562.61,1534.189,1600.33,1482.986,18479132936.0
2024-02-06,sz399006,1667.445,1544.96,1668.892,1544.497,18371612237.0
2024-02-07,sz399006,1707.02,1663.177,1711.417,1658.465,18908813242.0
2024-02-08,sz399006,1726.859,1716.628,1764.391,1713.769,19233788192.0
2024-02-19,sz399006,1746.422,1752.863,1752.863,1722.839,18244883321.0
2024-02-20,sz399006,1746.176,1739.035,1749.27,1722.491,14786814760.0
2024-02-21,sz399006,1752.478,1728.452,1783.812,1724.291,17750909315.0
2024-02-22,sz399006,1757.869,1752.793,1761.121,1742.145,15624221446.0
2024-02-23,sz399006,1758.193,1766.957,1767.263,1742.492,18445976150.0
2024-02-26,sz399006,1751.703,1752.756,1768.095,1738.334,19243744760.0
2024-02-27,sz399006,1793.979,1743.49,1793.979,1740.833,18662735211.0
2024-02-28,sz399006,1748.97,1799.608,1829.143,1748.97,26146093654.0
2024-02-29,sz399006,1807.034,1739.973,1809.663,1739.973,18685982719.0
2024-03-01,sz399006,1824.035,1808.196,1830.939,1795.851,17922315519.0
2024-03-04,sz399006,1834.833,1827.129,1847.247,1817.659,17918212765.0
2024-03-05,sz399006,1833.661,1818.594,1843.08,1813.266,17027583967.0
2024-03-06,sz399006,1832.58,1822.539,1855.613,1810.898,15030689911.0
2024-03-07,sz399006,1789.936,1830.258,1838.714,1789.866,16477103214.0
2024-03-08,sz399006,1807.294,1793.511,1813.099,1779.768,13711512013.0
2024-03-11,sz399006,1890.41,1817.072,1890.869,1812.786,16052989215.0
2024-03-12,sz399006,1906.037,1896.451,1915.094,1885.639,18520382127.0
2024-03-13,sz399006,1895.147,1911.981,1911.981,1890.658,18174546447.0
2024-03-14,sz399006,1883.021,1895.726,1912.113,1870.016,16397645489.0
2024-03-15,sz399006,1884.088,1877.569,1886.951,1848.224,14867233884.0
2024-03-18,sz399006,1926.396,1906.116,1926.396,1902.133,17879297720.0
2024-03-19,sz399006,1906.938,1917.921,1925.695,1906.938,17310343538.0
2024-03-20,sz399006,1909.245,1898.184,1915.465,1897.6,17306347600.0
2024-03-21,sz399006,1897.094,1912.809,1920.554,1897.047,18896118564.0
2024-03-22,sz399006,1869.175,1893.14,1897.308,1860.354,20089479157.0
2024-03-25,sz399006,1833.441,1864.532,1871.064,1833.103,17940217662.0
2024-03-26,sz399006,1841.535,1832.655,1856.204,1829.477,16373693927.0
2024-03-27,sz399006,1789.819,1840.193,1840.193,1789.819,16045045839.0
2024-03-28,sz399006,1806.897,1790.58,1829.473,1787.964,16655723446.0
2024-03-29,sz399006,1818.203,1806.672,1822.749,1800.203,15479127806.0
2024-04-01,sz399006,1872.118,1833.492,1872.118,1833.492,16204739569.0
2024-04-02,sz399006,1860.494,1869.323,1869.958,1851.25,16803084174.0
2024-04-03,sz399006,1840.412,1853.558,1853.872,1839.206,15206556459.0
2024-04-08,sz399006,1807.048,1834.453,1840.55,1807.048,14132602171.0
2024-04-09,sz399006,1827.579,1807.478,1827.676,1801.708,12354462173.0
2024-04-10,sz399006,1789.941,1818.405,1818.734,1781.13,13471646126.0
2024-04-11,sz399006,1782.085,1777.201,1799.86,1775.659,12646914814.0
2024-04-12,sz399006,1762.877,1780.99,1789.274,1760.944,12482530622.0
2024-04-15,sz399006,1795.518,1770.172,1807.947,1770.172,16822171379.0
2024-04-16,sz399006,1760.2,1783.571,1791.299,1759.513,17282640060.0
2024-04-17,sz399006,1797.311,1765.286,1797.552,1765.286,15999022061.0
2024-04-18,sz399006,1787.489,1784.782,1807.785,1765.699,14937289504.0
2024-04-19,sz399006,1756.001,1772.181,1775.376,1740.401,13955355741.0
2024-04-22,sz399006,1750.463,1739.007,1766.25,1735.284,13205454536.0
2024-04-23,sz399006,1753.161,1753.584,1764.774,1740.791,12954919613.0
2024-04-24,sz399006,1765.41,1757.311,1768.238,1744.36,15021662250.0
2024-04-25,sz399006,1764.727,1753.122,1778.799,1747.819,15140572110.0
2024-04-26,sz399006,1823.741,1767.722,1826.49,1767.722,18437565817.0
2024-04-29,sz399006,1887.571,1831.444,1904.915,1831.444,18674546038.0
2024-04-30,sz399006,1858.393,1874.68,1878.833,1857.764,16218072129.0
2024-05-06,sz399006,1895.208,1896.841,1907.021,1889.782,16104046487.0
2024-05-07,sz399006,1892.539,1896.725,1900.944,1888.256,16471867387.0
2024-05-08,sz399006,1865.108,1887.824,1887.824,1863.216,16594153850.0
2024-05-09,sz399006,1900.009,1872.704,1903.112,1872.704,15827582253.0
2024-05-10,sz399006,1878.165,1899.051,1900.1,1872.071,16349720405.0
2024-05-13,sz399006,1860.366,1859.344,1876.172,1851.255,14880197328.0
2024-05-14,sz399006,1855.598,1864.385,1873.138,1851.386,14787392460.0
2024-05-15,sz399006,1838.887,1857.576,1866.413,1837.541,14005874948.0
2024-05-16,sz399006,1844.211,1846.978,1861.378,1837.016,14706886495.0
2024-05-17,sz399006,1864.939,1838.985,1865.898,1833.434,14978956207.0
2024-05-20,sz399006,1875.928,1869.545,1887.054,1865.881,15627754641.0
2024-05-21,sz399006,1861.481,1871.779,1873.087,1855.437,13908143458.0
2024-05-22,sz399006,1877.927,1863.141,1883.174,1855.254,13846886278.0
2024-05-23,sz399006,1852.067,1876.561,1879.621,1847.695,15226521460.0
2024-05-24,sz399006,1818.562,1845.013,1861.93,1818.137,13962533376.0
2024-05-27,sz399006,1830.958,1824.165,1832.819,1802.766,13643321884.0
2024-05-28,sz399006,1806.255,1824.087,1827.744,1805.649,13448761908.0
2024-05-29,sz399006,1811.068,1808.485,1832.715,1804.111,13186561325.0
2024-05-30,sz399006,1813.155,1810.657,1820.294,1805.349,12900486553.0
2024-05-31,sz399006,1805.109,1812.612,1831.715,1805.109,14076725088.0
2024-06-03,sz399006,1819.455,1806.409,1823.511,1800.198,15195340795.0
2024-06-04,sz399006,1843.592,1816.368,1848.56,1815.072,14882948572.0
2024-06-05,sz399006,1833.55,1840.079,1858.686,1833.55,13599889062.0
2024-06-06,sz399006,1820.448,1840.246,1845.545,1815.278,17243187186.0
2024-06-07,sz399006,1781.07,1812.456,1820.74,1764.836,13311703706.0
2024-06-11,sz399006,1787.302,1766.915,1791.001,1761.584,12264814457.0
2024-06-12,sz399006,1779.418,1779.318,1789.411,1778.128,12699954646.0
2024-06-13,sz399006,1777.791,1786.105,1799.09,1776.081,12865666470.0
2024-06-14,sz399006,1791.362,1777.275,1792.805,1758.889,12908181077.0
2024-06-17,sz399006,1806.193,1780.936,1810.999,1780.513,12176203484.0
2024-06-18,sz399006,1811.365,1805.159,1822.115,1802.626,13548671185.0
2024-06-19,sz399006,1788.496,1816.06,1816.06,1788.173,13959257786.0
2024-06-20,sz399006,1762.701,1787.236,1793.707,1761.646,14096549044.0
2024-06-21,sz399006,1755.876,1756.671,1762.431,1742.466,11278193341.0
2024-06-24,sz399006,1731.515,1745.929,1755.523,1729.099,13220553075.0
2024-06-25,sz399006,1700.025,1724.64,1729.215,1691.018,12086114180.0
2024-06-26,sz399006,1730.642,1700.949,1733.792,1696.125,13478273980.0
2024-06-27,sz399006,1703.201,1719.778,1720.997,1702.241,13043601003.0
2024-06-28,sz399006,1683.43,1696.937,1720.945,1680.418,13731158784.0
2024-07-01,sz399006,1682.692,1679.662,1689.545,1652.01,12171740773.0
2024-07-02,sz399006,1665.035,1677.669,1683.847,1660.317,13335516390.0
2024-07-03,sz399006,1660.124,1664.986,1675.647,1648.245,13256222325.0
2024-07-04,sz399006,1647.22,1666.393,1674.752,1647.22,12760170228.0
2024-07-05,sz399006,1655.594,1648.739,1662.316,1631.886,12151214588.0
2024-07-08,sz399006,1628.758,1651.641,1652.193,1624.549,12064389899.0
2024-07-09,sz399006,1652.117,1625.522,1660.33,1614.605,14080741517.0
2024-07-10,sz399006,1651.11,1642.861,1668.09,1641.838,12740341289.0
2024-07-11,sz399006,1685.118,1673.54,1694.776,1658.957,15098192426.0
2024-07-12,sz399006,1683.629,1680.14,1692.889,1672.666,12705191814.0
2024-07-15,sz399006,1673.007,1674.887,1679.882,1665.338,11370609493.0
2024-07-16,sz399006,1696.336,1671.921,1697.136,1671.31,11181285514.0
2024-07-17,sz399006,1696.451,1691.947,1707.613,1684.942,11854099545.0
2024-07-18,sz399006,1717.709,1680.339,1718.821,1678.56,12328013997.0
2024-07-19,sz399006,1725.487,1706.843,1731.126,1706.58,11280441171.0
2024-07-22,sz399006,1723.914,1729.28,1735.601,1713.373,11673481560.0
2024-07-23,sz399006,1671.443,1721.935,1722.077,1671.443,12922282902.0
2024-07-24,sz399006,1650.908,1666.621,1682.963,1645.753,12561957278.0
2024-07-25,sz399006,1644.454,1641.682,1658.135,1638.54,11316775740.0
2024-07-26,sz399006,1659.534,1649.345,1670.214,1646.634,12060189919.0
2024-07-29,sz399006,1635.675,1653.39,1653.39,1634.509,12577995572.0
2024-07-30,sz399006,1630.951,1629.181,1637.21,1621.935,12773299236.0
2024-07-31,sz399006,1688.142,1623.038,1689.491,1623.038,17672251086.0
2024-08-01,sz399006,1665.973,1690.219,1694.591,1663.075,15298802052.0
2024-08-02,sz399006,1638.304,1649.843,1671.357,1635.436,15257143384.0
2024-08-05,sz399006,1607.288,1621.188,1656.09,1607.245,16097551749.0
2024-08-06,sz399006,1627.355,1628.116,1638.48,1612.0,13507272870.0
2024-08-07,sz399006,1620.332,1624.063,1632.645,1618.394,12727404830.0
2024-08-08,sz399006,1611.509,1611.262,1628.665,1598.679,14073768007.0
2024-08-09,sz399006,1595.642,1621.841,1628.531,1595.642,12539816046.0
2024-08-12,sz399006,1592.394,1596.414,1601.855,1589.093,12420184301.0
2024-08-13,sz399006,1607.186,1592.045,1607.258,1587.515,11227549358.0
2024-08-14,sz399006,1584.328,1606.441,1606.441,1584.328,12325859700.0
2024-08-15,sz399006,1592.71,1581.152,1608.95,1581.051,16188800156.0
2024-08-16,sz399006,1591.461,1594.509,1603.427,1587.407,17259018255.0
2024-08-19,sz399006,1589.287,1589.207,1608.266,1588.218,16360910075.0
2024-08-20,sz399006,1567.969,1590.173,1591.876,1565.432,16325108843.0
2024-08-21,sz399006,1558.512,1561.242,1572.472,1556.933,14611810028.0
2024-08-22,sz399006,1546.631,1559.683,1563.373,1544.906,14958498183.0
2024-08-23,sz399006,1546.903,1540.516,1555.007,1537.777,14001973082.0
2024-08-26,sz399006,1545.309,1550.045,1557.91,1540.521,13671934462.0
2024-08-27,sz399006,1530.744,1537.813,1541.928,1526.607,13375474868.0
2024-08-28,sz399006,1531.45,1526.669,1534.541,1522.484,12354308359.0
2024-08-29,sz399006,1541.4,1512.371,1551.54,1512.171,14384968169.0
2024-08-30,sz399006,1580.459,1543.894,1601.156,1543.894,20172685031.0
2024-09-02,sz399006,1536.95,1577.445,1581.869,1536.526,16141459575.0
2024-09-03,sz399006,1556.321,1533.572,1561.857,1533.458,13875033581.0
2024-09-04,sz399006,1554.64,1541.899,1569.885,1540.172,13745138843.0
2024-09-05,sz399006,1564.723,1554.876,1576.029,1554.876,13712346630.0
2024-09-06,sz399006,1538.072,1564.325,1566.573,1537.377,13927089557.0
2024-09-09,sz399006,1539.038,1528.649,1547.733,1526.235,11787366444.0
2024-09-10,sz399006,1539.98,1540.211,1551.606,1522.876,12668053938.0
2024-09-11,sz399006,1558.328,1539.846,1563.088,1535.619,11282658764.0
2024-09-12,sz399006,1551.814,1566.403,1577.168,1551.026,12533016087.0
2024-09-13,sz399006,1535.168,1552.276,1556.664,1535.168,12595297080.0
2024-09-18,sz399006,1533.473,1533.382,1540.075,1522.544,11423468414.0
2024-09-19,sz399006,1546.474,1543.316,1565.215,1520.723,13386709183.0
2024-09-20,sz399006,1536.599,1546.775,1546.775,1525.682,13005681067.0
2024-09-23,sz399006,1530.506,1538.055,1548.409,1528.941,12212558465.0
2024-09-24,sz399006,1615.322,1545.904,1616.068,1532.523,19589835818.0
2024-09-25,sz399006,1641.542,1652.828,1679.639,1639.681,23754106140.0
2024-09-26,sz399006,1714.144,1638.526,1716.011,1625.662,22617304308.0
2024-09-27,sz399006,1885.489,1751.328,1919.785,1751.328,33188171307.0
2024-09-30,sz399006,2175.086,1994.262,2182.388,1966.338,47832140201.0
2024-10-08,sz399006,2550.276,2576.217,2576.217,2336.442,56839521878.0
2024-10-09,sz399006,2280.096,2426.752,2514.292,2278.817,51701779133.0
2024-10-10,sz399006,2212.909,2291.218,2327.598,2181.078,37074805462.0
2024-10-11,sz399006,2100.871,2173.71,2191.402,2066.577,30804840178.0
2024-10-14,sz399006,2155.403,2119.385,2163.274,2062.446,30482202800.0
2024-10-15,sz399006,2085.986,2139.647,2175.952,2085.818,34056216175.0
2024-10-16,sz399006,2039.95,2037.744,2081.324,2026.52,27926126959.0
2024-10-17,sz399006,2033.484,2057.96,2081.087,2031.987,31179201120.0
2024-10-18,sz399006,2195.101,2027.653,2273.0,2027.65,39406378593.0
2024-10-21,sz399006,2210.335,2211.395,2266.602,2182.233,42219073081.0
2024-10-22,sz399006,2216.99,2205.399,2226.931,2179.998,39349104358.0
2024-10-23,sz399006,2205.302,2202.824,2252.521,2186.176,36403964616.0
2024-10-24,sz399006,2175.095,2187.244,2203.021,2168.241,28183098746.0
2024-10-25,sz399006,2238.897,2190.393,2277.168,2180.221,32225560476.0
2024-10-28,sz399006,2229.118,2228.078,2236.472,2198.886,34613942538.0
2024-10-29,sz399006,2177.306,2231.824,2239.261,2175.813,37191939721.0
2024-10-30,sz399006,2151.515,2156.277,2179.944,2127.633,32752214838.0
2024-10-31,sz399006,2164.462,2145.655,2204.859,2130.268,37166478672.0
2024-11-01,sz399006,2123.738,2149.938,2166.521,2120.725,37280387113.0
2024-11-04,sz399006,2185.984,2122.98,2187.378,2122.98,25473410944.0
2024-11-05,sz399006,2289.841,2184.905,2301.995,2172.524,35083710675.0
2024-11-06,sz399006,2265.833,2290.671,2360.881,2247.038,40303017712.0
2024-11-07,sz399006,2350.76,2244.959,2350.76,2240.246,40590422345.0
2024-11-08,sz399006,2321.587,2396.868,2402.379,2317.509,41376921103.0
2024-11-11,sz399006,2392.443,2298.619,2393.578,2296.323,37752959789.0
2024-11-12,sz399006,2390.803,2416.211,2448.201,2362.566,37875415778.0
2024-11-13,sz399006,2417.252,2367.163,2427.156,2345.064,29980905784.0
2024-11-14,sz399006,2334.964,2411.291,2419.686,2331.68,27078868842.0
2024-11-15,sz399006,2243.62,2318.936,2338.557,2243.62,28933089995.0
2024-11-18,sz399006,2190.95,2244.323,2254.922,2173.184,28351839960.0
2024-11-19,sz399006,2256.607,2200.133,2261.587,2173.454,24419950118.0
2024-11-20,sz399006,2267.855,2242.599,2283.748,2239.769,28868125257.0
2024-11-21,sz399006,2265.866,2254.269,2281.16,2248.382,28232062686.0
2024-11-22,sz399006,2175.571,2257.951,2269.265,2175.571,30157172820.0
2024-11-25,sz399006,2175.184,2184.103,2193.679,2140.476,25157590775.0
2024-11-26,sz399006,2150.097,2163.374,2187.12,2148.137,23317980536.0
2024-11-27,sz399006,2208.781,2136.707,2209.158,2119.535,25800697149.0
2024-11-28,sz399006,2169.803,2204.49,2206.848,2165.526,27639980338.0
2024-11-29,sz399006,2224.003,2162.522,2264.679,2162.522,30288030089.0
2024-12-02,sz399006,2255.498,2212.359,2261.144,2210.856,31135009017.0
2024-12-03,sz399006,2245.499,2252.754,2261.39,2224.692,30648110660.0
2024-12-04,sz399006,2213.406,2237.649,2246.039,2204.39,28994212352.0
2024-12-05,sz399006,2221.457,2207.499,2237.088,2207.499,27006383776.0
2024-12-06,sz399006,2267.064,2219.908,2289.809,2213.324,31585392646.0
2024-12-09,sz399006,2248.627,2265.188,2273.081,2229.514,27528875410.0
2024-12-10,sz399006,2264.051,2358.288,2358.485,2258.019,36836534310.0
2024-12-11,sz399006,2261.582,2260.7,2278.788,2251.354,29492675354.0
2024-12-12,sz399006,2292.145,2257.308,2302.644,2256.065,30842059067.0
2024-12-13,sz399006,2235.259,2272.266,2276.127,2234.17,32853797101.0
2024-12-16,sz399006,2201.532,2232.625,2234.186,2192.252,27378793388.0
2024-12-17,sz399006,2201.181,2197.126,2233.172,2197.126,24875348055.0
2024-12-18,sz399006,2202.137,2207.182,2216.003,2192.597,21648147554.0
2024-12-19,sz399006,2213.543,2178.463,2220.433,2174.943,22171926117.0
2024-12-20,sz399006,2209.662,2209.375,2234.132,2201.941,23004927410.0
2024-12-23,sz399006,2187.945,2205.69,2223.637,2185.353,24553877043.0
2024-12-24,sz399006,2213.548,2190.469,2215.192,2187.78,20096640612.0
2024-12-25,sz399006,2201.296,2215.612,2216.357,2187.0,20386810044.0
2024-12-26,sz399006,2209.846,2200.319,2219.693,2193.588,18443646699.0
2024-12-27,sz399006,2204.896,2209.71,2235.556,2196.294,20751352939.0
2024-12-30,sz399006,2206.285,2198.865,2218.735,2198.125,18720146002.0
2024-12-31,sz399006,2141.596,2202.181,2207.311,2141.596,19942841348.0
2025-01-02,sz399006,2060.442,2136.922,2137.655,2040.379,19658739481.0
2025-01-03,sz399006,2015.967,2062.403,2067.409,2015.963,20606491210.0
2025-01-06,sz399006,2014.19,2018.246,2033.268,2000.861,16937561223.0
2025-01-07,sz399006,2028.358,1996.0,2028.751,1988.418,16857052855.0
2025-01-08,sz399006,2008.444,2011.749,2029.023,1963.806,19552783864.0
2025-01-09,sz399006,2010.66,1994.81,2025.306,1994.705,17424480759.0
2025-01-10,sz399006,1975.305,2006.553,2024.427,1975.305,17838400517.0
2025-01-13,sz399006,1982.459,1953.886,1998.499,1953.82,15228846338.0
2025-01-14,sz399006,2075.756,1989.387,2076.957,1979.139,22702105762.0
2025-01-15,sz399006,2037.933,2064.476,2064.476,2032.574,19544928930.0
2025-01-16,sz399006,2051.351,2051.095,2084.226,2029.816,20389955076.0
2025-01-17,sz399006,2067.275,2041.71,2083.202,2041.581,17088596065.0
2025-01-20,sz399006,2104.728,2090.143,2118.738,2090.066,17727429544.0
2025-01-21,sz399006,2112.39,2125.067,2125.067,2090.318,18250885130.0
2025-01-22,sz399006,2101.035,2103.832,2110.897,2081.075,16566266634.0
2025-01-23,sz399006,2093.313,2125.295,2151.477,2093.313,21026825667.0
2025-01-24,sz399006,2121.839,2084.134,2131.554,2084.134,20005142639.0
2025-01-27,sz399006,2063.82,2119.169,2123.148,2063.82,17752012165.0
2025-02-05,sz399006,2062.923,2082.991,2083.007,2054.371,20436803597.0
2025-02-06,sz399006,2120.745,2059.449,2120.788,2056.179,24897390222.0
2025-02-07,sz399006,2174.351,2127.136,2200.102,2122.348,30839799873.0
2025-02-10,sz399006,2183.877,2183.78,2188.128,2156.755,27995065882.0
2025-02-11,sz399006,2152.732,2182.909,2182.909,2150.473,26647704858.0
2025-02-12,sz399006,2191.76,2144.727,2194.103,2142.049,25884927458.0
2025-02-13,sz399006,2176.156,2186.138,2203.636,2175.424,28459186902.0
2025-02-14,sz399006,2215.298,2176.323,2223.386,2176.212,28699625124.0
2025-02-17,sz399006,2226.615,2243.658,2245.371,2208.769,32635546066.0
2025-02-18,sz399006,2182.574,2223.48,2231.275,2173.54,29421059021.0
2025-02-19,sz399006,2226.982,2174.956,2228.482,2174.007,26063135587.0
2025-02-20,sz399006,2225.584,2222.373,2233.983,2204.641,28037885701.0
2025-02-21,sz399006,2281.512,2228.917,2284.038,2228.917,33303997251.0
2025-02-24,sz399006,2266.244,2277.154,2283.79,2245.614,31429001053.0
2025-02-25,sz399006,2240.589,2227.29,2265.911,2224.458,29271132403.0
2025-02-26,sz399006,2268.215,2246.954,2268.569,2232.309,29722503298.0
2025-02-27,sz399006,2256.508,2268.503,2279.387,2225.532,30727330595.0
2025-02-28,sz399006,2170.392,2238.34,2240.776,2163.687,28146450381.0
2025-03-03,sz399006,2196.525,2176.817,2232.198,2161.359,24792094383.0
2025-03-04,sz399006,2190.078,2170.989,2193.532,2161.056,22587616612.0
2025-03-05,sz399006,2190.362,2190.577,2200.87,2173.904,23326067714.0
2025-03-06,sz399006,2234.689,2204.247,2243.279,2202.007,30691077462.0
2025-03-07,sz399006,2205.307,2221.909,2226.004,2195.128,28706509815.0
2025-03-10,sz399006,2199.877,2211.097,2217.774,2182.581,23158429894.0
2025-03-11,sz399006,2204.03,2172.179,2204.03,2171.267,22092783100.0
2025-03-12,sz399006,2191.268,2211.146,2214.973,2191.099,26604450431.0
2025-03-13,sz399006,2166.004,2189.469,2200.91,2154.949,25042274557.0
2025-03-14,sz399006,2226.716,2165.532,2233.83,2161.89,26586008830.0
2025-03-17,sz399006,2215.127,2230.854,2233.333,2212.018,24550517179.0
2025-03-18,sz399006,2228.644,2225.204,2242.217,2215.373,23840841482.0
2025-03-19,sz399006,2222.347,2221.602,2237.95,2208.256,22968095475.0
2025-03-20,sz399006,2200.032,2220.496,2221.606,2198.375,23583954503.0
2025-03-21,sz399006,2152.279,2193.361,2201.417,2149.091,26088641653.0
2025-03-24,sz399006,2152.555,2154.67,2160.464,2125.129,24385877842.0
2025-03-25,sz399006,2145.479,2154.204,2165.015,2136.607,19869731524.0
2025-03-26,sz399006,2139.902,2143.119,2157.78,2139.902,18420319141.0
2025-03-27,sz399006,2145.095,2130.489,2165.16,2117.755,19171687867.0
2025-03-28,sz399006,2128.209,2140.066,2152.398,2128.209,17955464086.0
2025-03-31,sz399006,2103.699,2117.885,2123.872,2087.129,18606140083.0
2025-04-01,sz399006,2101.878,2108.455,2127.538,2100.297,17136825804.0
2025-04-02,sz399006,2104.625,2103.387,2121.555,2097.824,15132911479.0
2025-04-03,sz399006,2065.403,2078.146,2097.67,2057.634,16397924585.0
2025-04-07,sz399006,1807.206,1925.641,1939.269,1756.64,30407557575.0
2025-04-08,sz399006,1840.312,1837.544,1877.441,1812.128,25668214136.0
2025-04-09,sz399006,1858.356,1805.464,1872.929,1777.248,27945229735.0
2025-04-10,sz399006,1900.528,1920.64,1944.102,1897.335,25668684963.0
2025-04-11,sz399006,1926.37,1885.855,1943.435,1884.599,20237823723.0
2025-04-14,sz399006,1932.913,1954.049,1956.156,1928.633,19193506347.0
2025-04-15,sz399006,1930.399,1933.886,1940.747,1918.436,16842254976.0
2025-04-16,sz399006,1907.109,1918.029,1919.093,1879.776,17049971365.0
2025-04-17,sz399006,1908.776,1893.017,1923.53,1892.474,15001282078.0
2025-04-18,sz399006,1913.97,1904.994,1917.593,1898.78,14686095279.0
2025-04-21,sz399006,1944.318,1910.904,1947.562,1901.813,16743253700.0
2025-04-22,sz399006,1928.432,1933.832,1939.688,1923.374,17145814898.0
2025-04-23,sz399006,1949.162,1950.435,1962.678,1935.681,19999589043.0
2025-04-24,sz399006,1935.858,1946.23,1958.216,1930.902,18154588432.0
2025-04-25,sz399006,1947.186,1941.815,1960.634,1937.706,16997550933.0
2025-04-28,sz399006,1934.457,1951.16,1951.16,1930.064,16239196038.0
2025-04-29,sz399006,1931.942,1929.272,1941.175,1923.856,15966456284.0
2025-04-30,sz399006,1948.03,1936.122,1954.623,1931.836,16629885574.0
2025-05-06,sz399006,1986.409,1966.968,1988.051,1964.458,20452047955.0
2025-05-07,sz399006,1996.51,2024.301,2035.474,1982.374,23653504827.0
2025-05-08,sz399006,2029.452,1994.052,2036.101,1991.655,20799499536.0
2025-05-09,sz399006,2011.767,2028.427,2028.427,2004.477,19203420690.0
2025-05-12,sz399006,2064.714,2042.902,2066.313,2038.336,19483071725.0
2025-05-13,sz399006,2062.261,2091.349,2091.349,2058.741,19752887576.0
2025-05-14,sz399006,2083.142,2062.274,2103.369,2051.823,19329189521.0
2025-05-15,sz399006,2043.247,2076.042,2076.042,2043.097,17673170258.0
2025-05-16,sz399006,2039.445,2035.865,2050.888,2035.865,16327575503.0
2025-05-19,sz399006,2032.756,2038.048,2038.048,2017.167,16591258693.0
2025-05-20,sz399006,2048.459,2041.496,2059.516,2025.855,18531715006.0
2025-05-21,sz399006,2065.39,2052.001,2077.481,2050.207,17558827935.0
2025-05-22,sz399006,2045.566,2065.413,2065.413,2043.894,16978025799.0
2025-05-23,sz399006,2021.499,2043.202,2060.093,2021.499,17839165926.0
2025-05-26,sz399006,2005.259,2016.37,2023.485,1991.785,14778711915.0
2025-05-27,sz399006,1991.643,2001.622,2001.622,1983.898,15097227436.0
2025-05-28,sz399006,1985.383,1996.488,2001.951,1981.668,16073660505.0
2025-05-29,sz399006,2012.548,1988.319,2016.214,1986.629,19615377832.0
2025-05-30,sz399006,1993.188,2002.732,2004.504,1988.186,19207084090.0
2025-06-03,sz399006,2002.7,1986.543,2012.24,1985.567,18511574738.0
2025-06-04,sz399006,2024.933,2009.374,2030.922,2009.374,18504149321.0
2025-06-05,sz399006,2048.615,2026.631,2053.563,2014.435,20848380812.0
2025-06-06,sz399006,2039.435,2047.866,2051.912,2034.098,17810899136.0
2025-06-09,sz399006,2061.291,2046.427,2075.58,2045.644,20282746568.0
2025-06-10,sz399006,2037.271,2057.97,2063.871,2023.168,23768780842.0
2025-06-11,sz399006,2061.867,2044.284,2076.913,2044.284,20845583085.0
2025-06-12,sz399006,2067.154,2057.196,2076.838,2051.24,21402132576.0
2025-06-13,sz399006,2043.824,2054.967,2065.867,2036.963,24178096873.0
2025-06-16,sz399006,2057.323,2038.699,2062.423,2038.699,20370262370.0
2025-06-17,sz399006,2049.943,2061.469,2063.084,2045.054,21685353341.0
2025-06-18,sz399006,2054.729,2046.694,2059.376,2039.248,21130444823.0
2025-06-19,sz399006,2026.817,2049.176,2057.765,2021.176,22178848260.0
2025-06-20,sz399006,2009.893,2026.881,2036.019,2007.507,19030801593.0
2025-06-23,sz399006,2017.634,1996.962,2021.763,1996.962,20025034128.0
2025-06-24,sz399006,2064.135,2024.702,2065.836,2024.702,24784030051.0
2025-06-25,sz399006,2128.392,2073.259,2133.034,2072.866,26753719715.0
2025-06-26,sz399006,2114.425,2128.859,2142.21,2113.137,26941120880.0
2025-06-27,sz399006,2124.344,2125.849,2146.036,2112.745,24228122325.0
2025-06-30,sz399006,2153.014,2132.931,2154.0,2128.78,23847288167.0
2025-07-01,sz399006,2147.919,2149.216,2152.918,2134.571,24861511612.0
2025-07-02,sz399006,2123.719,2140.14,2140.14,2118.552,23427887136.0
2025-07-03,sz399006,2164.088,2130.739,2168.61,2130.739,21933757577.0
2025-07-04,sz399006,2156.234,2168.346,2187.884,2153.621,23229463094.0
2025-07-07,sz399006,2130.186,2148.934,2155.686,2126.323,18887255443.0
2025-07-08,sz399006,2181.077,2129.489,2183.057,2129.489,22827282051.0
2025-07-09,sz399006,2184.675,2179.317,2204.635,2179.109,23366909133.0
2025-07-10,sz399006,2189.577,2192.988,2199.71,2174.211,22055990969.0
2025-07-11,sz399006,2207.097,2190.007,2223.305,2181.186,23842646073.0
2025-07-14,sz399006,2197.068,2207.543,2208.076,2189.08,20214601116.0
2025-07-15,sz399006,2235.049,2211.405,2245.44,2209.902,22484388681.0
2025-07-16,sz399006,2230.194,2241.21,2259.635,2227.823,20510981734.0
2025-07-17,sz399006,2269.327,2228.524,2269.668,2228.524,21348549257.0
2025-07-18,sz399006,2277.152,2279.667,2296.911,2263.971,21196707708.0
2025-07-21,sz399006,2296.883,2285.414,2297.136,2273.809,22542405159.0
2025-07-22,sz399006,2310.856,2295.364,2313.459,2290.378,24246464787.0
2025-07-23,sz399006,2310.671,2308.114,2333.31,2304.63,23415958182.0
2025-07-24,sz399006,2345.367,2319.252,2345.367,2318.417,23323197809.0
2025-07-25,sz399006,2340.056,2348.281,2350.062,2332.025,22571518586.0
2025-07-28,sz399006,2362.6,2346.381,2366.507,2334.16,21686423753.0
2025-07-29,sz399006,2406.594,2362.775,2406.594,2355.375,23071609941.0
2025-07-30,sz399006,2367.684,2395.859,2395.885,2349.182,25030490858.0
2025-07-31,sz399006,2328.313,2382.967,2394.216,2321.716,25275364453.0
2025-08-01,sz399006,2322.627,2323.921,2348.015,2304.385,22816838411.0
2025-08-04,sz399006,2334.323,2307.373,2334.43,2304.483,21183884781.0
2025-08-05,sz399006,2343.376,2349.436,2350.996,2323.739,22517728715.0
2025-08-06,sz399006,2358.955,2335.95,2359.823,2335.95,25489331299.0
2025-08-07,sz399006,2342.861,2359.423,2372.683,2322.805,25797855397.0
2025-08-08,sz399006,2333.959,2338.249,2353.988,2330.01,24349547340.0
2025-08-11,sz399006,2379.816,2336.929,2384.86,2336.929,24490980549.0
2025-08-12,sz399006,2409.398,2381.163,2409.398,2368.813,24488379168.0
2025-08-13,sz399006,2496.504,2417.469,2497.857,2414.482,27243425162.0
2025-08-14,sz399006,2469.656,2496.627,2513.37,2463.858,29313157882.0
2025-08-15,sz399006,2534.219,2464.666,2541.894,2464.666,28003965052.0
2025-08-18,sz399006,2606.202,2549.552,2633.861,2529.249,36132657522.0
2025-08-19,sz399006,2601.743,2596.578,2634.597,2586.948,32436301630.0
2025-08-20,sz399006,2607.653,2572.005,2608.0,2547.44,28314502907.0
2025-08-21,sz399006,2595.465,2614.915,2626.374,2582.054,29243337744.0
2025-08-22,sz399006,2682.553,2587.529,2683.9,2587.529,29381103128.0
2025-08-25,sz399006,2762.99,2720.281,2782.014,2700.278,35203654117.0
2025-08-26,sz399006,2742.127,2747.107,2773.24,2726.724,30753111470.0
2025-08-27,sz399006,2723.198,2747.5,2822.271,2723.198,36360851590.0
2025-08-28,sz399006,2827.172,2707.339,2827.172,2707.339,34102659746.0
2025-08-29,sz399006,2890.125,2828.012,2933.992,2809.318,28407515660.0
2025-09-01,sz399006,2956.375,2914.642,2958.141,2886.73,27601432122.0
2025-09-02,sz399006,2872.222,2951.03,2979.735,2839.923,30044750940.0
2025-09-03,sz399006,2899.373,2882.843,2926.776,2859.507,24412887208.0
2025-09-04,sz399006,2776.248,2933.678,2956.411,2741.076,25622951632.0
2025-09-05,sz399006,2958.181,2789.909,2962.467,2775.17,24152196489.0
2025-09-08,sz399006,2933.246,2964.428,2964.428,2883.261,24641781610.0
2025-09-09,sz399006,2867.969,2901.289,2924.575,2843.672,21603226895.0
2025-09-10,sz399006,2904.269,2890.052,2926.161,2860.262,20144417977.0
2025-09-11,sz399006,3053.749,2917.767,3053.749,2899.83,24703471247.0
2025-09-12,sz399006,3020.423,3024.104,3056.526,3009.902,24405179818.0
2025-09-15,sz399006,3066.18,3052.059,3106.879,3044.688,22487125918.0
2025-09-16,sz399006,3087.04,3072.302,3089.781,3020.628,24258725969.0
2025-09-17,sz399006,3147.345,3085.71,3152.308,3064.769,24420771086.0
2025-09-18,sz399006,3095.851,3119.774,3168.679,3051.299,31070737793.0
2025-09-19,sz399006,3091.003,3098.278,3128.379,3072.762,22606373854.0
2025-09-22,sz399006,3107.887,3093.968,3107.887,3053.354,19928929065.0
2025-09-23,sz399006,3114.553,3139.5,3157.023,3041.461,24911904186.0
2025-09-24,sz399006,3185.571,3089.904,3185.837,3085.701,22145764294.0
2025-09-25,sz399006,3235.765,3167.752,3266.003,3161.076,22694285845.0
2025-09-26,sz399006,3151.53,3222.187,3251.882,3150.843,20924382005.0
2025-09-29,sz399006,3238.012,3165.065,3259.42,3164.804,20082588120.0
2025-09-30,sz399006,3238.16,3239.326,3279.018,3218.693,19665152997.0
2025-10-09,sz399006,3261.822,3251.04,3322.444,3243.706,23035968624.0
2025-10-10,sz399006,3113.262,3230.457,3235.855,3097.635,21970285025.0
2025-10-13,sz399006,3078.762,2975.026,3096.401,2975.026,21088163085.0
2025-10-14,sz399006,2955.983,3120.995,3124.834,2943.583,21671824234.0
2025-10-15,sz399006,3025.867,2964.517,3030.586,2927.515,17983852649.0
2025-10-16,sz399006,3037.442,3008.372,3068.838,3001.105,17347166734.0
2025-10-17,sz399006,2935.37,3026.398,3042.286,2932.684,17826886522.0
2025-10-20,sz399006,2993.455,3007.208,3042.199,2970.188,15593761109.0
2025-10-21,sz399006,3083.716,3017.772,3101.932,2994.76,17202850600.0
2025-10-22,sz399006,3059.319,3061.267,3089.764,3044.045,15831341016.0
2025-10-23,sz399006,3062.163,3050.736,3066.46,3003.336,16239949055.0
2025-10-24,sz399006,3171.569,3087.628,3171.569,3082.064,18307380958.0
2025-10-27,sz399006,3234.455,3227.179,3241.951,3179.623,20725640357.0
2025-10-28,sz399006,3229.575,3205.442,3282.328,3205.05,20143239786.0
2025-10-29,sz399006,3324.271,3263.984,3324.271,3258.689,20717836728.0
2025-10-30,sz399006,3263.022,3313.788,3331.859,3259.21,21761020060.0
2025-10-31,sz399006,3187.533,3260.264,3281.662,3187.533,21347524662.0
2025-11-03,sz399006,3196.871,3179.297,3199.399,3120.851,20898199089.0
2025-11-04,sz399006,3134.09,3190.404,3207.102,3111.02,19143966340.0
2025-11-05,sz399006,3166.231,3068.948,3179.929,3068.948,20000833382.0
2025-11-06,sz399006,3224.624,3185.128,3236.679,3177.603,19582658733.0
2025-11-07,sz399006,3208.206,3201.259,3240.345,3178.802,19944235624.0
2025-11-10,sz399006,3178.827,3221.933,3236.605,3138.303,20533756116.0
2025-11-11,sz399006,3134.316,3197.123,3209.89,3130.575,20310223048.0
2025-11-12,sz399006,3122.027,3122.577,3137.582,3078.644,19984248383.0
2025-11-13,sz399006,3201.754,3119.086,3209.703,3107.623,20638393403.0
2025-11-14,sz399006,3111.507,3145.924,3167.105,3111.507,20998312484.0
2025-11-17,sz399006,3105.203,3097.335,3120.735,3082.234,21307476760.0
2025-11-18,sz399006,3069.219,3089.382,3115.306,3052.636,22428895470.0
2025-11-19,sz399006,3076.845,3065.165,3113.222,3061.963,20997810906.0
2025-11-20,sz399006,3042.341,3131.838,3137.065,3039.377,19450267734.0
2025-11-21,sz399006,2920.078,2979.371,2996.794,2920.039,24648637338.0
2025-11-24,sz399006,2929.043,2946.456,2951.434,2892.274,21908590872.0
2025-11-25,sz399006,2980.934,2970.731,3027.83,2961.932,22808738026.0
2025-11-26,sz399006,3044.695,2976.705,3081.491,2962.992,21283321280.0
2025-11-27,sz399006,3031.296,3041.205,3113.442,3027.305,19514288579.0
2025-11-28,sz399006,3052.587,3029.977,3067.76,3013.494,18738179122.0
2025-12-01,sz399006,3092.499,3060.557,3093.962,3037.688,21008205794.0
2025-12-02,sz399006,3071.149,3091.369,3094.177,3056.362,19246524050.0
2025-12-03,sz399006,3036.786,3078.858,3105.304,3028.696,19585191000.0
2025-12-04,sz399006,3067.484,3037.051,3075.458,3016.579,17561563591.0
2025-12-05,sz399006,3109.297,3084.217,3115.814,3048.943,18848488749.0
2025-12-08,sz399006,3190.269,3119.151,3214.478,3119.151,21190777492.0
2025-12-09,sz399006,3209.603,3183.613,3235.536,3175.506,19411787047.0
2025-12-10,sz399006,3209.004,3201.378,3220.235,3143.415,18550766603.0
2025-12-11,sz399006,3163.675,3210.546,3246.317,3163.675,19403941107.0
2025-12-12,sz399006,3194.359,3172.731,3203.254,3137.625,20278545302.0
2025-12-15,sz399006,3137.801,3157.32,3184.625,3135.663,18067347997.0
2025-12-16,sz399006,3071.762,3130.428,3141.579,3058.792,18155089402.0
2025-12-17,sz399006,3175.908,3072.621,3181.689,3072.621,18686832441.0
2025-12-18,sz399006,3107.065,3138.657,3154.066,3107.065,16921874026.0
2025-12-19,sz399006,3122.238,3134.804,3157.29,3112.032,17736191710.0
2025-12-22,sz399006,3191.985,3153.749,3197.941,3153.749,17522753517.0
2025-12-23,sz399006,3205.011,3196.309,3227.067,3184.534,18388058045.0
2025-12-24,sz399006,3229.577,3207.409,3234.999,3193.967,18267504994.0
2025-12-25,sz399006,3239.343,3232.971,3249.105,3200.492,19356999681.0
2025-12-26,sz399006,3243.876,3232.409,3268.695,3219.131,21093462998.0
2025-12-29,sz399006,3222.611,3237.773,3250.088,3208.076,19624276753.0
2025-12-30,sz399006,3242.905,3208.323,3251.133,3207.729,20695328504.0
2025-12-31,sz399006,3203.172,3247.737,3254.89,3198.248,20619816729.0
2026-01-05,sz399006,3294.551,3229.933,3295.286,3229.933,26314261047.0
2026-01-06,sz399006,3319.292,3279.811,3321.436,3265.729,27815065515.0
2026-01-07,sz399006,3329.693,3331.341,3351.216,3298.553,27164105082.0
2026-01-08,sz399006,3302.307,3308.738,3328.955,3285.164,28086491869.0
2026-01-09,sz399006,3327.813,3279.376,3330.012,3269.993,33328063500.0
2026-01-12,sz399006,3388.341,3323.636,3398.05,3282.389,40685183170.0
2026-01-13,sz399006,3321.889,3390.688,3416.837,3307.631,41954770103.0
2026-01-14,sz399006,3349.138,3333.171,3403.954,3308.627,43995841831.0
2026-01-15,sz399006,3367.917,3318.109,3372.474,3309.062,30757654761.0
2026-01-16,sz399006,3361.017,3394.346,3407.862,3354.649,29998155132.0
2026-01-19,sz399006,3337.608,3340.936,3383.789,3326.134,25640521661.0
2026-01-20,sz399006,3277.979,3340.456,3347.944,3257.435,26073148031.0
2026-01-21,sz399006,3295.523,3270.127,3329.502,3270.127,23018590975.0
2026-01-22,sz399006,3328.647,3312.751,3337.272,3280.317,23538932550.0
2026-01-23,sz399006,3349.503,3334.017,3349.503,3316.654,29347937166.0
2026-01-26,sz399006,3319.149,3365.606,3367.992,3304.356,31480672335.0
2026-01-27,sz399006,3342.599,3316.021,3366.683,3277.257,26646005109.0
2026-01-28,sz399006,3323.562,3359.788,3361.14,3301.048,25814224847.0
2026-01-29,sz399006,3304.51,3322.48,3356.485,3298.588,29496322405.0
2026-01-30,sz399006,3346.355,3301.541,3369.245,3255.648,26302631763.0
2026-02-02,sz399006,3264.111,3368.141,3390.299,3262.122,23854360757.0
2026-02-03,sz399006,3324.892,3318.06,3332.477,3249.061,23061644766.0
2026-02-04,sz399006,3311.515,3298.322,3318.898,3244.711,23731292772.0
2026-02-05,sz399006,3260.278,3277.721,3288.375,3238.784,20529520802.0
2026-02-06,sz399006,3236.464,3222.884,3288.032,3199.144,20940122955.0
2026-02-09,sz399006,3332.77,3299.597,3340.329,3276.567,23531193301.0
2026-02-10,sz399006,3320.537,3321.884,3348.483,3320.537,24045837249.0
2026-02-11,sz399006,3284.735,3312.643,3324.182,3284.239,22071512282.0
2026-02-12,sz399006,3328.063,3294.571,3334.354,3292.677,22591739521.0
2026-02-13,sz399006,3275.958,3309.429,3323.369,3275.289,20624958923.0
2026-02-24,sz399006,3308.265,3331.795,3343.244,3292.5,22240405558.0
2026-02-25,sz399006,3354.819,3313.093,3363.182,3302.759,23205479475.0
2026-02-26,sz399006,3344.982,3346.743,3351.573,3310.554,25161974420.0
2026-02-27,sz399006,3310.305,3303.977,3326.585,3292.892,24032083023.0
2026-03-02,sz399006,3294.161,3257.051,3319.908,3257.051,27351491153.0
2026-03-03,sz399006,3209.482,3316.633,3331.264,3206.615,28637119972.0
2026-03-04,sz399006,3164.371,3171.185,3217.111,3149.412,21733186383.0
2026-03-05,sz399006,3216.939,3236.151,3264.796,3194.956,24166948932.0
2026-03-06,sz399006,3229.302,3197.665,3248.898,3177.871,22276622596.0
2026-03-09,sz399006,3208.582,3152.717,3220.015,3111.883,25504546193.0
2026-03-10,sz399006,3306.141,3281.944,3308.747,3272.99,23630427361.0
2026-03-11,sz399006,3349.529,3318.413,3388.103,3318.413,23556722041.0
2026-03-12,sz399006,3317.522,3357.033,3358.771,3286.767,22542505817.0
2026-03-13,sz399006,3310.278,3296.503,3342.854,3296.114,22655297449.0
2026-03-16,sz399006,3357.022,3323.979,3360.354,3284.048,20821772507.0
2026-03-17,sz399006,3280.059,3385.712,3390.021,3279.875,20725685437.0
2026-03-18,sz399006,3346.365,3307.822,3350.556,3274.26,19370269368.0
2026-03-19,sz399006,3309.103,3311.445,3361.215,3295.453,19915356248.0
2026-03-20,sz399006,3352.103,3362.072,3426.609,3348.7,22540163023.0
2026-03-23,sz399006,3235.221,3300.558,3334.456,3214.819,23966917084.0
2026-03-24,sz399006,3251.545,3266.932,3270.191,3155.271,20522547863.0
2026-03-25,sz399006,3316.971,3287.171,3325.263,3278.726,20629018561.0
2026-03-26,sz399006,3272.488,3299.031,3347.23,3263.996,18545832832.0
2026-03-27,sz399006,3295.88,3236.37,3323.333,3228.411,16968830294.0
2026-03-30,sz399006,3273.355,3254.431,3281.393,3224.599,17219385707.0
2026-03-31,sz399006,3184.952,3247.279,3280.479,3184.952,17816826549.0
2026-04-01,sz399006,3247.523,3255.264,3255.264,3206.802,18012365918.0
2026-04-02,sz399006,3172.649,3229.6,3229.679,3155.13,17467543341.0
2026-04-03,sz399006,3149.596,3197.771,3199.438,3149.153,16182688712.0
2026-04-07,sz399006,3160.816,3162.823,3181.351,3133.779,14670427390.0
2026-04-08,sz399006,3347.61,3257.906,3348.392,3243.782,22690229989.0
2026-04-09,sz399006,3323.299,3316.291,3340.298,3301.646,19555590311.0
2026-04-10,sz399006,3448.787,3355.073,3470.719,3354.765,20539106713.0
2026-04-13,sz399006,3476.44,3434.32,3492.482,3434.32,18001313969.0
2026-04-14,sz399006,3558.527,3507.11,3560.302,3493.368,20096606164.0
2026-04-15,sz399006,3514.96,3596.079,3599.979,3491.451,20315993310.0
2026-04-16,sz399006,3626.271,3531.261,3629.422,3518.358,21219301035.0
2026-04-17,sz399006,3678.293,3643.153,3685.098,3620.328,21364787944.0
2026-04-20,sz399006,3677.576,3657.348,3696.26,3642.807,21559884372.0
2026-04-21,sz399006,3688.937,3662.259,3695.742,3619.485,19671006859.0
2026-04-22,sz399006,3752.759,3660.42,3755.751,3660.085,20832548977.0
2026-04-23,sz399006,3720.247,3769.019,3785.23,3681.571,23455411380.0
2026-04-24,sz399006,3667.785,3682.499,3699.939,3624.995,22796018188.0
2026-04-27,sz399006,3648.788,3677.89,3686.943,3640.115,21594188735.0
2026-04-28,sz399006,3596.712,3623.49,3636.934,3580.389,21883402468.0
2021-05-18,sz399001,14450.604,14462.406,14497.899,14345.988,31802047937.0
2021-05-19,sz399001,14484.455,14399.764,14544.199,14359.019,33326585335.0
2021-05-20,sz399001,14535.098,14455.607,14582.402,14431.796,36347766038.0
2021-05-21,sz399001,14417.457,14582.065,14634.595,14386.123,33380113917.0
2021-05-24,sz399001,14506.607,14436.357,14506.607,14295.477,34686463857.0
2021-05-25,sz399001,14846.453,14533.948,14862.192,14509.775,37385983278.0
2021-05-26,sz399001,14793.681,14850.281,14860.642,14762.2,38748657785.0
2021-05-27,sz399001,14897.188,14796.051,14955.3,14720.669,38110819751.0
2021-05-28,sz399001,14852.878,14899.332,14977.246,14778.822,40605948843.0
2021-05-31,sz399001,14996.377,14874.89,14996.377,14836.147,38628013643.0
2021-06-01,sz399001,15034.779,14963.954,15039.023,14820.737,40829957513.0
2021-06-02,sz399001,14857.908,15044.941,15051.207,14793.739,41242307729.0
2021-06-03,sz399001,14761.132,14850.507,14947.6,14759.823,38146044766.0
2021-06-04,sz399001,14870.914,14704.189,14989.212,14667.532,36538574830.0
2021-06-07,sz399001,14862.6,14879.492,14883.548,14760.203,36852944138.0
2021-06-08,sz399001,14716.982,14867.945,14973.811,14625.285,38476939388.0
2021-06-09,sz399001,14718.402,14698.354,14762.644,14641.834,37427539605.0
2021-06-10,sz399001,14893.593,14715.137,14940.304,14699.308,41700209072.0
2021-06-11,sz399001,14801.24,14918.493,14920.865,14738.619,45263632487.0
2021-06-15,sz399001,14673.339,14806.689,14829.973,14564.56,40793961039.0
2021-06-16,sz399001,14295.928,14663.481,14667.241,14290.228,37800270704.0
2021-06-17,sz399001,14472.37,14291.938,14489.512,14291.938,36340329255.0
2021-06-18,sz399001,14583.668,14510.561,14635.498,14449.06,40139019778.0
2021-06-21,sz399001,14641.293,14563.051,14721.689,14468.74,40888560995.0
2021-06-22,sz399001,14696.286,14678.368,14706.505,14564.495,42448013150.0
2021-06-23,sz399001,14843.831,14713.838,14882.138,14641.471,41438939467.0
2021-06-24,sz399001,14784.8,14876.729,14877.639,14718.888,39991991223.0
2021-06-25,sz399001,15003.85,14799.527,15036.769,14797.336,40020223009.0
2021-06-28,sz399001,15150.168,15049.774,15166.556,15031.206,38309625485.0
2021-06-29,sz399001,14999.798,15187.805,15187.805,14991.179,37866879862.0
2021-06-30,sz399001,15161.702,15015.291,15175.752,14978.301,35612825341.0
2021-07-01,sz399001,15038.876,15203.068,15206.149,15001.891,38950787400.0
2021-07-02,sz399001,14670.711,14937.733,14937.733,14652.736,35555461939.0
2021-07-05,sz399001,14718.663,14666.682,14782.565,14597.866,36693985287.0
2021-07-06,sz399001,14667.646,14745.454,14779.295,14480.867,40044728674.0
2021-07-07,sz399001,14940.047,14592.75,14966.229,14545.288,38482102443.0
2021-07-08,sz399001,14882.904,14984.251,15033.343,14856.931,43989160668.0
2021-07-09,sz399001,14844.356,14805.806,14887.599,14583.548,42290362441.0
2021-07-12,sz399001,15161.522,14970.126,15222.173,14870.828,48444245975.0
2021-07-13,sz399001,15189.295,15151.086,15232.146,15077.342,47543723147.0
2021-07-14,sz399001,15056.318,15141.043,15215.633,15021.991,48260924344.0
2021-07-15,sz399001,15169.334,15014.913,15170.645,14899.312,46052843445.0
2021-07-16,sz399001,14972.214,15144.084,15165.748,14962.969,44335781612.0
2021-07-19,sz399001,14992.904,14958.616,15033.598,14856.644,42820484902.0
2021-07-20,sz399001,15011.354,14879.273,15031.88,14859.714,38181599129.0
2021-07-21,sz399001,15212.599,15070.169,15264.104,15061.086,45252720120.0
2021-07-22,sz399001,15262.188,15258.729,15290.056,15172.104,49105356406.0
2021-07-23,sz399001,15028.567,15248.251,15248.251,14989.501,52805614185.0
2021-07-26,sz399001,14630.85,14982.902,14982.902,14376.327,51181860500.0
2021-07-27,sz399001,14093.635,14640.261,14741.87,14093.635,52856072583.0
2021-07-28,sz399001,14086.424,13967.443,14207.39,13727.476,47901527997.0
2021-07-29,sz399001,14515.323,14390.29,14544.107,14277.965,43905898520.0
2021-07-30,sz399001,14473.21,14482.775,14522.121,14294.478,47754339650.0
2021-08-02,sz399001,14798.158,14463.213,14806.86,14395.328,50748213836.0
2021-08-03,sz399001,14736.918,14745.905,14844.521,14656.197,50800549678.0
2021-08-04,sz399001,14990.109,14715.75,14990.109,14683.354,44662323099.0
2021-08-05,sz399001,14872.226,14901.961,14990.652,14800.417,47133210628.0
2021-08-06,sz399001,14827.41,14902.69,14915.727,14722.128,44273226177.0
2021-08-09,sz399001,14941.442,14738.367,14980.147,14682.94,44759125257.0
2021-08-10,sz399001,15057.591,14919.516,15057.591,14863.081,47397170860.0
2021-08-11,sz399001,15021.17,15048.87,15101.129,14969.082,49152912628.0
2021-08-12,sz399001,14901.971,14972.495,15037.577,14857.911,50346503825.0
2021-08-13,sz399001,14799.032,14839.514,14994.606,14717.673,49021620167.0
2021-08-16,sz399001,14693.736,14756.477,14800.22,14660.081,47200208289.0
2021-08-17,sz399001,14350.647,14696.188,14750.933,14308.634,50925304694.0
2021-08-18,sz399001,14454.114,14371.817,14500.137,14284.848,44685754046.0
2021-08-19,sz399001,14487.361,14456.185,14570.63,14357.731,45352564533.0
2021-08-20,sz399001,14253.535,14376.899,14448.925,14100.924,44068555718.0
2021-08-23,sz399001,14535.877,14296.953,14558.468,14260.076,48127214053.0
2021-08-24,sz399001,14663.549,14558.96,14710.007,14496.886,50831646992.0
2021-08-25,sz399001,14697.497,14657.651,14697.497,14562.822,47486148032.0
2021-08-26,sz399001,14415.459,14701.924,14701.924,14409.885,51824933439.0
2021-08-27,sz399001,14436.896,14382.179,14537.153,14366.146,51140421952.0
2021-08-30,sz399001,14423.366,14482.975,14546.744,14339.385,55168125397.0
2021-08-31,sz399001,14328.382,14407.939,14418.263,14157.55,53002820661.0
2021-09-01,sz399001,14314.086,14336.07,14418.609,14058.249,60181317363.0
2021-09-02,sz399001,14277.339,14294.545,14348.815,14226.423,52224978060.0
2021-09-03,sz399001,14179.864,14295.562,14302.903,14118.732,59786332762.0
2021-09-06,sz399001,14546.604,14184.425,14567.137,14145.633,53157271026.0
2021-09-07,sz399001,14702.898,14543.839,14724.625,14483.547,53223518760.0
2021-09-08,sz399001,14688.08,14706.883,14789.09,14630.497,61092360904.0
2021-09-09,sz399001,14698.528,14666.048,14716.733,14547.066,57129567536.0
2021-09-10,sz399001,14771.871,14673.454,14811.511,14645.258,57388120320.0
2021-09-13,sz399001,14705.827,14776.82,14833.885,14648.782,54952022428.0
2021-09-14,sz399001,14626.085,14699.225,14844.264,14589.725,57755259001.0
2021-09-15,sz399001,14536.313,14590.8,14602.338,14476.194,51525808907.0
2021-09-16,sz399001,14258.13,14527.096,14550.31,14258.13,57164442778.0
2021-09-17,sz399001,14359.358,14224.611,14383.617,14136.466,50900041398.0
2021-09-22,sz399001,14277.075,14139.897,14311.959,14117.632,43591068662.0
2021-09-23,sz399001,14387.359,14380.094,14416.369,14338.985,51530745414.0
2021-09-24,sz399001,14357.846,14359.108,14514.39,14307.682,48847728984.0
2021-09-27,sz399001,14344.287,14430.04,14527.769,14253.15,51231511813.0
2021-09-28,sz399001,14313.822,14307.531,14425.158,14243.202,38138051862.0
2021-09-29,sz399001,14079.023,14202.397,14235.879,14020.556,41258802410.0
2021-09-30,sz399001,14309.013,14124.075,14337.505,14124.075,35261379315.0
2021-10-08,sz399001,14414.159,14457.939,14489.328,14348.98,40147890017.0
2021-10-11,sz399001,14367.604,14440.824,14484.393,14338.471,37382765442.0
2021-10-12,sz399001,14135.376,14335.535,14335.535,14006.647,39385089507.0
2021-10-13,sz399001,14353.078,14140.418,14358.497,14112.913,33965891989.0
2021-10-14,sz399001,14341.376,14350.628,14399.916,14293.534,34120029410.0
2021-10-15,sz399001,14415.992,14294.18,14440.576,14232.031,38365500847.0
2021-10-18,sz399001,14350.02,14393.176,14393.176,14218.607,36156419930.0
2021-10-19,sz399001,14499.767,14352.931,14504.236,14352.931,35829868528.0
2021-10-20,sz399001,14452.246,14500.456,14552.574,14431.632,37811757609.0
2021-10-21,sz399001,14444.856,14466.416,14501.452,14348.121,37231127946.0
2021-10-22,sz399001,14492.821,14467.368,14582.79,14454.855,38226250394.0
2021-10-25,sz399001,14596.725,14491.349,14599.004,14452.881,36280331313.0
2021-10-26,sz399001,14552.819,14658.993,14682.428,14531.483,38683049733.0
2021-10-27,sz399001,14393.508,14510.449,14510.449,14348.052,39832512773.0
2021-10-28,sz399001,14244.819,14350.91,14407.663,14188.289,39184698237.0
2021-10-29,sz399001,14451.382,14242.684,14457.438,14199.59,38001438315.0
2021-11-01,sz399001,14476.526,14393.577,14569.226,14344.483,40969401099.0
2021-11-02,sz399001,14377.266,14476.897,14558.357,14248.005,44383416678.0
2021-11-03,sz399001,14367.78,14365.214,14458.619,14287.344,36078656530.0
2021-11-04,sz399001,14555.274,14440.216,14557.944,14420.145,38493183033.0
2021-11-05,sz399001,14462.622,14536.6,14623.478,14462.594,44573408901.0
2021-11-08,sz399001,14508.861,14451.59,14532.721,14400.838,40102296495.0
2021-11-09,sz399001,14571.933,14538.618,14581.421,14463.768,38886038455.0
2021-11-10,sz399001,14515.881,14521.72,14536.627,14302.797,42661209839.0
2021-11-11,sz399001,14699.744,14497.981,14708.118,14479.366,45388079203.0
2021-11-12,sz399001,14705.368,14708.6,14732.346,14646.491,44841196412.0
2021-11-15,sz399001,14636.391,14724.343,14732.05,14578.234,46560201568.0
2021-11-16,sz399001,14613.973,14626.874,14736.372,14597.04,45817933855.0
2021-11-17,sz399001,14711.184,14646.659,14711.184,14596.889,43793166675.0
2021-11-18,sz399001,14579.167,14685.785,14685.785,14555.224,47926393234.0
2021-11-19,sz399001,14752.486,14569.928,14761.531,14552.669,46199385428.0
2021-11-22,sz399001,14960.656,14778.584,14961.787,14776.035,47718399896.0
2021-11-23,sz399001,14905.133,14929.242,14954.848,14874.433,48071164498.0
2021-11-24,sz399001,14887.595,14908.975,14942.956,14864.894,47778359002.0
2021-11-25,sz399001,14827.951,14884.854,14897.182,14819.684,44698049733.0
2021-11-26,sz399001,14777.171,14802.016,14862.933,14745.592,44128963042.0
2021-11-29,sz399001,14810.197,14635.476,14825.433,14633.059,43539097698.0
2021-11-30,sz399001,14795.734,14854.523,14870.226,14712.822,47301283194.0
2021-12-01,sz399001,14794.247,14794.365,14824.809,14724.72,46044118055.0
2021-12-02,sz399001,14765.561,14769.688,14834.787,14740.235,47863787945.0
2021-12-03,sz399001,14892.053,14772.666,14892.053,14767.446,43396698280.0
2021-12-06,sz399001,14752.957,14872.545,14942.241,14742.098,46777699831.0
2021-12-07,sz399001,14697.167,14845.019,14861.378,14602.729,45014216981.0
2021-12-08,sz399001,14964.464,14748.649,14964.464,14733.887,40810274509.0
2021-12-09,sz399001,15147.875,14965.436,15193.675,14957.337,47054755444.0
2021-12-10,sz399001,15111.562,15044.682,15148.778,15026.37,45386002614.0
2021-12-13,sz399001,15212.485,15166.156,15288.654,15151.805,47516232485.0
2021-12-14,sz399001,15136.775,15171.055,15185.252,15109.058,46156842561.0
2021-12-15,sz399001,15026.207,15112.185,15187.256,15012.745,47501850159.0
2021-12-16,sz399001,15112.807,15047.467,15112.807,14977.45,47449150775.0
2021-12-17,sz399001,14867.554,15075.227,15075.227,14867.251,50418320381.0
2021-12-20,sz399001,14569.184,14818.416,14902.135,14551.365,50463990934.0
2021-12-21,sz399001,14688.983,14559.724,14702.383,14547.603,48036278348.0
2021-12-22,sz399001,14791.332,14723.409,14813.042,14709.402,53163265256.0
2021-12-23,sz399001,14863.928,14818.992,14878.955,14790.454,49240067621.0
2021-12-24,sz399001,14710.328,14872.416,14887.456,14674.141,50736522163.0
2021-12-27,sz399001,14715.646,14704.286,14802.352,14652.418,43610666877.0
2021-12-28,sz399001,14837.869,14736.732,14841.879,14696.451,43215711767.0
2021-12-29,sz399001,14653.823,14828.193,14828.193,14645.198,42428006774.0
2021-12-30,sz399001,14796.231,14652.081,14846.817,14652.081,45543080629.0
2021-12-31,sz399001,14857.346,14842.071,14871.976,14797.113,46867522613.0
2022-01-04,sz399001,14791.313,14935.228,14941.192,14681.71,57054686517.0
2022-01-05,sz399001,14525.759,14752.083,14767.223,14469.369,58383278363.0
2022-01-06,sz399001,14429.508,14432.459,14497.765,14298.477,51351600672.0
2022-01-07,sz399001,14343.654,14449.54,14495.672,14331.976,56184984793.0
2022-01-10,sz399001,14406.973,14304.859,14430.094,14194.351,46312510470.0
2022-01-11,sz399001,14223.351,14402.218,14433.559,14201.898,47547403184.0
2022-01-12,sz399001,14421.198,14316.532,14426.118,14293.408,46611136480.0
2022-01-13,sz399001,14138.336,14440.982,14440.982,14138.336,49513909388.0
2022-01-14,sz399001,14150.569,14054.666,14219.441,14039.869,50638226785.0
2022-01-17,sz399001,14363.567,14162.999,14374.474,14159.266,50532197979.0
2022-01-18,sz399001,14391.389,14365.186,14444.538,14285.626,54887020701.0
2022-01-19,sz399001,14207.193,14376.364,14413.382,14120.241,48339852745.0
2022-01-20,sz399001,14198.303,14188.509,14311.996,14149.499,51711538452.0
2022-01-21,sz399001,14029.546,14144.219,14181.623,13991.639,43878415247.0
2022-01-24,sz399001,14081.795,13941.9,14133.036,13918.988,37184418416.0
2022-01-25,sz399001,13683.895,14018.932,14091.879,13682.724,44610545744.0
2022-01-26,sz399001,13780.301,13742.025,13820.94,13580.399,35128831501.0
2022-01-27,sz399001,13398.845,13756.873,13773.5,13395.356,37319445338.0
2022-01-28,sz399001,13328.056,13515.466,13553.222,13227.833,35889292717.0
2022-02-07,sz399001,13456.647,13558.944,13632.447,13412.203,37163439353.0
2022-02-08,sz399001,13325.412,13432.078,13432.335,13051.803,39413310313.0
2022-02-09,sz399001,13531.311,13321.806,13541.874,13283.201,43044232299.0
2022-02-10,sz399001,13432.067,13537.306,13537.306,13339.497,40894157155.0
2022-02-11,sz399001,13224.378,13360.397,13452.724,13206.626,44176180143.0
2022-02-14,sz399001,13123.212,13140.353,13280.076,13049.45,39144947071.0
2022-02-15,sz399001,13345.626,13143.103,13346.674,13138.441,37139160803.0
2022-02-16,sz399001,13376.356,13403.636,13446.061,13339.797,37530877510.0
2022-02-17,sz399001,13422.899,13360.458,13490.86,13322.686,42928561256.0
2022-02-18,sz399001,13459.681,13334.896,13460.211,13316.472,38837049683.0
2022-02-21,sz399001,13471.157,13464.852,13503.089,13404.73,44801214227.0
2022-02-22,sz399001,13297.107,13384.029,13384.029,13216.634,45691784106.0
2022-02-23,sz399001,13549.985,13319.873,13553.268,13319.873,45406101316.0
2022-02-24,sz399001,13252.241,13459.006,13538.71,13093.969,62904562120.0
2022-02-25,sz399001,13412.918,13383.235,13540.988,13383.235,43465089061.0
2022-02-28,sz399001,13455.733,13397.929,13457.612,13279.316,39794025992.0
2022-03-01,sz399001,13488.637,13493.275,13517.249,13393.854,39926109157.0
2022-03-02,sz399001,13346.956,13412.899,13412.899,13267.553,40042991203.0
2022-03-03,sz399001,13201.82,13397.97,13407.035,13187.74,45112570165.0
2022-03-04,sz399001,13020.464,13089.423,13204.242,12972.241,44826677556.0
2022-03-07,sz399001,12573.435,12930.732,12930.732,12523.448,43033849937.0
2022-03-08,sz399001,12244.497,12594.595,12653.458,12178.178,48566082015.0
2022-03-09,sz399001,12107.171,12282.146,12337.77,11598.393,52118799520.0
2022-03-10,sz399001,12370.954,12421.764,12486.905,12331.505,45735173294.0
2022-03-11,sz399001,12447.373,12181.484,12464.498,12043.382,44642913905.0
2022-03-14,sz399001,12063.632,12315.774,12389.414,12063.632,41095792224.0
2022-03-15,sz399001,11537.235,11948.634,12086.035,11537.235,49113319923.0
2022-03-16,sz399001,12000.959,11765.306,12034.458,11331.226,51065317741.0
2022-03-17,sz399001,12289.974,12228.843,12497.856,12218.17,53055256130.0
2022-03-18,sz399001,12328.647,12222.22,12368.591,12141.754,45201628249.0
2022-03-21,sz399001,12379.636,12385.869,12469.983,12257.673,47249131825.0
2022-03-22,sz399001,12318.783,12350.732,12410.471,12269.172,46450150819.0
2022-03-23,sz399001,12408.65,12373.509,12436.206,12291.365,45067751249.0
2022-03-24,sz399001,12305.504,12339.144,12384.779,12188.575,44069282709.0
2022-03-25,sz399001,12072.728,12315.35,12330.948,12072.728,43718468033.0
2022-03-28,sz399001,11949.939,11968.997,12053.201,11835.334,42333298775.0
2022-03-29,sz399001,11895.077,11983.54,12050.854,11857.368,42513225308.0
2022-03-30,sz399001,12263.802,11969.364,12263.802,11961.064,45096789846.0
2022-03-31,sz399001,12118.254,12208.992,12220.063,12090.288,49890606601.0
2022-04-01,sz399001,12227.931,12040.014,12275.075,12009.205,47057621321.0
2022-04-06,sz399001,12172.911,12220.775,12238.019,12091.98,48442921704.0
2022-04-07,sz399001,11972.023,12101.371,12205.097,11971.334,47857870369.0
2022-04-08,sz399001,11959.271,11988.048,12001.591,11799.021,46248466716.0
2022-04-11,sz399001,11520.214,11876.178,11876.178,11482.726,46326184026.0
2022-04-12,sz399001,11756.377,11523.28,11756.377,11439.591,44976561078.0
2022-04-13,sz399001,11568.17,11669.081,11744.245,11568.17,43871300236.0
2022-04-14,sz399001,11714.615,11662.594,11787.117,11587.866,40677125141.0
2022-04-15,sz399001,11648.567,11626.055,11737.791,11552.782,43833582887.0
2022-04-18,sz399001,11691.473,11557.521,11710.843,11459.839,36460568257.0
2022-04-19,sz399001,11633.323,11691.76,11771.553,11584.24,35716648071.0
2022-04-20,sz399001,11392.228,11619.744,11641.45,11360.081,39913347696.0
2022-04-21,sz399001,11084.284,11328.707,11429.781,11038.377,42925153465.0
2022-04-22,sz399001,11051.697,11016.676,11151.661,10896.915,37220385101.0
2022-04-25,sz399001,10379.283,10840.36,10866.641,10379.063,45761244266.0
2022-04-26,sz399001,10206.639,10401.994,10548.957,10181.169,43356638745.0
2022-04-27,sz399001,10652.904,10090.983,10652.926,10087.525,47620843572.0
2022-04-28,sz399001,10628.92,10607.793,10743.174,10498.656,40897548280.0
2022-04-29,sz399001,11021.436,10719.452,11029.936,10631.144,46493426956.0
2022-05-05,sz399001,11046.383,10928.676,11146.017,10897.26,40997960755.0
2022-05-06,sz399001,10809.88,10775.307,10913.687,10748.874,37539543290.0
2022-05-09,sz399001,10765.625,10743.025,10867.612,10698.665,33910914331.0
2022-05-10,sz399001,10912.742,10601.404,10938.576,10560.783,41132821118.0
2022-05-11,sz399001,11109.479,10921.031,11334.762,10917.096,50695104842.0
2022-05-12,sz399001,11094.869,11029.344,11173.016,11006.32,40442581261.0
2022-05-13,sz399001,11159.791,11167.589,11204.545,11044.46,38483806186.0
2022-05-16,sz399001,11093.374,11251.266,11296.0,11067.062,40840947085.0
2022-05-17,sz399001,11230.159,11095.402,11230.743,11059.832,38715678795.0
2022-05-18,sz399001,11208.075,11249.278,11300.223,11151.225,39388357583.0
2022-05-19,sz399001,11250.061,11035.957,11250.061,11019.077,41431409943.0
2022-05-20,sz399001,11454.527,11311.811,11454.527,11292.141,44630324861.0
2022-05-23,sz399001,11447.952,11468.807,11475.18,11343.212,42020065867.0
2022-05-24,sz399001,11065.917,11429.927,11429.927,11065.917,48868089193.0
2022-05-25,sz399001,11143.182,11062.628,11143.97,11009.734,37475291164.0
2022-05-26,sz399001,11206.82,11149.305,11276.195,10984.753,40014181063.0
2022-05-27,sz399001,11193.587,11289.997,11379.927,11126.746,39762866738.0
2022-05-30,sz399001,11310.282,11248.509,11327.047,11185.949,37434758088.0
2022-05-31,sz399001,11527.621,11313.405,11543.179,11241.026,42056905107.0
2022-06-01,sz399001,11551.272,11507.485,11592.47,11467.859,40792443871.0
2022-06-02,sz399001,11628.309,11492.966,11637.534,11470.891,40615805083.0
2022-06-06,sz399001,11938.119,11636.682,11941.168,11602.398,46170205673.0
2022-06-07,sz399001,11935.569,11937.28,12004.58,11857.448,45457489339.0
2022-06-08,sz399001,12033.261,11947.75,12040.348,11815.285,47612121155.0
2022-06-09,sz399001,11810.584,12002.806,12006.021,11761.211,43107683045.0
2022-06-10,sz399001,12035.149,11733.35,12039.466,11724.24,44054676942.0
2022-06-13,sz399001,11999.312,11922.56,12056.525,11881.078,46324999114.0
2022-06-14,sz399001,12023.785,11854.165,12028.136,11644.352,48759995770.0
2022-06-15,sz399001,12137.758,12052.735,12356.311,12038.803,56095401365.0
2022-06-16,sz399001,12150.958,12146.852,12274.182,12101.493,48807823186.0
2022-06-17,sz399001,12331.141,12045.844,12355.338,12036.268,46436078604.0
2022-06-20,sz399001,12487.134,12405.115,12587.952,12372.072,47533397760.0
2022-06-21,sz399001,12423.864,12477.726,12542.715,12299.948,49027608143.0
2022-06-22,sz399001,12246.553,12437.692,12445.162,12240.779,43877689387.0
2022-06-23,sz399001,12514.726,12273.382,12514.726,12177.255,47190889971.0
2022-06-24,sz399001,12686.032,12553.559,12690.537,12516.709,50125404931.0
2022-06-27,sz399001,12825.565,12742.555,12911.244,12742.555,51424261874.0
2022-06-28,sz399001,12982.686,12823.654,13001.543,12718.246,53502955118.0
2022-06-29,sz399001,12696.505,12930.426,12998.629,12682.934,57881936338.0
2022-06-30,sz399001,12896.204,12710.245,12970.646,12710.245,50289473109.0
2022-07-01,sz399001,12860.355,12899.474,12941.061,12805.729,45578351524.0
2022-07-04,sz399001,13026.246,12813.489,13026.246,12751.078,45843652792.0
2022-07-05,sz399001,12973.108,13057.241,13121.394,12798.014,49396947233.0
2022-07-06,sz399001,12811.33,12935.421,12997.407,12700.476,45114192672.0
2022-07-07,sz399001,12935.85,12826.092,12962.989,12732.698,45354693499.0
2022-07-08,sz399001,12857.13,12998.561,13034.464,12848.63,46401181600.0
2022-07-11,sz399001,12617.231,12798.42,12798.42,12514.976,45124333678.0
2022-07-12,sz399001,12439.268,12616.844,12657.488,12396.911,44428374727.0
2022-07-13,sz399001,12508.886,12441.72,12562.951,12323.203,44510551662.0
2022-07-14,sz399001,12602.775,12479.22,12695.196,12452.128,46948063935.0
2022-07-15,sz399001,12411.008,12557.152,12687.673,12411.008,50583902606.0
2022-07-18,sz399001,12532.651,12456.222,12559.067,12304.122,47323260939.0
2022-07-19,sz399001,12494.766,12524.511,12569.946,12402.105,48570264026.0
2022-07-20,sz399001,12573.115,12551.434,12625.633,12518.417,46061458994.0
2022-07-21,sz399001,12455.193,12543.583,12600.998,12455.193,48641736566.0
2022-07-22,sz399001,12394.022,12501.341,12553.267,12289.195,46484015027.0
2022-07-25,sz399001,12291.593,12386.552,12414.07,12251.078,43357293882.0
2022-07-26,sz399001,12408.56,12308.742,12453.109,12266.837,42335303601.0
2022-07-27,sz399001,12399.694,12383.052,12439.224,12331.697,44386410468.0
2022-07-28,sz399001,12428.723,12467.76,12550.897,12407.073,50486992673.0
2022-07-29,sz399001,12266.92,12439.407,12460.193,12245.215,48546257779.0
2022-08-01,sz399001,12413.871,12243.327,12420.229,12158.852,45476623599.0
2022-08-02,sz399001,12120.021,12260.453,12273.366,12008.173,59642229838.0
2022-08-03,sz399001,11982.257,12148.236,12294.876,11946.465,52584901775.0
2022-08-04,sz399001,12065.223,12055.346,12103.382,11926.514,42825587683.0
2022-08-05,sz399001,12269.213,12088.649,12275.957,12051.404,45484980906.0
2022-08-08,sz399001,12302.151,12239.868,12304.233,12219.024,42421487404.0
2022-08-09,sz399001,12331.095,12277.442,12333.384,12235.831,42518371057.0
2022-08-10,sz399001,12223.514,12302.567,12347.149,12166.23,42792537485.0
2022-08-11,sz399001,12474.032,12287.8,12475.171,12231.078,48890660216.0
2022-08-12,sz399001,12419.391,12453.398,12493.784,12417.493,49039043793.0
2022-08-15,sz399001,12460.222,12392.497,12531.766,12386.162,45729852778.0
2022-08-16,sz399001,12470.114,12470.648,12553.691,12441.965,49021223935.0
2022-08-17,sz399001,12595.463,12481.705,12611.489,12391.445,51186851356.0
2022-08-18,sz399001,12517.32,12557.34,12576.618,12496.786,50257942458.0
2022-08-19,sz399001,12358.545,12504.483,12521.759,12358.545,51874243881.0
2022-08-22,sz399001,12505.678,12320.875,12509.905,12291.822,46380368057.0
2022-08-23,sz399001,12455.152,12481.242,12525.01,12405.583,46067112903.0
2022-08-24,sz399001,12096.393,12484.438,12491.174,12082.443,54203175856.0
2022-08-25,sz399001,12104.033,12130.756,12159.804,11949.763,46836774953.0
2022-08-26,sz399001,12059.707,12142.053,12210.013,12039.741,42320060709.0
2022-08-29,sz399001,12018.163,11911.17,12044.523,11890.487,39538239238.0
2022-08-30,sz399001,11970.792,12013.919,12039.191,11904.997,40945317310.0
2022-08-31,sz399001,11815.793,11909.308,11968.456,11743.692,45983590281.0
2022-09-01,sz399001,11712.393,11789.821,11888.06,11696.577,39319740470.0
2022-09-02,sz399001,11702.391,11753.6,11765.009,11644.027,37128161442.0
2022-09-05,sz399001,11678.694,11667.045,11714.41,11597.728,36534524969.0
2022-09-06,sz399001,11799.808,11702.166,11802.707,11624.821,40259415897.0
2022-09-07,sz399001,11849.078,11743.471,11894.559,11724.278,41741387793.0
2022-09-08,sz399001,11746.922,11858.525,11865.968,11739.571,39504799083.0
2022-09-09,sz399001,11877.787,11780.82,11885.463,11750.444,37561762853.0
2022-09-13,sz399001,11923.47,11936.584,11966.166,11874.191,36503876921.0
2022-09-14,sz399001,11774.783,11751.114,11841.184,11703.76,35532791627.0
2022-09-15,sz399001,11526.96,11823.799,11832.458,11427.506,44303005956.0
2022-09-16,sz399001,11261.498,11492.688,11509.982,11261.498,39266043328.0
2022-09-19,sz399001,11207.044,11241.783,11318.005,11149.976,32959495883.0
2022-09-20,sz399001,11283.925,11274.857,11364.161,11229.91,32049173843.0
2022-09-21,sz399001,11208.51,11245.835,11259.306,11117.365,33390792934.0
2022-09-22,sz399001,11114.428,11122.112,11241.123,11094.736,32162717257.0
2022-09-23,sz399001,11006.413,11105.758,11146.788,10899.586,34092508482.0
2022-09-26,sz399001,10962.561,10921.644,11141.586,10908.965,32720826132.0
2022-09-27,sz399001,11175.118,10999.102,11175.118,10959.815,32091690707.0
2022-09-28,sz399001,10899.695,11136.179,11136.179,10899.695,32397235191.0
2022-09-29,sz399001,10919.436,11023.827,11045.98,10864.492,31450467150.0
2022-09-30,sz399001,10778.614,10925.008,10962.216,10777.905,28322313182.0
2022-10-10,sz399001,10522.115,10788.688,10801.339,10500.767,29815077335.0
2022-10-11,sz399001,10577.811,10555.063,10617.916,10487.661,27728749849.0
2022-10-12,sz399001,10838.477,10568.012,10838.631,10402.058,34713543952.0
2022-10-13,sz399001,10817.668,10762.665,10923.921,10737.304,35245916921.0
2022-10-14,sz399001,11121.715,10914.185,11177.229,10890.194,39034146984.0
2022-10-17,sz399001,11162.26,11059.229,11173.392,11041.582,38248813267.0
2022-10-18,sz399001,11187.697,11223.146,11270.483,11135.465,38814493339.0
2022-10-19,sz399001,11027.241,11154.127,11197.148,11027.241,36558353892.0
2022-10-20,sz399001,10965.332,10948.432,11126.162,10832.085,37534670116.0
2022-10-21,sz399001,10918.966,10955.842,11000.39,10875.183,34383015050.0
2022-10-24,sz399001,10694.613,10908.743,11043.028,10635.351,40722461196.0
2022-10-25,sz399001,10639.817,10644.67,10760.671,10510.914,39193125953.0
2022-10-26,sz399001,10818.326,10664.429,10928.449,10657.018,43841294300.0
2022-10-27,sz399001,10750.142,10843.344,10886.097,10750.142,42656907962.0
2022-10-28,sz399001,10401.837,10659.695,10698.694,10368.913,44010669005.0
2022-10-31,sz399001,10397.041,10304.199,10518.392,10301.711,39502025610.0
2022-11-01,sz399001,10734.248,10420.945,10734.248,10395.56,42496541008.0
2022-11-02,sz399001,10877.506,10704.249,10951.453,10687.214,46641616638.0
2022-11-03,sz399001,10840.061,10766.219,10877.743,10754.291,40092465859.0
2022-11-04,sz399001,11187.43,10848.3,11226.213,10848.3,46611715800.0
2022-11-07,sz399001,11207.73,11184.162,11272.801,11127.25,45513644380.0
2022-11-08,sz399001,11142.927,11202.439,11212.541,11055.078,39951153048.0
2022-11-09,sz399001,11055.291,11149.368,11185.513,11049.328,39369381117.0
2022-11-10,sz399001,10908.549,10964.938,10979.705,10848.477,42639469990.0
2022-11-11,sz399001,11139.773,11217.108,11272.156,11085.934,59827424735.0
2022-11-14,sz399001,11113.465,11177.065,11260.86,11067.887,51824774205.0
2022-11-15,sz399001,11351.332,11100.231,11351.332,11069.148,50367125916.0
2022-11-16,sz399001,11235.558,11336.071,11385.865,11220.33,46618738063.0
2022-11-17,sz399001,11221.454,11199.621,11221.454,11077.595,43882270847.0
2022-11-18,sz399001,11180.429,11229.111,11310.225,11171.194,49222165782.0
2022-11-21,sz399001,11134.466,11086.686,11137.629,11014.958,42052447893.0
2022-11-22,sz399001,11002.935,11113.315,11151.999,10960.885,43375629709.0
2022-11-23,sz399001,10972.809,10970.999,11025.479,10842.589,40579967384.0
2022-11-24,sz399001,10956.685,11019.474,11061.355,10927.854,37626282600.0
2022-11-25,sz399001,10904.266,10928.153,10962.138,10881.082,36896049502.0
2022-11-28,sz399001,10829.08,10708.556,10833.268,10657.888,37538158328.0
2022-11-29,sz399001,11089.012,10891.724,11112.728,10888.537,46971468464.0
2022-11-30,sz399001,11108.497,11071.312,11140.496,11044.03,47740024879.0
2022-12-01,sz399001,11264.157,11282.463,11350.484,11262.812,49470577158.0
2022-12-02,sz399001,11219.793,11238.441,11312.318,11206.78,42885201734.0
2022-12-05,sz399001,11323.345,11292.34,11338.864,11250.623,48937488323.0
2022-12-06,sz399001,11398.82,11278.485,11465.414,11264.471,45579641014.0
2022-12-07,sz399001,11418.764,11365.981,11504.394,11358.682,44550081255.0
2022-12-08,sz399001,11389.793,11403.19,11429.766,11343.568,44001980129.0
2022-12-09,sz399001,11501.578,11397.097,11511.317,11360.149,46434589244.0
2022-12-12,sz399001,11399.135,11453.256,11457.094,11392.891,43032904135.0
2022-12-13,sz399001,11323.704,11398.84,11400.011,11312.1,40909216984.0
2022-12-14,sz399001,11321.812,11341.958,11375.224,11298.435,40611174112.0
2022-12-15,sz399001,11358.106,11306.793,11371.179,11269.611,39268917262.0
2022-12-16,sz399001,11295.027,11289.519,11327.27,11234.618,40400994659.0
2022-12-19,sz399001,11124.701,11286.661,11329.556,11083.852,40070534965.0
2022-12-20,sz399001,10949.12,11092.857,11092.857,10908.526,32821820964.0
2022-12-21,sz399001,10912.09,10966.312,11001.152,10872.27,31518279498.0
2022-12-22,sz399001,10876.31,10976.575,11034.673,10840.302,34740856690.0
2022-12-23,sz399001,10849.637,10811.572,10918.179,10794.138,31596722736.0
2022-12-26,sz399001,10978.985,10858.326,10996.638,10858.326,31866416759.0
2022-12-27,sz399001,11106.503,11010.93,11115.771,11000.11,34769681610.0
2022-12-28,sz399001,11010.529,11055.062,11061.188,10975.134,34622647768.0
2022-12-29,sz399001,10996.41,10971.272,11064.024,10956.95,32309466459.0
2022-12-30,sz399001,11015.986,11046.066,11071.93,11013.322,32254053338.0
2023-01-03,sz399001,11117.13,11003.047,11134.961,10921.419,39789964322.0
2023-01-04,sz399001,11095.373,11099.147,11149.153,11035.772,41214408411.0
2023-01-05,sz399001,11332.011,11136.771,11346.22,11136.771,41085381639.0
2023-01-06,sz399001,11367.732,11327.025,11443.448,11314.347,40714402732.0
2023-01-09,sz399001,11450.147,11411.37,11490.595,11408.665,36031347200.0
2023-01-10,sz399001,11506.794,11455.603,11526.279,11413.992,34200840627.0
2023-01-11,sz399001,11439.439,11498.97,11563.78,11424.255,34915980416.0
2023-01-12,sz399001,11465.728,11470.606,11528.927,11425.105,34007263376.0
2023-01-13,sz399001,11602.305,11509.205,11602.305,11489.187,33143448620.0
2023-01-16,sz399001,11785.768,11612.362,11886.947,11612.362,39275666396.0
2023-01-17,sz399001,11800.553,11794.957,11830.577,11746.761,33137576950.0
2023-01-18,sz399001,11810.66,11813.379,11855.44,11793.323,31438250579.0
2023-01-19,sz399001,11913.264,11796.396,11913.264,11763.818,32662191320.0
2023-01-20,sz399001,11980.62,11942.147,11997.526,11931.881,34345669129.0
2023-01-30,sz399001,12097.763,12229.377,12246.015,12088.237,48592554879.0
2023-01-31,sz399001,12001.265,12076.14,12115.447,11987.012,44544997731.0
2023-02-01,sz399001,12158.19,12034.881,12158.19,11984.451,49865671327.0
2023-02-02,sz399001,12131.201,12187.551,12208.877,12107.519,49073537831.0
2023-02-03,sz399001,12054.295,12086.283,12095.388,11904.277,44799247435.0
2023-02-06,sz399001,11912.562,11957.271,11977.244,11841.669,42421989159.0
2023-02-07,sz399001,11926.88,11936.361,11958.225,11864.72,44082203393.0
2023-02-08,sz399001,11853.463,11939.861,11957.011,11843.288,42827227893.0
2023-02-09,sz399001,12048.271,11821.958,12048.271,11811.982,44255161842.0
2023-02-10,sz399001,11976.853,12031.718,12062.163,11917.743,45816354627.0
2023-02-13,sz399001,12113.607,11964.747,12116.04,11952.603,46650020487.0
2023-02-14,sz399001,12094.94,12142.835,12143.29,12035.552,44809979757.0
2023-02-15,sz399001,12064.378,12103.718,12132.804,12036.233,46423708462.0
2023-02-16,sz399001,11907.399,12064.044,12163.969,11826.722,60310966806.0
2023-02-17,sz399001,11715.769,11894.884,11927.106,11713.8,45250226800.0
2023-02-20,sz399001,11954.128,11717.685,11956.895,11681.532,43848704697.0
2023-02-21,sz399001,11968.604,11947.652,12005.0,11886.238,43015639827.0
2023-02-22,sz399001,11900.122,11892.14,11963.212,11868.794,36959389647.0
2023-02-23,sz399001,11884.305,11895.463,11963.144,11829.869,38270185474.0
2023-02-24,sz399001,11787.453,11887.769,11889.235,11742.73,32640550192.0
2023-02-27,sz399001,11701.946,11728.095,11781.282,11678.797,33779567322.0
2023-02-28,sz399001,11783.798,11745.158,11792.68,11666.373,34666245659.0
2023-03-01,sz399001,11914.318,11783.765,11931.098,11751.362,41527377498.0
2023-03-02,sz399001,11849.508,11902.17,11929.146,11837.121,43098305339.0
2023-03-03,sz399001,11851.918,11862.16,11895.974,11770.343,38688633111.0
2023-03-06,sz399001,11842.885,11850.822,11862.372,11742.128,38584328876.0
2023-03-07,sz399001,11608.583,11824.171,11839.614,11606.194,40896713247.0
2023-03-08,sz399001,11598.288,11566.567,11617.94,11534.665,31456755395.0
2023-03-09,sz399001,11579.993,11605.936,11637.026,11525.233,32839119354.0
2023-03-10,sz399001,11442.537,11513.662,11535.537,11437.985,36121706587.0
2023-03-13,sz399001,11505.023,11405.137,11511.123,11396.611,36338344592.0
2023-03-14,sz399001,11416.569,11483.645,11486.558,11282.577,39755973534.0
2023-03-15,sz399001,11413.433,11485.948,11537.724,11408.189,35058963027.0
2023-03-16,sz399001,11237.704,11336.755,11381.732,11223.098,35760653174.0
2023-03-17,sz399001,11278.046,11328.373,11388.524,11245.146,40588290028.0
2023-03-20,sz399001,11247.135,11289.961,11342.027,11231.014,43832066409.0
2023-03-21,sz399001,11427.247,11270.066,11427.247,11270.066,38709306082.0
2023-03-22,sz399001,11496.931,11459.829,11521.417,11448.191,44598282516.0
2023-03-23,sz399001,11605.289,11457.785,11605.289,11442.945,43789564710.0
2023-03-24,sz399001,11634.22,11616.464,11648.538,11581.425,47851508750.0
2023-03-27,sz399001,11647.938,11621.923,11659.0,11558.38,49423391252.0
2023-03-28,sz399001,11564.45,11637.508,11649.152,11548.418,44569858663.0
2023-03-29,sz399001,11579.915,11584.915,11623.426,11538.172,41362827260.0
2023-03-30,sz399001,11651.831,11578.327,11656.48,11505.55,39213346131.0
2023-03-31,sz399001,11726.397,11666.308,11737.283,11657.571,39957495071.0
2023-04-03,sz399001,11889.42,11751.68,11898.761,11751.68,49768451758.0
2023-04-04,sz399001,11859.477,11878.159,11885.384,11792.236,50815766955.0
2023-04-06,sz399001,11866.311,11787.354,11874.796,11778.804,45447063629.0
2023-04-07,sz399001,11967.743,11867.87,11979.593,11858.497,42764390844.0
2023-04-10,sz399001,11871.928,11987.684,11992.324,11845.884,47824674309.0
2023-04-11,sz399001,11877.147,11866.348,11914.322,11819.762,42299901539.0
2023-04-12,sz399001,11883.514,11873.261,11912.952,11842.259,45212899453.0
2023-04-13,sz399001,11739.842,11836.821,11844.398,11727.891,47019567565.0
2023-04-14,sz399001,11800.094,11760.433,11816.677,11737.304,43977380412.0
2023-04-17,sz399001,11855.484,11783.677,11855.484,11781.293,42341304207.0
2023-04-18,sz399001,11860.399,11834.771,11891.112,11818.255,39786667004.0
2023-04-19,sz399001,11760.271,11844.316,11844.316,11743.851,41492310488.0
2023-04-20,sz399001,11717.264,11751.384,11751.384,11659.653,43395332681.0
2023-04-21,sz399001,11450.435,11729.804,11751.415,11450.128,47931197873.0
2023-04-24,sz399001,11317.012,11442.375,11452.914,11265.769,42715528699.0
2023-04-25,sz399001,11149.011,11307.09,11320.447,11034.18,46377350473.0
2023-04-26,sz399001,11185.683,11101.177,11244.04,11088.197,43856541338.0
2023-04-27,sz399001,11216.997,11140.895,11258.759,11128.107,41568532176.0
2023-04-28,sz399001,11338.666,11228.464,11340.463,11228.464,45347249795.0
2023-05-04,sz399001,11273.866,11310.348,11329.0,11242.12,48189682724.0
2023-05-05,sz399001,11180.872,11260.619,11262.331,11124.913,44189203701.0
2023-05-08,sz399001,11225.774,11206.333,11234.921,11158.828,43926151847.0
2023-05-09,sz399001,11125.021,11208.743,11265.328,11121.974,47950740824.0
2023-05-10,sz399001,11140.188,11101.012,11177.811,11043.363,39384808239.0
2023-05-11,sz399001,11142.525,11158.723,11200.905,11136.257,38454948059.0
2023-05-12,sz399001,11005.644,11131.296,11172.705,11004.264,36718698679.0
2023-05-15,sz399001,11178.623,11019.7,11178.623,10995.703,38414633661.0
2023-05-16,sz399001,11099.258,11182.356,11182.356,11069.44,35321529250.0
2023-05-17,sz399001,11091.084,11084.558,11120.97,11036.772,32593515785.0
2023-05-18,sz399001,11078.282,11108.325,11144.476,11024.086,37116664332.0
2023-05-19,sz399001,11091.359,11061.753,11145.507,11034.633,35512099598.0
2023-05-22,sz399001,11127.037,11083.382,11159.309,11037.21,34519748458.0
2023-05-23,sz399001,11012.576,11124.258,11137.631,11012.576,33933034837.0
2023-05-24,sz399001,10920.327,10976.729,11028.567,10920.327,34516650851.0
2023-05-25,sz399001,10896.582,10915.115,10954.243,10801.221,37697817032.0
2023-05-26,sz399001,10909.65,10889.27,10926.836,10798.654,35709353675.0
2023-05-29,sz399001,10822.093,10942.666,10961.793,10790.5,39472700050.0
2023-05-30,sz399001,10869.552,10799.401,10869.552,10697.871,39734108619.0
2023-05-31,sz399001,10793.85,10849.813,10849.813,10732.421,38807976631.0
2023-06-01,sz399001,10835.896,10758.888,10913.638,10735.509,41904130927.0
2023-06-02,sz399001,10998.075,10875.31,11012.546,10875.31,40644684503.0
2023-06-05,sz399001,10946.084,10990.729,10990.729,10903.048,37580179445.0
2023-06-06,sz399001,10773.45,10928.515,10933.605,10752.225,41493852039.0
2023-06-07,sz399001,10708.822,10783.311,10799.465,10681.476,34852050059.0
2023-06-08,sz399001,10722.873,10710.91,10775.335,10648.14,36961157246.0
2023-06-09,sz399001,10793.926,10733.517,10793.926,10697.36,40849231536.0
2023-06-12,sz399001,10873.74,10769.021,10914.625,10752.012,40374548860.0
2023-06-13,sz399001,10955.96,10855.442,10963.647,10853.57,39754721097.0
2023-06-14,sz399001,10984.556,10976.507,11034.177,10962.447,42561197675.0
2023-06-15,sz399001,11182.943,11011.947,11185.681,11011.847,43062375341.0
2023-06-16,sz399001,11306.531,11194.55,11316.243,11183.794,42416210956.0
2023-06-19,sz399001,11274.049,11305.785,11307.748,11244.422,42676253950.0
2023-06-20,sz399001,11305.354,11260.148,11338.154,11248.139,42383026548.0
2023-06-21,sz399001,11058.634,11262.842,11278.972,11058.634,41543419225.0
2023-06-26,sz399001,10872.3,10963.616,11002.366,10848.723,42179410366.0
2023-06-27,sz399001,10978.081,10879.489,10987.194,10863.657,36735954442.0
2023-06-28,sz399001,10926.323,10947.895,10951.41,10792.347,39600252892.0
2023-06-29,sz399001,10915.499,10909.082,10965.106,10880.876,37809618549.0
2023-06-30,sz399001,11026.586,10897.419,11067.39,10883.567,40273561563.0
2023-07-03,sz399001,11091.563,11059.313,11128.927,11028.239,43854470579.0
2023-07-04,sz399001,11130.304,11080.638,11133.445,11055.256,39638476184.0
2023-07-05,sz399001,11029.296,11129.118,11129.118,11014.39,38398904277.0
2023-07-06,sz399001,10968.37,11001.866,11072.074,10954.154,37699701992.0
2023-07-07,sz399001,10888.555,10939.285,10949.976,10852.964,38265007966.0
2023-07-10,sz399001,10942.832,10926.356,10995.799,10901.837,34134767991.0
2023-07-11,sz399001,11028.683,10953.884,11030.189,10933.232,34793939959.0
2023-07-12,sz399001,10919.259,11020.361,11029.288,10905.848,41472812187.0
2023-07-13,sz399001,11095.437,10963.234,11103.082,10963.234,39560004851.0
2023-07-14,sz399001,11080.323,11108.925,11120.189,11069.318,40116195826.0
2023-07-17,sz399001,11010.357,11039.126,11039.126,10963.475,36326089187.0
2023-07-18,sz399001,10972.962,11030.976,11032.117,10947.509,36157179060.0
2023-07-19,sz399001,10932.649,10959.044,10992.69,10876.96,32775292392.0
2023-07-20,sz399001,10816.271,10947.626,10998.07,10804.353,38571745208.0
2023-07-21,sz399001,10810.182,10801.335,10886.727,10775.348,37190223088.0
2023-07-24,sz399001,10747.793,10771.645,10837.982,10730.937,35323057385.0
2023-07-25,sz399001,11021.291,10909.186,11021.933,10909.186,43813438688.0
2023-07-26,sz399001,10968.98,11001.86,11001.86,10942.413,41490035549.0
2023-07-27,sz399001,10923.774,10985.585,11024.013,10904.743,41947850867.0
2023-07-28,sz399001,11100.396,10895.482,11120.589,10877.405,46826084365.0
2023-07-31,sz399001,11183.911,11158.722,11289.158,11153.724,53495854044.0
2023-08-01,sz399001,11143.234,11168.502,11211.681,11102.841,48096138203.0
2023-08-02,sz399001,11104.158,11120.864,11176.937,11073.229,42848863701.0
2023-08-03,sz399001,11163.42,11067.75,11164.764,11067.292,41594123937.0
2023-08-04,sz399001,11238.062,11229.464,11305.501,11185.902,48604373358.0
2023-08-07,sz399001,11145.03,11207.581,11207.581,11113.141,41652663256.0
2023-08-08,sz399001,11098.445,11126.689,11156.209,11075.45,37919025828.0
2023-08-09,sz399001,11039.451,11068.529,11096.926,11023.368,35938401196.0
2023-08-10,sz399001,11050.222,11023.244,11060.466,10974.504,32237315451.0
2023-08-11,sz399001,10808.865,11060.849,11060.849,10808.865,37180933416.0
2023-08-14,sz399001,10755.143,10697.813,10763.297,10607.711,34568209228.0
2023-08-15,sz399001,10679.728,10764.799,10780.521,10589.848,33254016732.0
2023-08-16,sz399001,10579.558,10640.131,10686.922,10579.473,33397765170.0
2023-08-17,sz399001,10644.523,10540.438,10656.835,10469.794,34946410771.0
2023-08-18,sz399001,10458.511,10637.678,10655.608,10458.511,36391916361.0
2023-08-21,sz399001,10320.393,10432.947,10482.11,10320.393,32154114358.0
2023-08-22,sz399001,10374.727,10376.859,10409.431,10198.012,38655581560.0
2023-08-23,sz399001,10152.604,10351.701,10351.701,10151.822,33688478548.0
2023-08-24,sz399001,10256.189,10203.143,10341.858,10153.439,36698947898.0
2023-08-25,sz399001,10130.471,10197.957,10212.646,10091.862,38752250803.0
2023-08-28,sz399001,10233.153,10714.693,10714.693,10204.981,52925222606.0
2023-08-29,sz399001,10454.98,10204.248,10496.616,10200.85,50772244234.0
2023-08-30,sz399001,10482.497,10477.644,10569.547,10446.462,47583031554.0
2023-08-31,sz399001,10418.21,10471.994,10483.085,10405.956,40193056516.0
2023-09-01,sz399001,10463.743,10449.603,10513.42,10429.592,35993370996.0
2023-09-04,sz399001,10611.739,10520.458,10611.739,10473.189,41616602282.0
2023-09-05,sz399001,10540.709,10593.68,10611.444,10522.892,38645892881.0
2023-09-06,sz399001,10515.213,10503.154,10531.287,10449.158,37387250710.0
2023-09-07,sz399001,10321.438,10493.368,10493.368,10321.377,38846285661.0
2023-09-08,sz399001,10281.878,10284.48,10319.841,10233.714,34340684579.0
2023-09-11,sz399001,10382.377,10290.809,10443.005,10256.234,39410867597.0
2023-09-12,sz399001,10373.993,10376.164,10421.556,10349.333,34376652554.0
2023-09-13,sz399001,10255.868,10351.789,10373.153,10200.701,35691326682.0
2023-09-14,sz399001,10197.592,10243.245,10252.02,10154.637,33557711844.0
2023-09-15,sz399001,10144.595,10213.613,10241.875,10115.281,33221331524.0
2023-09-18,sz399001,10200.036,10111.669,10253.487,10093.466,33534246692.0
2023-09-19,sz399001,10125.729,10185.073,10185.073,10082.672,31689827030.0
2023-09-20,sz399001,10072.459,10110.414,10123.689,10072.459,29483664553.0
2023-09-21,sz399001,9981.67,10050.48,10087.032,9981.523,29704772564.0
2023-09-22,sz399001,10178.736,9975.368,10183.928,9962.938,36744305355.0
2023-09-25,sz399001,10120.624,10181.179,10181.179,10105.21,34471513958.0
2023-09-26,sz399001,10060.151,10110.063,10146.894,10060.151,31556206164.0
2023-09-27,sz399001,10104.324,10057.992,10185.021,10057.168,34530583077.0
2023-09-28,sz399001,10109.527,10131.655,10155.034,10085.086,35256157593.0
2023-10-09,sz399001,10106.96,10095.706,10139.487,9991.17,38636754647.0
2023-10-10,sz399001,10050.035,10133.02,10159.472,10044.669,39690971684.0
2023-10-11,sz399001,10084.895,10088.144,10164.07,10058.333,40842537668.0
2023-10-12,sz399001,10168.494,10145.491,10174.23,10097.106,40371165198.0
2023-10-13,sz399001,10068.282,10110.378,10110.378,10028.739,40753513350.0
2023-10-16,sz399001,9924.92,10065.065,10065.967,9889.659,42546544654.0
2023-10-17,sz399001,9940.218,9944.682,9958.981,9888.091,37732827648.0
2023-10-18,sz399001,9816.676,9914.021,9914.021,9809.37,39240657735.0
2023-10-19,sz399001,9655.086,9757.186,9784.533,9654.971,39422585237.0
2023-10-20,sz399001,9570.357,9605.291,9665.811,9554.627,36815152567.0
2023-10-23,sz399001,9425.976,9552.548,9552.548,9373.756,38320756765.0
2023-10-24,sz399001,9483.903,9458.328,9523.896,9380.793,40126378626.0
2023-10-25,sz399001,9528.307,9573.67,9617.672,9524.823,44014524321.0
2023-10-26,sz399001,9566.103,9470.489,9571.159,9432.839,43571534283.0
2023-10-27,sz399001,9770.844,9535.646,9805.695,9513.324,47734287777.0
2023-10-30,sz399001,9927.994,9759.225,9952.426,9759.169,49123327646.0
2023-10-31,sz399001,9863.804,9924.722,9927.446,9814.979,45425317677.0
2023-11-01,sz399001,9826.731,9897.926,9901.368,9808.396,40768406819.0
2023-11-02,sz399001,9734.767,9842.562,9879.268,9733.392,40306557782.0
2023-11-03,sz399001,9853.89,9747.824,9886.863,9747.824,40951344868.0
2023-11-06,sz399001,10071.556,9922.45,10080.001,9922.45,51475483763.0
2023-11-07,sz399001,10056.493,10047.141,10088.083,10000.547,48968290724.0
2023-11-08,sz399001,10052.086,10032.235,10101.553,9986.841,51634227155.0
2023-11-09,sz399001,10032.086,10037.557,10099.999,10004.056,46708994001.0
2023-11-10,sz399001,9978.542,9987.465,9997.785,9939.103,39288374185.0
2023-11-13,sz399001,9988.828,10012.851,10033.514,9936.708,42399804068.0
2023-11-14,sz399001,10005.558,9988.513,10056.863,9963.55,44445218290.0
2023-11-15,sz399001,10077.963,10111.833,10122.204,10048.458,47766677307.0
2023-11-16,sz399001,9954.4,10053.805,10064.913,9954.4,42672726332.0
2023-11-17,sz399001,9979.687,9924.156,9980.379,9914.479,41739648391.0
2023-11-20,sz399001,10022.697,9986.925,10050.834,9924.443,46381412410.0
2023-11-21,sz399001,9997.088,10050.477,10113.188,9981.114,53072003436.0
2023-11-22,sz399001,9855.66,9957.538,9975.094,9855.66,48218537771.0
2023-11-23,sz399001,9933.02,9846.683,9938.842,9814.17,44845244255.0
2023-11-24,sz399001,9839.521,9932.973,9932.973,9816.275,44822423431.0
2023-11-27,sz399001,9785.566,9829.551,9829.551,9736.781,41612676617.0
2023-11-28,sz399001,9833.456,9781.539,9835.137,9742.005,38472664549.0
2023-11-29,sz399001,9744.393,9826.015,9827.739,9733.319,38706291701.0
2023-11-30,sz399001,9726.915,9728.379,9768.904,9677.772,38367995114.0
2023-12-01,sz399001,9720.571,9723.927,9752.021,9624.918,41774804885.0
2023-12-04,sz399001,9660.444,9715.475,9736.114,9660.444,41681321814.0
2023-12-05,sz399001,9470.36,9628.277,9628.277,9470.36,40321708880.0
2023-12-06,sz399001,9533.246,9451.163,9599.578,9446.882,40266961307.0
2023-12-07,sz399001,9519.907,9518.449,9561.976,9456.978,39325178823.0
2023-12-08,sz399001,9553.923,9531.047,9592.916,9500.81,43642689878.0
2023-12-11,sz399001,9632.611,9496.464,9649.869,9406.697,42147293923.0
2023-12-12,sz399001,9625.265,9616.134,9648.973,9593.347,37620663078.0
2023-12-13,sz399001,9476.623,9606.482,9606.482,9476.623,36734097989.0
2023-12-14,sz399001,9417.972,9527.419,9578.603,9413.811,36622561219.0
2023-12-15,sz399001,9385.333,9449.889,9507.431,9368.471,35945750738.0
2023-12-18,sz399001,9279.389,9346.951,9376.675,9258.962,35352830299.0
2023-12-19,sz399001,9289.336,9270.198,9331.993,9225.009,31794896148.0
2023-12-20,sz399001,9158.438,9303.085,9310.859,9158.438,32405114902.0
2023-12-21,sz399001,9257.091,9122.414,9286.066,9106.146,36168520018.0
2023-12-22,sz399001,9221.313,9247.075,9331.121,9186.027,39602429128.0
2023-12-25,sz399001,9256.283,9200.648,9268.266,9200.648,31207962631.0
2023-12-26,sz399001,9157.25,9248.07,9248.491,9124.807,31361598077.0
2023-12-27,sz399001,9191.741,9170.255,9211.419,9121.167,32807413912.0
2023-12-28,sz399001,9441.055,9182.847,9476.802,9166.582,41093410375.0
2023-12-29,sz399001,9524.689,9434.58,9534.677,9427.915,39414751848.0
2024-01-02,sz399001,9401.348,9527.105,9527.105,9401.348,38596954271.0
2024-01-03,sz399001,9330.864,9378.687,9405.09,9280.816,36681390123.0
2024-01-04,sz399001,9215.245,9317.399,9317.399,9171.129,33057226462.0
2024-01-05,sz399001,9116.442,9205.394,9275.229,9074.929,36584000431.0
2024-01-08,sz399001,8947.724,9095.705,9119.122,8947.724,33819316256.0
2024-01-09,sz399001,8971.719,8960.973,9042.447,8912.029,34925480540.0
2024-01-10,sz399001,8922.794,8938.449,9035.188,8857.968,34094162952.0
2024-01-11,sz399001,9053.883,8918.23,9099.224,8898.195,37985442252.0
2024-01-12,sz399001,8996.256,9026.737,9095.607,8995.414,37224375935.0
2024-01-15,sz399001,8963.926,8957.716,9045.547,8912.445,32173681823.0
2024-01-16,sz399001,8992.072,8946.935,9002.343,8871.188,36727810980.0
2024-01-17,sz399001,8759.758,8968.526,8968.526,8759.758,33560351031.0
2024-01-18,sz399001,8847.003,8706.142,8858.396,8585.2,44359667870.0
2024-01-19,sz399001,8787.024,8821.765,8890.119,8771.581,33407864814.0
2024-01-22,sz399001,8479.55,8769.393,8769.393,8430.614,41997942010.0
2024-01-23,sz399001,8596.281,8465.003,8638.896,8402.063,37823542938.0
2024-01-24,sz399001,8682.187,8633.168,8693.082,8404.068,40808601165.0
2024-01-25,sz399001,8856.224,8661.446,8858.208,8621.184,43498171413.0
2024-01-26,sz399001,8762.329,8809.764,8859.628,8746.096,41194846598.0
2024-01-29,sz399001,8581.759,8775.384,8800.644,8581.759,39432566176.0
2024-01-30,sz399001,8375.981,8523.737,8579.595,8370.06,33872631922.0
2024-01-31,sz399001,8212.845,8340.718,8408.666,8208.447,43125459652.0
2024-02-01,sz399001,8240.482,8172.811,8371.38,8134.813,39724642481.0
2024-02-02,sz399001,8055.775,8239.502,8300.75,7840.621,46859511630.0
2024-02-05,sz399001,7964.712,7987.336,8171.765,7683.626,53704465055.0
2024-02-06,sz399001,8460.379,7886.32,8471.278,7880.405,59207592588.0
2024-02-07,sz399001,8708.24,8464.874,8724.174,8445.706,61678023989.0
2024-02-08,sz399001,8820.603,8750.536,8975.053,8742.949,62641426750.0
2024-02-19,sz399001,8902.334,8957.275,8957.275,8797.459,55736510069.0
2024-02-20,sz399001,8905.962,8857.504,8919.808,8798.435,44177586265.0
2024-02-21,sz399001,8975.974,8829.704,9130.034,8798.366,54363489574.0
2024-02-22,sz399001,9043.748,8971.439,9050.273,8946.244,45808948952.0
2024-02-23,sz399001,9069.415,9074.614,9077.563,8971.341,52027504073.0
2024-02-26,sz399001,9066.087,9070.222,9154.598,9023.325,55870130417.0
2024-02-27,sz399001,9269.568,9032.259,9269.568,9016.607,53339610227.0
2024-02-28,sz399001,9047.095,9293.146,9391.524,9047.095,76686411168.0
2024-02-29,sz399001,9330.443,9001.283,9334.943,9001.283,56545599185.0
2024-03-01,sz399001,9434.747,9345.738,9452.634,9298.16,53967112517.0
2024-03-04,sz399001,9438.244,9456.373,9486.703,9359.84,53009940816.0
2024-03-05,sz399001,9416.805,9371.943,9448.734,9344.449,51103531884.0
2024-03-06,sz399001,9395.654,9366.71,9487.188,9309.845,46636105582.0
2024-03-07,sz399001,9267.117,9398.051,9454.535,9267.117,51117810092.0
2024-03-08,sz399001,9369.046,9281.608,9386.746,9230.064,43568736085.0
2024-03-11,sz399001,9581.534,9369.646,9581.656,9363.41,49221442847.0
2024-03-12,sz399001,9630.545,9603.455,9649.743,9535.208,56573750712.0
2024-03-13,sz399001,9604.993,9640.091,9674.14,9568.883,52763140357.0
2024-03-14,sz399001,9555.416,9598.418,9675.471,9489.019,50905804216.0
2024-03-15,sz399001,9612.75,9532.423,9616.495,9455.508,47650683480.0
2024-03-18,sz399001,9752.834,9665.07,9752.834,9646.213,56235512999.0
2024-03-19,sz399001,9696.688,9723.403,9785.098,9696.688,53455197769.0
2024-03-20,sz399001,9717.373,9669.703,9725.306,9654.527,51138902170.0
2024-03-21,sz399001,9682.51,9736.231,9758.335,9663.485,55890739799.0
2024-03-22,sz399001,9565.563,9659.875,9680.214,9505.993,56528197199.0
2024-03-25,sz399001,9422.612,9538.354,9601.837,9421.078,52755832043.0
2024-03-26,sz399001,9449.43,9413.256,9490.754,9366.002,48246175546.0
2024-03-27,sz399001,9222.466,9437.558,9437.671,9222.466,46713889077.0
2024-03-28,sz399001,9342.919,9221.531,9440.308,9221.531,47935618344.0
2024-03-29,sz399001,9400.853,9335.113,9400.853,9304.761,44973506065.0
2024-04-01,sz399001,9647.072,9451.726,9647.072,9451.726,51652537371.0
2024-04-02,sz399001,9586.952,9633.969,9633.969,9546.474,53021053320.0
2024-04-03,sz399001,9544.766,9564.646,9575.556,9508.646,49330954395.0
2024-04-08,sz399001,9394.606,9512.602,9525.954,9393.613,47996796704.0
2024-04-09,sz399001,9448.98,9386.8,9449.654,9352.352,41261307620.0
2024-04-10,sz399001,9297.96,9425.802,9425.802,9243.797,44329488741.0
2024-04-11,sz399001,9300.771,9234.917,9378.435,9233.27,41833678630.0
2024-04-12,sz399001,9228.234,9301.076,9343.182,9212.596,41561290234.0
2024-04-15,sz399001,9369.701,9228.135,9407.068,9189.959,54491736930.0
2024-04-16,sz399001,9155.069,9312.493,9341.97,9148.821,53485412464.0
2024-04-17,sz399001,9381.772,9180.512,9381.772,9180.512,50860042820.0
2024-04-18,sz399001,9376.806,9336.734,9477.133,9299.333,48375148137.0
2024-04-19,sz399001,9279.46,9316.976,9351.956,9220.638,43977363059.0
2024-04-22,sz399001,9239.14,9228.18,9327.591,9212.285,41696598035.0
2024-04-23,sz399001,9183.141,9231.904,9269.715,9147.947,39645906978.0
2024-04-24,sz399001,9251.134,9186.194,9254.646,9135.575,41982115134.0
2024-04-25,sz399001,9264.48,9204.795,9329.405,9198.317,42147288820.0
2024-04-26,sz399001,9463.907,9258.491,9471.293,9258.491,54214171105.0
2024-04-29,sz399001,9673.758,9479.599,9718.358,9479.599,58303815801.0
2024-04-30,sz399001,9587.124,9647.056,9662.558,9587.076,52697389055.0
2024-05-06,sz399001,9779.211,9735.885,9804.199,9732.689,52711364122.0
2024-05-07,sz399001,9770.938,9778.156,9804.761,9743.193,49770195676.0
2024-05-08,sz399001,9638.817,9743.868,9743.868,9633.695,46349654809.0
2024-05-09,sz399001,9788.068,9648.218,9805.115,9648.218,45384490979.0
2024-05-10,sz399001,9731.237,9788.83,9805.921,9670.895,47281377936.0
2024-05-13,sz399001,9673.319,9659.636,9720.476,9605.185,44947077231.0
2024-05-14,sz399001,9668.727,9689.553,9736.285,9633.802,42964808531.0
2024-05-15,sz399001,9583.541,9648.426,9659.035,9577.205,41936225898.0
2024-05-16,sz399001,9604.131,9614.729,9668.848,9582.22,46003333499.0
2024-05-17,sz399001,9709.422,9590.387,9709.423,9563.47,48531203805.0
2024-05-20,sz399001,9750.822,9710.196,9779.36,9701.85,52611108552.0
2024-05-21,sz399001,9681.66,9721.723,9730.279,9649.149,44511548579.0
2024-05-22,sz399001,9693.055,9674.497,9709.005,9643.868,43949777397.0
2024-05-23,sz399001,9541.643,9667.181,9672.178,9520.206,46939843705.0
2024-05-24,sz399001,9424.577,9508.853,9578.734,9421.552,41477801455.0
2024-05-27,sz399001,9507.745,9444.228,9511.144,9375.524,41278560277.0
2024-05-28,sz399001,9391.052,9489.082,9494.769,9385.438,40812739552.0
2024-05-29,sz399001,9414.979,9387.649,9460.626,9379.296,40207974234.0
2024-05-30,sz399001,9384.724,9395.788,9441.488,9366.13,39633005528.0
2024-05-31,sz399001,9364.375,9388.269,9455.335,9364.375,39705545944.0
2024-06-03,sz399001,9370.497,9358.591,9422.073,9307.921,44781001343.0
2024-06-04,sz399001,9469.315,9350.834,9486.745,9327.829,41604094966.0
2024-06-05,sz399001,9393.611,9450.071,9509.78,9393.611,39250075195.0
2024-06-06,sz399001,9340.01,9417.931,9446.882,9313.878,49622024239.0
2024-06-07,sz399001,9255.684,9343.798,9366.337,9181.888,39147903228.0
2024-06-11,sz399001,9262.347,9198.538,9282.71,9166.468,35331045710.0
2024-06-12,sz399001,9269.936,9244.313,9299.357,9243.732,35764513550.0
2024-06-13,sz399001,9206.236,9281.048,9296.365,9190.882,37637815825.0
2024-06-14,sz399001,9252.251,9177.405,9265.965,9138.319,39125311901.0
2024-06-17,sz399001,9281.254,9209.462,9298.007,9202.168,35673941474.0
2024-06-18,sz399001,9318.469,9278.275,9329.994,9276.444,38529707571.0
2024-06-19,sz399001,9219.069,9324.881,9325.854,9218.907,36222183085.0
2024-06-20,sz399001,9068.851,9201.347,9225.021,9066.055,38558222157.0
2024-06-21,sz399001,9064.845,9041.441,9100.83,9008.339,32408565431.0
2024-06-24,sz399001,8924.172,9004.847,9030.708,8916.465,37504983297.0
2024-06-25,sz399001,8850.289,8911.9,8948.225,8797.046,34627226549.0
2024-06-26,sz399001,8987.302,8838.0,9001.028,8811.358,37021958808.0
2024-06-27,sz399001,8849.697,8944.729,8947.958,8844.872,34906759884.0
2024-06-28,sz399001,8848.699,8814.934,8960.956,8814.934,36991165729.0
2024-07-01,sz399001,8899.166,8835.155,8914.197,8771.012,34758199905.0
2024-07-02,sz399001,8812.673,8886.091,8895.552,8789.281,36967793381.0
2024-07-03,sz399001,8760.434,8808.366,8827.086,8734.715,34311117321.0
2024-07-04,sz399001,8673.826,8775.843,8820.997,8670.342,35189402223.0
2024-07-05,sz399001,8695.548,8664.805,8719.708,8573.755,31659874591.0
2024-07-08,sz399001,8561.95,8675.972,8675.972,8539.416,33066109265.0
2024-07-09,sz399001,8705.943,8548.159,8733.871,8513.169,39709760815.0
2024-07-10,sz399001,8697.216,8672.326,8762.766,8664.918,35547625986.0
2024-07-11,sz399001,8870.356,8800.388,8890.756,8746.903,42446059547.0
2024-07-12,sz399001,8854.083,8831.679,8885.36,8814.088,36708770579.0
2024-07-15,sz399001,8801.624,8825.474,8834.034,8780.749,33174716557.0
2024-07-16,sz399001,8877.018,8783.352,8881.774,8780.09,32418099011.0
2024-07-17,sz399001,8835.144,8860.753,8884.792,8809.133,33806544344.0
2024-07-18,sz399001,8879.326,8760.662,8880.437,8730.979,34137726594.0
2024-07-19,sz399001,8903.232,8826.64,8932.079,8820.086,31671569890.0
2024-07-22,sz399001,8869.817,8908.206,8925.436,8823.778,31757526698.0
2024-07-23,sz399001,8606.583,8862.944,8862.944,8606.583,35216664290.0
2024-07-24,sz399001,8493.096,8582.63,8640.331,8469.877,34382104790.0
2024-07-25,sz399001,8474.704,8443.438,8524.814,8428.752,30977628555.0
2024-07-26,sz399001,8597.174,8512.79,8617.646,8512.79,32913678275.0
2024-07-29,sz399001,8514.647,8589.275,8589.275,8510.489,32484641767.0
2024-07-30,sz399001,8468.582,8482.172,8488.519,8416.601,34219157453.0
2024-07-31,sz399001,8754.087,8446.496,8754.928,8444.147,49010042180.0
2024-08-01,sz399001,8673.577,8767.325,8799.09,8656.946,42850008325.0
2024-08-02,sz399001,8553.551,8599.057,8697.491,8542.394,41921627149.0
2024-08-05,sz399001,8395.054,8475.452,8646.855,8395.04,45762539227.0
2024-08-06,sz399001,8463.863,8481.73,8525.716,8388.261,40061456130.0
2024-08-07,sz399001,8449.582,8450.487,8505.134,8416.248,35547603012.0
2024-08-08,sz399001,8446.208,8415.083,8514.666,8361.582,38968860037.0
2024-08-09,sz399001,8393.699,8486.421,8527.644,8393.699,37102703941.0
2024-08-12,sz399001,8373.471,8386.833,8419.702,8354.425,33833603190.0
2024-08-13,sz399001,8409.224,8372.707,8409.24,8327.35,30920159022.0
2024-08-14,sz399001,8310.998,8403.482,8403.482,8310.998,31136059327.0
2024-08-15,sz399001,8370.123,8292.195,8439.686,8288.71,40234645666.0
2024-08-16,sz399001,8349.87,8377.948,8408.386,8339.576,39738232456.0
2024-08-19,sz399001,8356.897,8341.826,8437.884,8341.101,37396241311.0
2024-08-20,sz399001,8252.868,8363.868,8367.383,8233.07,38435236588.0
2024-08-21,sz399001,8229.75,8221.35,8297.098,8213.093,34400568021.0
2024-08-22,sz399001,8162.175,8234.28,8247.947,8151.634,36175883626.0
2024-08-23,sz399001,8181.917,8134.4,8207.59,8133.57,34381374453.0
2024-08-26,sz399001,8194.646,8194.937,8225.994,8163.878,34267835306.0
2024-08-27,sz399001,8103.759,8161.681,8168.042,8084.037,33685015173.0
2024-08-28,sz399001,8078.819,8071.864,8098.313,8036.401,32885869824.0
2024-08-29,sz399001,8154.439,8030.741,8191.37,8028.367,37682840126.0
2024-08-30,sz399001,8348.478,8152.813,8453.659,8152.813,52102637354.0
2024-09-02,sz399001,8172.208,8331.456,8340.383,8172.208,43309610281.0
2024-09-03,sz399001,8268.05,8157.44,8294.768,8157.44,37028373327.0
2024-09-04,sz399001,8226.241,8207.28,8297.82,8189.526,36236838805.0
2024-09-05,sz399001,8249.659,8224.509,8297.938,8220.553,34757508755.0
2024-09-06,sz399001,8130.77,8252.006,8260.69,8128.767,36378777179.0
2024-09-09,sz399001,8063.27,8086.282,8129.54,8023.375,33111943224.0
2024-09-10,sz399001,8073.833,8064.398,8113.689,7973.787,34749537762.0
2024-09-11,sz399001,8105.385,8052.248,8139.702,8031.947,31001736656.0
2024-09-12,sz399001,8054.243,8122.772,8176.052,8053.881,33651741283.0
2024-09-13,sz399001,7983.548,8054.427,8084.353,7983.548,34822022538.0
2024-09-18,sz399001,7992.253,7975.189,8017.384,7908.523,33354474083.0
2024-09-19,sz399001,8087.604,8015.394,8161.222,7950.703,41370148725.0
2024-09-20,sz399001,8075.142,8079.761,8092.496,8014.505,38337072743.0
2024-09-23,sz399001,8083.382,8071.993,8163.104,8054.592,36565600998.0
2024-09-24,sz399001,8435.704,8148.174,8435.706,8083.305,58681255519.0
2024-09-25,sz399001,8537.731,8555.724,8738.412,8525.751,71584781842.0
2024-09-26,sz399001,8916.646,8524.192,8916.802,8505.642,70484299530.0
2024-09-27,sz399001,9514.864,9100.767,9619.769,9100.767,94883654000.0
2024-09-30,sz399001,10529.757,9950.653,10556.934,9829.432,132400053035.0
2024-10-08,sz399001,11495.101,11864.109,11864.109,10834.499,158791179957.0
2024-10-09,sz399001,10557.812,11158.988,11295.099,10516.668,127422156998.0
2024-10-10,sz399001,10471.081,10609.473,10823.368,10310.39,96357328462.0
2024-10-11,sz399001,10060.739,10366.571,10378.46,9935.818,76794500742.0
2024-10-14,sz399001,10327.4,10118.375,10361.692,9966.988,76786473279.0
2024-10-15,sz399001,10066.517,10286.236,10424.137,10066.517,80099233726.0
2024-10-16,sz399001,9965.024,9898.127,10112.788,9890.897,70123816425.0
2024-10-17,sz399001,9891.763,10034.414,10123.225,9887.94,75958300071.0
2024-10-18,sz399001,10357.677,9868.846,10607.808,9865.874,95374309335.0
2024-10-21,sz399001,10470.914,10441.87,10636.16,10331.789,96500262583.0
2024-10-22,sz399001,10559.51,10459.156,10604.783,10409.681,92798535681.0
2024-10-23,sz399001,10576.413,10536.897,10721.367,10479.224,92060793932.0
2024-10-24,sz399001,10441.746,10508.651,10533.842,10404.831,74927242151.0
2024-10-25,sz399001,10619.849,10470.067,10733.068,10460.931,86542105534.0
2024-10-28,sz399001,10685.891,10617.904,10685.891,10519.484,95867413324.0
2024-10-29,sz399001,10543.328,10706.018,10729.568,10536.807,103306751329.0
2024-10-30,sz399001,10530.849,10488.227,10596.223,10426.744,93173321416.0
2024-10-31,sz399001,10591.218,10535.414,10693.843,10458.848,110309471953.0
2024-11-01,sz399001,10455.502,10563.835,10629.812,10417.977,118472029006.0
2024-11-04,sz399001,10663.097,10457.895,10663.097,10457.895,82654902413.0
2024-11-05,sz399001,11006.938,10653.199,11030.623,10609.814,107740888900.0
2024-11-06,sz399001,10968.142,11023.999,11177.688,10896.323,121476775704.0
2024-11-07,sz399001,11235.921,10852.121,11235.921,10839.941,122251344774.0
2024-11-08,sz399001,11161.702,11374.2,11410.979,11135.328,125343281592.0
2024-11-11,sz399001,11388.566,11087.411,11390.479,11071.654,112188089396.0
2024-11-12,sz399001,11314.459,11430.221,11560.354,11210.955,113897492979.0
2024-11-13,sz399001,11359.289,11231.728,11380.496,11143.337,91186378710.0
2024-11-14,sz399001,11037.782,11333.403,11335.362,11023.739,83896742213.0
2024-11-15,sz399001,10748.97,10983.536,11065.417,10748.97,84298445532.0
2024-11-18,sz399001,10544.022,10774.44,10816.512,10478.265,87180347111.0
2024-11-19,sz399001,10743.844,10559.325,10748.602,10427.94,77072145189.0
2024-11-20,sz399001,10827.188,10709.923,10875.451,10692.559,81635677889.0
2024-11-21,sz399001,10819.877,10787.929,10867.406,10739.281,81837576465.0
2024-11-22,sz399001,10438.722,10785.519,10836.694,10438.722,92594828048.0
2024-11-25,sz399001,10420.521,10462.44,10505.239,10282.497,77022626653.0
2024-11-26,sz399001,10333.226,10387.005,10480.957,10330.454,71183213494.0
2024-11-27,sz399001,10566.101,10284.721,10566.101,10202.226,79557129618.0
2024-11-28,sz399001,10432.54,10560.41,10581.594,10416.331,85088787686.0
2024-11-29,sz399001,10611.719,10406.079,10727.083,10406.079,89215787876.0
2024-12-02,sz399001,10756.548,10595.473,10777.693,10583.721,93752318422.0
2024-12-03,sz399001,10713.578,10757.493,10761.441,10625.476,93970902205.0
2024-12-04,sz399001,10604.012,10700.058,10717.56,10556.602,93081650252.0
2024-12-05,sz399001,10634.489,10565.027,10674.771,10565.027,84466366148.0
2024-12-06,sz399001,10791.339,10642.893,10860.246,10618.761,102934032914.0
2024-12-09,sz399001,10731.659,10780.984,10821.506,10668.331,95515594718.0
2024-12-10,sz399001,10812.584,11124.782,11134.553,10792.015,117138802611.0
2024-12-11,sz399001,10848.423,10781.097,10884.06,10781.084,101227283475.0
2024-12-12,sz399001,10957.129,10846.545,10967.278,10813.792,104058705015.0
2024-12-13,sz399001,10713.072,10876.19,10876.19,10709.14,107554718202.0
2024-12-16,sz399001,10573.919,10705.517,10721.71,10535.526,92267696201.0
2024-12-17,sz399001,10537.429,10557.231,10677.743,10526.256,85814053161.0
2024-12-18,sz399001,10584.27,10561.936,10639.77,10535.761,74084662199.0
2024-12-19,sz399001,10649.034,10483.504,10673.962,10460.196,76069334340.0
2024-12-20,sz399001,10646.617,10631.444,10731.076,10618.794,73237537835.0
2024-12-23,sz399001,10537.402,10650.575,10708.823,10527.146,79568783045.0
2024-12-24,sz399001,10671.428,10548.146,10673.337,10548.146,66497704116.0
2024-12-25,sz399001,10603.1,10675.729,10677.647,10544.88,66796306236.0
2024-12-26,sz399001,10673.969,10586.957,10692.887,10570.086,59399742654.0
2024-12-27,sz399001,10659.976,10679.344,10780.532,10632.525,67993458784.0
2024-12-30,sz399001,10671.155,10644.153,10726.66,10632.744,60905276931.0
2024-12-31,sz399001,10414.611,10668.168,10678.771,10414.611,64665300880.0
2025-01-02,sz399001,10088.059,10400.664,10409.613,10006.556,68111670937.0
2025-01-03,sz399001,9897.12,10097.932,10139.989,9891.84,68523525692.0
2025-01-06,sz399001,9885.654,9890.984,9975.992,9817.751,58623548268.0
2025-01-07,sz399001,9998.757,9860.578,10000.341,9822.001,58891906830.0
2025-01-08,sz399001,9944.641,9940.197,10016.219,9731.438,68356138045.0
2025-01-09,sz399001,9976.004,9906.909,10021.939,9901.635,60520292074.0
2025-01-10,sz399001,9795.943,9957.834,10004.061,9795.943,61636098545.0
2025-01-13,sz399001,9796.177,9697.448,9866.361,9693.8,50480043564.0
2025-01-14,sz399001,10165.169,9822.349,10178.671,9788.761,69071645495.0
2025-01-15,sz399001,10060.13,10139.78,10147.264,10038.298,62657312976.0
2025-01-16,sz399001,10101.095,10110.415,10249.621,10011.167,67961881355.0
2025-01-17,sz399001,10161.321,10059.989,10227.711,10059.157,57621440908.0
2025-01-20,sz399001,10256.396,10240.715,10333.158,10225.344,58773577977.0
2025-01-21,sz399001,10305.693,10323.12,10325.688,10205.986,59739678942.0
2025-01-22,sz399001,10225.871,10263.042,10272.591,10161.998,53343230020.0
2025-01-23,sz399001,10176.174,10323.446,10411.473,10176.174,64807888595.0
2025-01-24,sz399001,10292.729,10141.406,10315.375,10141.406,58994433015.0
2025-01-27,sz399001,10156.066,10299.971,10329.607,10156.066,53284741781.0
2025-02-05,sz399001,10164.224,10237.706,10241.369,10124.195,58326774483.0
2025-02-06,sz399001,10393.634,10142.85,10393.634,10135.153,71099013431.0
2025-02-07,sz399001,10576.003,10410.035,10666.739,10384.246,88720613135.0
2025-02-10,sz399001,10631.246,10608.606,10645.961,10532.119,81642797871.0
2025-02-11,sz399001,10557.622,10640.837,10640.837,10524.01,77022717337.0
2025-02-12,sz399001,10708.884,10529.414,10709.268,10513.228,76233590457.0
2025-02-13,sz399001,10626.624,10691.459,10739.508,10621.09,83933051636.0
2025-02-14,sz399001,10749.456,10616.02,10760.86,10616.02,78638009726.0
2025-02-17,sz399001,10791.06,10820.958,10829.822,10711.43,86705929130.0
2025-02-18,sz399001,10617.261,10781.197,10817.654,10577.08,84217120344.0
2025-02-19,sz399001,10772.654,10592.025,10774.017,10588.494,75049663110.0
2025-02-20,sz399001,10794.545,10765.95,10826.383,10726.527,78257765228.0
2025-02-21,sz399001,10991.369,10821.81,11003.952,10806.507,90701864675.0
2025-02-24,sz399001,10983.043,10995.261,11045.957,10909.368,88271232487.0
2025-02-25,sz399001,10854.495,10835.912,10964.675,10815.338,81279046427.0
2025-02-26,sz399001,10955.648,10870.733,10955.648,10831.11,84215382307.0
2025-02-27,sz399001,10927.508,10969.92,10999.484,10792.082,89475120899.0
2025-02-28,sz399001,10611.24,10861.824,10883.832,10583.707,82558011813.0
2025-03-03,sz399001,10649.592,10642.185,10803.672,10586.198,72506898239.0
2025-03-04,sz399001,10679.436,10558.746,10688.529,10540.418,63501128030.0
2025-03-05,sz399001,10709.46,10686.467,10718.689,10626.71,66828336104.0
2025-03-06,sz399001,10898.751,10774.079,10924.222,10759.402,82055102681.0
2025-03-07,sz399001,10843.732,10858.777,10931.946,10798.193,82036812447.0
2025-03-10,sz399001,10825.704,10862.929,10896.11,10747.137,67492626325.0
2025-03-11,sz399001,10861.164,10698.807,10861.164,10692.719,67024477222.0
2025-03-12,sz399001,10843.227,10897.425,10939.568,10828.424,75683423892.0
2025-03-13,sz399001,10736.194,10830.108,10865.319,10677.837,73031655596.0
2025-03-14,sz399001,10978.299,10741.522,10985.951,10737.625,75821380703.0
2025-03-17,sz399001,10957.818,11009.574,11015.469,10940.771,70157392693.0
2025-03-18,sz399001,11014.747,10999.322,11041.412,10958.871,67026091831.0
2025-03-19,sz399001,10979.052,11003.733,11030.188,10916.279,65830605489.0
2025-03-20,sz399001,10879.489,10971.412,10973.141,10869.164,66033277818.0
2025-03-21,sz399001,10687.554,10843.979,10898.257,10656.879,73797742505.0
2025-03-24,sz399001,10695.488,10695.018,10723.753,10563.885,73186830760.0
2025-03-25,sz399001,10649.076,10702.689,10735.55,10618.052,60284329360.0
2025-03-26,sz399001,10643.819,10636.116,10703.037,10635.779,56246349670.0
2025-03-27,sz399001,10668.101,10610.886,10745.09,10556.615,57357559191.0
2025-03-28,sz399001,10607.331,10658.152,10688.05,10593.853,55060153716.0
2025-03-31,sz399001,10504.332,10559.656,10609.766,10427.955,56671275642.0
2025-04-01,sz399001,10503.655,10523.646,10581.979,10491.703,50596571318.0
2025-04-02,sz399001,10513.117,10500.527,10573.008,10490.849,45905545136.0
2025-04-03,sz399001,10365.731,10384.95,10481.599,10328.023,52253863357.0
2025-04-07,sz399001,9364.498,9747.661,9831.63,9220.124,72979895617.0
2025-04-08,sz399001,9424.68,9356.693,9505.64,9296.119,81890145272.0
2025-04-09,sz399001,9539.892,9271.236,9591.81,9119.601,87247716467.0
2025-04-10,sz399001,9754.644,9757.979,9884.238,9713.637,79793878408.0
2025-04-11,sz399001,9834.444,9681.452,9909.558,9679.28,63799002683.0
2025-04-14,sz399001,9884.302,9955.655,9964.726,9862.345,63003532921.0
2025-04-15,sz399001,9858.097,9886.097,9895.446,9804.602,54456953657.0
2025-04-16,sz399001,9774.728,9813.126,9814.499,9650.792,55550874792.0
2025-04-17,sz399001,9759.047,9715.294,9828.923,9712.0,49387213426.0
2025-04-18,sz399001,9781.647,9745.75,9798.426,9719.951,48644034748.0
2025-04-21,sz399001,9905.528,9768.646,9913.089,9733.43,53399889207.0
2025-04-22,sz399001,9870.054,9882.96,9914.469,9857.769,56973669202.0
2025-04-23,sz399001,9935.797,9956.369,9990.025,9892.7,62116838025.0
2025-04-24,sz399001,9878.315,9933.894,9969.967,9846.229,57933511465.0
2025-04-25,sz399001,9917.055,9900.1,9976.771,9878.67,58204970304.0
2025-04-28,sz399001,9855.196,9925.715,9926.904,9848.667,55540855510.0
2025-04-29,sz399001,9849.802,9828.459,9882.541,9799.646,50779545986.0
2025-04-30,sz399001,9899.821,9863.498,9925.87,9845.355,55873883554.0
2025-05-06,sz399001,10082.335,9974.525,10082.335,9960.522,63377232344.0
2025-05-07,sz399001,10104.129,10218.325,10248.984,10048.002,70973625885.0
2025-05-08,sz399001,10197.659,10081.271,10222.814,10067.304,63866667110.0
2025-05-09,sz399001,10126.825,10190.127,10190.127,10087.551,60037091401.0
2025-05-12,sz399001,10301.158,10220.33,10302.046,10200.206,59491062341.0
2025-05-13,sz399001,10288.083,10401.945,10401.945,10274.34,61309752848.0
2025-05-14,sz399001,10354.223,10278.907,10418.44,10240.133,62236336996.0
2025-05-15,sz399001,10186.448,10324.843,10324.843,10186.448,57130166033.0
2025-05-16,sz399001,10179.596,10157.683,10217.907,10152.771,54107866080.0
2025-05-19,sz399001,10171.09,10171.291,10184.401,10090.296,55363708797.0
2025-05-20,sz399001,10249.173,10182.247,10273.592,10151.864,59935314593.0
2025-05-21,sz399001,10294.221,10246.515,10325.925,10243.184,57953239729.0
2025-05-22,sz399001,10219.621,10274.676,10283.295,10214.497,55747392040.0
2025-05-23,sz399001,10132.412,10210.616,10294.566,10132.412,56209650952.0
2025-05-26,sz399001,10091.158,10114.688,10142.936,10044.079,48451814037.0
2025-05-27,sz399001,10029.111,10074.029,10076.878,9996.828,49805637358.0
2025-05-28,sz399001,10003.265,10039.249,10058.128,9987.406,53569192058.0
2025-05-29,sz399001,10127.204,10006.431,10139.183,10002.086,61267124894.0
2025-05-30,sz399001,10040.627,10091.193,10099.155,10022.81,59605082409.0
2025-06-03,sz399001,10057.17,10006.13,10088.186,10004.936,56067415584.0
2025-06-04,sz399001,10144.581,10070.854,10158.024,10070.854,58808019153.0
2025-06-05,sz399001,10203.501,10152.552,10220.299,10113.046,62955320724.0
2025-06-06,sz399001,10183.699,10205.518,10223.564,10166.701,56297735762.0
2025-06-09,sz399001,10250.138,10200.45,10280.831,10190.248,61526302068.0
2025-06-10,sz399001,10162.181,10248.291,10256.853,10095.006,71119077181.0
2025-06-11,sz399001,10246.021,10176.495,10295.399,10176.495,61581414276.0
2025-06-12,sz399001,10234.335,10208.298,10263.463,10182.413,60551927497.0
2025-06-13,sz399001,10122.114,10193.929,10215.545,10089.593,69802604428.0
2025-06-16,sz399001,10163.547,10096.571,10173.061,10096.571,56850140277.0
2025-06-17,sz399001,10151.427,10177.672,10198.984,10129.412,59692700888.0
2025-06-18,sz399001,10175.588,10142.583,10190.035,10118.676,58750153342.0
2025-06-19,sz399001,10051.966,10156.174,10181.971,10027.325,61011487880.0
2025-06-20,sz399001,10005.032,10039.001,10084.101,9998.498,51481121460.0
2025-06-23,sz399001,10048.394,9950.139,10064.752,9950.139,53779522481.0
2025-06-24,sz399001,10217.629,10074.272,10224.122,10074.272,66658858133.0
2025-06-25,sz399001,10393.724,10240.131,10403.508,10233.15,72049353452.0
2025-06-26,sz399001,10343.479,10389.231,10440.726,10340.692,72100158514.0
2025-06-27,sz399001,10378.55,10371.813,10455.507,10343.301,69839169334.0
2025-06-30,sz399001,10465.12,10405.964,10470.24,10399.92,67566299521.0
2025-07-01,sz399001,10476.294,10458.39,10483.329,10407.166,69507861261.0
2025-07-02,sz399001,10412.628,10455.826,10455.826,10386.493,67827298494.0
2025-07-03,sz399001,10534.584,10431.026,10546.735,10431.026,63844511182.0
2025-07-04,sz399001,10508.761,10534.991,10610.501,10480.719,66705115970.0
2025-07-07,sz399001,10435.507,10488.107,10501.307,10426.547,57849294239.0
2025-07-08,sz399001,10588.395,10431.778,10593.837,10431.778,66586008261.0
2025-07-09,sz399001,10581.798,10592.508,10656.583,10557.813,70295007528.0
2025-07-10,sz399001,10631.126,10593.703,10667.412,10562.16,70135924803.0
2025-07-11,sz399001,10696.098,10637.448,10757.24,10610.802,74264589001.0
2025-07-14,sz399001,10684.517,10705.438,10715.074,10663.869,64646333064.0
2025-07-15,sz399001,10744.562,10700.372,10784.968,10651.154,72570981842.0
2025-07-16,sz399001,10720.807,10749.714,10804.178,10697.402,61659426702.0
2025-07-17,sz399001,10873.619,10718.854,10873.619,10718.854,63554517666.0
2025-07-18,sz399001,10913.839,10902.725,10946.404,10865.887,64442869521.0
2025-07-21,sz399001,11007.487,10937.6,11008.478,10922.522,73259683950.0
2025-07-22,sz399001,11099.831,11004.009,11099.831,10970.219,78615313668.0
2025-07-23,sz399001,11059.037,11101.322,11158.223,11042.197,77295459300.0
2025-07-24,sz399001,11193.06,11069.604,11193.06,11069.604,74225009707.0
2025-07-25,sz399001,11168.142,11196.203,11210.907,11139.316,72440144499.0
2025-07-28,sz399001,11217.581,11176.393,11226.183,11114.925,68403926163.0
2025-07-29,sz399001,11289.406,11199.626,11289.42,11136.276,68778245825.0
2025-07-30,sz399001,11203.029,11262.977,11307.62,11126.999,71394812986.0
2025-07-31,sz399001,11009.769,11208.46,11223.641,10976.213,74131134334.0
2025-08-01,sz399001,10991.321,11001.255,11068.311,10919.89,62430483980.0
2025-08-04,sz399001,11041.56,10932.62,11041.56,10928.486,58826562849.0
2025-08-05,sz399001,11106.957,11078.583,11106.957,11041.475,63790591161.0
2025-08-06,sz399001,11177.782,11091.834,11177.878,11086.717,69593698421.0
2025-08-07,sz399001,11157.94,11189.488,11229.586,11089.579,71141571849.0
2025-08-08,sz399001,11128.673,11136.343,11184.552,11108.464,68193469493.0
2025-08-11,sz399001,11291.426,11159.026,11311.881,11159.026,71385294605.0
2025-08-12,sz399001,11351.633,11292.458,11351.633,11255.482,70963272011.0
2025-08-13,sz399001,11551.365,11371.081,11558.593,11362.9,79554170524.0
2025-08-14,sz399001,11451.435,11557.004,11607.406,11417.927,86799146173.0
2025-08-15,sz399001,11634.668,11419.282,11647.393,11419.282,79894615064.0
2025-08-18,sz399001,11835.572,11690.938,11919.565,11642.59,100227170829.0
2025-08-19,sz399001,11821.626,11827.901,11908.68,11774.917,94316964885.0
2025-08-20,sz399001,11926.741,11749.993,11926.741,11677.854,89403291865.0
2025-08-21,sz399001,11919.763,11965.801,12011.775,11865.465,91564235638.0
2025-08-22,sz399001,12166.061,11902.037,12167.278,11902.037,89165570058.0
2025-08-25,sz399001,12441.067,12291.123,12477.973,12246.563,107080327698.0
2025-08-26,sz399001,12473.174,12398.813,12561.492,12361.489,96885601318.0
2025-08-27,sz399001,12295.069,12483.194,12665.356,12295.069,114364021865.0
2025-08-28,sz399001,12571.371,12254.274,12571.371,12199.938,106077270854.0
2025-08-29,sz399001,12696.15,12568.63,12791.179,12508.974,90039159316.0
2025-09-01,sz399001,12828.952,12773.22,12830.182,12663.339,90618710337.0
2025-09-02,sz399001,12553.838,12817.033,12857.161,12450.465,99108379603.0
2025-09-03,sz399001,12471.995,12599.956,12669.804,12393.09,85684881475.0
2025-09-04,sz399001,12118.702,12526.3,12580.089,11967.568,89935604700.0
2025-09-05,sz399001,12590.562,12140.757,12597.889,12085.536,81649422586.0
2025-09-08,sz399001,12666.842,12631.981,12689.165,12511.419,82213572224.0
2025-09-09,sz399001,12510.597,12598.295,12653.867,12434.845,75834702535.0
2025-09-10,sz399001,12557.68,12511.084,12621.191,12415.194,71682785890.0
2025-09-11,sz399001,12979.892,12570.87,12979.892,12516.345,83569260132.0
2025-09-12,sz399001,12924.135,12941.264,13048.52,12905.475,86829049183.0
2025-09-15,sz399001,13005.774,12971.431,13098.776,12943.4,79831112540.0
2025-09-16,sz399001,13063.974,13017.578,13071.215,12863.822,88946418162.0
2025-09-17,sz399001,13215.457,13062.641,13226.202,13004.381,85357171738.0
2025-09-18,sz399001,13075.658,13161.154,13328.101,12915.975,107352779091.0
2025-09-19,sz399001,13070.863,13074.905,13182.602,13016.064,81956396527.0
2025-09-22,sz399001,13157.974,13119.827,13157.974,13006.355,72219729349.0
2025-09-23,sz399001,13119.817,13246.933,13267.904,12875.325,86054209387.0
2025-09-24,sz399001,13356.143,13037.077,13356.143,13009.643,72776664276.0
2025-09-25,sz399001,13445.896,13333.019,13529.326,13295.53,74044120950.0
2025-09-26,sz399001,13208.996,13394.786,13453.855,13205.629,69445136024.0
2025-09-29,sz399001,13479.428,13248.197,13531.978,13239.728,67580347625.0
2025-09-30,sz399001,13526.509,13504.647,13598.178,13460.319,65843483294.0
2025-10-09,sz399001,13725.557,13598.354,13806.693,13565.294,79698688531.0
2025-10-10,sz399001,13355.419,13633.187,13644.513,13304.602,78009860190.0
2025-10-13,sz399001,13231.466,12837.251,13256.514,12837.251,74248646158.0
2025-10-14,sz399001,12895.107,13369.561,13405.509,12844.024,78134962115.0
2025-10-15,sz399001,13118.754,12919.27,13123.281,12817.888,66497250499.0
2025-10-16,sz399001,13086.409,13064.258,13218.166,13033.371,63042714969.0
2025-10-17,sz399001,12688.936,13060.242,13091.76,12677.438,66747347454.0
2025-10-20,sz399001,12813.208,12877.7,12948.318,12742.838,58287773562.0
2025-10-21,sz399001,13077.316,12880.166,13100.082,12848.317,63561369955.0
2025-10-22,sz399001,12996.608,12985.962,13078.644,12932.012,59338817782.0
2025-10-23,sz399001,13025.446,12959.415,13042.336,12803.856,61471385420.0
2025-10-24,sz399001,13289.185,13091.337,13289.185,13091.337,65254498922.0
2025-10-27,sz399001,13489.403,13448.915,13510.708,13346.813,72402253232.0
2025-10-28,sz399001,13430.104,13411.668,13572.904,13375.322,68253217591.0
2025-10-29,sz399001,13691.383,13484.013,13691.383,13475.647,73070974609.0
2025-10-30,sz399001,13532.126,13661.609,13700.252,13509.242,77324917262.0
2025-10-31,sz399001,13378.212,13517.174,13618.15,13378.212,74576092904.0
2025-11-03,sz399001,13404.063,13364.419,13404.063,13158.307,71688587821.0
2025-11-04,sz399001,13175.221,13373.551,13399.924,13094.215,68291968704.0
2025-11-05,sz399001,13223.56,12953.842,13273.235,12953.842,70220148922.0
2025-11-06,sz399001,13452.417,13272.466,13468.401,13272.466,70896330271.0
2025-11-07,sz399001,13404.056,13380.354,13496.696,13322.609,70056774710.0
2025-11-10,sz399001,13427.612,13453.366,13502.164,13306.662,75709725385.0
2025-11-11,sz399001,13289.005,13476.245,13493.167,13271.675,73358023648.0
2025-11-12,sz399001,13240.616,13240.703,13312.529,13120.712,73100266968.0
2025-11-13,sz399001,13476.521,13228.501,13488.631,13222.78,74808454232.0
2025-11-14,sz399001,13216.031,13323.451,13394.063,13216.031,76941624036.0
2025-11-17,sz399001,13202.005,13200.543,13251.775,13137.281,74868770069.0
2025-11-18,sz399001,13080.488,13161.704,13223.122,13022.443,78884718270.0
2025-11-19,sz399001,13080.086,13071.939,13164.967,13009.009,69523591376.0
2025-11-20,sz399001,12980.818,13215.065,13226.036,12970.558,67314768058.0
2025-11-21,sz399001,12538.071,12752.723,12812.375,12538.071,81157893277.0
2025-11-24,sz399001,12585.084,12605.131,12655.293,12448.32,68995329424.0
2025-11-25,sz399001,12777.313,12692.089,12882.807,12684.294,69984203079.0
2025-11-26,sz399001,12907.834,12769.927,13012.328,12749.02,68673377809.0
2025-11-27,sz399001,12875.195,12903.911,13082.771,12863.259,63755837739.0
2025-11-28,sz399001,12984.081,12869.661,13000.065,12834.085,61139106892.0
2025-12-01,sz399001,13146.716,13038.156,13149.397,12993.887,69444076430.0
2025-12-02,sz399001,13056.701,13130.072,13132.807,13011.107,64385112607.0
2025-12-03,sz399001,12955.253,13071.157,13126.671,12922.675,69170604669.0
2025-12-04,sz399001,13006.717,12957.804,13042.955,12881.56,63419808420.0
2025-12-05,sz399001,13147.677,13020.287,13164.484,12938.349,66930306488.0
2025-12-08,sz399001,13329.99,13178.956,13389.673,13178.956,72908982535.0
2025-12-09,sz399001,13277.362,13295.622,13398.249,13227.774,68804590208.0
2025-12-10,sz399001,13316.424,13251.266,13344.851,13126.208,67629097123.0
2025-12-11,sz399001,13147.387,13333.292,13388.265,13147.387,70536990697.0
2025-12-12,sz399001,13258.328,13174.447,13284.271,13085.424,70099821530.0
2025-12-15,sz399001,13112.089,13150.433,13244.034,13111.378,62728573127.0
2025-12-16,sz399001,12914.668,13084.877,13113.987,12851.222,66452184425.0
2025-12-17,sz399001,13224.514,12927.394,13254.81,12927.394,65350169676.0
2025-12-18,sz399001,13053.975,13112.611,13205.223,13053.975,59011620686.0
2025-12-19,sz399001,13140.215,13116.187,13217.436,13070.726,65712741229.0
2025-12-22,sz399001,13332.731,13225.401,13349.081,13225.401,65354913502.0
2025-12-23,sz399001,13368.989,13338.935,13447.287,13305.765,67489465792.0
2025-12-24,sz399001,13486.419,13378.482,13497.099,13347.763,64044044005.0
2025-12-25,sz399001,13531.411,13472.704,13563.057,13407.373,66079406292.0
2025-12-26,sz399001,13603.894,13539.049,13674.873,13517.805,74129290965.0
2025-12-29,sz399001,13537.097,13604.295,13650.701,13494.957,71387141313.0
2025-12-30,sz399001,13604.067,13466.305,13645.556,13465.674,71622336614.0
2025-12-31,sz399001,13525.022,13627.264,13642.527,13491.675,71339644106.0
2026-01-05,sz399001,13828.63,13633.634,13828.967,13633.634,83035712330.0
2026-01-06,sz399001,14022.552,13830.303,14024.119,13827.793,93183264755.0
2026-01-07,sz399001,14030.559,14062.021,14111.175,13935.528,91357518913.0
2026-01-08,sz399001,13959.482,13971.892,14033.594,13883.808,92028837770.0
2026-01-09,sz399001,14120.151,13917.782,14139.536,13917.782,101352753560.0
2026-01-12,sz399001,14366.908,14186.863,14391.28,14089.593,115264352804.0
2026-01-13,sz399001,14169.397,14397.685,14458.885,14113.174,119510202373.0
2026-01-14,sz399001,14248.599,14194.112,14459.214,14099.981,131211872906.0
2026-01-15,sz399001,14306.726,14158.662,14328.596,14155.498,97152761162.0
2026-01-16,sz399001,14281.08,14374.535,14424.351,14257.59,90689452564.0
2026-01-19,sz399001,14294.053,14221.926,14392.875,14221.926,83220501869.0
2026-01-20,sz399001,14155.628,14307.552,14337.125,14033.224,88192190857.0
2026-01-21,sz399001,14255.125,14102.212,14320.936,14102.212,79338785281.0
2026-01-22,sz399001,14327.045,14313.635,14374.511,14223.344,82251430016.0
2026-01-23,sz399001,14439.658,14349.012,14449.84,14320.515,98269910191.0
2026-01-26,sz399001,14316.637,14492.425,14532.896,14277.67,102322809048.0
2026-01-27,sz399001,14329.906,14283.777,14403.596,14105.126,90968627621.0
2026-01-28,sz399001,14342.895,14371.955,14411.651,14234.886,88302545987.0
2026-01-29,sz399001,14300.076,14332.703,14418.089,14252.197,99391556398.0
2026-01-30,sz399001,14205.893,14214.141,14291.574,13923.955,90232292535.0
2026-02-02,sz399001,13824.352,14128.868,14213.612,13815.282,81114236364.0
2026-02-03,sz399001,14127.105,13986.895,14129.597,13815.229,78291093443.0
2026-02-04,sz399001,14156.273,14072.41,14173.766,13958.08,81523878047.0
2026-02-05,sz399001,13952.712,14020.84,14074.356,13874.018,72622538063.0
2026-02-06,sz399001,13906.734,13801.031,14065.776,13726.859,73034954834.0
2026-02-09,sz399001,14208.436,14115.141,14211.704,14060.667,72636960194.0
2026-02-10,sz399001,14210.626,14200.756,14258.515,14165.429,73300288412.0
2026-02-11,sz399001,14160.934,14186.653,14250.337,14156.164,68193320105.0
2026-02-12,sz399001,14282.998,14177.967,14296.48,14177.287,69625970218.0
2026-02-13,sz399001,14100.189,14188.347,14258.826,14092.84,64063961614.0
2026-02-24,sz399001,14291.565,14313.862,14376.957,14214.415,71242598997.0
2026-02-25,sz399001,14475.865,14322.242,14512.845,14314.152,79368851138.0
2026-02-26,sz399001,14503.786,14495.858,14536.076,14408.875,79313407541.0
2026-02-27,sz399001,14495.093,14375.25,14497.957,14366.35,78110959637.0
2026-03-02,sz399001,14465.788,14327.65,14509.689,14285.667,93379464716.0
2026-03-03,sz399001,14022.392,14498.698,14526.057,14007.648,97065894465.0
2026-03-04,sz399001,13917.752,13854.374,14112.021,13854.374,74046401893.0
2026-03-05,sz399001,14088.839,14160.198,14202.762,13999.702,75896647743.0
2026-03-06,sz399001,14172.627,14015.543,14212.844,13969.341,72927891335.0
2026-03-09,sz399001,14067.503,13920.286,14103.631,13701.67,83734565606.0
2026-03-10,sz399001,14354.073,14239.301,14357.818,14239.301,73622290201.0
2026-03-11,sz399001,14465.41,14373.739,14531.023,14373.011,77097377661.0
2026-03-12,sz399001,14374.871,14457.632,14478.046,14245.77,76880514232.0
2026-03-13,sz399001,14280.78,14300.925,14454.307,14245.959,77422569126.0
2026-03-16,sz399001,14307.577,14291.149,14320.096,14097.815,75301618572.0
2026-03-17,sz399001,14039.73,14370.446,14400.355,14039.502,75319703764.0
2026-03-18,sz399001,14187.796,14108.922,14203.915,13944.371,66605559837.0
2026-03-19,sz399001,13901.567,14003.698,14098.691,13852.596,67934101768.0
2026-03-20,sz399001,13866.202,14021.456,14144.989,13856.487,73293460405.0
2026-03-23,sz399001,13345.514,13619.944,13758.975,13274.177,85158454965.0
2026-03-24,sz399001,13536.556,13514.67,13536.556,13169.251,73071623317.0
2026-03-25,sz399001,13801.001,13669.053,13835.031,13666.842,72288882956.0
2026-03-26,sz399001,13606.443,13756.87,13853.097,13573.12,66666803450.0
2026-03-27,sz399001,13760.369,13423.513,13842.397,13419.311,63025383844.0
2026-03-30,sz399001,13726.19,13618.794,13748.207,13536.562,65306873290.0
2026-03-31,sz399001,13478.056,13683.681,13783.968,13478.056,66239708690.0
2026-04-01,sz399001,13706.52,13731.387,13740.975,13603.785,65413025986.0
2026-04-02,sz399001,13486.937,13658.255,13680.631,13418.498,63489373985.0
2026-04-03,sz399001,13352.904,13553.653,13558.909,13345.61,58538462285.0
2026-04-07,sz399001,13400.412,13392.942,13476.079,13305.507,53943656647.0
2026-04-08,sz399001,14042.496,13717.221,14042.496,13694.91,74738321191.0
2026-04-09,sz399001,13996.266,13928.428,14058.053,13891.479,65183680950.0
2026-04-10,sz399001,14309.472,14098.016,14382.61,14095.882,66751097781.0
2026-04-13,sz399001,14407.864,14233.111,14440.265,14233.111,62315845017.0
2026-04-14,sz399001,14639.952,14514.688,14640.769,14463.93,68274226324.0
2026-04-15,sz399001,14498.455,14736.009,14738.533,14440.209,69692870680.0
2026-04-16,sz399001,14796.335,14546.353,14807.162,14522.86,68598741254.0
2026-04-17,sz399001,14885.416,14806.28,14916.393,14787.87,69551813982.0
2026-04-20,sz399001,14966.747,14870.899,15006.917,14845.97,72282180746.0
2026-04-21,sz399001,14982.14,14920.384,15017.751,14774.076,70037042537.0
2026-04-22,sz399001,15177.286,14897.963,15182.821,14897.963,69895559303.0
2026-04-23,sz399001,15043.449,15234.217,15248.431,14934.676,76102281752.0
2026-04-24,sz399001,14940.301,14951.741,15033.671,14795.221,70972943878.0
2026-04-27,sz399001,14995.748,14960.024,15054.46,14919.216,70993000124.0
2026-04-28,sz399001,14830.455,14925.217,14943.355,14772.465,72372754716.0
2021-05-18,sh000016,3537.696,3543.11,3550.076,3520.666,2378258700.0
2021-05-19,sh000016,3511.467,3531.788,3531.788,3501.383,2380663300.0
2021-05-20,sh000016,3522.451,3514.428,3530.491,3496.52,2382719600.0
2021-05-21,sh000016,3481.862,3532.872,3544.266,3475.263,2064464400.0
2021-05-24,sh000016,3497.747,3482.993,3499.445,3457.292,2298654300.0
2021-05-25,sh000016,3641.292,3505.814,3645.075,3505.626,4418286500.0
2021-05-26,sh000016,3657.19,3656.34,3678.067,3643.985,3455939600.0
2021-05-27,sh000016,3664.942,3645.482,3709.002,3628.96,2987912000.0
2021-05-28,sh000016,3659.296,3663.875,3689.248,3630.574,2868284600.0
2021-05-31,sh000016,3650.225,3652.888,3652.892,3615.423,2632840100.0
2021-06-01,sh000016,3650.903,3641.969,3652.949,3608.204,2816154700.0
2021-06-02,sh000016,3622.398,3661.942,3665.919,3604.777,2797539200.0
2021-06-03,sh000016,3591.156,3620.791,3637.005,3589.233,2602014600.0
2021-06-04,sh000016,3612.701,3574.301,3655.92,3573.703,2885758100.0
2021-06-07,sh000016,3601.109,3610.891,3613.284,3579.011,2569817900.0
2021-06-08,sh000016,3580.284,3597.943,3634.816,3558.463,2607966900.0
2021-06-09,sh000016,3587.532,3575.487,3599.624,3572.357,2729685900.0
2021-06-10,sh000016,3607.679,3588.143,3634.921,3582.164,2865759200.0
2021-06-11,sh000016,3576.777,3610.137,3611.246,3564.649,4072974500.0
2021-06-15,sh000016,3528.668,3570.405,3579.088,3513.13,3754748900.0
2021-06-16,sh000016,3486.288,3525.75,3532.848,3480.408,3162933300.0
2021-06-17,sh000016,3481.6,3477.472,3503.553,3467.578,2944641900.0
2021-06-18,sh000016,3454.589,3475.546,3488.258,3426.035,3611934200.0
2021-06-21,sh000016,3431.252,3440.744,3455.565,3410.403,3045691500.0
2021-06-22,sh000016,3464.706,3444.75,3469.808,3437.955,3262588500.0
2021-06-23,sh000016,3471.341,3469.279,3496.438,3460.686,2956453300.0
2021-06-24,sh000016,3483.909,3476.683,3487.273,3452.614,2876918300.0
2021-06-25,sh000016,3535.019,3483.161,3545.434,3479.741,3602721100.0
2021-06-28,sh000016,3520.743,3541.105,3543.704,3502.78,2970171700.0
2021-06-29,sh000016,3482.733,3514.323,3517.364,3475.445,2881460800.0
2021-06-30,sh000016,3498.649,3477.382,3504.964,3477.382,2493278600.0
2021-07-01,sh000016,3535.249,3510.558,3535.332,3479.52,2955315700.0
2021-07-02,sh000016,3408.237,3495.598,3495.598,3403.804,3471086200.0
2021-07-05,sh000016,3404.791,3402.109,3415.561,3376.837,3092679300.0
2021-07-06,sh000016,3405.279,3405.47,3406.765,3368.141,2921183300.0
2021-07-07,sh000016,3424.39,3384.567,3433.728,3382.238,2691945900.0
2021-07-08,sh000016,3373.256,3432.889,3434.15,3365.531,3386245300.0
2021-07-09,sh000016,3361.595,3359.204,3373.143,3329.745,3163660600.0
2021-07-12,sh000016,3384.507,3385.121,3413.348,3357.134,3841631900.0
2021-07-13,sh000016,3391.742,3384.748,3409.788,3377.2,3140767500.0
2021-07-14,sh000016,3339.381,3385.389,3385.389,3328.877,3473367600.0
2021-07-15,sh000016,3411.289,3335.051,3414.416,3332.784,3195519300.0
2021-07-16,sh000016,3369.899,3405.399,3413.265,3365.954,2722985500.0
2021-07-19,sh000016,3385.366,3362.579,3390.267,3322.321,2981703700.0
2021-07-20,sh000016,3378.629,3364.314,3382.095,3357.748,2586536200.0
2021-07-21,sh000016,3388.52,3385.135,3410.818,3375.63,3349058200.0
2021-07-22,sh000016,3392.717,3386.911,3410.63,3378.124,3695544300.0
2021-07-23,sh000016,3357.447,3389.398,3389.434,3353.038,3684790700.0
2021-07-26,sh000016,3228.37,3339.865,3339.865,3195.618,4433959400.0
2021-07-27,sh000016,3126.376,3228.438,3238.388,3117.613,4984873200.0
2021-07-28,sh000016,3154.635,3107.12,3171.08,3098.022,4051963700.0
2021-07-29,sh000016,3182.796,3206.436,3207.898,3159.771,3564991500.0
2021-07-30,sh000016,3132.821,3160.467,3160.467,3114.509,3238885100.0
2021-08-02,sh000016,3211.144,3112.297,3217.813,3082.828,4557498400.0
2021-08-03,sh000016,3223.826,3197.891,3235.398,3181.765,3889518500.0
2021-08-04,sh000016,3233.103,3219.399,3242.389,3211.399,3364954200.0
2021-08-05,sh000016,3227.359,3214.469,3266.295,3198.372,3184362600.0
2021-08-06,sh000016,3195.696,3211.64,3213.102,3181.377,2990772300.0
2021-08-09,sh000016,3235.206,3171.095,3253.08,3169.194,3874285800.0
2021-08-10,sh000016,3288.651,3231.146,3290.247,3193.96,3246484200.0
2021-08-11,sh000016,3262.575,3280.811,3298.408,3259.534,4006631800.0
2021-08-12,sh000016,3226.114,3247.8,3262.895,3222.689,3226328300.0
2021-08-13,sh000016,3217.837,3212.333,3242.312,3199.855,2820957300.0
2021-08-16,sh000016,3222.622,3212.663,3246.932,3205.533,3254956200.0
2021-08-17,sh000016,3149.878,3219.825,3240.334,3141.656,3978466900.0
2021-08-18,sh000016,3190.552,3148.382,3204.874,3133.88,4550028900.0
2021-08-19,sh000016,3144.375,3179.925,3185.727,3130.467,4519962300.0
2021-08-20,sh000016,3072.755,3105.157,3118.703,3044.879,3853661800.0
2021-08-23,sh000016,3099.887,3079.289,3109.986,3069.53,3166401500.0
2021-08-24,sh000016,3147.769,3106.23,3160.558,3104.972,3820824500.0
2021-08-25,sh000016,3159.803,3160.744,3173.372,3138.217,3366680000.0
2021-08-26,sh000016,3088.831,3156.914,3156.914,3087.301,3159988800.0
2021-08-27,sh000016,3123.049,3086.047,3145.976,3084.314,3261342600.0
2021-08-30,sh000016,3112.702,3141.12,3141.756,3092.826,4520878800.0
2021-08-31,sh000016,3097.058,3099.471,3122.91,3056.698,5160766900.0
2021-09-01,sh000016,3165.037,3087.256,3185.824,3064.496,7304135800.0
2021-09-02,sh000016,3167.097,3166.273,3189.251,3149.252,5178647200.0
2021-09-03,sh000016,3175.879,3172.498,3203.318,3137.879,5276918600.0
2021-09-06,sh000016,3211.198,3175.882,3228.948,3166.616,4575531200.0
2021-09-07,sh000016,3248.052,3210.269,3259.922,3192.019,4618544600.0
2021-09-08,sh000016,3213.257,3240.997,3254.099,3203.279,4206310000.0
2021-09-09,sh000016,3204.278,3195.988,3208.632,3183.214,5235507300.0
2021-09-10,sh000016,3252.325,3203.059,3268.729,3201.738,6146535000.0
2021-09-13,sh000016,3242.036,3246.858,3271.104,3222.221,5146173700.0
2021-09-14,sh000016,3188.261,3243.677,3257.622,3182.204,5692556900.0
2021-09-15,sh000016,3146.634,3180.549,3180.549,3130.968,4282133900.0
2021-09-16,sh000016,3128.589,3145.439,3157.899,3113.037,4552637400.0
2021-09-17,sh000016,3161.922,3117.929,3162.053,3110.032,4002869400.0
2021-09-22,sh000016,3122.337,3100.39,3129.777,3096.032,4058164000.0
2021-09-23,sh000016,3127.821,3135.748,3159.967,3116.561,3779774000.0
2021-09-24,sh000016,3145.112,3120.427,3173.054,3120.427,3538273300.0
2021-09-27,sh000016,3199.975,3162.428,3218.882,3162.428,4229347300.0
2021-09-28,sh000016,3211.154,3197.038,3224.566,3173.847,3810590300.0
2021-09-29,sh000016,3199.226,3186.121,3222.278,3160.391,4081216500.0
2021-09-30,sh000016,3196.991,3202.017,3213.559,3189.18,2969816000.0
2021-10-08,sh000016,3256.261,3229.069,3263.933,3215.558,3892310800.0
2021-10-11,sh000016,3276.407,3264.722,3318.145,3263.161,3842253200.0
2021-10-12,sh000016,3259.38,3266.021,3280.065,3232.324,3498337100.0
2021-10-13,sh000016,3292.762,3257.397,3307.225,3243.613,2877853700.0
2021-10-14,sh000016,3270.692,3289.981,3301.908,3264.254,2411163200.0
2021-10-15,sh000016,3294.833,3258.568,3301.153,3251.097,3261920300.0
2021-10-18,sh000016,3229.631,3289.321,3289.321,3213.244,3243351200.0
2021-10-19,sh000016,3256.668,3227.007,3265.514,3226.073,2912722500.0
2021-10-20,sh000016,3254.998,3264.473,3282.571,3242.102,2758482300.0
2021-10-21,sh000016,3278.542,3256.605,3294.051,3253.572,3130680700.0
2021-10-22,sh000016,3318.128,3287.932,3336.729,3282.875,3129766200.0
2021-10-25,sh000016,3312.303,3295.247,3316.569,3284.889,2834601400.0
2021-10-26,sh000016,3290.036,3312.304,3327.659,3285.235,2598345400.0
2021-10-27,sh000016,3247.097,3282.265,3282.265,3236.146,2804493600.0
2021-10-28,sh000016,3239.61,3240.539,3252.728,3223.72,2992402000.0
2021-10-29,sh000016,3267.249,3241.912,3267.249,3239.083,3477475100.0
2021-11-01,sh000016,3250.915,3239.889,3262.489,3223.869,3343144300.0
2021-11-02,sh000016,3212.026,3245.037,3267.762,3187.355,3974412300.0
2021-11-03,sh000016,3181.451,3207.737,3220.339,3173.329,2726038700.0
2021-11-04,sh000016,3207.264,3194.474,3216.226,3187.955,2663500800.0
2021-11-05,sh000016,3201.546,3197.612,3229.97,3189.682,2644968800.0
2021-11-08,sh000016,3196.27,3198.69,3214.329,3185.944,2577310300.0
2021-11-09,sh000016,3186.958,3206.291,3214.89,3172.087,2363506800.0
2021-11-10,sh000016,3170.405,3177.611,3182.258,3125.292,3085177300.0
2021-11-11,sh000016,3233.37,3169.013,3233.588,3164.944,3806182200.0
2021-11-12,sh000016,3220.548,3239.349,3241.127,3213.753,2576431200.0
2021-11-15,sh000016,3221.687,3228.021,3241.918,3209.484,2220424000.0
2021-11-16,sh000016,3222.173,3222.507,3243.446,3212.205,2424140300.0
2021-11-17,sh000016,3208.776,3217.105,3226.105,3202.564,1980082400.0
2021-11-18,sh000016,3173.376,3199.21,3199.21,3164.696,2004218200.0
2021-11-19,sh000016,3212.908,3170.789,3217.816,3168.304,2570957800.0
2021-11-22,sh000016,3212.151,3217.332,3228.29,3209.422,2625728600.0
2021-11-23,sh000016,3224.155,3206.94,3237.649,3206.425,2648181200.0
2021-11-24,sh000016,3231.835,3226.02,3247.775,3214.086,2321025300.0
2021-11-25,sh000016,3218.051,3233.26,3236.262,3212.733,2101052600.0
2021-11-26,sh000016,3187.358,3213.631,3214.046,3181.143,2303656800.0
2021-11-29,sh000016,3187.049,3170.695,3188.112,3163.964,2718079300.0
2021-11-30,sh000016,3165.35,3186.254,3196.039,3153.631,2341928200.0
2021-12-01,sh000016,3180.418,3166.613,3182.382,3165.697,2500413500.0
2021-12-02,sh000016,3190.872,3179.989,3198.031,3169.023,2741773700.0
2021-12-03,sh000016,3221.422,3191.174,3221.422,3191.174,2726907900.0
2021-12-06,sh000016,3228.142,3234.431,3257.188,3223.209,3541274300.0
2021-12-07,sh000016,3254.499,3255.555,3262.085,3237.159,3778374300.0
2021-12-08,sh000016,3304.708,3263.258,3306.973,3247.326,3274665800.0
2021-12-09,sh000016,3360.184,3312.333,3393.161,3309.95,4255631300.0
2021-12-10,sh000016,3353.63,3339.239,3353.63,3332.986,3939067800.0
2021-12-13,sh000016,3366.068,3391.622,3428.738,3363.688,3974870500.0
2021-12-14,sh000016,3350.497,3353.03,3364.518,3342.121,3146983300.0
2021-12-15,sh000016,3318.98,3340.749,3359.674,3318.409,2482180700.0
2021-12-16,sh000016,3330.856,3312.701,3330.856,3304.531,2533735800.0
2021-12-17,sh000016,3278.899,3321.669,3330.231,3278.116,2633376700.0
2021-12-20,sh000016,3255.352,3264.098,3294.133,3247.301,2784848500.0
2021-12-21,sh000016,3273.031,3253.287,3277.372,3251.957,2453674100.0
2021-12-22,sh000016,3260.571,3280.694,3287.756,3257.012,2234285700.0
2021-12-23,sh000016,3287.188,3265.707,3287.188,3246.235,2141772600.0
2021-12-24,sh000016,3290.236,3293.301,3306.909,3278.202,2180618400.0
2021-12-27,sh000016,3278.437,3286.111,3291.979,3264.023,1967563600.0
2021-12-28,sh000016,3303.4,3282.6,3307.789,3280.266,2600226200.0
2021-12-29,sh000016,3240.845,3308.213,3308.231,3240.845,2009854100.0
2021-12-30,sh000016,3261.794,3240.263,3276.999,3236.159,2228503200.0
2021-12-31,sh000016,3274.321,3269.611,3282.68,3261.836,2054996100.0
2022-01-04,sh000016,3264.066,3277.665,3281.74,3224.34,2998263700.0
2022-01-05,sh000016,3254.279,3259.206,3289.158,3244.213,3706405000.0
2022-01-06,sh000016,3210.385,3242.533,3251.117,3194.954,3173040300.0
2022-01-07,sh000016,3223.267,3213.264,3240.743,3213.264,4069472400.0
2022-01-10,sh000016,3236.116,3217.345,3237.217,3197.9,3338280400.0
2022-01-11,sh000016,3214.529,3229.459,3247.904,3210.403,3066642000.0
2022-01-12,sh000016,3236.308,3220.194,3244.228,3211.28,3244169300.0
2022-01-13,sh000016,3184.107,3243.047,3247.817,3182.847,3478230400.0
2022-01-14,sh000016,3139.045,3173.849,3173.849,3136.992,3451703200.0
2022-01-17,sh000016,3147.699,3139.411,3159.188,3134.075,2703608500.0
2022-01-18,sh000016,3187.524,3147.846,3198.473,3137.112,3505729400.0
2022-01-19,sh000016,3187.192,3194.919,3201.94,3172.263,3099126700.0
2022-01-20,sh000016,3233.701,3188.138,3251.223,3187.605,4026112700.0
2022-01-21,sh000016,3218.735,3227.202,3234.467,3202.732,3233270900.0
2022-01-24,sh000016,3209.745,3204.179,3218.977,3185.523,2827422900.0
2022-01-25,sh000016,3144.949,3192.121,3198.114,3144.726,3031000600.0
2022-01-26,sh000016,3163.674,3156.65,3169.529,3126.545,2418172700.0
2022-01-27,sh000016,3119.239,3168.135,3168.762,3115.858,3110144200.0
2022-01-28,sh000016,3054.021,3127.176,3140.291,3048.326,3355530500.0
2022-02-07,sh000016,3114.26,3102.62,3129.193,3096.688,3647509700.0
2022-02-08,sh000016,3116.505,3107.886,3118.582,3061.224,4036531200.0
2022-02-09,sh000016,3139.564,3118.969,3148.23,3110.882,3914440300.0
2022-02-10,sh000016,3145.113,3145.328,3146.964,3125.113,3650563200.0
2022-02-11,sh000016,3142.912,3133.796,3172.086,3130.694,4359771100.0
2022-02-14,sh000016,3103.997,3131.394,3131.841,3093.642,3892574500.0
2022-02-15,sh000016,3119.928,3101.364,3126.423,3097.083,2931343800.0
2022-02-16,sh000016,3136.082,3134.883,3150.857,3129.041,2483496300.0
2022-02-17,sh000016,3139.177,3138.77,3156.865,3132.095,2546109500.0
2022-02-18,sh000016,3162.822,3126.278,3162.822,3121.954,2387899300.0
2022-02-21,sh000016,3144.865,3155.318,3155.882,3128.585,2635931000.0
2022-02-22,sh000016,3102.325,3122.04,3122.294,3082.387,3155638900.0
2022-02-23,sh000016,3118.038,3108.903,3120.343,3094.207,2968900600.0
2022-02-24,sh000016,3059.641,3098.141,3104.699,3038.354,4707185000.0
2022-02-25,sh000016,3075.587,3076.805,3104.865,3068.185,3563301800.0
2022-02-28,sh000016,3080.777,3069.1,3081.357,3049.557,3066536900.0
2022-03-01,sh000016,3125.691,3093.93,3129.257,3093.93,2763798100.0
2022-03-02,sh000016,3107.241,3108.62,3113.349,3097.89,2774565200.0
2022-03-03,sh000016,3097.089,3117.648,3124.892,3090.198,3705587700.0
2022-03-04,sh000016,3062.382,3068.398,3079.467,3052.686,3091675000.0
2022-03-07,sh000016,2974.676,3042.016,3042.016,2965.221,4265843700.0
2022-03-08,sh000016,2933.164,2983.048,3005.556,2920.969,4105561100.0
2022-03-09,sh000016,2907.178,2949.333,2965.566,2809.993,4727191800.0
2022-03-10,sh000016,2933.461,2969.485,2973.61,2931.088,3422380000.0
2022-03-11,sh000016,2935.684,2897.343,2944.25,2852.789,3645774600.0
2022-03-14,sh000016,2851.877,2889.835,2920.709,2851.858,3237405400.0
2022-03-15,sh000016,2702.853,2808.725,2825.55,2702.853,5215842000.0
2022-03-16,sh000016,2827.75,2746.15,2836.846,2688.695,4811657400.0
2022-03-17,sh000016,2877.219,2888.237,2918.536,2861.244,4322726300.0
2022-03-18,sh000016,2913.185,2869.701,2925.724,2853.773,4130299600.0
2022-03-21,sh000016,2892.107,2919.262,2919.262,2868.396,3048465700.0
2022-03-22,sh000016,2900.768,2893.569,2921.727,2885.015,3074521000.0
2022-03-23,sh000016,2916.508,2908.965,2928.443,2890.49,3004670000.0
2022-03-24,sh000016,2903.617,2898.144,2918.303,2885.372,2773392700.0
2022-03-25,sh000016,2856.428,2898.491,2910.917,2855.329,2676999900.0
2022-03-28,sh000016,2853.182,2817.26,2866.067,2798.7,3213623900.0
2022-03-29,sh000016,2842.153,2854.802,2873.611,2837.697,2365905500.0
2022-03-30,sh000016,2915.491,2864.241,2915.491,2861.546,3400523200.0
2022-03-31,sh000016,2898.826,2901.074,2915.515,2892.105,3316818000.0
2022-04-01,sh000016,2943.244,2886.361,2954.509,2877.065,3396884700.0
2022-04-06,sh000016,2931.198,2918.503,2941.054,2910.019,4339490800.0
2022-04-07,sh000016,2902.482,2916.803,2943.245,2896.729,3282274200.0
2022-04-08,sh000016,2925.491,2903.24,2929.891,2889.198,3623532000.0
2022-04-11,sh000016,2846.38,2908.542,2908.542,2839.562,3591882300.0
2022-04-12,sh000016,2894.258,2854.287,2895.531,2827.632,3399392600.0
2022-04-13,sh000016,2882.279,2881.735,2914.202,2871.055,3114819000.0
2022-04-14,sh000016,2928.596,2905.773,2947.453,2897.054,2866772700.0
2022-04-15,sh000016,2930.578,2911.139,2943.601,2908.556,2958959500.0
2022-04-18,sh000016,2887.721,2902.444,2902.444,2875.962,2910085900.0
2022-04-19,sh000016,2861.567,2881.901,2899.261,2843.649,2842842300.0
2022-04-20,sh000016,2835.352,2859.604,2868.569,2828.211,2926854100.0
2022-04-21,sh000016,2797.529,2821.359,2848.825,2784.558,3285548000.0
2022-04-22,sh000016,2814.127,2773.368,2826.681,2769.674,3084168500.0
2022-04-25,sh000016,2683.413,2750.555,2772.551,2682.519,4428581300.0
2022-04-26,sh000016,2681.028,2685.274,2729.187,2667.913,4030079900.0
2022-04-27,sh000016,2734.54,2674.455,2737.033,2674.18,4208586100.0
2022-04-28,sh000016,2769.712,2725.632,2775.062,2722.238,3783453000.0
2022-04-29,sh000016,2805.336,2772.946,2820.553,2742.972,4141487500.0
2022-05-05,sh000016,2800.929,2806.044,2824.54,2799.722,3523176000.0
2022-05-06,sh000016,2719.761,2754.971,2760.437,2716.165,2747984600.0
2022-05-09,sh000016,2695.133,2706.417,2716.658,2679.309,2189333500.0
2022-05-10,sh000016,2718.371,2653.992,2733.106,2644.869,3433016100.0
2022-05-11,sh000016,2741.232,2714.682,2769.48,2713.865,3813222000.0
2022-05-12,sh000016,2721.77,2723.409,2740.516,2711.349,2583563500.0
2022-05-13,sh000016,2748.237,2741.771,2760.431,2729.575,2726297700.0
2022-05-16,sh000016,2720.406,2764.386,2765.898,2710.57,2727873900.0
2022-05-17,sh000016,2756.74,2730.423,2756.74,2723.698,2836239400.0
2022-05-18,sh000016,2745.528,2765.276,2765.276,2720.919,2531908300.0
2022-05-19,sh000016,2744.545,2711.454,2748.303,2708.814,2597853900.0
2022-05-20,sh000016,2807.942,2759.835,2807.979,2759.835,3466762100.0
2022-05-23,sh000016,2782.548,2813.933,2813.933,2769.701,2848875300.0
2022-05-24,sh000016,2734.192,2784.654,2786.542,2733.697,3260985000.0
2022-05-25,sh000016,2743.417,2737.645,2749.072,2727.486,2377273800.0
2022-05-26,sh000016,2744.898,2749.985,2760.797,2717.745,2844144400.0
2022-05-27,sh000016,2763.072,2766.32,2789.238,2753.778,2918524700.0
2022-05-30,sh000016,2778.451,2777.849,2788.98,2767.087,2767430700.0
2022-05-31,sh000016,2813.219,2780.56,2817.49,2769.563,3251868800.0
2022-06-01,sh000016,2798.068,2811.153,2812.783,2783.607,2624483700.0
2022-06-02,sh000016,2790.316,2786.08,2794.098,2776.728,2526837300.0
2022-06-06,sh000016,2825.651,2792.44,2826.596,2762.957,4339136800.0
2022-06-07,sh000016,2846.81,2828.163,2863.143,2819.815,3667886300.0
2022-06-08,sh000016,2879.311,2857.694,2888.668,2849.261,3529928800.0
2022-06-09,sh000016,2868.424,2877.882,2896.745,2857.824,3931963100.0
2022-06-10,sh000016,2899.579,2843.581,2902.475,2836.855,4360883700.0
2022-06-13,sh000016,2844.724,2862.904,2868.621,2826.981,4742483000.0
2022-06-14,sh000016,2882.703,2814.817,2884.466,2808.98,4986870200.0
2022-06-15,sh000016,2923.989,2882.151,2971.36,2882.151,6794505200.0
2022-06-16,sh000016,2891.335,2927.161,2936.468,2888.735,4708186800.0
2022-06-17,sh000016,2936.2,2876.511,2943.324,2876.511,4039392900.0
2022-06-20,sh000016,2924.915,2935.223,2951.065,2904.383,4561041800.0
2022-06-21,sh000016,2926.475,2924.146,2945.699,2902.378,5588918300.0
2022-06-22,sh000016,2892.286,2932.056,2932.056,2890.759,5659816100.0
2022-06-23,sh000016,2935.883,2896.723,2936.644,2896.723,6285940400.0
2022-06-24,sh000016,2974.754,2945.289,2983.611,2944.192,6300014300.0
2022-06-27,sh000016,3013.948,2991.102,3034.686,2991.102,6141922500.0
2022-06-28,sh000016,3039.413,3012.622,3044.544,2991.542,5479232600.0
2022-06-29,sh000016,3009.236,3029.384,3050.451,3001.278,5072538500.0
2022-06-30,sh000016,3058.398,3001.813,3085.222,3001.813,4387491900.0
2022-07-01,sh000016,3045.269,3066.585,3072.855,3033.599,4568476300.0
2022-07-04,sh000016,3050.152,3031.06,3051.056,3011.332,4090379800.0
2022-07-05,sh000016,3052.111,3058.43,3078.398,3018.192,4599256700.0
2022-07-06,sh000016,2996.728,3041.49,3041.49,2979.33,4420669300.0
2022-07-07,sh000016,2989.208,2994.362,3005.005,2968.348,3600641100.0
2022-07-08,sh000016,2993.306,3012.882,3022.348,2992.627,3445529700.0
2022-07-11,sh000016,2942.296,2974.359,2974.359,2930.103,4421239100.0
2022-07-12,sh000016,2922.005,2942.519,2953.704,2910.451,3827040000.0
2022-07-13,sh000016,2914.295,2918.347,2930.389,2902.664,4158447500.0
2022-07-14,sh000016,2895.299,2906.481,2916.183,2882.571,4785324900.0
2022-07-15,sh000016,2839.394,2873.815,2912.32,2839.394,4668847800.0
2022-07-18,sh000016,2878.639,2849.988,2880.751,2826.126,3704412800.0
2022-07-19,sh000016,2865.603,2876.317,2876.404,2839.057,3183718300.0
2022-07-20,sh000016,2874.078,2883.515,2887.939,2867.591,2543596000.0
2022-07-21,sh000016,2836.662,2862.867,2866.314,2836.237,3197566600.0
2022-07-22,sh000016,2848.436,2845.925,2869.362,2828.645,2768592400.0
2022-07-25,sh000016,2837.26,2846.832,2846.978,2829.236,2159877200.0
2022-07-26,sh000016,2854.639,2845.14,2864.462,2843.003,2543163500.0
2022-07-27,sh000016,2829.922,2847.009,2847.857,2825.616,2285126500.0
2022-07-28,sh000016,2827.107,2839.254,2861.519,2826.535,2846646000.0
2022-07-29,sh000016,2792.329,2827.474,2849.247,2784.571,3356866800.0
2022-08-01,sh000016,2781.682,2785.693,2794.179,2763.58,2800376500.0
2022-08-02,sh000016,2730.755,2757.193,2757.193,2705.73,3854856800.0
2022-08-03,sh000016,2710.724,2735.159,2755.679,2705.95,3084380300.0
2022-08-04,sh000016,2741.087,2724.804,2743.615,2717.785,2697448900.0
2022-08-05,sh000016,2774.335,2748.649,2777.107,2738.142,2824229400.0
2022-08-08,sh000016,2761.157,2762.316,2771.357,2751.365,2384618200.0
2022-08-09,sh000016,2764.068,2760.236,2769.73,2752.487,2190369500.0
2022-08-10,sh000016,2730.961,2762.364,2770.498,2719.609,2293691000.0
2022-08-11,sh000016,2787.063,2744.681,2787.365,2737.875,2947238500.0
2022-08-12,sh000016,2796.889,2780.048,2802.576,2774.965,2666247700.0
2022-08-15,sh000016,2782.666,2787.508,2811.237,2779.626,2645829000.0
2022-08-16,sh000016,2769.261,2785.941,2793.269,2764.656,2347749400.0
2022-08-17,sh000016,2785.853,2773.387,2791.707,2751.017,2803054800.0
2022-08-18,sh000016,2759.294,2778.126,2783.758,2751.482,2258313200.0
2022-08-19,sh000016,2750.631,2755.087,2772.225,2750.063,2818665800.0
2022-08-22,sh000016,2756.369,2737.399,2767.278,2736.131,2912813600.0
2022-08-23,sh000016,2735.666,2754.634,2759.686,2727.738,2490853800.0
2022-08-24,sh000016,2708.09,2738.384,2750.872,2706.152,3092530600.0
2022-08-25,sh000016,2752.556,2715.638,2756.939,2707.457,3196400900.0
2022-08-26,sh000016,2751.589,2758.507,2763.643,2745.517,2603134700.0
2022-08-29,sh000016,2732.206,2721.859,2736.596,2718.967,2489050700.0
2022-08-30,sh000016,2726.66,2731.981,2741.595,2705.046,2593052200.0
2022-08-31,sh000016,2761.783,2713.294,2779.616,2713.294,3988639500.0
2022-09-01,sh000016,2732.399,2750.033,2757.879,2731.696,2542247900.0
2022-09-02,sh000016,2711.264,2737.197,2740.663,2698.328,2278133500.0
2022-09-05,sh000016,2697.767,2700.108,2706.959,2676.605,2493869000.0
2022-09-06,sh000016,2724.498,2706.097,2726.716,2703.998,2912444800.0
2022-09-07,sh000016,2710.686,2709.767,2718.172,2703.084,2345475400.0
2022-09-08,sh000016,2708.278,2714.028,2725.249,2707.466,2420902200.0
2022-09-09,sh000016,2757.566,2719.014,2763.168,2710.766,3248564000.0
2022-09-13,sh000016,2769.235,2769.41,2781.397,2751.093,2992899200.0
2022-09-14,sh000016,2745.428,2734.91,2760.402,2732.783,2484849900.0
2022-09-15,sh000016,2743.789,2753.129,2769.457,2728.835,3369886100.0
2022-09-16,sh000016,2678.033,2731.965,2738.648,2678.033,3844177400.0
2022-09-19,sh000016,2679.586,2677.333,2695.401,2669.087,2726037900.0
2022-09-20,sh000016,2673.88,2688.168,2691.553,2666.657,2375139400.0
2022-09-21,sh000016,2652.214,2667.168,2670.065,2641.719,2396014700.0
2022-09-22,sh000016,2629.37,2631.997,2645.566,2621.822,2422923600.0
2022-09-23,sh000016,2629.809,2625.249,2649.807,2618.94,3027793400.0
2022-09-26,sh000016,2614.9,2612.667,2650.254,2611.529,3438453300.0
2022-09-27,sh000016,2642.921,2616.05,2645.737,2605.241,2614497000.0
2022-09-28,sh000016,2611.982,2635.256,2637.016,2608.641,2473208600.0
2022-09-29,sh000016,2608.977,2633.068,2644.075,2596.958,2596901700.0
2022-09-30,sh000016,2610.117,2618.079,2631.776,2604.927,2324446400.0
2022-10-10,sh000016,2545.049,2610.757,2611.046,2542.006,3371835800.0
2022-10-11,sh000016,2539.946,2552.166,2553.212,2532.284,2421649600.0
2022-10-12,sh000016,2555.024,2537.807,2556.516,2482.551,2863560600.0
2022-10-13,sh000016,2523.632,2534.513,2541.157,2517.435,2862722300.0
2022-10-14,sh000016,2584.685,2544.241,2599.141,2541.382,3344961900.0
2022-10-17,sh000016,2585.497,2572.609,2588.344,2561.244,2682674200.0
2022-10-18,sh000016,2569.968,2594.7,2598.213,2565.041,2097505000.0
2022-10-19,sh000016,2519.903,2562.545,2572.304,2519.903,2159068300.0
2022-10-20,sh000016,2501.496,2495.022,2535.387,2494.285,2383318200.0
2022-10-21,sh000016,2487.221,2503.109,2510.597,2473.198,2725154900.0
2022-10-24,sh000016,2392.598,2468.698,2493.059,2386.538,3980191500.0
2022-10-25,sh000016,2394.92,2386.849,2427.323,2376.163,2843940900.0
2022-10-26,sh000016,2400.516,2395.871,2438.693,2392.735,3658010900.0
2022-10-27,sh000016,2381.263,2413.021,2432.153,2379.057,3551725200.0
2022-10-28,sh000016,2326.942,2364.752,2377.912,2322.643,3245822300.0
2022-10-31,sh000016,2295.924,2300.884,2327.063,2288.011,4152062500.0
2022-11-01,sh000016,2396.629,2306.435,2396.997,2306.435,5009886700.0
2022-11-02,sh000016,2418.322,2385.708,2437.951,2375.508,4229089000.0
2022-11-03,sh000016,2387.452,2396.47,2409.144,2376.074,2865275600.0
2022-11-04,sh000016,2468.276,2383.962,2479.228,2383.962,4062206800.0
2022-11-07,sh000016,2477.767,2452.005,2490.32,2449.63,4044196100.0
2022-11-08,sh000016,2459.091,2476.653,2482.578,2442.923,2729935200.0
2022-11-09,sh000016,2440.352,2460.24,2470.407,2435.019,2512532500.0
2022-11-10,sh000016,2440.317,2422.011,2451.467,2414.351,3820402100.0
2022-11-11,sh000016,2518.049,2511.779,2546.087,2482.113,6150088100.0
2022-11-14,sh000016,2538.297,2550.974,2577.201,2532.551,5034200000.0
2022-11-15,sh000016,2583.723,2535.278,2594.271,2526.619,3658090100.0
2022-11-16,sh000016,2572.887,2581.933,2595.295,2568.384,2883615500.0
2022-11-17,sh000016,2560.017,2566.282,2569.427,2531.303,2748370300.0
2022-11-18,sh000016,2546.715,2563.271,2572.71,2544.845,2845696200.0
2022-11-21,sh000016,2514.854,2523.053,2523.053,2489.437,2553077900.0
2022-11-22,sh000016,2531.344,2516.695,2555.786,2508.861,3729538100.0
2022-11-23,sh000016,2535.523,2524.185,2554.755,2520.826,3596386100.0
2022-11-24,sh000016,2520.563,2550.297,2562.076,2517.184,2231919200.0
2022-11-25,sh000016,2544.615,2518.876,2554.537,2512.876,4129528800.0
2022-11-28,sh000016,2503.623,2489.468,2507.779,2458.872,3277473700.0
2022-11-29,sh000016,2607.75,2538.609,2611.752,2538.609,4908325000.0
2022-11-30,sh000016,2606.543,2595.233,2623.853,2593.513,4055544000.0
2022-12-01,sh000016,2631.205,2661.177,2678.341,2629.89,4415753300.0
2022-12-02,sh000016,2614.614,2628.108,2630.26,2609.512,2931479400.0
2022-12-05,sh000016,2676.143,2647.458,2676.418,2635.747,5462980300.0
2022-12-06,sh000016,2684.846,2663.112,2704.903,2658.16,3625603300.0
2022-12-07,sh000016,2670.647,2678.637,2705.243,2661.248,3453257800.0
2022-12-08,sh000016,2672.896,2667.359,2681.653,2661.751,2633491900.0
2022-12-09,sh000016,2706.739,2676.714,2712.884,2663.604,3834628300.0
2022-12-12,sh000016,2673.939,2689.572,2700.395,2670.203,3163207900.0
2022-12-13,sh000016,2676.9,2673.537,2688.217,2668.484,2852129800.0
2022-12-14,sh000016,2686.368,2678.468,2698.015,2663.784,2596693300.0
2022-12-15,sh000016,2675.188,2689.572,2697.418,2661.852,2315916300.0
2022-12-16,sh000016,2688.29,2662.481,2691.194,2662.481,2496106800.0
2022-12-19,sh000016,2646.179,2688.12,2696.933,2635.189,2635463300.0
2022-12-20,sh000016,2599.488,2636.079,2640.011,2580.872,2172397100.0
2022-12-21,sh000016,2607.424,2608.869,2617.924,2602.606,1573883000.0
2022-12-22,sh000016,2619.757,2632.202,2645.73,2608.437,2106950300.0
2022-12-23,sh000016,2615.879,2602.412,2628.386,2595.849,1592901400.0
2022-12-26,sh000016,2607.523,2617.182,2625.884,2604.899,1981241700.0
2022-12-27,sh000016,2632.453,2623.175,2640.74,2616.929,2181466100.0
2022-12-28,sh000016,2638.306,2629.985,2646.707,2620.119,2317118900.0
2022-12-29,sh000016,2622.072,2622.193,2627.431,2605.049,2277666700.0
2022-12-30,sh000016,2635.248,2633.164,2648.405,2631.849,2388975700.0
2023-01-03,sh000016,2641.422,2628.672,2645.992,2603.723,3023010000.0
2023-01-04,sh000016,2651.005,2644.291,2659.535,2637.716,2806552100.0
2023-01-05,sh000016,2700.308,2670.458,2705.739,2668.145,2771489400.0
2023-01-06,sh000016,2713.631,2704.238,2721.928,2698.909,2836725900.0
2023-01-09,sh000016,2742.201,2730.995,2747.611,2722.146,2968289700.0
2023-01-10,sh000016,2733.619,2742.697,2748.637,2731.824,2421291500.0
2023-01-11,sh000016,2740.193,2739.937,2760.097,2733.429,2474804500.0
2023-01-12,sh000016,2741.945,2749.694,2752.116,2732.825,2225790300.0
2023-01-13,sh000016,2787.356,2751.582,2787.356,2747.364,2465201500.0
2023-01-16,sh000016,2834.291,2789.871,2864.879,2787.953,3927658400.0
2023-01-17,sh000016,2827.027,2833.74,2837.592,2813.719,2496952600.0
2023-01-18,sh000016,2810.086,2829.786,2838.831,2807.546,2056246800.0
2023-01-19,sh000016,2820.807,2807.562,2823.114,2786.081,2393665200.0
2023-01-20,sh000016,2836.807,2831.682,2847.313,2822.69,3441054600.0
2023-01-30,sh000016,2839.122,2895.355,2895.355,2835.653,4202651800.0
2023-01-31,sh000016,2807.952,2842.518,2853.899,2804.979,3003290000.0
2023-02-01,sh000016,2820.874,2819.18,2820.874,2780.887,3755598700.0
2023-02-02,sh000016,2811.847,2828.531,2828.531,2798.352,3406447500.0
2023-02-03,sh000016,2774.801,2795.109,2795.109,2753.058,3100746000.0
2023-02-06,sh000016,2735.005,2744.7,2744.7,2716.728,2630430000.0
2023-02-07,sh000016,2740.445,2744.696,2752.786,2730.829,2070821000.0
2023-02-08,sh000016,2731.252,2744.49,2758.038,2727.773,2011526100.0
2023-02-09,sh000016,2761.872,2725.202,2765.624,2723.561,1982508100.0
2023-02-10,sh000016,2746.723,2757.53,2757.53,2738.612,1851016700.0
2023-02-13,sh000016,2767.793,2739.717,2772.045,2733.208,3010436400.0
2023-02-14,sh000016,2776.982,2770.244,2776.982,2760.592,2229484000.0
2023-02-15,sh000016,2752.339,2776.014,2780.593,2746.281,2391906700.0
2023-02-16,sh000016,2742.804,2754.951,2787.156,2725.839,3259397400.0
2023-02-17,sh000016,2714.289,2737.011,2759.525,2712.502,2701408300.0
2023-02-20,sh000016,2788.396,2720.047,2790.981,2717.501,3854566600.0
2023-02-21,sh000016,2802.136,2785.994,2805.715,2779.177,3558722600.0
2023-02-22,sh000016,2769.344,2786.719,2795.245,2766.359,2131012300.0
2023-02-23,sh000016,2767.535,2770.715,2790.886,2757.486,2312096100.0
2023-02-24,sh000016,2727.59,2762.79,2764.648,2722.179,2506208500.0
2023-02-27,sh000016,2723.584,2713.425,2738.12,2712.788,2228827600.0
2023-02-28,sh000016,2737.155,2730.519,2740.224,2703.262,2417089600.0
2023-03-01,sh000016,2773.649,2736.05,2783.323,2729.804,3589395200.0
2023-03-02,sh000016,2769.108,2766.078,2782.791,2762.114,3374775200.0
2023-03-03,sh000016,2774.508,2778.893,2784.125,2757.686,4042899200.0
2023-03-06,sh000016,2744.141,2773.272,2774.003,2734.961,3830167500.0
2023-03-07,sh000016,2713.168,2741.791,2761.352,2711.25,5514611100.0
2023-03-08,sh000016,2691.933,2698.59,2699.876,2679.17,2953930800.0
2023-03-09,sh000016,2671.843,2694.153,2697.25,2660.619,2725121400.0
2023-03-10,sh000016,2636.389,2648.807,2667.96,2636.013,2877869200.0
2023-03-13,sh000016,2664.038,2637.821,2672.007,2637.714,3416432900.0
2023-03-14,sh000016,2645.114,2658.281,2658.281,2627.0,3304226600.0
2023-03-15,sh000016,2648.385,2666.944,2674.084,2647.96,3334592600.0
2023-03-16,sh000016,2622.823,2627.038,2647.532,2621.724,3947851600.0
2023-03-17,sh000016,2628.591,2644.953,2672.29,2620.433,4371773200.0
2023-03-20,sh000016,2616.751,2632.248,2644.833,2614.277,4291607800.0
2023-03-21,sh000016,2643.358,2623.578,2648.051,2622.847,3116169000.0
2023-03-22,sh000016,2651.534,2652.712,2666.696,2643.125,2614351300.0
2023-03-23,sh000016,2668.669,2641.818,2668.669,2641.071,2876718200.0
2023-03-24,sh000016,2653.285,2664.532,2664.532,2648.345,3071161200.0
2023-03-27,sh000016,2639.623,2652.793,2652.793,2626.581,3404535900.0
2023-03-28,sh000016,2638.738,2646.981,2653.565,2633.921,2721578100.0
2023-03-29,sh000016,2636.223,2655.406,2658.133,2632.84,2688867900.0
2023-03-30,sh000016,2664.212,2639.361,2665.343,2628.104,3361247100.0
2023-03-31,sh000016,2661.92,2670.948,2681.816,2657.765,2888885900.0
2023-04-03,sh000016,2665.723,2667.184,2673.662,2655.07,3526983500.0
2023-04-04,sh000016,2675.917,2668.402,2676.06,2657.857,3949734300.0
2023-04-06,sh000016,2666.448,2668.131,2672.724,2659.909,2960554100.0
2023-04-07,sh000016,2684.862,2667.144,2692.509,2663.613,2416104200.0
2023-04-10,sh000016,2684.909,2690.43,2690.43,2671.516,3226643000.0
2023-04-11,sh000016,2680.044,2690.626,2694.316,2671.948,3411483400.0
2023-04-12,sh000016,2665.77,2684.054,2684.444,2663.202,3496272600.0
2023-04-13,sh000016,2670.014,2659.941,2675.001,2652.958,3609958700.0
2023-04-14,sh000016,2679.007,2679.131,2692.463,2668.814,3089633800.0
2023-04-17,sh000016,2732.974,2680.626,2732.974,2678.135,4536613900.0
2023-04-18,sh000016,2744.454,2724.493,2753.811,2722.614,3961595500.0
2023-04-19,sh000016,2720.718,2746.063,2746.063,2716.752,3290309400.0
2023-04-20,sh000016,2704.858,2718.238,2721.195,2693.256,3586716700.0
2023-04-21,sh000016,2654.211,2703.4,2703.4,2652.264,3732568800.0
2023-04-24,sh000016,2618.478,2655.085,2656.673,2611.381,3741050200.0
2023-04-25,sh000016,2619.233,2621.022,2629.729,2596.562,3951624200.0
2023-04-26,sh000016,2617.978,2614.959,2627.577,2605.181,3696134800.0
2023-04-27,sh000016,2650.57,2618.457,2658.776,2612.922,3617482600.0
2023-04-28,sh000016,2677.757,2653.138,2683.47,2653.138,4054877900.0
2023-05-04,sh000016,2692.691,2663.452,2696.591,2654.228,5405592900.0
2023-05-05,sh000016,2685.173,2698.59,2706.327,2672.03,4679769400.0
2023-05-08,sh000016,2720.323,2694.568,2727.733,2685.523,6388254700.0
2023-05-09,sh000016,2703.937,2723.188,2751.438,2702.769,6880796700.0
2023-05-10,sh000016,2673.906,2698.766,2706.204,2669.726,5452477700.0
2023-05-11,sh000016,2666.062,2682.378,2688.69,2663.541,3299201000.0
2023-05-12,sh000016,2630.948,2662.803,2668.882,2630.286,3491286300.0
2023-05-15,sh000016,2677.037,2628.462,2677.26,2619.557,4455321600.0
2023-05-16,sh000016,2670.451,2681.395,2685.575,2661.954,3387999800.0
2023-05-17,sh000016,2649.356,2666.039,2673.021,2642.629,2624992700.0
2023-05-18,sh000016,2644.218,2653.009,2665.279,2634.606,3196736100.0
2023-05-19,sh000016,2633.386,2632.588,2649.691,2614.958,2981386000.0
2023-05-22,sh000016,2658.789,2630.107,2669.226,2628.757,2809853300.0
2023-05-23,sh000016,2617.54,2657.921,2662.386,2617.54,3051396200.0
2023-05-24,sh000016,2577.342,2615.565,2615.565,2576.826,3691243400.0
2023-05-25,sh000016,2564.505,2567.448,2572.188,2544.271,3177204900.0
2023-05-26,sh000016,2559.614,2562.548,2569.225,2536.264,2404861600.0
2023-05-29,sh000016,2548.286,2565.592,2566.833,2536.996,2943982100.0
2023-05-30,sh000016,2535.144,2546.167,2553.949,2508.29,3187403700.0
2023-05-31,sh000016,2493.35,2524.785,2525.113,2485.856,3075485800.0
2023-06-01,sh000016,2500.34,2487.761,2522.857,2487.761,3249022100.0
2023-06-02,sh000016,2543.576,2511.689,2547.094,2511.333,3041823100.0
2023-06-05,sh000016,2528.399,2540.019,2542.477,2522.708,2973441700.0
2023-06-06,sh000016,2519.189,2528.171,2560.056,2516.475,3083059600.0
2023-06-07,sh000016,2511.393,2528.851,2537.227,2506.197,2347939000.0
2023-06-08,sh000016,2540.065,2512.449,2549.324,2504.102,2903328100.0
2023-06-09,sh000016,2543.932,2541.026,2550.586,2536.185,2963860000.0
2023-06-12,sh000016,2542.196,2536.376,2553.994,2524.313,3623516100.0
2023-06-13,sh000016,2544.95,2535.989,2547.851,2523.974,2933167400.0
2023-06-14,sh000016,2541.813,2549.666,2564.342,2540.58,3388306600.0
2023-06-15,sh000016,2576.742,2547.493,2576.742,2546.212,3252079500.0
2023-06-16,sh000016,2600.919,2581.967,2604.635,2581.775,3586129900.0
2023-06-19,sh000016,2560.529,2591.334,2591.334,2556.888,3647335000.0
2023-06-20,sh000016,2547.254,2558.098,2564.545,2544.048,2871367000.0
2023-06-21,sh000016,2519.079,2536.951,2548.925,2519.079,3239175700.0
2023-06-26,sh000016,2488.738,2500.855,2503.113,2482.607,3187947100.0
2023-06-27,sh000016,2506.599,2490.978,2513.984,2481.747,3244820900.0
2023-06-28,sh000016,2510.715,2501.163,2511.616,2491.255,2791063600.0
2023-06-29,sh000016,2490.897,2510.889,2513.551,2490.637,2426959300.0
2023-06-30,sh000016,2492.102,2484.647,2508.245,2482.486,2410424700.0
2023-07-03,sh000016,2534.474,2496.922,2537.694,2496.429,3462487500.0
2023-07-04,sh000016,2537.596,2532.593,2539.818,2525.381,3128696600.0
2023-07-05,sh000016,2520.175,2533.194,2537.195,2514.087,3081395300.0
2023-07-06,sh000016,2501.317,2513.435,2525.557,2495.91,2648765800.0
2023-07-07,sh000016,2489.535,2493.488,2500.579,2484.891,2402585300.0
2023-07-10,sh000016,2503.277,2501.528,2520.149,2495.867,2453913100.0
2023-07-11,sh000016,2518.528,2513.713,2521.049,2504.2,2281569100.0
2023-07-12,sh000016,2513.417,2516.681,2529.533,2510.159,3032302100.0
2023-07-13,sh000016,2546.381,2519.382,2547.782,2519.382,3437478900.0
2023-07-14,sh000016,2547.939,2554.642,2556.849,2543.184,3635319500.0
2023-07-17,sh000016,2520.786,2535.639,2535.639,2511.357,3173539500.0
2023-07-18,sh000016,2511.635,2520.622,2520.622,2503.521,2668199600.0
2023-07-19,sh000016,2517.106,2506.415,2518.901,2503.343,2211909700.0
2023-07-20,sh000016,2506.863,2523.268,2535.609,2503.48,2454900000.0
2023-07-21,sh000016,2509.293,2501.4,2527.28,2496.813,2241300500.0
2023-07-24,sh000016,2500.0,2492.216,2509.777,2492.186,1906578900.0
2023-07-25,sh000016,2578.351,2539.485,2578.96,2539.485,4035765300.0
2023-07-26,sh000016,2576.39,2574.807,2581.253,2564.887,2607063500.0
2023-07-27,sh000016,2575.365,2580.243,2596.326,2569.099,2976257200.0
2023-07-28,sh000016,2647.032,2564.874,2653.258,2563.156,4856652800.0
2023-07-31,sh000016,2653.369,2666.486,2700.739,2644.095,5174480600.0
2023-08-01,sh000016,2645.893,2652.237,2670.248,2636.152,3917887500.0
2023-08-02,sh000016,2620.684,2635.545,2651.184,2612.346,3712302900.0
2023-08-03,sh000016,2645.153,2617.791,2647.359,2612.399,3404230400.0
2023-08-04,sh000016,2648.845,2664.587,2680.744,2646.152,4820363400.0
2023-08-07,sh000016,2634.581,2635.778,2636.693,2622.674,3174860900.0
2023-08-08,sh000016,2631.377,2625.667,2646.597,2610.807,2736648600.0
2023-08-09,sh000016,2628.704,2623.151,2638.086,2622.064,2398730700.0
2023-08-10,sh000016,2629.443,2623.799,2632.573,2609.824,2462832500.0
2023-08-11,sh000016,2568.898,2630.987,2631.801,2568.898,3599680200.0
2023-08-14,sh000016,2549.284,2538.848,2554.395,2526.07,3354409800.0
2023-08-15,sh000016,2546.442,2550.937,2556.003,2522.238,2788849100.0
2023-08-16,sh000016,2530.81,2533.901,2549.944,2529.435,2562980600.0
2023-08-17,sh000016,2536.489,2516.745,2540.538,2507.903,2478354400.0
2023-08-18,sh000016,2507.58,2537.136,2545.802,2507.58,2630578100.0
2023-08-21,sh000016,2475.09,2498.128,2508.959,2475.09,2864364700.0
2023-08-22,sh000016,2493.764,2485.558,2505.027,2464.28,4126152000.0
2023-08-23,sh000016,2461.187,2491.368,2498.319,2459.328,2965461700.0
2023-08-24,sh000016,2480.752,2468.325,2497.192,2466.86,3666582000.0
2023-08-25,sh000016,2485.334,2468.736,2502.194,2466.547,3008535300.0
2023-08-28,sh000016,2518.186,2612.311,2612.978,2507.978,5452723900.0
2023-08-29,sh000016,2529.223,2512.317,2546.686,2511.791,3990953400.0
2023-08-30,sh000016,2522.542,2540.841,2540.841,2518.655,3581796200.0
2023-08-31,sh000016,2510.458,2526.686,2532.175,2505.826,2968520200.0
2023-09-01,sh000016,2532.254,2520.699,2544.052,2520.699,2908210400.0
2023-09-04,sh000016,2577.465,2550.172,2583.665,2547.592,4065693600.0
2023-09-05,sh000016,2561.79,2569.758,2569.758,2557.967,2668467300.0
2023-09-06,sh000016,2559.357,2553.594,2564.427,2544.602,2386205400.0
2023-09-07,sh000016,2534.156,2552.363,2552.857,2531.102,2524243200.0
2023-09-08,sh000016,2519.969,2527.458,2529.851,2512.411,1804262900.0
2023-09-11,sh000016,2536.171,2519.296,2550.009,2519.296,2445402400.0
2023-09-12,sh000016,2531.826,2533.596,2538.69,2527.337,2058490500.0
2023-09-13,sh000016,2524.541,2536.387,2543.124,2510.094,2419965600.0
2023-09-14,sh000016,2530.979,2529.193,2539.672,2519.402,3121548900.0
2023-09-15,sh000016,2514.979,2538.258,2546.423,2508.239,3366639900.0
2023-09-18,sh000016,2531.897,2509.146,2532.429,2503.021,2542094200.0
2023-09-19,sh000016,2532.279,2529.483,2533.788,2517.398,2294070400.0
2023-09-20,sh000016,2521.562,2527.75,2529.02,2519.133,2288247300.0
2023-09-21,sh000016,2495.739,2515.468,2519.911,2495.739,2389141700.0
2023-09-22,sh000016,2550.983,2498.243,2550.983,2489.323,3297857500.0
2023-09-25,sh000016,2529.15,2548.888,2548.888,2526.068,2556988100.0
2023-09-26,sh000016,2513.407,2526.352,2534.203,2512.027,2334196400.0
2023-09-27,sh000016,2520.14,2515.82,2538.684,2514.231,2754083200.0
2023-09-28,sh000016,2507.086,2530.228,2531.067,2504.211,2491669100.0
2023-10-09,sh000016,2499.567,2497.475,2504.02,2474.814,2760836000.0
2023-10-10,sh000016,2482.535,2510.506,2513.854,2481.394,2870204000.0
2023-10-11,sh000016,2490.855,2497.561,2502.633,2486.372,2637228700.0
2023-10-12,sh000016,2514.39,2518.832,2524.201,2504.366,3366137200.0
2023-10-13,sh000016,2489.125,2495.147,2499.065,2482.886,2579237400.0
2023-10-16,sh000016,2468.436,2490.916,2491.622,2461.378,2508081200.0
2023-10-17,sh000016,2478.905,2474.124,2480.936,2462.37,2348854800.0
2023-10-18,sh000016,2467.192,2471.588,2478.681,2463.658,2459189400.0
2023-10-19,sh000016,2401.93,2450.17,2450.184,2400.192,3114968500.0
2023-10-20,sh000016,2389.22,2394.619,2402.786,2379.742,2792940900.0
2023-10-23,sh000016,2369.935,2380.303,2390.803,2351.446,2646995600.0
2023-10-24,sh000016,2378.439,2374.873,2382.728,2355.588,3145228600.0
2023-10-25,sh000016,2386.303,2402.749,2408.892,2383.101,3999164900.0
2023-10-26,sh000016,2393.734,2375.039,2394.986,2372.54,2846266600.0
2023-10-27,sh000016,2414.913,2383.989,2426.801,2380.335,3164753600.0
2023-10-30,sh000016,2414.156,2406.946,2420.982,2403.267,3970669700.0
2023-10-31,sh000016,2411.479,2409.895,2416.574,2400.261,3139368100.0
2023-11-01,sh000016,2420.735,2456.381,2456.381,2416.677,2595050600.0
2023-11-02,sh000016,2417.459,2429.719,2440.336,2416.663,2531333000.0
2023-11-03,sh000016,2436.941,2419.687,2443.301,2418.919,2443024900.0
2023-11-06,sh000016,2456.775,2452.84,2460.763,2443.391,3944849300.0
2023-11-07,sh000016,2443.966,2450.267,2450.383,2436.375,2540951200.0
2023-11-08,sh000016,2436.698,2436.874,2448.869,2426.195,2541617100.0
2023-11-09,sh000016,2436.235,2428.508,2444.351,2427.641,2842391400.0
2023-11-10,sh000016,2414.017,2424.492,2428.118,2409.045,2447768500.0
2023-11-13,sh000016,2407.589,2415.957,2421.173,2396.306,2345548200.0
2023-11-14,sh000016,2406.397,2410.477,2419.218,2397.18,2342180200.0
2023-11-15,sh000016,2427.124,2428.82,2431.825,2419.636,2462213100.0
2023-11-16,sh000016,2404.319,2422.849,2425.303,2402.108,2220015700.0
2023-11-17,sh000016,2398.204,2396.593,2401.792,2379.332,2230109300.0
2023-11-20,sh000016,2404.767,2399.764,2413.309,2383.559,2123867300.0
2023-11-21,sh000016,2416.241,2415.133,2432.771,2412.005,2646261600.0
2023-11-22,sh000016,2396.904,2408.977,2414.236,2396.904,2172445500.0
2023-11-23,sh000016,2405.165,2393.495,2407.198,2386.575,1980160100.0
2023-11-24,sh000016,2391.021,2403.922,2403.922,2390.167,2023420300.0
2023-11-27,sh000016,2370.719,2387.982,2387.982,2357.09,2682100100.0
2023-11-28,sh000016,2371.212,2368.92,2374.968,2361.742,2006451400.0
2023-11-29,sh000016,2358.116,2374.033,2374.357,2351.1,2573910400.0
2023-11-30,sh000016,2365.996,2358.206,2370.949,2354.687,2564201900.0
2023-12-01,sh000016,2352.0,2362.626,2362.626,2330.739,2835755000.0
2023-12-04,sh000016,2333.879,2351.311,2353.0,2332.849,2300455000.0
2023-12-05,sh000016,2286.581,2327.336,2327.336,2285.963,2519387400.0
2023-12-06,sh000016,2284.064,2281.732,2298.295,2275.282,3067773100.0
2023-12-07,sh000016,2274.828,2280.092,2284.938,2259.822,2595956000.0
2023-12-08,sh000016,2281.649,2274.184,2287.09,2269.276,3351291000.0
2023-12-11,sh000016,2292.679,2264.994,2299.663,2244.281,3501008200.0
2023-12-12,sh000016,2305.138,2285.207,2306.044,2282.089,2884871400.0
2023-12-13,sh000016,2261.018,2298.273,2298.273,2260.599,2486634600.0
2023-12-14,sh000016,2249.939,2274.248,2280.848,2249.389,2062691400.0
2023-12-15,sh000016,2245.288,2262.037,2283.543,2244.801,2745867800.0
2023-12-18,sh000016,2251.23,2237.006,2260.349,2227.976,2588191500.0
2023-12-19,sh000016,2257.21,2248.453,2264.294,2238.871,2211956000.0
2023-12-20,sh000016,2237.581,2253.677,2258.494,2236.876,2497942000.0
2023-12-21,sh000016,2261.382,2228.77,2266.772,2227.971,2872694400.0
2023-12-22,sh000016,2270.502,2262.161,2282.772,2251.446,2959618100.0
2023-12-25,sh000016,2272.958,2266.392,2276.126,2263.603,1943456100.0
2023-12-26,sh000016,2262.21,2273.045,2273.045,2255.353,1989912700.0
2023-12-27,sh000016,2266.544,2263.487,2271.233,2250.015,2676112500.0
2023-12-28,sh000016,2317.703,2267.056,2322.049,2265.234,4292256600.0
2023-12-29,sh000016,2326.173,2314.068,2327.677,2309.427,3036234300.0
2024-01-02,sh000016,2292.229,2316.435,2316.735,2292.229,3137547700.0
2024-01-03,sh000016,2294.836,2287.755,2299.683,2283.594,2931437500.0
2024-01-04,sh000016,2279.036,2293.458,2296.115,2260.354,3212578800.0
2024-01-05,sh000016,2268.538,2272.936,2295.605,2256.598,3558937200.0
2024-01-08,sh000016,2243.842,2265.242,2272.035,2240.555,3150065600.0
2024-01-09,sh000016,2245.622,2243.41,2251.541,2234.915,3026932800.0
2024-01-10,sh000016,2235.209,2239.03,2257.854,2233.181,2571329800.0
2024-01-11,sh000016,2240.106,2234.818,2251.075,2226.278,3052442500.0
2024-01-12,sh000016,2237.207,2231.286,2250.731,2229.589,2589377800.0
2024-01-15,sh000016,2238.503,2227.362,2256.8,2225.236,2371509500.0
2024-01-16,sh000016,2248.975,2231.824,2249.051,2223.437,2878223700.0
2024-01-17,sh000016,2199.259,2241.016,2242.61,2199.259,3062829200.0
2024-01-18,sh000016,2238.459,2191.889,2242.326,2163.868,5494474100.0
2024-01-19,sh000016,2243.54,2227.733,2250.611,2218.174,3586511400.0
2024-01-22,sh000016,2230.609,2237.773,2257.589,2206.764,4478620900.0
2024-01-23,sh000016,2226.371,2220.499,2239.654,2204.369,3401531100.0
2024-01-24,sh000016,2260.558,2238.332,2264.521,2209.507,4419803300.0
2024-01-25,sh000016,2312.854,2264.022,2314.496,2261.372,6194537700.0
2024-01-26,sh000016,2314.374,2303.322,2323.351,2295.962,5831629900.0
2024-01-29,sh000016,2304.436,2312.697,2327.361,2304.436,5954904300.0
2024-01-30,sh000016,2270.979,2292.221,2303.718,2270.979,4326759800.0
2024-01-31,sh000016,2254.299,2261.118,2273.095,2243.904,4292875700.0
2024-02-01,sh000016,2248.268,2245.475,2270.068,2238.713,3989013800.0
2024-02-02,sh000016,2229.014,2252.654,2264.056,2184.772,5063711900.0
2024-02-05,sh000016,2255.281,2221.945,2270.373,2203.074,5931402200.0
2024-02-06,sh000016,2318.842,2250.111,2321.448,2246.816,5838507600.0
2024-02-07,sh000016,2344.151,2323.125,2344.794,2305.514,6478409900.0
2024-02-08,sh000016,2352.578,2345.078,2355.771,2330.828,5048620100.0
2024-02-19,sh000016,2371.548,2368.448,2371.548,2348.406,5216022500.0
2024-02-20,sh000016,2369.083,2367.919,2372.863,2353.968,3748607900.0
2024-02-21,sh000016,2410.228,2359.182,2439.214,2355.402,5000538200.0
2024-02-22,sh000016,2433.082,2403.875,2433.233,2403.003,3755541100.0
2024-02-23,sh000016,2433.407,2431.866,2447.799,2424.171,4006307200.0
2024-02-26,sh000016,2393.549,2427.23,2430.973,2388.393,4132834000.0
2024-02-27,sh000016,2405.061,2383.135,2405.061,2381.571,3360096000.0
2024-02-28,sh000016,2385.61,2405.878,2417.326,2385.61,4476390700.0
2024-02-29,sh000016,2413.136,2378.138,2413.136,2378.138,3519252800.0
2024-03-01,sh000016,2414.844,2408.302,2420.378,2397.64,3443500700.0
2024-03-04,sh000016,2418.584,2412.08,2422.817,2404.922,4029811300.0
2024-03-05,sh000016,2446.417,2410.462,2450.055,2407.051,4395609300.0
2024-03-06,sh000016,2434.116,2443.851,2450.432,2433.07,3875397500.0
2024-03-07,sh000016,2426.973,2430.424,2446.295,2418.128,3833578600.0
2024-03-08,sh000016,2426.168,2423.135,2433.333,2410.148,3491125700.0
2024-03-11,sh000016,2443.106,2426.727,2443.106,2418.338,3915214500.0
2024-03-12,sh000016,2450.469,2443.232,2458.917,2436.078,5057728500.0
2024-03-13,sh000016,2427.597,2445.796,2445.796,2419.453,3694867300.0
2024-03-14,sh000016,2423.856,2431.771,2446.88,2415.062,3688224600.0
2024-03-15,sh000016,2427.197,2417.572,2430.593,2409.61,3300750900.0
2024-03-18,sh000016,2438.191,2424.922,2438.833,2419.876,3704725200.0
2024-03-19,sh000016,2416.835,2430.304,2441.605,2416.029,3433251500.0
2024-03-20,sh000016,2426.459,2412.607,2430.72,2408.484,3083861000.0
2024-03-21,sh000016,2427.101,2432.931,2441.274,2424.876,2920841500.0
2024-03-22,sh000016,2403.202,2417.937,2420.774,2386.205,3407355500.0
2024-03-25,sh000016,2401.211,2398.321,2418.315,2393.06,3438373100.0
2024-03-26,sh000016,2413.742,2404.205,2415.714,2398.601,3136249800.0
2024-03-27,sh000016,2398.937,2408.914,2421.135,2398.937,3207291600.0
2024-03-28,sh000016,2401.987,2395.217,2424.767,2387.416,3687080000.0
2024-03-29,sh000016,2414.92,2399.456,2418.563,2399.279,3413358600.0
2024-04-01,sh000016,2441.567,2422.735,2448.877,2422.735,3621001300.0
2024-04-02,sh000016,2435.757,2441.489,2447.374,2428.027,3572642800.0
2024-04-03,sh000016,2430.169,2439.432,2441.67,2423.876,3195998600.0
2024-04-08,sh000016,2414.091,2419.029,2431.405,2407.359,3987359600.0
2024-04-09,sh000016,2404.609,2411.781,2418.597,2399.283,3562286700.0
2024-04-10,sh000016,2396.743,2403.731,2412.59,2388.683,3361270700.0
2024-04-11,sh000016,2394.867,2383.703,2402.75,2380.513,3128803600.0
2024-04-12,sh000016,2374.047,2397.284,2402.643,2370.277,3236375800.0
2024-04-15,sh000016,2424.017,2367.86,2424.925,2367.763,5013050200.0
2024-04-16,sh000016,2412.322,2414.756,2429.386,2398.432,4695248200.0
2024-04-17,sh000016,2439.856,2407.964,2440.578,2397.439,4594460200.0
2024-04-18,sh000016,2445.205,2430.703,2468.357,2429.626,4662446200.0
2024-04-19,sh000016,2430.582,2433.978,2444.02,2424.172,3888469000.0
2024-04-22,sh000016,2424.747,2433.181,2450.256,2422.767,4036806100.0
2024-04-23,sh000016,2413.739,2420.623,2426.886,2409.95,3793205500.0
2024-04-24,sh000016,2424.119,2422.627,2426.958,2406.881,2938685900.0
2024-04-25,sh000016,2431.622,2419.5,2437.312,2411.571,2831781800.0
2024-04-26,sh000016,2461.856,2432.758,2467.274,2432.758,4783802900.0
2024-04-29,sh000016,2474.34,2458.178,2492.927,2453.478,5340119700.0
2024-04-30,sh000016,2464.244,2473.514,2484.101,2464.244,4681437000.0
2024-05-06,sh000016,2495.762,2495.467,2505.597,2487.322,5600781100.0
2024-05-07,sh000016,2499.771,2496.015,2504.034,2489.367,3804263100.0
2024-05-08,sh000016,2486.019,2495.624,2497.15,2484.383,3230611100.0
2024-05-09,sh000016,2501.731,2483.66,2506.279,2483.66,3766211100.0
2024-05-10,sh000016,2508.575,2508.061,2515.024,2492.362,4052864200.0
2024-05-13,sh000016,2506.459,2499.69,2512.242,2487.654,4103674800.0
2024-05-14,sh000016,2496.736,2507.198,2510.424,2491.248,3388568700.0
2024-05-15,sh000016,2477.39,2494.764,2498.953,2475.959,2945728800.0
2024-05-16,sh000016,2489.414,2484.272,2498.89,2475.838,3919933900.0
2024-05-17,sh000016,2524.171,2492.571,2524.179,2485.819,4421856300.0
2024-05-20,sh000016,2532.824,2529.916,2544.525,2524.194,4669198500.0
2024-05-21,sh000016,2525.233,2526.937,2531.633,2518.27,3311864500.0
2024-05-22,sh000016,2529.04,2524.694,2535.064,2519.026,3807604800.0
2024-05-23,sh000016,2500.821,2518.144,2519.071,2495.161,3504800300.0
2024-05-24,sh000016,2474.425,2494.368,2504.413,2473.231,3129424200.0
2024-05-27,sh000016,2497.601,2478.259,2500.115,2478.259,3577089700.0
2024-05-28,sh000016,2490.161,2498.026,2505.787,2486.097,3300357300.0
2024-05-29,sh000016,2493.169,2489.519,2510.072,2486.582,3178511100.0
2024-05-30,sh000016,2473.758,2488.319,2500.311,2468.256,3434998300.0
2024-05-31,sh000016,2462.183,2480.213,2487.129,2462.183,2859317000.0
2024-06-03,sh000016,2469.017,2461.35,2476.8,2454.985,3293523400.0
2024-06-04,sh000016,2483.319,2465.61,2488.751,2462.665,3190318300.0
2024-06-05,sh000016,2468.192,2477.307,2483.331,2467.455,2945385700.0
2024-06-06,sh000016,2467.887,2474.232,2492.047,2462.13,3689726300.0
2024-06-07,sh000016,2457.257,2473.174,2476.465,2444.93,3643610500.0
2024-06-11,sh000016,2423.618,2444.548,2449.647,2415.112,4140154900.0
2024-06-12,sh000016,2423.607,2420.899,2427.838,2412.99,3794960400.0
2024-06-13,sh000016,2412.074,2425.923,2426.329,2406.992,3085107100.0
2024-06-14,sh000016,2426.509,2405.79,2433.054,2399.985,4127796600.0
2024-06-17,sh000016,2416.341,2412.092,2418.935,2408.873,3749595700.0
2024-06-18,sh000016,2415.428,2412.547,2424.931,2408.289,3533834700.0
2024-06-19,sh000016,2413.972,2410.472,2418.738,2402.958,3277529100.0
2024-06-20,sh000016,2408.338,2413.393,2422.7,2405.397,3201302400.0
2024-06-21,sh000016,2398.957,2406.217,2411.528,2386.48,3320203900.0
2024-06-24,sh000016,2404.085,2383.866,2418.916,2381.28,3467133100.0
2024-06-25,sh000016,2394.215,2403.729,2410.142,2384.205,3491913500.0
2024-06-26,sh000016,2398.256,2388.499,2404.457,2383.147,2985950200.0
2024-06-27,sh000016,2388.561,2391.687,2395.811,2376.662,3699057000.0
2024-06-28,sh000016,2394.875,2382.117,2406.364,2381.391,3989864400.0
2024-07-01,sh000016,2405.467,2395.2,2407.054,2387.617,3628124700.0
2024-07-02,sh000016,2416.679,2400.167,2421.751,2399.518,3686694900.0
2024-07-03,sh000016,2414.866,2417.176,2421.083,2405.836,3299160000.0
2024-07-04,sh000016,2407.903,2417.276,2428.939,2407.126,3051157900.0
2024-07-05,sh000016,2386.004,2405.611,2411.928,2367.015,3936343900.0
2024-07-08,sh000016,2371.689,2375.684,2387.888,2368.166,3561756200.0
2024-07-09,sh000016,2389.384,2365.931,2396.176,2352.767,3750447700.0
2024-07-10,sh000016,2381.831,2378.804,2392.877,2378.538,3484625800.0
2024-07-11,sh000016,2396.407,2387.665,2400.229,2378.153,3829559200.0
2024-07-12,sh000016,2412.618,2397.729,2414.762,2396.529,3815709800.0
2024-07-15,sh000016,2420.521,2405.918,2424.412,2405.523,3451860700.0
2024-07-16,sh000016,2424.755,2412.255,2426.586,2406.246,3568839500.0
2024-07-17,sh000016,2432.833,2422.883,2439.317,2419.98,3775036900.0
2024-07-18,sh000016,2444.509,2426.34,2446.768,2421.487,3481404600.0
2024-07-19,sh000016,2456.79,2429.805,2462.742,2417.464,4131548000.0
2024-07-22,sh000016,2432.55,2454.244,2454.5,2416.2,4182968300.0
2024-07-23,sh000016,2396.673,2429.086,2431.268,2396.673,4134068100.0
2024-07-24,sh000016,2390.954,2393.232,2407.11,2382.995,3929666800.0
2024-07-25,sh000016,2369.715,2384.635,2387.892,2358.543,4084689400.0
2024-07-26,sh000016,2355.316,2364.911,2368.271,2341.449,4049401600.0
2024-07-29,sh000016,2348.478,2352.506,2359.984,2343.402,3367131200.0
2024-07-30,sh000016,2335.312,2341.909,2341.909,2321.499,3243289100.0
2024-07-31,sh000016,2375.394,2332.652,2378.881,2331.565,5006664200.0
2024-08-01,sh000016,2360.422,2373.471,2375.791,2360.048,3913415200.0
2024-08-02,sh000016,2343.715,2344.418,2360.414,2337.638,3182747400.0
2024-08-05,sh000016,2328.922,2334.592,2362.31,2327.745,3945745800.0
2024-08-06,sh000016,2313.336,2342.842,2346.299,2296.712,3487371300.0
2024-08-07,sh000016,2314.426,2311.911,2330.152,2307.078,2714599100.0
2024-08-08,sh000016,2320.425,2310.962,2334.462,2305.893,2252893600.0
2024-08-09,sh000016,2317.992,2332.671,2338.237,2317.992,2598880500.0
2024-08-12,sh000016,2316.911,2314.261,2323.421,2312.579,2219498400.0
2024-08-13,sh000016,2317.653,2318.973,2321.542,2304.597,2510921800.0
2024-08-14,sh000016,2306.115,2317.888,2317.888,2305.47,2204993000.0
2024-08-15,sh000016,2335.938,2300.479,2343.207,2295.753,2931562000.0
2024-08-16,sh000016,2345.048,2335.042,2348.153,2331.08,3048157800.0
2024-08-19,sh000016,2357.031,2345.645,2367.405,2345.115,3088515000.0
2024-08-20,sh000016,2346.638,2361.181,2361.299,2337.507,2989810800.0
2024-08-21,sh000016,2339.072,2341.812,2345.974,2324.708,2655089900.0
2024-08-22,sh000016,2341.151,2340.154,2344.993,2332.364,3111291200.0
2024-08-23,sh000016,2355.379,2338.664,2361.063,2338.322,2790004700.0
2024-08-26,sh000016,2352.273,2356.793,2361.883,2341.232,2690047600.0
2024-08-27,sh000016,2350.414,2348.544,2355.574,2345.302,3095252400.0
2024-08-28,sh000016,2336.148,2349.52,2352.695,2327.924,3009226200.0
2024-08-29,sh000016,2317.664,2329.662,2335.675,2315.487,4424629500.0
2024-08-30,sh000016,2335.215,2313.61,2354.627,2311.228,6378604600.0
2024-09-02,sh000016,2299.933,2321.153,2326.08,2299.167,4549928700.0
2024-09-03,sh000016,2291.178,2299.34,2301.694,2286.021,4415887700.0
2024-09-04,sh000016,2271.807,2279.477,2289.39,2268.21,3548246900.0
2024-09-05,sh000016,2275.118,2272.982,2281.528,2267.331,3035256100.0
2024-09-06,sh000016,2263.563,2276.54,2288.927,2263.321,2588600400.0
2024-09-09,sh000016,2232.959,2252.304,2256.002,2226.627,3425068800.0
2024-09-10,sh000016,2235.687,2232.83,2240.588,2223.903,3018400500.0
2024-09-11,sh000016,2220.798,2228.825,2228.825,2213.824,3461552900.0
2024-09-12,sh000016,2209.56,2220.901,2227.732,2208.248,2809530100.0
2024-09-13,sh000016,2205.812,2211.154,2222.563,2204.865,2709850000.0
2024-09-18,sh000016,2218.656,2206.854,2225.912,2203.982,2605462000.0
2024-09-19,sh000016,2229.805,2224.263,2239.984,2199.449,3496837900.0
2024-09-20,sh000016,2233.257,2227.352,2237.98,2212.522,3690208700.0
2024-09-23,sh000016,2243.025,2233.858,2254.161,2232.282,2720725700.0
2024-09-24,sh000016,2352.145,2270.356,2352.318,2257.288,6015910500.0
2024-09-25,sh000016,2386.323,2391.285,2426.694,2380.589,6840310200.0
2024-09-26,sh000016,2498.18,2389.268,2498.323,2383.51,6774296300.0
2024-09-27,sh000016,2571.085,2553.602,2571.085,2512.818,6480077600.0
2024-09-30,sh000016,2755.404,2657.548,2778.288,2621.702,15332445800.0
2024-10-08,sh000016,2853.138,3016.874,3016.874,2780.03,16597323500.0
2024-10-09,sh000016,2680.715,2813.956,2825.739,2674.246,12465337500.0
2024-10-10,sh000016,2739.051,2697.292,2801.12,2675.442,11589175400.0
2024-10-11,sh000016,2680.388,2718.249,2737.082,2653.617,7537801900.0
2024-10-14,sh000016,2723.183,2699.707,2737.273,2672.808,8065500100.0
2024-10-15,sh000016,2655.116,2711.674,2726.986,2655.116,5831414400.0
2024-10-16,sh000016,2650.176,2629.242,2677.22,2628.954,5625971300.0
2024-10-17,sh000016,2610.467,2666.367,2680.06,2610.467,4979685400.0
2024-10-18,sh000016,2681.912,2606.377,2722.646,2583.489,7019820700.0
2024-10-21,sh000016,2681.057,2694.966,2701.358,2659.665,7204222600.0
2024-10-22,sh000016,2692.661,2672.853,2704.346,2672.449,5220816700.0
2024-10-23,sh000016,2708.046,2691.126,2728.258,2682.942,5607679700.0
2024-10-24,sh000016,2680.704,2695.379,2699.0,2669.71,4225333500.0
2024-10-25,sh000016,2683.325,2679.349,2705.331,2671.038,4686145300.0
2024-10-28,sh000016,2686.289,2681.508,2686.289,2656.325,5347497200.0
2024-10-29,sh000016,2667.939,2689.917,2712.283,2665.425,5008428600.0
2024-10-30,sh000016,2634.738,2658.259,2674.37,2624.001,4445068800.0
2024-10-31,sh000016,2633.117,2637.206,2654.646,2613.251,5452962300.0
2024-11-01,sh000016,2651.535,2629.043,2674.251,2629.043,6084439200.0
2024-11-04,sh000016,2675.771,2657.314,2675.771,2636.576,4301567100.0
2024-11-05,sh000016,2727.667,2666.861,2727.667,2659.166,5564248400.0
2024-11-06,sh000016,2706.615,2730.455,2743.127,2691.728,5994081800.0
2024-11-07,sh000016,2797.86,2684.813,2800.612,2683.317,6701724400.0
2024-11-08,sh000016,2765.539,2825.912,2833.07,2758.214,6786175700.0
2024-11-11,sh000016,2753.745,2736.838,2754.974,2711.763,6133865800.0
2024-11-12,sh000016,2712.265,2744.946,2778.886,2701.61,6011485400.0
2024-11-13,sh000016,2728.229,2697.186,2737.504,2696.689,6264407700.0
2024-11-14,sh000016,2704.152,2719.455,2743.755,2700.204,6046957100.0
2024-11-15,sh000016,2671.452,2696.961,2712.878,2671.452,7004026200.0
2024-11-18,sh000016,2678.274,2683.493,2725.301,2668.059,9104571000.0
2024-11-19,sh000016,2671.189,2679.551,2683.368,2637.847,6700301800.0
2024-11-20,sh000016,2676.207,2667.449,2686.375,2657.584,4501762200.0
2024-11-21,sh000016,2680.798,2674.434,2686.315,2666.568,3720238400.0
2024-11-22,sh000016,2601.557,2679.651,2683.745,2601.546,4855176400.0
2024-11-25,sh000016,2582.054,2610.961,2620.03,2568.955,4559353000.0
2024-11-26,sh000016,2592.737,2576.809,2607.125,2573.966,3993165300.0
2024-11-27,sh000016,2625.761,2588.889,2626.326,2583.467,4107905400.0
2024-11-28,sh000016,2610.121,2625.507,2630.803,2598.748,3430873900.0
2024-11-29,sh000016,2624.956,2612.234,2660.393,2610.715,4300156100.0
2024-12-02,sh000016,2639.041,2621.144,2643.867,2613.616,4460883600.0
2024-12-03,sh000016,2652.898,2638.806,2658.152,2626.208,4737315600.0
2024-12-04,sh000016,2648.755,2651.785,2660.802,2638.113,4808817100.0
2024-12-05,sh000016,2635.562,2637.627,2647.984,2629.631,3367652100.0
2024-12-06,sh000016,2665.428,2636.607,2682.689,2636.607,4389449100.0
2024-12-09,sh000016,2667.592,2666.289,2686.515,2658.431,4592635300.0
2024-12-10,sh000016,2689.329,2741.751,2747.073,2684.717,5944389900.0
2024-12-11,sh000016,2676.552,2684.591,2696.007,2671.522,4080238700.0
2024-12-12,sh000016,2702.268,2673.944,2704.029,2667.637,4127383100.0
2024-12-13,sh000016,2638.027,2684.293,2684.411,2636.973,6159770500.0
2024-12-16,sh000016,2641.56,2637.74,2647.698,2635.247,5409812000.0
2024-12-17,sh000016,2652.346,2637.35,2672.955,2637.35,4427923400.0
2024-12-18,sh000016,2671.346,2662.032,2681.121,2661.898,4425905600.0
2024-12-19,sh000016,2661.722,2652.195,2672.581,2642.683,4021414000.0
2024-12-20,sh000016,2648.461,2654.849,2670.318,2644.836,4249351000.0
2024-12-23,sh000016,2671.203,2648.919,2688.886,2648.919,5662909900.0
2024-12-24,sh000016,2702.282,2671.909,2704.578,2666.341,4646919800.0
2024-12-25,sh000016,2710.165,2706.567,2726.14,2700.681,5101038100.0
2024-12-26,sh000016,2702.595,2709.592,2709.592,2692.868,4177073600.0
2024-12-27,sh000016,2701.703,2701.209,2713.841,2686.501,4489485500.0
2024-12-30,sh000016,2718.749,2700.225,2724.726,2700.225,4499476300.0
2024-12-31,sh000016,2684.771,2715.207,2725.788,2684.771,5074555400.0
2025-01-02,sh000016,2610.342,2682.416,2684.247,2595.399,6116098400.0
2025-01-03,sh000016,2587.132,2615.351,2620.646,2579.439,5080485800.0
2025-01-06,sh000016,2579.963,2589.335,2591.894,2555.928,4448640200.0
2025-01-07,sh000016,2593.965,2576.677,2595.663,2566.679,3921859800.0
2025-01-08,sh000016,2597.446,2587.527,2611.153,2565.599,4625746300.0
2025-01-09,sh000016,2579.575,2595.692,2597.056,2574.603,3435650600.0
2025-01-10,sh000016,2560.25,2585.2,2593.087,2560.25,3616687800.0
2025-01-13,sh000016,2553.359,2545.379,2561.241,2533.313,3969949500.0
2025-01-14,sh000016,2598.807,2556.422,2606.089,2549.169,4268818400.0
2025-01-15,sh000016,2591.503,2592.316,2606.066,2587.464,4121351100.0
2025-01-16,sh000016,2580.118,2601.123,2614.601,2572.109,3898711000.0
2025-01-17,sh000016,2582.486,2572.966,2595.164,2561.968,3425023200.0
2025-01-20,sh000016,2589.069,2595.325,2609.652,2585.127,3626121600.0
2025-01-21,sh000016,2584.889,2598.831,2599.887,2579.668,3436658700.0
2025-01-22,sh000016,2551.354,2580.105,2580.186,2544.26,3984615800.0
2025-01-23,sh000016,2567.477,2571.828,2605.865,2564.751,5132399500.0
2025-01-24,sh000016,2579.096,2562.866,2594.581,2559.492,3766363300.0
2025-01-27,sh000016,2583.652,2582.839,2597.351,2582.087,3919676400.0
2025-02-05,sh000016,2561.942,2604.139,2604.316,2556.483,4353546500.0
2025-02-06,sh000016,2580.426,2559.827,2585.289,2554.475,3989533600.0
2025-02-07,sh000016,2608.089,2578.683,2624.675,2570.181,5833741100.0
2025-02-10,sh000016,2621.04,2612.061,2628.391,2606.295,5606320700.0
2025-02-11,sh000016,2614.322,2625.183,2626.175,2607.244,5171276900.0
2025-02-12,sh000016,2640.046,2611.962,2641.729,2607.268,4430140900.0
2025-02-13,sh000016,2641.131,2638.981,2663.785,2635.449,4634408100.0
2025-02-14,sh000016,2660.855,2638.208,2662.292,2633.707,5637142600.0
2025-02-17,sh000016,2664.475,2665.545,2672.03,2647.452,6941059400.0
2025-02-18,sh000016,2651.112,2659.088,2679.823,2644.295,6509496300.0
2025-02-19,sh000016,2663.603,2648.356,2673.519,2643.956,5621433000.0
2025-02-20,sh000016,2648.167,2659.126,2659.6,2641.91,4809942900.0
2025-02-21,sh000016,2682.239,2657.801,2686.334,2649.201,6848862300.0
2025-02-24,sh000016,2674.117,2674.691,2692.808,2661.321,6852148100.0
2025-02-25,sh000016,2643.233,2654.134,2664.157,2636.903,5332716800.0
2025-02-26,sh000016,2666.656,2649.901,2667.024,2645.991,5192303900.0
2025-02-27,sh000016,2679.077,2664.319,2681.507,2655.001,5367300400.0
2025-02-28,sh000016,2638.957,2670.426,2691.294,2638.957,5633522900.0
2025-03-03,sh000016,2628.524,2645.011,2655.311,2619.194,4969281100.0
2025-03-04,sh000016,2621.217,2617.92,2629.667,2609.337,4185128000.0
2025-03-05,sh000016,2641.446,2623.717,2644.754,2619.79,4839750000.0
2025-03-06,sh000016,2683.949,2655.538,2689.454,2655.538,5771422600.0
2025-03-07,sh000016,2682.016,2677.574,2695.377,2675.418,4431739300.0
2025-03-10,sh000016,2668.806,2682.883,2683.605,2653.027,5083862300.0
2025-03-11,sh000016,2682.223,2644.819,2682.223,2644.082,4219446100.0
2025-03-12,sh000016,2669.015,2684.72,2686.782,2666.488,4344953300.0
2025-03-13,sh000016,2664.617,2670.993,2684.125,2655.333,4249506800.0
2025-03-14,sh000016,2740.507,2674.495,2748.103,2674.026,6548515200.0
2025-03-17,sh000016,2737.923,2755.49,2755.944,2734.505,4438073900.0
2025-03-18,sh000016,2739.745,2749.322,2751.726,2737.008,3861119800.0
2025-03-19,sh000016,2746.963,2737.313,2757.618,2733.566,4632842300.0
2025-03-20,sh000016,2718.186,2748.294,2749.221,2713.467,3971076500.0
2025-03-21,sh000016,2675.358,2712.738,2722.49,2669.79,4681078200.0
2025-03-24,sh000016,2693.331,2675.461,2696.344,2675.461,4492393200.0
2025-03-25,sh000016,2691.898,2695.297,2698.547,2685.287,3709621400.0
2025-03-26,sh000016,2677.312,2692.417,2696.536,2675.703,3783318900.0
2025-03-27,sh000016,2690.843,2673.935,2704.743,2673.774,3647372300.0
2025-03-28,sh000016,2679.74,2691.666,2692.703,2673.238,3592005300.0
2025-03-31,sh000016,2665.634,2676.051,2692.444,2657.302,4995136400.0
2025-04-01,sh000016,2662.711,2669.005,2674.113,2659.022,4084747700.0
2025-04-02,sh000016,2658.621,2659.103,2669.357,2653.452,3216863400.0
2025-04-03,sh000016,2662.252,2631.475,2671.712,2631.475,4217357100.0
2025-04-07,sh000016,2516.965,2555.71,2579.597,2457.08,10270123100.0
2025-04-08,sh000016,2574.353,2526.508,2574.353,2510.636,9015352300.0
2025-04-09,sh000016,2597.102,2548.487,2597.102,2541.552,7771869600.0
2025-04-10,sh000016,2612.619,2628.522,2628.522,2590.763,6111983100.0
2025-04-11,sh000016,2619.576,2620.774,2621.163,2595.499,4493927600.0
2025-04-14,sh000016,2628.206,2623.568,2636.79,2615.393,4512328300.0
2025-04-15,sh000016,2634.593,2624.201,2637.75,2615.367,4200538600.0
2025-04-16,sh000016,2658.496,2639.202,2661.781,2616.87,5122473200.0
2025-04-17,sh000016,2659.896,2648.046,2661.804,2639.972,3787998500.0
2025-04-18,sh000016,2657.637,2648.66,2666.271,2645.869,3035317200.0
2025-04-21,sh000016,2652.81,2655.545,2671.344,2652.654,3441198200.0
2025-04-22,sh000016,2656.539,2651.491,2667.838,2650.331,3722082200.0
2025-04-23,sh000016,2648.83,2662.926,2664.467,2646.361,3304635800.0
2025-04-24,sh000016,2655.364,2648.768,2665.729,2648.757,3125267900.0
2025-04-25,sh000016,2648.81,2660.159,2663.345,2643.398,3238096000.0
2025-04-28,sh000016,2651.225,2643.136,2658.462,2636.409,3290945100.0
2025-04-29,sh000016,2645.512,2650.432,2655.341,2639.8,2804263100.0
2025-04-30,sh000016,2633.16,2646.064,2651.299,2631.84,4321765700.0
2025-05-06,sh000016,2647.717,2650.464,2650.464,2633.409,4070526000.0
2025-05-07,sh000016,2670.702,2685.558,2685.558,2656.2,4705582500.0
2025-05-08,sh000016,2679.509,2661.266,2695.777,2658.673,3344907700.0
2025-05-09,sh000016,2684.006,2676.124,2689.6,2676.124,3277870600.0
2025-05-12,sh000016,2702.617,2688.748,2710.611,2681.956,3912399000.0
2025-05-13,sh000016,2708.059,2713.11,2713.11,2702.057,3996550700.0
2025-05-14,sh000016,2753.785,2708.558,2766.253,2708.418,4648515500.0
2025-05-15,sh000016,2740.298,2748.535,2758.084,2735.904,3787844800.0
2025-05-16,sh000016,2716.662,2734.745,2739.057,2706.466,3700633600.0
2025-05-19,sh000016,2705.088,2710.322,2716.865,2701.252,2695161100.0
2025-05-20,sh000016,2716.629,2710.393,2729.761,2710.393,2930979600.0
2025-05-21,sh000016,2728.426,2716.838,2740.771,2716.838,3142634100.0
2025-05-22,sh000016,2733.632,2725.448,2738.238,2718.786,2783507000.0
2025-05-23,sh000016,2711.852,2731.183,2742.118,2711.852,3366853600.0
2025-05-26,sh000016,2699.423,2708.217,2719.701,2692.679,3071338100.0
2025-05-27,sh000016,2685.281,2699.692,2709.288,2684.709,2709668700.0
2025-05-28,sh000016,2683.063,2686.727,2691.483,2681.855,2517173400.0
2025-05-29,sh000016,2690.893,2684.487,2703.993,2677.807,2747183600.0
2025-05-30,sh000016,2678.696,2688.957,2696.145,2669.166,3215169200.0
2025-06-03,sh000016,2687.296,2674.768,2697.394,2671.336,3360848400.0
2025-06-04,sh000016,2690.824,2688.735,2699.67,2687.305,2760383000.0
2025-06-05,sh000016,2692.129,2692.54,2695.875,2682.537,3077905600.0
2025-06-06,sh000016,2688.85,2691.629,2700.813,2685.245,2984988100.0
2025-06-09,sh000016,2686.828,2689.73,2698.363,2681.694,3568689100.0
2025-06-10,sh000016,2676.401,2690.869,2700.177,2670.148,4146051500.0
2025-06-11,sh000016,2692.137,2676.672,2704.447,2676.672,3557342600.0
2025-06-12,sh000016,2691.275,2689.678,2696.782,2674.312,3448062500.0
2025-06-13,sh000016,2676.433,2684.882,2690.351,2669.113,4799104800.0
2025-06-16,sh000016,2685.009,2666.822,2687.111,2664.429,3993590500.0
2025-06-17,sh000016,2683.953,2685.386,2688.614,2672.683,3312160700.0
2025-06-18,sh000016,2679.922,2685.466,2690.903,2668.865,3666720300.0
2025-06-19,sh000016,2665.52,2678.356,2680.867,2658.493,3764503000.0
2025-06-20,sh000016,2673.719,2661.21,2681.526,2661.21,3631650600.0
2025-06-23,sh000016,2684.776,2664.636,2692.91,2656.678,4295954600.0
2025-06-24,sh000016,2715.922,2685.853,2731.177,2685.853,4902826300.0
2025-06-25,sh000016,2747.728,2714.626,2750.389,2707.403,5086489400.0
2025-06-26,sh000016,2738.466,2740.233,2747.606,2734.945,4284062500.0
2025-06-27,sh000016,2707.569,2738.93,2749.547,2705.778,5708183200.0
2025-06-30,sh000016,2711.985,2702.115,2716.298,2695.42,3830502000.0
2025-07-01,sh000016,2717.713,2714.967,2721.404,2708.186,3303005700.0
2025-07-02,sh000016,2722.552,2720.847,2729.71,2711.597,3517749500.0
2025-07-03,sh000016,2724.549,2726.112,2728.168,2713.966,3226851000.0
2025-07-04,sh000016,2740.444,2722.178,2761.922,2715.553,3931112900.0
2025-07-07,sh000016,2731.532,2736.012,2736.259,2723.959,2931900300.0
2025-07-08,sh000016,2747.188,2732.054,2750.465,2730.19,3408044900.0
2025-07-09,sh000016,2739.92,2746.14,2759.059,2739.208,4783811500.0
2025-07-10,sh000016,2756.935,2739.231,2777.415,2739.231,5414201200.0
2025-07-11,sh000016,2756.773,2754.663,2805.557,2754.663,7645451800.0
2025-07-14,sh000016,2757.808,2761.479,2774.227,2757.808,5149040200.0
2025-07-15,sh000016,2747.227,2758.718,2765.496,2731.319,4117244700.0
2025-07-16,sh000016,2740.901,2748.166,2754.058,2729.913,3424593100.0
2025-07-17,sh000016,2744.26,2737.351,2744.744,2732.349,3615109400.0
2025-07-18,sh000016,2764.516,2746.328,2768.898,2746.328,4213080300.0
2025-07-21,sh000016,2772.239,2770.363,2777.048,2763.351,4995433700.0
2025-07-22,sh000016,2792.182,2773.405,2795.49,2760.309,6831003000.0
2025-07-23,sh000016,2801.2,2798.964,2824.858,2794.812,6792983100.0
2025-07-24,sh000016,2812.443,2797.263,2819.13,2791.784,6028280000.0
2025-07-25,sh000016,2795.513,2807.631,2810.108,2788.185,5169255700.0
2025-07-28,sh000016,2802.767,2799.264,2811.245,2788.02,4973726500.0
2025-07-29,sh000016,2808.592,2802.775,2813.741,2795.6,4705166400.0
2025-07-30,sh000016,2819.351,2809.437,2842.474,2802.74,5218519800.0
2025-07-31,sh000016,2775.994,2807.305,2807.94,2766.929,6151584700.0
2025-08-01,sh000016,2754.13,2771.762,2780.156,2749.458,4896253100.0
2025-08-04,sh000016,2769.393,2748.618,2769.393,2748.618,4196796100.0
2025-08-05,sh000016,2790.729,2773.38,2794.603,2768.022,4126476500.0
2025-08-06,sh000016,2797.423,2789.268,2800.761,2787.541,4118291700.0
2025-08-07,sh000016,2798.311,2797.711,2808.918,2787.832,4233829400.0
2025-08-08,sh000016,2789.174,2795.782,2801.079,2784.378,3892387800.0
2025-08-11,sh000016,2789.896,2791.352,2800.891,2783.645,4348470300.0
2025-08-12,sh000016,2807.012,2791.204,2816.594,2791.204,4260326700.0
2025-08-13,sh000016,2812.98,2809.046,2828.86,2806.661,5472011400.0
2025-08-14,sh000016,2829.47,2815.493,2858.009,2815.493,5000877000.0
2025-08-15,sh000016,2832.876,2821.975,2847.612,2813.091,7111777700.0
2025-08-18,sh000016,2838.873,2843.086,2861.984,2832.464,7338546600.0
2025-08-19,sh000016,2812.423,2843.285,2858.412,2812.304,6284322200.0
2025-08-20,sh000016,2846.991,2808.437,2848.033,2799.403,5859734300.0
2025-08-21,sh000016,2862.176,2853.787,2872.958,2850.63,6530949900.0
2025-08-22,sh000016,2928.614,2868.591,2928.881,2868.591,6774156300.0
2025-08-25,sh000016,2989.855,2950.653,2989.855,2943.976,8635896700.0
2025-08-26,sh000016,2969.776,2975.697,2985.54,2964.209,5456582300.0
2025-08-27,sh000016,2918.379,2974.408,2983.023,2918.379,7100535600.0
2025-08-28,sh000016,2960.727,2918.528,2963.074,2906.65,6599324800.0
2025-08-29,sh000016,2976.473,2954.931,2988.997,2954.931,8476146600.0
2025-09-01,sh000016,2981.202,2986.651,2988.547,2965.45,7280016300.0
2025-09-02,sh000016,2992.881,2983.72,3006.457,2967.519,7744585600.0
2025-09-03,sh000016,2960.993,2995.463,3002.18,2939.812,6372357100.0
2025-09-04,sh000016,2910.47,2949.972,2949.972,2879.413,9192054400.0
2025-09-05,sh000016,2942.216,2908.512,2949.824,2899.689,6238038700.0
2025-09-08,sh000016,2939.882,2940.981,2953.906,2926.386,6734077200.0
2025-09-09,sh000016,2928.632,2928.532,2949.537,2915.043,5572337800.0
2025-09-10,sh000016,2939.591,2928.112,2954.438,2923.564,5640489500.0
2025-09-11,sh000016,2983.083,2925.658,2983.197,2917.808,6832650200.0
2025-09-12,sh000016,2968.54,2986.023,2998.981,2964.585,6170980400.0
2025-09-15,sh000016,2962.615,2976.345,2984.856,2957.716,5255177800.0
2025-09-16,sh000016,2947.822,2969.234,2974.949,2942.297,5763941600.0
2025-09-17,sh000016,2952.778,2942.88,2960.311,2935.784,5666853700.0
2025-09-18,sh000016,2912.826,2959.389,2971.558,2890.6,7486002900.0
2025-09-19,sh000016,2909.744,2914.362,2930.473,2906.165,5723655100.0
2025-09-22,sh000016,2922.18,2911.024,2929.516,2901.119,4697987600.0
2025-09-23,sh000016,2919.515,2917.991,2938.119,2891.783,6289687500.0
2025-09-24,sh000016,2939.508,2908.072,2942.592,2908.072,5146206500.0
2025-09-25,sh000016,2952.735,2944.728,2962.181,2941.871,5432226800.0
2025-09-26,sh000016,2941.018,2941.169,2962.755,2938.315,4814161200.0
2025-09-29,sh000016,2973.042,2940.037,3000.482,2922.009,7063229900.0
2025-09-30,sh000016,2988.939,2985.097,2992.539,2976.589,5906526600.0
2025-10-09,sh000016,3020.596,3004.453,3030.717,2984.835,7636980900.0
2025-10-10,sh000016,2974.854,3000.557,3012.589,2966.578,6728372200.0
2025-10-13,sh000016,2967.206,2917.877,2972.194,2917.877,7016346700.0
2025-10-14,sh000016,2961.101,2986.581,2996.683,2949.91,8618339900.0
2025-10-15,sh000016,3001.349,2962.753,3003.004,2958.446,6337699600.0
2025-10-16,sh000016,3019.197,2994.221,3028.569,2992.549,6341092100.0
2025-10-17,sh000016,2967.775,3017.427,3022.813,2963.935,6267805600.0
2025-10-20,sh000016,2974.865,2984.312,2995.022,2967.688,5318097600.0
2025-10-21,sh000016,3007.263,2983.277,3014.101,2979.118,5530175200.0
2025-10-22,sh000016,3010.095,2987.346,3015.174,2987.346,5141756300.0
2025-10-23,sh000016,3026.904,3001.995,3030.796,2985.435,6020665400.0
2025-10-24,sh000016,3045.816,3031.916,3052.819,3028.38,5512038200.0
2025-10-27,sh000016,3069.529,3064.383,3078.784,3052.398,7040503900.0
2025-10-28,sh000016,3050.416,3059.876,3075.249,3044.563,5462624100.0
2025-10-29,sh000016,3063.021,3049.446,3064.556,3048.59,6014458600.0
2025-10-30,sh000016,3046.611,3053.793,3076.872,3043.571,6573610300.0
2025-10-31,sh000016,3011.555,3046.182,3046.236,3011.555,6931892200.0
2025-11-03,sh000016,3016.351,3009.163,3017.452,2990.275,5490037500.0
2025-11-04,sh000016,3012.969,3014.832,3029.923,2999.25,5598090000.0
2025-11-05,sh000016,3007.97,2985.76,3018.349,2981.819,4687175400.0
2025-11-06,sh000016,3044.742,3015.349,3049.486,3012.437,5062944700.0
2025-11-07,sh000016,3038.346,3036.01,3050.012,3034.723,4766934700.0
2025-11-10,sh000016,3053.857,3043.506,3054.553,3030.234,4907964400.0
2025-11-11,sh000016,3034.633,3059.756,3060.284,3023.92,4104255100.0
2025-11-12,sh000016,3044.301,3035.026,3059.954,3035.026,5751723500.0
2025-11-13,sh000016,3073.666,3044.924,3075.214,3044.924,5412640800.0
2025-11-14,sh000016,3038.426,3058.123,3073.71,3037.88,4880275600.0
2025-11-17,sh000016,3012.071,3033.022,3037.225,3001.202,4823390200.0
2025-11-18,sh000016,3003.018,3005.741,3023.027,2995.174,4358732700.0
2025-11-19,sh000016,3020.349,3004.646,3033.224,3004.203,4820035500.0
2025-11-20,sh000016,3008.29,3030.037,3038.912,3004.241,5404355400.0
2025-11-21,sh000016,2955.854,2989.872,2998.807,2953.46,6039312600.0
2025-11-24,sh000016,2950.562,2967.164,2970.205,2942.288,5080170600.0
2025-11-25,sh000016,2968.202,2963.689,2974.765,2952.349,4240517700.0
2025-11-26,sh000016,2971.799,2969.776,2979.981,2968.021,4005797700.0
2025-11-27,sh000016,2972.265,2976.078,2988.2,2965.546,3928779700.0
2025-11-28,sh000016,2969.617,2969.228,2973.316,2954.715,3727431400.0
2025-12-01,sh000016,2993.676,2975.272,2994.453,2972.791,4651946100.0
2025-12-02,sh000016,2978.467,2992.384,2994.715,2970.951,3348182800.0
2025-12-03,sh000016,2963.076,2976.113,2983.613,2957.794,3851973200.0
2025-12-04,sh000016,2974.337,2968.556,2980.237,2958.607,3628255600.0
2025-12-05,sh000016,3002.009,2970.62,3010.717,2969.086,4460349100.0
2025-12-08,sh000016,3019.362,3006.633,3030.571,3005.382,4489579200.0
2025-12-09,sh000016,2997.96,3012.244,3015.448,2991.651,4342592300.0
2025-12-10,sh000016,2988.638,2994.149,2996.21,2970.592,4151158900.0
2025-12-11,sh000016,2977.032,2995.632,2998.981,2966.184,3939902700.0
2025-12-12,sh000016,2994.645,2981.967,2994.865,2965.688,5718891200.0
2025-12-15,sh000016,2987.068,2979.764,3015.389,2978.128,3849022700.0
2025-12-16,sh000016,2954.787,2980.937,2986.083,2946.602,3830216500.0
2025-12-17,sh000016,2991.678,2955.474,3005.873,2948.736,3850074300.0
2025-12-18,sh000016,2998.517,2983.767,3002.022,2980.951,3254568300.0
2025-12-19,sh000016,3004.34,2993.929,3016.384,2987.71,3660553300.0
2025-12-22,sh000016,3020.229,3010.796,3025.548,3010.796,3472819200.0
2025-12-23,sh000016,3027.52,3023.911,3041.668,3019.61,3588970900.0
2025-12-24,sh000016,3025.184,3028.374,3032.01,3012.199,3179944100.0
2025-12-25,sh000016,3032.841,3020.908,3039.539,3018.583,2827064700.0
2025-12-26,sh000016,3045.404,3032.467,3057.948,3031.26,3410068900.0
2025-12-29,sh000016,3034.635,3048.979,3057.364,3030.379,4315341500.0
2025-12-30,sh000016,3036.552,3023.321,3049.323,3022.277,3853828500.0
2025-12-31,sh000016,3031.126,3038.602,3051.43,3026.487,3735898000.0
2026-01-05,sh000016,3099.746,3052.129,3105.403,3052.129,5350139800.0
2026-01-06,sh000016,3158.763,3106.52,3158.763,3106.087,5749427200.0
2026-01-07,sh000016,3145.12,3162.022,3162.444,3132.232,5213942200.0
2026-01-08,sh000016,3122.063,3137.81,3142.846,3107.018,5342737400.0
2026-01-09,sh000016,3134.325,3121.159,3146.728,3112.458,6014927700.0
2026-01-12,sh000016,3143.737,3146.512,3148.111,3125.17,6446191300.0
2026-01-13,sh000016,3132.933,3150.733,3177.735,3123.172,6316009600.0
2026-01-14,sh000016,3112.075,3136.845,3169.753,3106.134,7195742600.0
2026-01-15,sh000016,3105.575,3104.328,3130.985,3097.105,5441766500.0
2026-01-16,sh000016,3079.763,3117.933,3127.849,3066.091,7245415400.0
2026-01-19,sh000016,3075.936,3077.806,3094.972,3065.94,5586659900.0
2026-01-20,sh000016,3070.646,3077.939,3090.085,3058.611,6000253300.0
2026-01-21,sh000016,3067.175,3073.769,3097.663,3060.647,6566488000.0
2026-01-22,sh000016,3053.128,3080.205,3089.673,3046.428,6291845400.0
2026-01-23,sh000016,3032.193,3055.686,3063.258,3019.762,6902015100.0
2026-01-26,sh000016,3049.587,3042.368,3088.568,3039.644,8910247200.0
2026-01-27,sh000016,3052.393,3054.401,3080.818,3046.189,7513591400.0
2026-01-28,sh000016,3060.557,3066.425,3074.976,3047.785,9636678000.0
2026-01-29,sh000016,3110.914,3074.487,3122.142,3048.413,10071015400.0
2026-01-30,sh000016,3066.496,3088.787,3106.331,3040.423,7901468700.0
2026-02-02,sh000016,3003.137,3036.843,3076.022,2997.852,8080331700.0
2026-02-03,sh000016,3034.58,3033.47,3036.997,2987.406,6483034700.0
2026-02-04,sh000016,3069.243,3033.548,3070.17,3030.338,6104365900.0
2026-02-05,sh000016,3059.012,3048.87,3066.509,3030.849,5371600900.0
2026-02-06,sh000016,3037.86,3027.173,3056.004,3015.626,4678981800.0
2026-02-09,sh000016,3081.779,3066.318,3081.868,3059.029,4192393000.0
2026-02-10,sh000016,3087.405,3086.328,3091.346,3079.999,3816233200.0
2026-02-11,sh000016,3088.457,3082.699,3094.25,3076.552,3684760900.0
2026-02-12,sh000016,3079.727,3091.529,3094.335,3075.76,4440099600.0
2026-02-13,sh000016,3034.346,3062.206,3066.039,3032.656,4595354900.0
2026-02-24,sh000016,3041.324,3075.472,3075.897,3039.409,4389884200.0
2026-02-25,sh000016,3054.925,3045.451,3080.077,3041.589,5668589700.0
2026-02-26,sh000016,3035.071,3059.602,3060.337,3023.435,4395225700.0
2026-02-27,sh000016,3039.431,3026.076,3049.36,3025.724,4390978300.0
2026-03-02,sh000016,3046.467,3031.447,3050.92,3010.047,8354559300.0
2026-03-03,sh000016,3014.27,3045.75,3056.986,3008.003,10483299600.0
2026-03-04,sh000016,2974.21,2985.632,2991.031,2953.325,8683309500.0
2026-03-05,sh000016,2988.451,2993.591,3001.023,2978.086,6379790400.0
2026-03-06,sh000016,2992.702,2972.59,2999.724,2970.579,5053646200.0
2026-03-09,sh000016,2962.989,2963.2,2970.946,2933.917,7865812600.0
2026-03-10,sh000016,2981.835,2973.82,2985.309,2969.912,5422691500.0
2026-03-11,sh000016,2985.345,2983.46,2988.754,2970.832,5603198400.0
2026-03-12,sh000016,2971.561,2978.115,2985.546,2954.305,5564411100.0
2026-03-13,sh000016,2956.847,2961.734,2977.842,2951.701,6863301300.0
2026-03-16,sh000016,2954.089,2952.42,2955.004,2927.936,5959601800.0
2026-03-17,sh000016,2963.578,2957.015,2995.226,2956.159,6260497800.0
2026-03-18,sh000016,2961.426,2965.861,2970.188,2939.748,5441379000.0
2026-03-19,sh000016,2916.235,2933.577,2942.459,2908.443,6707944100.0
2026-03-20,sh000016,2883.864,2914.851,2924.376,2881.947,6609707300.0
2026-03-23,sh000016,2792.329,2847.522,2847.776,2779.599,8697663300.0
2026-03-24,sh000016,2830.854,2813.498,2831.272,2790.803,6331273600.0
2026-03-25,sh000016,2859.535,2845.409,2862.573,2842.189,6396555000.0
2026-03-26,sh000016,2824.674,2854.504,2862.327,2819.067,5232212700.0
2026-03-27,sh000016,2837.306,2803.498,2845.834,2803.498,4652544100.0
2026-03-30,sh000016,2833.205,2814.828,2835.834,2806.027,4911262500.0
2026-03-31,sh000016,2826.125,2844.405,2865.518,2826.125,5709601600.0
2026-04-01,sh000016,2878.794,2863.493,2882.671,2856.968,5069558000.0
2026-04-02,sh000016,2853.453,2873.826,2873.826,2840.64,4691899400.0
2026-04-03,sh000016,2830.597,2856.557,2857.512,2827.09,3633137800.0
2026-04-07,sh000016,2830.523,2830.127,2843.165,2824.18,3680959300.0
2026-04-08,sh000016,2907.066,2872.035,2907.791,2872.035,5873661200.0
2026-04-09,sh000016,2884.76,2888.404,2891.872,2877.552,3867362100.0
2026-04-10,sh000016,2899.58,2900.496,2915.7,2894.677,4252953100.0
2026-04-13,sh000016,2899.47,2888.424,2902.706,2884.658,4049204500.0
2026-04-14,sh000016,2924.183,2918.505,2924.218,2899.857,4183436600.0
2026-04-15,sh000016,2934.216,2939.52,2953.067,2931.635,4727076600.0
2026-04-16,sh000016,2939.765,2937.758,2948.12,2930.771,4111793000.0
2026-04-17,sh000016,2910.873,2920.855,2924.134,2906.952,4187484200.0
2026-04-20,sh000016,2933.653,2911.862,2935.292,2911.745,4772832400.0
2026-04-21,sh000016,2932.072,2931.611,2937.42,2920.285,4632735800.0
2026-04-22,sh000016,2930.575,2927.864,2935.112,2922.326,4544342600.0
2026-04-23,sh000016,2927.931,2938.165,2941.196,2912.564,5365089800.0
2026-04-24,sh000016,2945.043,2925.901,2948.41,2914.257,4244365300.0
2026-04-27,sh000016,2939.053,2944.031,2955.449,2934.673,4397511000.0
2026-04-28,sh000016,2950.421,2938.058,2963.36,2937.549,4904905900.0
2021-05-18,sh000300,5187.601,5190.935,5201.672,5156.792,11840426100.0
2021-05-19,sh000300,5172.272,5173.167,5193.557,5151.639,11872998300.0
2021-05-20,sh000300,5186.412,5167.055,5201.594,5152.036,13845477500.0
2021-05-21,sh000300,5134.148,5199.129,5216.162,5123.117,12476848500.0
2021-05-24,sh000300,5155.588,5138.815,5155.588,5092.389,12674233600.0
2021-05-25,sh000300,5318.478,5165.036,5324.361,5161.524,18299683900.0
2021-05-26,sh000300,5320.593,5326.117,5344.284,5308.739,16960709600.0
2021-05-27,sh000300,5338.233,5311.373,5378.476,5286.05,14846285500.0
2021-05-28,sh000300,5321.089,5338.728,5360.277,5288.652,16460580600.0
2021-05-31,sh000300,5331.57,5318.083,5331.629,5281.685,14460326900.0
2021-06-01,sh000300,5341.68,5320.475,5343.753,5269.259,14383147400.0
2021-06-02,sh000300,5289.974,5348.344,5352.64,5266.785,13775431900.0
2021-06-03,sh000300,5255.286,5285.71,5314.369,5255.072,14196887800.0
2021-06-04,sh000300,5282.277,5228.276,5334.49,5221.229,14473208700.0
2021-06-07,sh000300,5277.627,5284.891,5286.842,5242.948,12770497100.0
2021-06-08,sh000300,5232.117,5276.971,5319.041,5201.14,13055953200.0
2021-06-09,sh000300,5236.449,5224.95,5253.356,5215.351,12182032100.0
2021-06-10,sh000300,5271.466,5236.469,5299.53,5229.518,13899196700.0
2021-06-11,sh000300,5224.703,5275.746,5276.104,5213.599,18080717300.0
2021-06-15,sh000300,5166.56,5218.565,5225.502,5137.409,14288005800.0
2021-06-16,sh000300,5080.491,5163.249,5164.519,5076.022,12514798500.0
2021-06-17,sh000300,5101.892,5074.384,5123.365,5073.821,12045251800.0
2021-06-18,sh000300,5102.466,5104.93,5128.031,5064.921,14858580500.0
2021-06-21,sh000300,5090.385,5088.089,5123.783,5058.57,13218451600.0
2021-06-22,sh000300,5122.158,5106.074,5125.819,5086.278,13041675300.0
2021-06-23,sh000300,5147.394,5127.191,5171.033,5109.757,13635605800.0
2021-06-24,sh000300,5155.974,5156.564,5160.435,5120.584,12668562500.0
2021-06-25,sh000300,5239.968,5159.802,5251.608,5157.476,15493106100.0
2021-06-28,sh000300,5251.76,5253.608,5260.637,5226.22,13319378300.0
2021-06-29,sh000300,5190.545,5248.525,5248.525,5182.677,12516299700.0
2021-06-30,sh000300,5224.041,5189.38,5231.426,5186.625,10375267100.0
2021-07-01,sh000300,5229.664,5241.204,5252.264,5190.876,12724062000.0
2021-07-02,sh000300,5081.117,5186.661,5186.661,5074.362,13042642400.0
2021-07-05,sh000300,5085.792,5073.779,5098.231,5048.004,13121158900.0
2021-07-06,sh000300,5083.104,5089.778,5092.207,5028.506,14065522000.0
2021-07-07,sh000300,5140.49,5052.42,5152.771,5045.406,14854906000.0
2021-07-08,sh000300,5088.257,5149.31,5151.217,5078.93,17390100800.0
2021-07-09,sh000300,5069.436,5063.148,5081.409,5006.412,16065322600.0
2021-07-12,sh000300,5132.709,5108.378,5159.412,5070.319,20621203900.0
2021-07-13,sh000300,5142.099,5128.614,5154.051,5114.943,16648220900.0
2021-07-14,sh000300,5083.085,5130.752,5130.752,5075.125,18835272000.0
2021-07-15,sh000300,5151.463,5073.263,5153.806,5067.677,18107710300.0
2021-07-16,sh000300,5094.773,5140.904,5140.904,5090.632,16995598200.0
2021-07-19,sh000300,5113.495,5083.728,5120.824,5047.623,15319958900.0
2021-07-20,sh000300,5108.994,5080.216,5114.003,5067.862,12930004400.0
2021-07-21,sh000300,5144.043,5122.784,5160.545,5122.305,16797646900.0
2021-07-22,sh000300,5151.752,5150.386,5171.21,5137.88,18555686400.0
2021-07-23,sh000300,5089.228,5145.431,5145.431,5079.997,21653684700.0
2021-07-26,sh000300,4925.299,5067.307,5067.307,4859.603,22811171000.0
2021-07-27,sh000300,4751.313,4924.282,4940.86,4749.033,23663122500.0
2021-07-28,sh000300,4760.483,4714.295,4785.657,4663.901,19263439300.0
2021-07-29,sh000300,4850.275,4845.76,4857.971,4800.013,17332205400.0
2021-07-30,sh000300,4811.17,4825.7,4825.7,4761.038,18234977600.0
2021-08-02,sh000300,4933.736,4794.819,4938.815,4761.459,22719491800.0
2021-08-03,sh000300,4934.458,4909.233,4957.029,4890.85,20353336000.0
2021-08-04,sh000300,4978.848,4927.736,4979.291,4919.657,17546646100.0
2021-08-05,sh000300,4948.67,4946.167,4997.14,4921.938,16738182900.0
2021-08-06,sh000300,4921.565,4943.043,4944.349,4891.797,15417968800.0
2021-08-09,sh000300,4985.563,4890.257,5002.894,4884.039,18243687100.0
2021-08-10,sh000300,5043.148,4977.816,5043.761,4941.24,16705190200.0
2021-08-11,sh000300,5015.341,5037.082,5059.789,5009.978,18226607400.0
2021-08-12,sh000300,4973.351,4998.073,5016.263,4962.985,16822373300.0
2021-08-13,sh000300,4945.983,4958.758,4993.743,4921.281,15831432100.0
2021-08-16,sh000300,4941.068,4935.923,4973.376,4931.369,16195337300.0
2021-08-17,sh000300,4837.403,4935.004,4967.565,4823.392,18757347200.0
2021-08-18,sh000300,4894.238,4838.471,4909.541,4818.901,19747437800.0
2021-08-19,sh000300,4862.139,4886.564,4893.467,4839.568,20171171900.0
2021-08-20,sh000300,4769.268,4817.494,4835.153,4720.826,17763581000.0
2021-08-23,sh000300,4835.878,4777.735,4843.819,4764.009,16757909300.0
2021-08-24,sh000300,4888.39,4844.593,4906.204,4842.748,19788316300.0
2021-08-25,sh000300,4898.157,4890.521,4899.765,4865.765,18944801600.0
2021-08-26,sh000300,4801.609,4892.204,4892.204,4798.695,19761738700.0
2021-08-27,sh000300,4827.043,4794.974,4863.469,4793.591,18331021100.0
2021-08-30,sh000300,4813.27,4847.035,4849.16,4787.2,21963575700.0
2021-08-31,sh000300,4805.61,4803.085,4821.756,4740.752,23511865800.0
2021-09-01,sh000300,4869.459,4804.686,4906.402,4763.299,32672108000.0
2021-09-02,sh000300,4869.411,4865.822,4892.705,4845.625,26785801300.0
2021-09-03,sh000300,4843.062,4875.066,4886.548,4828.699,26809189600.0
2021-09-06,sh000300,4933.726,4841.062,4944.45,4837.786,24050724500.0
2021-09-07,sh000300,4992.829,4932.976,5005.961,4915.612,24417851900.0
2021-09-08,sh000300,4972.132,4986.795,5013.976,4955.888,26461531500.0
2021-09-09,sh000300,4970.013,4952.492,4970.147,4929.95,25653021700.0
2021-09-10,sh000300,5013.522,4967.976,5042.799,4962.371,28830435200.0
2021-09-13,sh000300,4991.66,5006.775,5029.724,4964.96,24991529800.0
2021-09-14,sh000300,4917.162,4989.835,5000.977,4907.316,24559040200.0
2021-09-15,sh000300,4867.319,4903.847,4903.847,4843.116,18798473000.0
2021-09-16,sh000300,4807.698,4866.794,4879.531,4806.144,21675209900.0
2021-09-17,sh000300,4855.94,4797.113,4857.958,4786.088,20195812700.0
2021-09-22,sh000300,4821.768,4770.732,4830.85,4765.23,19122037600.0
2021-09-23,sh000300,4853.196,4848.222,4877.336,4837.557,22815106400.0
2021-09-24,sh000300,4849.428,4845.638,4897.06,4838.535,20769329000.0
2021-09-27,sh000300,4877.37,4870.848,4922.563,4852.2,21596703000.0
2021-09-28,sh000300,4883.828,4869.085,4901.311,4846.631,17689088000.0
2021-09-29,sh000300,4833.928,4846.021,4868.068,4799.877,18817136600.0
2021-09-30,sh000300,4866.383,4843.953,4876.073,4843.953,14611389600.0
2021-10-08,sh000300,4929.941,4915.731,4937.092,4891.625,16896807700.0
2021-10-11,sh000300,4936.192,4941.292,4983.729,4930.713,16351162400.0
2021-10-12,sh000300,4883.837,4920.66,4925.488,4840.77,16807933700.0
2021-10-13,sh000300,4940.109,4880.144,4953.375,4869.831,13114281300.0
2021-10-14,sh000300,4913.612,4934.258,4953.923,4903.25,11955701300.0
2021-10-15,sh000300,4932.108,4896.558,4939.815,4881.014,14282200100.0
2021-10-18,sh000300,4874.775,4922.514,4922.514,4844.938,14124519900.0
2021-10-19,sh000300,4922.723,4869.391,4928.143,4868.811,13526649300.0
2021-10-20,sh000300,4910.185,4926.773,4944.022,4898.365,14153318300.0
2021-10-21,sh000300,4928.016,4914.738,4946.176,4893.853,14889815400.0
2021-10-22,sh000300,4959.725,4934.87,4989.887,4934.87,14392622800.0
2021-10-25,sh000300,4979.524,4940.896,4981.65,4930.112,14186149000.0
2021-10-26,sh000300,4963.098,4983.238,5002.575,4953.479,14088894300.0
2021-10-27,sh000300,4898.164,4949.227,4949.227,4884.942,14711159300.0
2021-10-28,sh000300,4864.138,4882.586,4898.658,4846.278,15664947200.0
2021-10-29,sh000300,4908.77,4861.267,4908.77,4855.759,15988735300.0
2021-11-01,sh000300,4890.685,4878.128,4908.206,4858.249,17158397400.0
2021-11-02,sh000300,4839.846,4886.185,4911.227,4797.899,18543768800.0
2021-11-03,sh000300,4821.112,4835.809,4858.713,4804.366,14276382000.0
2021-11-04,sh000300,4868.742,4841.091,4873.939,4834.743,13259297000.0
2021-11-05,sh000300,4842.346,4858.9,4889.684,4841.744,14778935900.0
2021-11-08,sh000300,4848.18,4841.153,4866.082,4827.689,13739826400.0
2021-11-09,sh000300,4846.744,4858.253,4870.791,4818.539,11837552600.0
2021-11-10,sh000300,4821.193,4832.801,4832.801,4753.996,13511817900.0
2021-11-11,sh000300,4898.653,4814.766,4898.653,4809.111,16048486300.0
2021-11-12,sh000300,4888.375,4902.929,4909.084,4875.349,13266296900.0
2021-11-15,sh000300,4882.378,4894.412,4906.33,4863.396,12182314900.0
2021-11-16,sh000300,4883.321,4880.896,4915.372,4876.5,12725440600.0
2021-11-17,sh000300,4885.754,4883.248,4891.523,4864.52,10845922300.0
2021-11-18,sh000300,4837.619,4871.422,4871.422,4830.412,11448056500.0
2021-11-19,sh000300,4890.058,4832.06,4892.809,4829.567,12719831200.0
2021-11-22,sh000300,4912.399,4895.388,4918.996,4893.273,13809283600.0
2021-11-23,sh000300,4913.346,4905.759,4927.521,4896.878,15430441100.0
2021-11-24,sh000300,4916.658,4914.027,4935.489,4899.611,13715067300.0
2021-11-25,sh000300,4896.442,4917.606,4921.333,4891.728,11598403100.0
2021-11-26,sh000300,4860.127,4886.952,4886.952,4850.811,12036897400.0
2021-11-29,sh000300,4851.423,4820.005,4858.532,4818.706,13362686200.0
2021-11-30,sh000300,4832.026,4857.183,4871.253,4810.219,12963059600.0
2021-12-01,sh000300,4843.851,4831.889,4844.524,4823.925,12308678900.0
2021-12-02,sh000300,4856.163,4839.914,4866.851,4830.323,14808852100.0
2021-12-03,sh000300,4901.018,4856.98,4901.018,4853.351,14405962600.0
2021-12-06,sh000300,4892.621,4909.429,4943.903,4888.693,17361568300.0
2021-12-07,sh000300,4922.102,4930.826,4934.097,4895.218,17905346000.0
2021-12-08,sh000300,4995.93,4934.406,4995.93,4915.79,15749055900.0
2021-12-09,sh000300,5078.69,5000.687,5114.501,4999.41,22056877600.0
2021-12-10,sh000300,5055.117,5046.268,5060.055,5035.809,19369515400.0
2021-12-13,sh000300,5083.801,5090.021,5143.841,5079.728,21180159600.0
2021-12-14,sh000300,5049.695,5066.35,5075.214,5038.858,15910779000.0
2021-12-15,sh000300,5005.899,5036.284,5060.368,5003.778,15052975200.0
2021-12-16,sh000300,5034.732,5006.611,5034.732,4987.225,14405386700.0
2021-12-17,sh000300,4954.76,5021.339,5022.107,4954.759,14900539900.0
2021-12-20,sh000300,4880.418,4934.966,4971.673,4872.685,16967569000.0
2021-12-21,sh000300,4913.485,4876.514,4917.799,4872.949,14333989800.0
2021-12-22,sh000300,4914.454,4924.577,4936.673,4903.165,13325674000.0
2021-12-23,sh000300,4948.739,4924.291,4948.739,4906.747,13955540600.0
2021-12-24,sh000300,4921.345,4953.062,4964.906,4905.979,14267332300.0
2021-12-27,sh000300,4919.324,4918.146,4939.689,4894.16,12410095200.0
2021-12-28,sh000300,4955.964,4923.692,4959.145,4913.598,13045775700.0
2021-12-29,sh000300,4883.48,4958.646,4958.646,4883.48,11358700200.0
2021-12-30,sh000300,4921.511,4882.156,4940.178,4878.648,12161717800.0
2021-12-31,sh000300,4940.373,4937.463,4950.364,4923.139,12131373700.0
2022-01-04,sh000300,4917.765,4957.984,4961.453,4874.534,15153477600.0
2022-01-05,sh000300,4868.12,4907.935,4916.282,4851.984,17881610000.0
2022-01-06,sh000300,4818.232,4842.156,4857.56,4786.433,15766582600.0
2022-01-07,sh000300,4822.369,4824.318,4856.652,4818.193,18713941300.0
2022-01-10,sh000300,4844.045,4812.23,4844.393,4780.819,15621169600.0
2022-01-11,sh000300,4797.774,4840.009,4850.879,4791.885,14692800400.0
2022-01-12,sh000300,4845.579,4818.89,4852.731,4810.919,14320020400.0
2022-01-13,sh000300,4765.919,4853.031,4853.063,4765.242,14251965300.0
2022-01-14,sh000300,4726.732,4743.912,4764.052,4723.943,14686312600.0
2022-01-17,sh000300,4767.276,4728.76,4775.239,4726.708,11529569100.0
2022-01-18,sh000300,4813.347,4766.781,4826.3,4747.92,15087080200.0
2022-01-19,sh000300,4780.378,4815.811,4828.752,4755.93,13392736000.0
2022-01-20,sh000300,4823.509,4778.262,4845.005,4777.568,16497131500.0
2022-01-21,sh000300,4779.314,4808.773,4818.305,4762.564,13895258500.0
2022-01-24,sh000300,4786.738,4753.941,4801.098,4746.448,11446388000.0
2022-01-25,sh000300,4678.451,4761.95,4781.391,4678.247,13366758600.0
2022-01-26,sh000300,4712.311,4697.099,4718.995,4648.128,10707084200.0
2022-01-27,sh000300,4619.877,4708.099,4708.436,4616.027,12126380400.0
2022-01-28,sh000300,4563.772,4641.814,4660.519,4559.833,12648011200.0
2022-02-07,sh000300,4634.09,4638.575,4672.654,4615.005,14484972000.0
2022-02-08,sh000300,4608.773,4626.437,4626.437,4522.471,15583070800.0
2022-02-09,sh000300,4652.061,4608.149,4659.461,4595.283,14833554700.0
2022-02-10,sh000300,4639.863,4657.211,4657.211,4608.091,15157666600.0
2022-02-11,sh000300,4601.395,4617.874,4662.596,4595.875,15597458400.0
2022-02-14,sh000300,4551.688,4579.42,4593.632,4530.057,14367389400.0
2022-02-15,sh000300,4600.103,4553.811,4601.453,4550.543,11502560000.0
2022-02-16,sh000300,4617.989,4619.846,4643.1,4607.218,10725895500.0
2022-02-17,sh000300,4629.165,4616.896,4650.159,4606.952,11001464300.0
2022-02-18,sh000300,4651.236,4604.567,4651.342,4598.1,10455022800.0
2022-02-21,sh000300,4634.314,4646.052,4646.672,4613.297,11251651200.0
2022-02-22,sh000300,4574.153,4601.918,4602.066,4550.804,12331723700.0
2022-02-23,sh000300,4623.047,4582.006,4625.298,4579.295,12295291600.0
2022-02-24,sh000300,4529.319,4592.069,4610.879,4488.476,18440305800.0
2022-02-25,sh000300,4573.425,4564.632,4611.86,4561.896,14972258300.0
2022-02-28,sh000300,4581.646,4563.743,4581.646,4530.676,13540697800.0
2022-03-01,sh000300,4619.686,4597.855,4623.431,4583.917,12313922000.0
2022-03-02,sh000300,4578.601,4594.017,4594.017,4558.442,11329832500.0
2022-03-03,sh000300,4551.628,4595.025,4599.397,4544.431,13828587700.0
2022-03-04,sh000300,4496.43,4513.364,4539.393,4481.493,12726680600.0
2022-03-07,sh000300,4352.778,4462.517,4462.517,4338.304,16219770600.0
2022-03-08,sh000300,4265.391,4361.642,4383.647,4252.539,16786327700.0
2022-03-09,sh000300,4226.346,4280.979,4304.482,4068.193,19423290000.0
2022-03-10,sh000300,4292.837,4326.204,4335.673,4288.508,14526638300.0
2022-03-11,sh000300,4306.522,4231.196,4316.044,4176.452,15239992100.0
2022-03-14,sh000300,4174.758,4248.153,4280.361,4174.758,13018723600.0
2022-03-15,sh000300,3983.812,4125.487,4163.418,3983.812,20252469900.0
2022-03-16,sh000300,4156.081,4053.099,4168.585,3942.861,19602198200.0
2022-03-17,sh000300,4237.696,4237.672,4302.743,4217.804,17940734400.0
2022-03-18,sh000300,4265.902,4218.474,4283.368,4194.94,14945830500.0
2022-03-21,sh000300,4258.746,4280.14,4287.817,4223.024,12703636000.0
2022-03-22,sh000300,4255.295,4252.566,4283.334,4236.689,12638247000.0
2022-03-23,sh000300,4276.517,4269.609,4287.577,4241.957,11708907800.0
2022-03-24,sh000300,4251.306,4249.533,4273.957,4216.851,10891827200.0
2022-03-25,sh000300,4174.574,4249.073,4254.845,4173.93,10880804600.0
2022-03-28,sh000300,4148.466,4128.838,4174.121,4091.298,11844902100.0
2022-03-29,sh000300,4134.144,4155.418,4177.213,4124.718,10026697200.0
2022-03-30,sh000300,4254.099,4162.167,4254.099,4160.735,13834602400.0
2022-03-31,sh000300,4222.597,4234.716,4247.36,4214.535,13402918500.0
2022-04-01,sh000300,4276.158,4198.819,4290.671,4190.084,13380305300.0
2022-04-06,sh000300,4263.841,4258.833,4277.524,4236.728,15906219500.0
2022-04-07,sh000300,4209.1,4240.024,4278.113,4205.743,13488035300.0
2022-04-08,sh000300,4230.767,4213.211,4237.813,4175.529,14284379300.0
2022-04-11,sh000300,4100.07,4203.79,4203.79,4089.093,14819707100.0
2022-04-12,sh000300,4179.973,4102.971,4179.973,4075.796,14428568400.0
2022-04-13,sh000300,4139.737,4154.412,4194.037,4139.737,12509748900.0
2022-04-14,sh000300,4191.568,4172.644,4217.061,4155.551,12479131600.0
2022-04-15,sh000300,4188.747,4162.372,4211.317,4152.974,12476226300.0
2022-04-18,sh000300,4166.384,4152.931,4171.743,4119.994,11750461000.0
2022-04-19,sh000300,4134.902,4161.933,4186.939,4115.418,11021747100.0
2022-04-20,sh000300,4070.789,4130.543,4136.166,4060.504,11733165800.0
2022-04-21,sh000300,3995.83,4048.734,4086.439,3978.367,13278382800.0
2022-04-22,sh000300,4013.25,3967.202,4037.084,3953.722,12210181100.0
2022-04-25,sh000300,3814.913,3933.446,3958.21,3814.913,16836450200.0
2022-04-26,sh000300,3784.12,3822.489,3871.85,3773.899,15757761100.0
2022-04-27,sh000300,3895.536,3758.084,3895.731,3757.086,17273404600.0
2022-04-28,sh000300,3921.107,3883.42,3943.435,3873.578,15305658600.0
2022-04-29,sh000300,4016.241,3939.624,4017.428,3898.57,17945837700.0
2022-05-05,sh000300,4010.21,3995.353,4039.7,3988.931,15417071600.0
2022-05-06,sh000300,3908.815,3928.855,3947.238,3902.051,12300555100.0
2022-05-09,sh000300,3877.436,3883.951,3914.112,3854.935,9293669400.0
2022-05-10,sh000300,3919.868,3820.628,3932.682,3808.57,13641691800.0
2022-05-11,sh000300,3976.423,3917.932,4033.303,3916.525,16563225600.0
2022-05-12,sh000300,3958.74,3949.949,3985.927,3935.589,11337606600.0
2022-05-13,sh000300,3988.6,3983.82,4003.854,3957.139,10996835700.0
2022-05-16,sh000300,3956.538,4014.996,4018.028,3947.746,11242529400.0
2022-05-17,sh000300,4005.893,3961.761,4005.893,3955.102,10966145400.0
2022-05-18,sh000300,3991.907,4015.013,4017.341,3964.75,10807423300.0
2022-05-19,sh000300,3999.598,3938.296,3999.598,3933.745,11629342000.0
2022-05-20,sh000300,4077.6,4020.816,4077.602,4020.816,14706917300.0
2022-05-23,sh000300,4053.982,4080.969,4080.969,4029.085,13047781000.0
2022-05-24,sh000300,3959.154,4052.868,4055.783,3959.154,14555433600.0
2022-05-25,sh000300,3983.178,3959.767,3983.624,3946.808,10773401500.0
2022-05-26,sh000300,3993.045,3987.682,4015.747,3938.239,12626368900.0
2022-05-27,sh000300,4001.299,4022.71,4051.143,3983.384,11276933700.0
2022-05-30,sh000300,4029.018,4020.858,4040.819,4003.377,11115224100.0
2022-05-31,sh000300,4091.518,4031.762,4096.197,4020.378,13541551300.0
2022-06-01,sh000300,4083.177,4086.618,4094.901,4058.847,11485087900.0
2022-06-02,sh000300,4089.568,4064.0,4091.152,4057.914,11389363800.0
2022-06-06,sh000300,4166.085,4090.529,4166.615,4063.906,16787101100.0
2022-06-07,sh000300,4179.129,4165.69,4198.086,4155.168,14299288100.0
2022-06-08,sh000300,4219.812,4187.148,4224.81,4158.033,15737405700.0
2022-06-09,sh000300,4175.675,4211.723,4227.448,4160.881,16844915400.0
2022-06-10,sh000300,4238.994,4145.651,4241.354,4140.22,18479621400.0
2022-06-13,sh000300,4189.353,4194.457,4218.233,4156.715,16847562200.0
2022-06-14,sh000300,4222.311,4143.223,4224.086,4102.929,17138590400.0
2022-06-15,sh000300,4278.218,4228.293,4348.423,4228.293,25704659000.0
2022-06-16,sh000300,4250.061,4282.083,4302.921,4241.075,18407441600.0
2022-06-17,sh000300,4309.044,4219.234,4318.766,4218.682,15864909800.0
2022-06-20,sh000300,4330.433,4322.832,4368.356,4297.891,16566638200.0
2022-06-21,sh000300,4325.566,4327.916,4357.34,4287.141,16466761500.0
2022-06-22,sh000300,4270.623,4331.902,4333.183,4269.246,15856585400.0
2022-06-23,sh000300,4343.878,4277.956,4343.878,4260.9,17088236000.0
2022-06-24,sh000300,4394.772,4354.553,4400.685,4346.122,16897219900.0
2022-06-27,sh000300,4444.264,4414.332,4472.695,4414.332,17738567600.0
2022-06-28,sh000300,4490.517,4442.581,4497.895,4407.352,17475648900.0
2022-06-29,sh000300,4421.357,4472.735,4503.131,4413.996,18727668800.0
2022-06-30,sh000300,4485.011,4418.066,4514.997,4418.066,15666628900.0
2022-07-01,sh000300,4466.718,4489.52,4500.985,4449.291,14477959900.0
2022-07-04,sh000300,4496.03,4447.216,4496.034,4427.823,14634565100.0
2022-07-05,sh000300,4489.538,4505.457,4530.325,4439.451,15496241500.0
2022-07-06,sh000300,4423.97,4475.482,4484.362,4393.417,14980023500.0
2022-07-07,sh000300,4443.474,4425.281,4457.343,4391.194,13266090600.0
2022-07-08,sh000300,4428.781,4468.063,4479.494,4426.886,12319573900.0
2022-07-11,sh000300,4354.617,4406.148,4406.148,4330.582,13444857800.0
2022-07-12,sh000300,4313.618,4352.646,4370.341,4296.622,13018783800.0
2022-07-13,sh000300,4321.462,4313.359,4341.466,4284.942,13111317900.0
2022-07-14,sh000300,4322.074,4308.823,4352.098,4292.76,14525092600.0
2022-07-15,sh000300,4248.527,4299.471,4344.857,4248.527,15021445300.0
2022-07-18,sh000300,4292.586,4262.154,4300.778,4217.506,12260119200.0
2022-07-19,sh000300,4269.34,4288.444,4288.444,4238.824,10380573000.0
2022-07-20,sh000300,4283.803,4291.281,4303.367,4269.972,9449014400.0
2022-07-21,sh000300,4236.058,4270.362,4283.147,4236.05,11715634400.0
2022-07-22,sh000300,4238.234,4251.787,4275.47,4207.314,10384062400.0
2022-07-25,sh000300,4212.644,4233.928,4234.845,4201.919,8363666400.0
2022-07-26,sh000300,4245.976,4220.091,4259.985,4214.534,8582327400.0
2022-07-27,sh000300,4225.036,4236.154,4242.095,4217.281,7890494000.0
2022-07-28,sh000300,4225.673,4242.274,4267.918,4223.029,10753193000.0
2022-07-29,sh000300,4170.102,4226.425,4243.514,4160.874,11417928600.0
2022-08-01,sh000300,4188.678,4160.648,4196.574,4129.453,10774902900.0
2022-08-02,sh000300,4107.024,4144.377,4144.377,4071.431,14222442500.0
2022-08-03,sh000300,4066.975,4114.825,4150.98,4058.179,11666612400.0
2022-08-04,sh000300,4101.537,4089.442,4108.159,4064.659,8953264400.0
2022-08-05,sh000300,4156.911,4109.629,4159.485,4097.863,10257100400.0
2022-08-08,sh000300,4148.075,4142.111,4155.73,4135.081,9020813800.0
2022-08-09,sh000300,4156.291,4143.666,4161.809,4131.425,8413695900.0
2022-08-10,sh000300,4109.737,4149.207,4160.787,4092.546,8556583900.0
2022-08-11,sh000300,4193.543,4130.741,4193.812,4116.056,12138505100.0
2022-08-12,sh000300,4191.152,4185.42,4202.466,4175.05,10680829500.0
2022-08-15,sh000300,4185.679,4180.001,4219.918,4174.3,10589849500.0
2022-08-16,sh000300,4177.837,4190.527,4208.801,4170.52,9390613900.0
2022-08-17,sh000300,4216.959,4182.567,4222.787,4155.173,11286465900.0
2022-08-18,sh000300,4180.1,4205.785,4211.914,4173.541,10105265000.0
2022-08-19,sh000300,4151.074,4174.546,4185.658,4151.074,11740297800.0
2022-08-22,sh000300,4181.397,4135.162,4183.65,4134.201,11244272000.0
2022-08-23,sh000300,4161.082,4175.531,4187.388,4147.413,10315351200.0
2022-08-24,sh000300,4082.42,4168.576,4174.157,4079.093,11906967900.0
2022-08-25,sh000300,4116.24,4093.295,4119.62,4058.745,11132074500.0
2022-08-26,sh000300,4107.546,4127.814,4139.788,4102.682,9900049300.0
2022-08-29,sh000300,4089.521,4063.883,4092.947,4059.596,9435443200.0
2022-08-30,sh000300,4075.794,4088.526,4093.136,4048.524,9330166200.0
2022-08-31,sh000300,4078.84,4057.144,4112.849,4046.623,13244976500.0
2022-09-01,sh000300,4043.74,4066.187,4090.885,4041.128,9738707100.0
2022-09-02,sh000300,4023.613,4054.842,4056.181,4004.911,8678927800.0
2022-09-05,sh000300,4015.426,4010.405,4016.999,3982.74,9376710900.0
2022-09-06,sh000300,4052.28,4024.473,4054.004,4009.583,11350626500.0
2022-09-07,sh000300,4054.983,4032.723,4067.544,4028.374,10767805900.0
2022-09-08,sh000300,4037.684,4059.169,4067.758,4036.023,10088604900.0
2022-09-09,sh000300,4093.787,4050.585,4099.008,4042.25,11842711400.0
2022-09-13,sh000300,4111.115,4112.012,4128.111,4097.141,11178973700.0
2022-09-14,sh000300,4065.359,4058.044,4089.058,4047.919,9079368100.0
2022-09-15,sh000300,4027.119,4078.65,4088.808,3998.856,12395119600.0
2022-09-16,sh000300,3932.683,4013.583,4019.41,3932.683,13719365500.0
2022-09-19,sh000300,3928.0,3928.424,3953.649,3910.311,9771957500.0
2022-09-20,sh000300,3932.836,3945.647,3957.554,3921.688,8482413400.0
2022-09-21,sh000300,3903.735,3921.318,3924.391,3884.227,8645839100.0
2022-09-22,sh000300,3869.344,3875.177,3900.274,3860.231,8094691900.0
2022-09-23,sh000300,3856.021,3865.105,3888.396,3829.691,9434246200.0
2022-09-26,sh000300,3836.677,3829.596,3893.319,3827.95,10452603100.0
2022-09-27,sh000300,3892.295,3844.069,3893.028,3827.927,8886016000.0
2022-09-28,sh000300,3828.71,3879.44,3879.44,3828.055,8659221300.0
2022-09-29,sh000300,3827.143,3864.316,3873.182,3808.65,8565414200.0
2022-09-30,sh000300,3804.885,3833.35,3848.602,3801.28,7855996600.0
2022-10-10,sh000300,3720.937,3806.56,3807.457,3715.714,10264759500.0
2022-10-11,sh000300,3727.687,3732.019,3739.808,3706.063,8394462500.0
2022-10-12,sh000300,3784.306,3722.866,3784.306,3661.526,10808931900.0
2022-10-13,sh000300,3752.673,3756.418,3783.596,3749.639,9901891500.0
2022-10-14,sh000300,3842.47,3783.316,3863.227,3780.842,11624229300.0
2022-10-17,sh000300,3846.412,3822.243,3849.621,3809.12,10419201900.0
2022-10-18,sh000300,3838.267,3865.826,3870.216,3831.172,8834690700.0
2022-10-19,sh000300,3776.534,3827.466,3840.487,3776.534,8157484400.0
2022-10-20,sh000300,3754.927,3746.579,3804.247,3726.793,9029089500.0
2022-10-21,sh000300,3742.893,3753.89,3768.69,3724.69,9875003800.0
2022-10-24,sh000300,3633.373,3727.915,3762.158,3619.988,13005686400.0
2022-10-25,sh000300,3627.454,3621.936,3670.733,3594.701,11095388200.0
2022-10-26,sh000300,3656.903,3633.311,3700.88,3633.311,12130154800.0
2022-10-27,sh000300,3631.145,3667.665,3685.084,3631.064,11799867500.0
2022-10-28,sh000300,3541.33,3605.16,3618.864,3533.499,11877216200.0
2022-10-31,sh000300,3508.703,3504.507,3553.387,3495.951,13846565500.0
2022-11-01,sh000300,3634.173,3519.817,3634.173,3517.621,14928669800.0
2022-11-02,sh000300,3677.805,3620.369,3703.465,3610.803,14159291900.0
2022-11-03,sh000300,3647.897,3645.06,3670.157,3628.499,11056603500.0
2022-11-04,sh000300,3767.175,3646.771,3782.882,3646.771,14973494900.0
2022-11-07,sh000300,3775.297,3754.523,3792.794,3746.372,12982637100.0
2022-11-08,sh000300,3749.325,3773.661,3779.116,3723.342,9901645100.0
2022-11-09,sh000300,3714.27,3750.782,3760.407,3711.268,8943452500.0
2022-11-10,sh000300,3685.689,3685.827,3701.531,3665.059,10350930200.0
2022-11-11,sh000300,3788.439,3787.757,3828.9,3747.09,18968558600.0
2022-11-14,sh000300,3794.017,3818.145,3848.412,3781.778,16966504800.0
2022-11-15,sh000300,3865.973,3788.926,3871.642,3775.499,15151565000.0
2022-11-16,sh000300,3834.39,3860.811,3877.678,3829.313,12061096400.0
2022-11-17,sh000300,3818.664,3821.271,3821.742,3776.574,10594063200.0
2022-11-18,sh000300,3801.569,3823.821,3840.302,3801.569,11507877700.0
2022-11-21,sh000300,3769.127,3769.627,3769.873,3733.995,9586696600.0
2022-11-22,sh000300,3769.573,3766.082,3809.858,3751.045,14448633400.0
2022-11-23,sh000300,3773.529,3760.216,3791.178,3753.214,14452791100.0
2022-11-24,sh000300,3756.808,3791.54,3804.899,3751.382,10107344700.0
2022-11-25,sh000300,3775.776,3751.282,3790.566,3743.414,14292971100.0
2022-11-28,sh000300,3733.242,3701.902,3736.081,3672.131,12782574800.0
2022-11-29,sh000300,3848.422,3766.57,3854.774,3766.57,17870139200.0
2022-11-30,sh000300,3853.037,3836.56,3867.659,3833.827,15751140000.0
2022-12-01,sh000300,3894.769,3921.295,3944.565,3893.872,16996458500.0
2022-12-02,sh000300,3870.948,3886.403,3898.115,3865.884,11678635000.0
2022-12-05,sh000300,3946.876,3907.638,3947.476,3900.674,20174722100.0
2022-12-06,sh000300,3968.198,3929.006,3988.901,3922.997,15510832300.0
2022-12-07,sh000300,3958.441,3956.672,3999.586,3944.183,14300135600.0
2022-12-08,sh000300,3959.18,3953.199,3971.493,3941.297,11519998600.0
2022-12-09,sh000300,3998.244,3961.992,4003.318,3944.44,15377495400.0
2022-12-12,sh000300,3953.443,3976.172,3983.433,3950.32,12593536800.0
2022-12-13,sh000300,3945.681,3953.548,3964.396,3939.98,10099410000.0
2022-12-14,sh000300,3954.886,3952.789,3972.738,3935.767,9852800600.0
2022-12-15,sh000300,3951.989,3954.672,3963.5,3926.5,8886472500.0
2022-12-16,sh000300,3954.227,3931.232,3960.471,3929.487,9317856700.0
2022-12-19,sh000300,3893.221,3952.771,3966.568,3878.437,10691907500.0
2022-12-20,sh000300,3829.017,3881.226,3881.273,3811.476,8309682200.0
2022-12-21,sh000300,3830.538,3839.001,3853.727,3821.404,6483921500.0
2022-12-22,sh000300,3836.028,3859.204,3882.126,3821.342,8370517300.0
2022-12-23,sh000300,3828.219,3811.616,3848.344,3805.949,6527814800.0
2022-12-26,sh000300,3843.489,3830.568,3856.807,3827.519,7300571200.0
2022-12-27,sh000300,3887.854,3860.905,3891.85,3856.58,7751535000.0
2022-12-28,sh000300,3871.264,3874.913,3884.721,3854.941,8442465600.0
2022-12-29,sh000300,3856.701,3854.236,3868.293,3838.48,7939481500.0
2022-12-30,sh000300,3871.634,3873.936,3887.553,3868.757,7877327200.0
2023-01-03,sh000300,3887.899,3864.836,3893.99,3831.245,11505187500.0
2023-01-04,sh000300,3892.948,3886.25,3905.903,3873.655,11066074300.0
2023-01-05,sh000300,3968.578,3913.493,3974.875,3912.26,11650239500.0
2023-01-06,sh000300,3980.889,3969.549,4000.414,3966.47,11095303800.0
2023-01-09,sh000300,4013.12,3998.528,4023.09,3990.707,11705442500.0
2023-01-10,sh000300,4017.474,4014.713,4030.457,4002.23,10175114100.0
2023-01-11,sh000300,4010.031,4019.884,4043.399,4008.015,9999788900.0
2023-01-12,sh000300,4017.869,4021.755,4030.288,4003.508,9055262700.0
2023-01-13,sh000300,4074.377,4032.291,4074.377,4027.886,9587189600.0
2023-01-16,sh000300,4137.964,4077.879,4177.104,4076.639,15139545500.0
2023-01-17,sh000300,4137.242,4138.843,4148.584,4118.157,9547904000.0
2023-01-18,sh000300,4130.314,4140.102,4151.458,4125.769,8420064500.0
2023-01-19,sh000300,4156.008,4125.577,4156.008,4105.98,9460839800.0
2023-01-20,sh000300,4181.527,4166.844,4189.831,4161.67,12355380900.0
2023-01-30,sh000300,4201.345,4267.625,4268.152,4197.86,16460706400.0
2023-01-31,sh000300,4156.858,4200.581,4212.735,4153.048,12455083500.0
2023-02-01,sh000300,4195.933,4170.132,4195.933,4137.766,14100895400.0
2023-02-02,sh000300,4181.149,4207.412,4207.412,4170.557,13382373600.0
2023-02-03,sh000300,4141.632,4162.026,4162.026,4103.165,11704122100.0
2023-02-06,sh000300,4086.878,4103.831,4105.945,4065.222,11019271700.0
2023-02-07,sh000300,4094.234,4098.312,4107.344,4077.962,9136007200.0
2023-02-08,sh000300,4076.141,4099.857,4111.475,4072.647,8478609900.0
2023-02-09,sh000300,4130.857,4067.563,4130.857,4064.749,10228996100.0
2023-02-10,sh000300,4106.31,4124.099,4125.289,4092.347,9671673300.0
2023-02-13,sh000300,4143.574,4098.88,4146.45,4092.273,12889257700.0
2023-02-14,sh000300,4145.29,4151.247,4152.049,4125.258,10249989000.0
2023-02-15,sh000300,4123.689,4146.855,4153.716,4115.967,12166450800.0
2023-02-16,sh000300,4093.488,4125.409,4167.9,4068.859,15931058500.0
2023-02-17,sh000300,4034.507,4086.224,4104.64,4032.929,11614258900.0
2023-02-20,sh000300,4133.49,4039.962,4134.862,4035.476,16179448100.0
2023-02-21,sh000300,4144.354,4130.063,4151.799,4116.272,14577617300.0
2023-02-22,sh000300,4106.951,4118.967,4134.876,4101.86,10429029500.0
2023-02-23,sh000300,4103.646,4106.214,4132.39,4088.207,10356490600.0
2023-02-24,sh000300,4061.046,4100.99,4102.609,4048.237,10098942500.0
2023-02-27,sh000300,4043.844,4040.457,4067.03,4034.524,9378763000.0
2023-02-28,sh000300,4069.459,4058.13,4074.264,4026.448,11032359100.0
2023-03-01,sh000300,4126.942,4068.733,4135.481,4061.217,15601579400.0
2023-03-02,sh000300,4117.738,4119.992,4137.253,4113.826,14821763700.0
2023-03-03,sh000300,4130.551,4126.018,4135.212,4100.383,16033174100.0
2023-03-06,sh000300,4109.01,4131.153,4132.837,4088.448,16297180700.0
2023-03-07,sh000300,4048.852,4103.642,4124.961,4046.568,19591206800.0
2023-03-08,sh000300,4034.108,4030.739,4037.287,4011.523,11793649300.0
2023-03-09,sh000300,4019.851,4035.843,4043.849,4000.89,11653962900.0
2023-03-10,sh000300,3967.135,3991.796,4004.361,3966.428,12385540900.0
2023-03-13,sh000300,4008.686,3962.643,4008.686,3962.643,14356137000.0
2023-03-14,sh000300,3984.696,3999.88,4001.942,3946.941,15054417400.0
2023-03-15,sh000300,3986.902,4011.844,4018.75,3986.902,14202600700.0
2023-03-16,sh000300,3939.151,3958.196,3981.321,3936.476,15251564400.0
2023-03-17,sh000300,3958.819,3971.159,4004.215,3945.25,17743381800.0
2023-03-20,sh000300,3939.077,3962.663,3979.549,3935.016,20526497000.0
2023-03-21,sh000300,3982.378,3948.157,3982.705,3948.157,14509067900.0
2023-03-22,sh000300,3999.443,3993.785,4016.45,3986.709,14922897000.0
2023-03-23,sh000300,4039.09,3985.993,4039.09,3983.999,15888742100.0
2023-03-24,sh000300,4027.046,4035.156,4037.842,4017.003,15944233000.0
2023-03-27,sh000300,4012.477,4023.303,4023.303,3987.03,16848227900.0
2023-03-28,sh000300,3999.515,4015.697,4023.783,3994.6,13189511700.0
2023-03-29,sh000300,4006.144,4013.593,4017.757,3992.666,13374351000.0
2023-03-30,sh000300,4038.526,4009.557,4040.502,3983.896,14990103700.0
2023-03-31,sh000300,4050.926,4045.454,4063.568,4039.959,13884254600.0
2023-04-03,sh000300,4090.568,4059.623,4094.938,4059.061,18212431300.0
2023-04-04,sh000300,4103.105,4089.293,4103.158,4080.068,19714663100.0
2023-04-06,sh000300,4096.64,4084.132,4098.833,4078.405,15070337400.0
2023-04-07,sh000300,4123.28,4096.901,4131.313,4092.185,12867673800.0
2023-04-10,sh000300,4104.812,4132.01,4132.295,4099.052,15245300200.0
2023-04-11,sh000300,4100.148,4108.506,4116.125,4083.495,15390133300.0
2023-04-12,sh000300,4097.288,4102.397,4108.245,4090.278,16596527800.0
2023-04-13,sh000300,4068.979,4081.387,4088.881,4059.574,15644429500.0
2023-04-14,sh000300,4091.999,4078.97,4098.215,4075.205,15069568200.0
2023-04-17,sh000300,4149.384,4090.072,4149.384,4089.509,18877309500.0
2023-04-18,sh000300,4162.032,4139.309,4169.668,4138.462,17018413000.0
2023-04-19,sh000300,4124.559,4159.394,4159.394,4118.626,16255459200.0
2023-04-20,sh000300,4113.019,4122.946,4125.823,4094.002,16270667700.0
2023-04-21,sh000300,4032.567,4114.264,4114.264,4031.912,18080243500.0
2023-04-24,sh000300,3982.643,4031.303,4033.637,3967.907,17009921700.0
2023-04-25,sh000300,3962.666,3985.106,3991.687,3925.436,17255540900.0
2023-04-26,sh000300,3959.232,3950.255,3975.656,3934.663,16270200600.0
2023-04-27,sh000300,3988.419,3948.031,3999.13,3942.815,15382819500.0
2023-04-28,sh000300,4029.086,3993.256,4030.447,3993.256,17950848800.0
2023-05-04,sh000300,4030.247,4013.471,4035.783,4001.126,22758284600.0
2023-05-05,sh000300,4016.877,4031.095,4047.602,3998.392,20662692400.0
2023-05-08,sh000300,4062.662,4028.106,4070.772,4018.961,25558308500.0
2023-05-09,sh000300,4027.875,4065.439,4092.85,4026.389,27930604800.0
2023-05-10,sh000300,3996.87,4017.936,4019.059,3984.629,20755270900.0
2023-05-11,sh000300,3990.664,4005.782,4018.058,3988.482,14480461900.0
2023-05-12,sh000300,3937.762,3987.769,3999.383,3937.527,14442172800.0
2023-05-15,sh000300,3998.887,3938.83,3998.887,3923.032,17625736200.0
2023-05-16,sh000300,3978.205,4002.524,4005.015,3966.992,13683327100.0
2023-05-17,sh000300,3960.165,3971.702,3982.604,3945.714,11844818500.0
2023-05-18,sh000300,3956.07,3965.516,3982.718,3939.553,13653394700.0
2023-05-19,sh000300,3944.54,3946.222,3967.282,3928.316,12021247900.0
2023-05-22,sh000300,3969.328,3941.002,3985.403,3935.802,10911660500.0
2023-05-23,sh000300,3913.188,3968.235,3971.939,3913.188,11868507700.0
2023-05-24,sh000300,3859.094,3903.782,3903.782,3859.094,13725826500.0
2023-05-25,sh000300,3850.5,3851.405,3861.382,3817.837,12415077000.0
2023-05-26,sh000300,3850.951,3848.417,3859.629,3815.57,10032643900.0
2023-05-29,sh000300,3833.942,3862.084,3866.724,3819.182,13185996700.0
2023-05-30,sh000300,3837.753,3827.792,3844.005,3789.274,13761962900.0
2023-05-31,sh000300,3798.543,3827.163,3827.163,3781.403,12638736800.0
2023-06-01,sh000300,3806.868,3788.59,3832.205,3786.734,13456188100.0
2023-06-02,sh000300,3861.834,3821.62,3865.284,3821.62,12501511000.0
2023-06-05,sh000300,3844.249,3860.556,3860.556,3832.458,11616398900.0
2023-06-06,sh000300,3808.163,3840.459,3867.845,3802.845,12578125800.0
2023-06-07,sh000300,3789.342,3815.482,3823.112,3780.102,9886243200.0
2023-06-08,sh000300,3820.187,3791.083,3834.389,3777.775,11870093400.0
2023-06-09,sh000300,3836.703,3822.409,3836.703,3811.219,13431986300.0
2023-06-12,sh000300,3844.432,3827.325,3859.716,3813.858,12675854300.0
2023-06-13,sh000300,3864.907,3838.129,3867.303,3833.46,11092494600.0
2023-06-14,sh000300,3864.025,3872.716,3891.666,3862.061,12495575900.0
2023-06-15,sh000300,3925.499,3871.775,3925.499,3871.775,12836993800.0
2023-06-16,sh000300,3963.351,3932.211,3968.013,3928.542,13976007600.0
2023-06-19,sh000300,3930.908,3957.033,3957.033,3922.474,13490584800.0
2023-06-20,sh000300,3924.238,3926.094,3937.495,3918.473,12252031800.0
2023-06-21,sh000300,3864.032,3909.104,3920.128,3864.032,11834657500.0
2023-06-26,sh000300,3809.696,3833.444,3841.286,3801.054,13399041900.0
2023-06-27,sh000300,3845.433,3811.687,3851.896,3806.324,11699268100.0
2023-06-28,sh000300,3840.799,3836.609,3846.852,3808.161,10702154100.0
2023-06-29,sh000300,3821.844,3836.731,3840.713,3817.376,9828927400.0
2023-06-30,sh000300,3842.452,3816.335,3860.031,3813.552,10126842900.0
2023-07-03,sh000300,3892.882,3853.292,3897.327,3853.292,13315805100.0
2023-07-04,sh000300,3899.013,3888.033,3899.976,3878.398,10949452700.0
2023-07-05,sh000300,3868.805,3895.195,3899.519,3864.13,9763638400.0
2023-07-06,sh000300,3842.755,3857.03,3876.89,3836.457,10012184200.0
2023-07-07,sh000300,3825.699,3831.596,3844.844,3819.077,10090692000.0
2023-07-10,sh000300,3844.327,3841.559,3865.457,3831.92,9203344100.0
2023-07-11,sh000300,3869.486,3853.796,3870.655,3844.524,8651071600.0
2023-07-12,sh000300,3843.437,3864.601,3874.04,3838.563,11152202400.0
2023-07-13,sh000300,3898.423,3855.662,3901.102,3855.662,12030023200.0
2023-07-14,sh000300,3899.103,3904.603,3908.487,3893.786,12236484600.0
2023-07-17,sh000300,3867.175,3881.623,3881.623,3852.263,9834014400.0
2023-07-18,sh000300,3854.939,3871.044,3871.044,3844.513,9143861500.0
2023-07-19,sh000300,3850.866,3848.483,3860.009,3830.407,7958570000.0
2023-07-20,sh000300,3823.695,3857.773,3875.624,3818.713,9204207600.0
2023-07-21,sh000300,3821.91,3816.984,3849.511,3808.803,7950756300.0
2023-07-24,sh000300,3805.221,3803.349,3828.785,3798.805,7548354500.0
2023-07-25,sh000300,3915.115,3866.645,3915.815,3866.645,16306632000.0
2023-07-26,sh000300,3907.013,3908.174,3912.983,3893.399,10788171700.0
2023-07-27,sh000300,3902.346,3914.23,3935.358,3894.692,11066710900.0
2023-07-28,sh000300,3992.738,3889.793,4000.919,3886.554,17973548100.0
2023-07-31,sh000300,4014.63,4018.89,4064.362,4002.078,19960683000.0
2023-08-01,sh000300,3998.001,4009.183,4031.701,3983.027,14228685900.0
2023-08-02,sh000300,3969.895,3985.695,4008.334,3958.513,12585569000.0
2023-08-03,sh000300,4004.984,3962.13,4005.0,3962.13,12900664000.0
2023-08-04,sh000300,4020.579,4033.724,4058.243,4011.62,17826718900.0
2023-08-07,sh000300,3990.153,4002.968,4002.968,3977.017,12131066200.0
2023-08-08,sh000300,3979.732,3980.042,4002.29,3963.463,10987169900.0
2023-08-09,sh000300,3967.565,3967.357,3982.109,3961.843,9464026900.0
2023-08-10,sh000300,3975.717,3962.857,3976.464,3945.387,9717684900.0
2023-08-11,sh000300,3884.254,3977.983,3977.983,3884.254,12608293100.0
2023-08-14,sh000300,3855.906,3840.887,3859.472,3814.071,11596633600.0
2023-08-15,sh000300,3846.536,3858.366,3865.284,3811.684,10309711100.0
2023-08-16,sh000300,3818.334,3830.827,3852.42,3817.632,9461694600.0
2023-08-17,sh000300,3831.101,3801.197,3836.151,3782.497,9841549300.0
2023-08-18,sh000300,3784.004,3832.455,3844.195,3784.004,9554963800.0
2023-08-21,sh000300,3729.555,3773.225,3782.111,3729.555,9870836900.0
2023-08-22,sh000300,3758.227,3748.068,3770.056,3704.679,12031832700.0
2023-08-23,sh000300,3696.634,3751.774,3756.166,3695.031,9708163800.0
2023-08-24,sh000300,3723.429,3711.54,3748.857,3701.572,11961452100.0
2023-08-25,sh000300,3709.152,3703.514,3734.219,3695.844,10518261000.0
2023-08-28,sh000300,3752.619,3911.549,3911.549,3740.528,19799037900.0
2023-08-29,sh000300,3790.107,3743.053,3810.377,3742.076,15248614600.0
2023-08-30,sh000300,3788.51,3803.119,3813.703,3780.241,12967166100.0
2023-08-31,sh000300,3765.268,3786.926,3793.997,3762.005,11896164600.0
2023-09-01,sh000300,3791.491,3778.913,3808.531,3778.913,10531904500.0
2023-09-04,sh000300,3848.952,3812.987,3854.261,3804.589,14238520100.0
2023-09-05,sh000300,3820.317,3839.578,3839.578,3814.334,10405233300.0
2023-09-06,sh000300,3812.028,3808.1,3817.524,3790.895,9344239300.0
2023-09-07,sh000300,3758.475,3802.227,3802.227,3756.853,9510390300.0
2023-09-08,sh000300,3739.993,3747.651,3753.263,3724.987,7163816600.0
2023-09-11,sh000300,3767.537,3740.585,3788.322,3734.723,10535801600.0
2023-09-12,sh000300,3760.605,3764.333,3775.093,3755.416,7938537800.0
2023-09-13,sh000300,3736.651,3759.609,3768.816,3719.111,8157690100.0
2023-09-14,sh000300,3733.508,3736.936,3748.818,3717.311,10038607500.0
2023-09-15,sh000300,3708.777,3740.785,3749.025,3699.381,10939568900.0
2023-09-18,sh000300,3727.711,3698.934,3737.531,3691.111,8672774100.0
2023-09-19,sh000300,3720.502,3723.424,3724.072,3702.693,8319903800.0
2023-09-20,sh000300,3705.69,3715.958,3718.521,3705.127,7544820900.0
2023-09-21,sh000300,3672.445,3698.313,3708.456,3672.445,8303100500.0
2023-09-22,sh000300,3738.933,3672.64,3740.418,3664.766,11023116600.0
2023-09-25,sh000300,3714.604,3738.062,3738.062,3711.205,9259647900.0
2023-09-26,sh000300,3692.893,3711.711,3723.848,3692.617,7804452500.0
2023-09-27,sh000300,3700.495,3694.961,3731.141,3694.394,9162921000.0
2023-09-28,sh000300,3689.517,3711.212,3716.057,3685.3,8522171900.0
2023-10-09,sh000300,3684.727,3678.929,3694.171,3641.997,10214805800.0
2023-10-10,sh000300,3657.126,3696.254,3701.256,3655.589,9916373000.0
2023-10-11,sh000300,3667.548,3674.751,3689.535,3658.355,10209158700.0
2023-10-12,sh000300,3702.382,3697.934,3711.499,3682.842,11436322500.0
2023-10-13,sh000300,3663.41,3677.959,3678.191,3652.309,9828798700.0
2023-10-16,sh000300,3626.597,3664.039,3664.039,3615.769,9185311800.0
2023-10-17,sh000300,3639.402,3635.299,3645.565,3619.128,9074518800.0
2023-10-18,sh000300,3610.577,3631.067,3632.058,3608.977,9454587900.0
2023-10-19,sh000300,3533.545,3588.515,3588.515,3532.306,11173752000.0
2023-10-20,sh000300,3510.589,3518.346,3535.662,3501.725,9851860500.0
2023-10-23,sh000300,3474.244,3500.199,3505.347,3450.646,9656165200.0
2023-10-24,sh000300,3487.13,3481.764,3495.004,3453.102,11554728900.0
2023-10-25,sh000300,3504.458,3524.297,3531.831,3500.915,12800961700.0
2023-10-26,sh000300,3514.145,3484.781,3515.572,3478.05,10514356600.0
2023-10-27,sh000300,3562.385,3501.171,3576.586,3494.549,12022510800.0
2023-10-30,sh000300,3583.772,3554.106,3592.719,3554.024,14401042600.0
2023-10-31,sh000300,3572.506,3581.676,3581.676,3554.582,11258726700.0
2023-11-01,sh000300,3571.027,3605.758,3606.413,3564.642,9764553800.0
2023-11-02,sh000300,3554.189,3580.067,3597.17,3553.741,9035964300.0
2023-11-03,sh000300,3584.136,3558.53,3596.101,3558.53,9754210100.0
2023-11-06,sh000300,3632.608,3608.319,3635.79,3600.63,15298246300.0
2023-11-07,sh000300,3619.759,3623.785,3628.462,3606.298,11028859100.0
2023-11-08,sh000300,3611.072,3610.643,3627.048,3591.825,11059423000.0
2023-11-09,sh000300,3612.826,3603.108,3624.414,3601.374,11187205700.0
2023-11-10,sh000300,3586.489,3596.069,3599.452,3576.101,10210703400.0
2023-11-13,sh000300,3579.414,3593.911,3599.39,3562.768,9670764900.0
2023-11-14,sh000300,3582.058,3581.103,3600.148,3568.882,10088415800.0
2023-11-15,sh000300,3607.245,3616.877,3620.601,3596.916,10492921800.0
2023-11-16,sh000300,3572.364,3600.981,3605.29,3572.364,8746478000.0
2023-11-17,sh000300,3568.069,3561.311,3573.682,3547.029,8731920700.0
2023-11-20,sh000300,3576.323,3569.731,3586.973,3545.104,9108044500.0
2023-11-21,sh000300,3581.067,3587.878,3615.057,3575.682,10859431400.0
2023-11-22,sh000300,3544.416,3569.439,3574.378,3544.416,8478438100.0
2023-11-23,sh000300,3561.52,3541.442,3562.068,3529.939,8480016700.0
2023-11-24,sh000300,3538.009,3560.646,3560.646,3533.996,8501840300.0
2023-11-27,sh000300,3511.942,3534.445,3534.445,3492.862,9910231400.0
2023-11-28,sh000300,3518.523,3510.655,3521.046,3501.109,8933578900.0
2023-11-29,sh000300,3488.307,3518.884,3519.198,3482.244,9884141200.0
2023-11-30,sh000300,3496.203,3485.517,3505.127,3481.452,10135082000.0
2023-12-01,sh000300,3482.881,3494.223,3494.223,3452.173,10853094100.0
2023-12-04,sh000300,3460.138,3481.045,3488.133,3459.611,9715682600.0
2023-12-05,sh000300,3394.257,3450.09,3450.09,3393.814,10047200700.0
2023-12-06,sh000300,3399.598,3387.88,3420.277,3382.946,10580551900.0
2023-12-07,sh000300,3391.282,3394.306,3404.407,3369.768,9771324800.0
2023-12-08,sh000300,3399.462,3391.859,3409.385,3383.448,12952205400.0
2023-12-11,sh000300,3419.455,3378.052,3426.611,3346.89,13962624900.0
2023-12-12,sh000300,3426.803,3409.998,3427.546,3406.101,10559001300.0
2023-12-13,sh000300,3369.605,3418.641,3418.641,3369.605,9528536700.0
2023-12-14,sh000300,3351.964,3387.385,3399.139,3350.765,8365513500.0
2023-12-15,sh000300,3341.552,3365.939,3388.505,3339.519,9778778300.0
2023-12-18,sh000300,3329.366,3329.191,3352.346,3314.91,9052682600.0
2023-12-19,sh000300,3334.041,3325.66,3345.78,3313.187,8380811800.0
2023-12-20,sh000300,3297.502,3334.332,3338.543,3297.365,9241286800.0
2023-12-21,sh000300,3330.87,3285.605,3339.355,3283.988,10254619800.0
2023-12-22,sh000300,3337.228,3329.467,3359.06,3315.898,10522013300.0
2023-12-25,sh000300,3347.451,3330.333,3348.882,3330.333,7454269300.0
2023-12-26,sh000300,3324.79,3345.395,3345.417,3315.937,7473293500.0
2023-12-27,sh000300,3336.357,3326.927,3341.266,3309.673,9440392800.0
2023-12-28,sh000300,3414.54,3335.557,3423.402,3331.208,14806485100.0
2023-12-29,sh000300,3431.11,3411.109,3432.541,3409.58,11492893200.0
2024-01-02,sh000300,3386.352,3426.268,3426.268,3386.352,11618072600.0
2024-01-03,sh000300,3378.297,3379.75,3392.85,3362.662,10561385100.0
2024-01-04,sh000300,3347.052,3375.021,3375.021,3323.865,10672101300.0
2024-01-05,sh000300,3329.111,3341.306,3372.544,3313.554,12640057400.0
2024-01-08,sh000300,3286.056,3322.605,3333.516,3283.342,11742948500.0
2024-01-09,sh000300,3292.499,3286.708,3304.601,3273.843,10933046500.0
2024-01-10,sh000300,3277.129,3281.669,3312.916,3268.247,9419936600.0
2024-01-11,sh000300,3295.672,3275.309,3311.114,3266.791,10878973500.0
2024-01-12,sh000300,3284.167,3284.358,3310.47,3279.699,9685355500.0
2024-01-15,sh000300,3280.92,3270.103,3306.922,3261.269,8885153000.0
2024-01-16,sh000300,3300.876,3272.571,3300.876,3260.436,11327666500.0
2024-01-17,sh000300,3229.082,3291.139,3291.139,3229.082,10876972800.0
2024-01-18,sh000300,3274.729,3214.284,3279.254,3171.633,17490916800.0
2024-01-19,sh000300,3269.776,3261.239,3286.942,3251.814,11850140800.0
2024-01-22,sh000300,3218.902,3262.469,3281.421,3193.178,14870562800.0
2024-01-23,sh000300,3231.933,3208.432,3249.531,3188.126,12201200000.0
2024-01-24,sh000300,3277.109,3245.959,3281.489,3190.467,15437195400.0
2024-01-25,sh000300,3342.919,3274.339,3344.243,3269.794,19683361400.0
2024-01-26,sh000300,3333.821,3326.647,3351.969,3315.127,18066400500.0
2024-01-29,sh000300,3303.96,3335.394,3351.372,3303.96,18416479500.0
2024-01-30,sh000300,3245.039,3283.898,3300.204,3244.972,14364935000.0
2024-01-31,sh000300,3215.352,3231.543,3252.148,3201.926,15314346900.0
2024-02-01,sh000300,3217.711,3202.256,3251.758,3191.897,14551679200.0
2024-02-02,sh000300,3179.628,3219.873,3235.408,3108.352,17375808900.0
2024-02-05,sh000300,3200.422,3164.25,3233.849,3111.518,20304297000.0
2024-02-06,sh000300,3311.692,3185.25,3314.512,3182.822,20271309900.0
2024-02-07,sh000300,3343.63,3314.031,3343.63,3289.67,21664793300.0
2024-02-08,sh000300,3364.93,3351.405,3367.21,3336.978,18997757800.0
2024-02-19,sh000300,3403.808,3393.192,3403.808,3364.142,18331980000.0
2024-02-20,sh000300,3410.854,3395.192,3415.894,3380.103,14073458100.0
2024-02-21,sh000300,3456.871,3390.362,3500.134,3383.691,18887936200.0
2024-02-22,sh000300,3486.675,3450.352,3486.683,3448.414,14102078400.0
2024-02-23,sh000300,3489.742,3491.337,3507.559,3472.968,14482127300.0
2024-02-26,sh000300,3453.359,3485.543,3492.606,3445.389,15124833100.0
2024-02-27,sh000300,3494.787,3440.052,3494.787,3437.442,13952824600.0
2024-02-28,sh000300,3450.26,3499.826,3521.657,3450.26,18983754800.0
2024-02-29,sh000300,3516.083,3437.898,3516.083,3437.898,15594453200.0
2024-03-01,sh000300,3537.804,3515.059,3544.36,3503.459,16270957000.0
2024-03-04,sh000300,3540.869,3538.366,3548.69,3519.76,16324461300.0
2024-03-05,sh000300,3565.514,3524.964,3570.694,3519.082,16642238900.0
2024-03-06,sh000300,3551.048,3556.532,3577.388,3545.101,14307661300.0
2024-03-07,sh000300,3529.72,3548.101,3569.919,3522.896,14811051000.0
2024-03-08,sh000300,3544.91,3529.551,3548.506,3511.577,12579266400.0
2024-03-11,sh000300,3589.264,3545.943,3589.264,3542.279,14820282500.0
2024-03-12,sh000300,3597.494,3592.583,3605.698,3574.212,18068556000.0
2024-03-13,sh000300,3572.361,3594.421,3594.421,3563.369,14459059000.0
2024-03-14,sh000300,3562.223,3571.789,3597.46,3545.612,14096272200.0
2024-03-15,sh000300,3569.993,3554.907,3572.809,3533.68,13831604400.0
2024-03-18,sh000300,3603.528,3577.056,3604.052,3573.404,16037943800.0
2024-03-19,sh000300,3577.63,3593.34,3610.739,3577.188,14557178600.0
2024-03-20,sh000300,3585.384,3568.716,3589.546,3568.434,12952896600.0
2024-03-21,sh000300,3581.09,3593.07,3601.115,3575.033,13074337700.0
2024-03-22,sh000300,3545.002,3571.274,3575.717,3522.84,13922735800.0
2024-03-25,sh000300,3525.763,3536.714,3564.96,3525.763,13701572400.0
2024-03-26,sh000300,3543.747,3526.682,3547.646,3518.602,12620953500.0
2024-03-27,sh000300,3502.787,3538.724,3542.962,3502.787,12862676300.0
2024-03-28,sh000300,3520.965,3498.482,3551.214,3489.386,14333471700.0
2024-03-29,sh000300,3537.484,3516.883,3538.238,3516.883,12864329000.0
2024-04-01,sh000300,3595.647,3551.582,3600.919,3551.582,16277656100.0
2024-04-02,sh000300,3580.676,3593.221,3596.19,3568.754,14127297200.0
2024-04-03,sh000300,3567.803,3578.684,3582.432,3558.874,13559233100.0
2024-04-08,sh000300,3536.408,3553.555,3567.82,3535.769,15530428300.0
2024-04-09,sh000300,3533.487,3533.385,3543.714,3518.86,12967094200.0
2024-04-10,sh000300,3504.709,3528.968,3531.23,3490.053,12879027400.0
2024-04-11,sh000300,3504.245,3485.029,3520.589,3484.925,12653439500.0
2024-04-12,sh000300,3475.839,3505.75,3516.699,3470.061,12892111600.0
2024-04-15,sh000300,3549.076,3473.505,3552.413,3473.505,18394125000.0
2024-04-16,sh000300,3511.115,3533.364,3545.503,3503.616,17615306500.0
2024-04-17,sh000300,3565.403,3509.132,3565.939,3498.032,16846639800.0
2024-04-18,sh000300,3569.802,3550.556,3602.79,3547.6,17857410500.0
2024-04-19,sh000300,3541.662,3550.609,3560.949,3529.324,14728150500.0
2024-04-22,sh000300,3530.905,3536.184,3558.164,3528.019,15057904200.0
2024-04-23,sh000300,3506.225,3525.668,3533.758,3499.984,14311350400.0
2024-04-24,sh000300,3521.622,3514.011,3524.537,3495.649,12173985100.0
2024-04-25,sh000300,3530.281,3510.64,3543.97,3505.2,11518772200.0
2024-04-26,sh000300,3584.269,3531.965,3588.4,3531.965,19721613300.0
2024-04-29,sh000300,3623.912,3584.543,3645.823,3578.76,22272138100.0
2024-04-30,sh000300,3604.394,3619.259,3630.709,3604.394,19129689900.0
2024-05-06,sh000300,3657.877,3654.049,3668.257,3645.738,20801800700.0
2024-05-07,sh000300,3659.008,3657.001,3665.684,3648.376,16483428600.0
2024-05-08,sh000300,3630.223,3650.748,3650.936,3628.698,13003533600.0
2024-05-09,sh000300,3664.561,3630.414,3669.759,3630.414,14655901700.0
2024-05-10,sh000300,3666.277,3669.087,3674.609,3641.764,15072053600.0
2024-05-13,sh000300,3664.691,3646.349,3673.621,3634.605,15726745500.0
2024-05-14,sh000300,3657.045,3668.225,3675.776,3646.709,13340649000.0
2024-05-15,sh000300,3626.056,3651.054,3656.528,3624.002,12352276400.0
2024-05-16,sh000300,3640.359,3636.601,3657.483,3626.334,15463050300.0
2024-05-17,sh000300,3677.97,3638.561,3677.97,3627.447,16457041700.0
2024-05-20,sh000300,3690.962,3682.062,3703.029,3677.443,18460942300.0
2024-05-21,sh000300,3676.161,3682.287,3684.611,3665.152,13067828300.0
2024-05-22,sh000300,3684.451,3675.647,3691.88,3667.089,15191460500.0
2024-05-23,sh000300,3641.792,3672.84,3674.365,3633.505,14257299000.0
2024-05-24,sh000300,3601.475,3630.827,3650.873,3599.668,12479117700.0
2024-05-27,sh000300,3635.708,3606.645,3638.151,3603.713,13127264400.0
2024-05-28,sh000300,3609.172,3633.254,3638.97,3605.921,12353223800.0
2024-05-29,sh000300,3613.522,3609.071,3633.197,3602.82,11590632100.0
2024-05-30,sh000300,3594.312,3607.052,3624.035,3586.754,12260299500.0
2024-05-31,sh000300,3579.925,3599.82,3614.644,3579.925,11246201900.0
2024-06-03,sh000300,3588.748,3577.38,3600.604,3567.871,14105459100.0
2024-06-04,sh000300,3615.671,3583.81,3622.501,3580.277,12454509600.0
2024-06-05,sh000300,3594.794,3610.36,3623.323,3594.106,11090676600.0
2024-06-06,sh000300,3592.245,3602.155,3625.011,3584.171,13789351700.0
2024-06-07,sh000300,3574.114,3594.634,3603.07,3552.085,13110302600.0
2024-06-11,sh000300,3542.877,3555.819,3565.311,3525.895,13452230600.0
2024-06-12,sh000300,3544.123,3539.095,3551.171,3531.566,12281372900.0
2024-06-13,sh000300,3526.131,3548.216,3551.077,3520.18,12324546200.0
2024-06-14,sh000300,3541.533,3514.8,3547.147,3503.523,17151694200.0
2024-06-17,sh000300,3536.199,3521.437,3540.793,3520.738,13743343800.0
2024-06-18,sh000300,3545.59,3533.488,3551.709,3532.785,12367183800.0
2024-06-19,sh000300,3528.749,3543.36,3543.36,3524.845,10664279700.0
2024-06-20,sh000300,3503.282,3525.169,3533.987,3500.131,11161739600.0
2024-06-21,sh000300,3495.62,3496.343,3505.512,3473.828,10918661500.0
2024-06-24,sh000300,3476.81,3473.639,3505.775,3471.216,11799018400.0
2024-06-25,sh000300,3457.902,3475.165,3483.219,3440.646,11844811800.0
2024-06-26,sh000300,3480.265,3451.539,3487.396,3442.298,10589886100.0
2024-06-27,sh000300,3454.118,3467.289,3471.142,3452.578,11491810100.0
2024-06-28,sh000300,3461.657,3443.674,3484.678,3443.674,13540915300.0
2024-07-01,sh000300,3478.183,3458.264,3479.955,3443.809,12182977000.0
2024-07-02,sh000300,3471.786,3472.453,3488.319,3464.524,12165012100.0
2024-07-03,sh000300,3463.414,3471.556,3478.705,3454.994,10385710800.0
2024-07-04,sh000300,3445.813,3468.296,3483.31,3444.928,10442990900.0
2024-07-05,sh000300,3431.061,3443.359,3451.039,3399.669,11660965900.0
2024-07-08,sh000300,3401.76,3420.803,3428.042,3395.912,11552821800.0
2024-07-09,sh000300,3439.811,3396.804,3448.928,3384.809,13162944300.0
2024-07-10,sh000300,3428.966,3425.882,3447.505,3423.648,12720345600.0
2024-07-11,sh000300,3468.169,3451.044,3473.984,3438.118,14589246600.0
2024-07-12,sh000300,3472.401,3459.956,3479.096,3457.363,13087458900.0
2024-07-15,sh000300,3476.247,3462.611,3481.461,3460.792,11851708300.0
2024-07-16,sh000300,3498.283,3466.852,3500.294,3464.366,12065901700.0
2024-07-17,sh000300,3501.584,3494.209,3514.475,3486.223,13180206200.0
2024-07-18,sh000300,3520.931,3483.298,3522.8,3475.724,12376819900.0
2024-07-19,sh000300,3539.016,3500.805,3545.338,3493.073,13244797500.0
2024-07-22,sh000300,3514.925,3538.401,3540.187,3494.014,13212633700.0
2024-07-23,sh000300,3439.878,3509.789,3509.789,3439.878,12889766000.0
2024-07-24,sh000300,3418.166,3432.346,3451.42,3408.413,12703626300.0
2024-07-25,sh000300,3399.272,3404.611,3415.856,3383.799,13102224200.0
2024-07-26,sh000300,3409.293,3403.708,3420.82,3388.66,12419555800.0
2024-07-29,sh000300,3390.742,3404.366,3408.502,3388.844,10978778600.0
2024-07-30,sh000300,3369.382,3380.689,3380.689,3352.804,10495216400.0
2024-07-31,sh000300,3442.084,3364.027,3445.004,3364.027,17195917700.0
2024-08-01,sh000300,3419.267,3443.14,3448.336,3419.187,13632346400.0
2024-08-02,sh000300,3384.392,3393.917,3419.102,3380.965,11661525500.0
2024-08-05,sh000300,3343.321,3362.112,3409.031,3343.321,14281251600.0
2024-08-06,sh000300,3342.979,3367.352,3376.796,3318.625,11934027900.0
2024-08-07,sh000300,3341.489,3338.591,3362.384,3329.966,9508437700.0
2024-08-08,sh000300,3342.937,3332.428,3364.786,3320.843,9249569500.0
2024-08-09,sh000300,3331.627,3358.128,3366.669,3331.627,9151162600.0
2024-08-12,sh000300,3325.865,3327.556,3338.077,3319.891,7993875400.0
2024-08-13,sh000300,3334.39,3328.014,3335.014,3310.191,8448967900.0
2024-08-14,sh000300,3309.239,3332.787,3332.787,3309.1,7874240700.0
2024-08-15,sh000300,3341.953,3301.446,3356.764,3297.971,10476639900.0
2024-08-16,sh000300,3345.634,3342.035,3356.907,3335.624,9651908300.0
2024-08-19,sh000300,3356.968,3344.261,3375.962,3343.712,10557111000.0
2024-08-20,sh000300,3332.703,3361.639,3362.334,3321.64,10166833100.0
2024-08-21,sh000300,3321.635,3322.913,3339.443,3307.992,8995475100.0
2024-08-22,sh000300,3313.136,3322.872,3327.696,3305.245,10036650400.0
2024-08-23,sh000300,3327.191,3305.931,3336.241,3305.64,8952577400.0
2024-08-26,sh000300,3324.223,3330.718,3336.527,3311.57,9399077200.0
2024-08-27,sh000300,3305.334,3315.686,3320.567,3299.564,9580815700.0
2024-08-28,sh000300,3286.496,3298.909,3305.35,3274.588,9269665000.0
2024-08-29,sh000300,3277.681,3273.541,3290.786,3269.529,13070233300.0
2024-08-30,sh000300,3321.432,3273.753,3351.625,3273.65,18869544300.0
2024-09-02,sh000300,3265.011,3307.543,3307.763,3264.757,14761235300.0
2024-09-03,sh000300,3273.428,3261.741,3281.594,3261.188,12289730600.0
2024-09-04,sh000300,3252.165,3253.898,3272.986,3249.981,10483248200.0
2024-09-05,sh000300,3257.758,3252.96,3266.882,3247.173,9710945000.0
2024-09-06,sh000300,3231.346,3261.154,3274.814,3231.069,8840041700.0
2024-09-09,sh000300,3192.952,3214.8,3222.928,3180.928,10867306900.0
2024-09-10,sh000300,3195.755,3193.456,3205.097,3171.793,9729007800.0
2024-09-11,sh000300,3186.13,3187.051,3197.336,3174.034,10248211000.0
2024-09-12,sh000300,3172.475,3189.427,3201.554,3171.878,9286865700.0
2024-09-13,sh000300,3159.247,3174.034,3188.915,3159.247,8833667700.0
2024-09-18,sh000300,3171.01,3158.818,3179.901,3145.791,8472281400.0
2024-09-19,sh000300,3196.036,3178.396,3213.838,3149.793,12543927200.0
2024-09-20,sh000300,3201.05,3192.432,3207.988,3173.224,11806409800.0
2024-09-23,sh000300,3212.764,3200.868,3230.161,3198.025,9534485500.0
2024-09-24,sh000300,3351.909,3244.647,3351.968,3222.489,20407221700.0
2024-09-25,sh000300,3401.533,3403.702,3465.488,3393.438,24156425500.0
2024-09-26,sh000300,3545.32,3399.319,3545.325,3391.677,24313401000.0
2024-09-27,sh000300,3703.685,3617.92,3708.495,3596.583,26548777400.0
2024-09-30,sh000300,4017.855,3846.652,4038.697,3796.505,51021770700.0
2024-10-08,sh000300,4256.096,4450.368,4450.368,4094.352,58986789400.0
2024-10-09,sh000300,3955.984,4168.844,4197.6,3942.512,48226929500.0
2024-10-10,sh000300,3997.788,3979.612,4098.497,3912.771,39505309900.0
2024-10-11,sh000300,3887.167,3969.758,3978.239,3847.123,27409650500.0
2024-10-14,sh000300,3961.342,3915.219,3979.543,3868.779,30757899300.0
2024-10-15,sh000300,3855.995,3942.534,3967.871,3855.995,24248644800.0
2024-10-16,sh000300,3831.589,3806.137,3877.748,3805.087,21886640700.0
2024-10-17,sh000300,3788.222,3853.841,3882.073,3787.75,21231382000.0
2024-10-18,sh000300,3925.234,3780.314,3998.214,3765.162,31295883400.0
2024-10-21,sh000300,3935.197,3946.902,3979.264,3896.165,29118563400.0
2024-10-22,sh000300,3957.776,3923.744,3965.908,3917.522,22343339600.0
2024-10-23,sh000300,3973.209,3955.319,4012.18,3939.099,24587394900.0
2024-10-24,sh000300,3928.833,3950.899,3957.983,3914.089,17472406200.0
2024-10-25,sh000300,3956.421,3931.321,3992.892,3921.94,21069488500.0
2024-10-28,sh000300,3964.157,3953.106,3964.157,3917.204,21616041500.0
2024-10-29,sh000300,3924.649,3970.008,3991.309,3921.58,21729398400.0
2024-10-30,sh000300,3889.449,3904.16,3926.058,3864.305,21943662600.0
2024-10-31,sh000300,3891.04,3888.423,3923.9,3859.108,30063671800.0
2024-11-01,sh000300,3890.02,3882.458,3933.22,3879.959,30798648100.0
2024-11-04,sh000300,3944.762,3897.714,3944.762,3891.211,22923906000.0
2024-11-05,sh000300,4044.573,3937.623,4046.698,3925.414,31686279400.0
2024-11-06,sh000300,4024.283,4051.289,4091.703,4002.503,33580793800.0
2024-11-07,sh000300,4145.695,3987.267,4146.151,3984.665,34143641400.0
2024-11-08,sh000300,4104.047,4192.079,4200.908,4094.163,33235038500.0
2024-11-11,sh000300,4131.131,4066.934,4132.511,4048.039,28959422700.0
2024-11-12,sh000300,4085.743,4133.353,4181.71,4060.794,29777808600.0
2024-11-13,sh000300,4110.89,4059.59,4121.074,4059.59,24048409900.0
2024-11-14,sh000300,4039.619,4101.223,4118.169,4034.944,23015278400.0
2024-11-15,sh000300,3968.831,4025.648,4049.071,3968.831,24739946300.0
2024-11-18,sh000300,3950.381,3982.104,4034.06,3931.187,30677794600.0
2024-11-19,sh000300,3976.891,3954.604,3979.151,3896.749,24294646500.0
2024-11-20,sh000300,3985.773,3966.124,4001.085,3958.338,18459937200.0
2024-11-21,sh000300,3989.298,3979.455,3999.569,3966.066,16612592700.0
2024-11-22,sh000300,3865.699,3984.244,3990.265,3865.699,21628580900.0
2024-11-25,sh000300,3848.091,3875.613,3889.707,3812.318,19070295300.0
2024-11-26,sh000300,3840.185,3836.259,3875.229,3833.284,14989244100.0
2024-11-27,sh000300,3907.045,3829.344,3907.164,3817.913,17413609600.0
2024-11-28,sh000300,3872.551,3904.253,3908.392,3866.014,15011729100.0
2024-11-29,sh000300,3916.583,3869.89,3962.7,3869.89,18765671300.0
2024-12-02,sh000300,3947.632,3909.703,3955.125,3902.17,19728978400.0
2024-12-03,sh000300,3951.891,3946.703,3963.947,3922.843,18249686700.0
2024-12-04,sh000300,3930.557,3948.13,3957.365,3917.747,17462631800.0
2024-12-05,sh000300,3921.588,3916.564,3936.336,3910.083,13853403800.0
2024-12-06,sh000300,3973.141,3923.895,3995.117,3923.895,19205790700.0
2024-12-09,sh000300,3966.571,3970.663,3995.512,3948.421,17595995800.0
2024-12-10,sh000300,3995.637,4094.05,4098.38,3988.968,25346379500.0
2024-12-11,sh000300,3988.831,3988.018,4005.325,3977.352,17725284600.0
2024-12-12,sh000300,4028.505,3987.153,4031.744,3981.349,18162177700.0
2024-12-13,sh000300,3933.181,4000.985,4000.985,3931.739,23035307900.0
2024-12-16,sh000300,3911.842,3930.781,3938.76,3901.647,17851125100.0
2024-12-17,sh000300,3922.033,3908.126,3955.945,3908.126,16093909000.0
2024-12-18,sh000300,3941.89,3934.543,3956.144,3933.969,15773832100.0
2024-12-19,sh000300,3945.464,3911.89,3954.349,3899.748,16108104000.0
2024-12-20,sh000300,3927.744,3937.472,3958.634,3923.256,15498649600.0
2024-12-23,sh000300,3933.572,3928.149,3965.85,3928.149,19006736200.0
2024-12-24,sh000300,3983.688,3934.942,3985.859,3934.734,16149458900.0
2024-12-25,sh000300,3985.629,3987.956,4007.763,3969.477,15939074700.0
2024-12-26,sh000300,3987.48,3981.732,3991.533,3965.546,14342528600.0
2024-12-27,sh000300,3981.031,3987.019,4007.131,3970.937,16926866600.0
2024-12-30,sh000300,3999.055,3976.7,4005.778,3976.7,16461248500.0
2024-12-31,sh000300,3934.911,3995.871,4004.346,3934.911,18392839700.0
2025-01-02,sh000300,3820.395,3931.816,3934.203,3796.339,21789872400.0
2025-01-03,sh000300,3775.165,3825.243,3835.935,3767.665,17534267600.0
2025-01-06,sh000300,3768.97,3775.99,3788.849,3743.073,15094667000.0
2025-01-07,sh000300,3796.106,3760.866,3797.602,3749.058,14645577900.0
2025-01-08,sh000300,3789.215,3781.261,3810.736,3731.189,16916696800.0
2025-01-09,sh000300,3779.877,3780.734,3795.261,3768.681,12979400200.0
2025-01-10,sh000300,3732.481,3778.893,3786.807,3732.481,13752317100.0
2025-01-13,sh000300,3722.513,3704.444,3737.885,3704.107,13644619900.0
2025-01-14,sh000300,3820.54,3728.556,3826.64,3718.877,17066465700.0
2025-01-15,sh000300,3796.026,3810.035,3816.828,3790.166,14147552000.0
2025-01-16,sh000300,3800.384,3812.194,3842.947,3776.286,14450587100.0
2025-01-17,sh000300,3812.343,3788.373,3831.64,3780.213,12662196100.0
2025-01-20,sh000300,3829.676,3835.304,3858.668,3821.982,13958127700.0
2025-01-21,sh000300,3832.615,3850.356,3850.911,3817.121,14121840600.0
2025-01-22,sh000300,3797.017,3823.945,3823.945,3783.144,13725506200.0
2025-01-23,sh000300,3803.744,3829.046,3864.259,3801.853,18056955100.0
2025-01-24,sh000300,3832.864,3793.85,3847.6,3793.484,14897172200.0
2025-01-27,sh000300,3817.08,3836.958,3851.997,3817.08,14667077200.0
2025-02-05,sh000300,3795.085,3844.7,3844.7,3785.162,15716830800.0
2025-02-06,sh000300,3842.831,3789.609,3843.494,3788.32,16728817600.0
2025-02-07,sh000300,3892.703,3844.057,3919.35,3833.869,22185770700.0
2025-02-10,sh000300,3901.062,3898.102,3906.368,3878.831,18890304000.0
2025-02-11,sh000300,3883.135,3905.159,3905.159,3872.909,16657490900.0
2025-02-12,sh000300,3919.862,3875.96,3920.723,3867.354,16422854000.0
2025-02-13,sh000300,3905.14,3913.904,3939.198,3904.985,17248587400.0
2025-02-14,sh000300,3939.009,3900.827,3942.036,3900.827,17297645200.0
2025-02-17,sh000300,3947.398,3954.415,3955.896,3921.702,21358824600.0
2025-02-18,sh000300,3912.783,3942.576,3965.423,3901.868,20942510100.0
2025-02-19,sh000300,3940.16,3906.22,3943.674,3904.146,18282951700.0
2025-02-20,sh000300,3928.896,3934.65,3940.678,3916.177,16389523600.0
2025-02-21,sh000300,3978.444,3938.052,3981.048,3927.787,22740033000.0
2025-02-24,sh000300,3969.717,3972.483,3995.946,3949.231,22081061800.0
2025-02-25,sh000300,3925.651,3933.636,3955.434,3915.653,17810858000.0
2025-02-26,sh000300,3959.941,3931.842,3960.33,3925.366,19106250100.0
2025-02-27,sh000300,3968.116,3961.064,3973.932,3933.461,20288796300.0
2025-02-28,sh000300,3890.049,3950.187,3972.481,3886.399,19810414700.0
2025-03-03,sh000300,3888.474,3899.696,3930.005,3872.587,17762316600.0
2025-03-04,sh000300,3885.221,3865.994,3890.424,3855.725,14985096700.0
2025-03-05,sh000300,3902.571,3887.799,3906.421,3877.019,15865275100.0
2025-03-06,sh000300,3956.237,3923.383,3964.494,3917.083,19396091500.0
2025-03-07,sh000300,3944.014,3944.915,3967.074,3935.046,16673237500.0
2025-03-10,sh000300,3928.802,3945.58,3949.145,3905.127,15276523200.0
2025-03-11,sh000300,3941.416,3890.431,3941.416,3889.43,14475440200.0
2025-03-12,sh000300,3927.232,3946.862,3953.613,3921.474,15673219000.0
2025-03-13,sh000300,3911.579,3925.744,3939.285,3897.376,15653644300.0
2025-03-14,sh000300,4006.557,3919.616,4014.159,3919.616,21613900300.0
2025-03-17,sh000300,3996.788,4020.64,4021.728,3992.256,16220291100.0
2025-03-18,sh000300,4007.723,4011.779,4016.873,3995.96,14020849600.0
2025-03-19,sh000300,4010.168,4004.825,4025.299,3989.512,14441942800.0
2025-03-20,sh000300,3974.992,4011.059,4012.042,3969.926,13375467000.0
2025-03-21,sh000300,3914.696,3966.515,3983.148,3904.767,16590529400.0
2025-03-24,sh000300,3934.849,3916.114,3938.183,3907.2,15223467400.0
2025-03-25,sh000300,3932.295,3937.898,3946.357,3921.529,14047539900.0
2025-03-26,sh000300,3919.357,3930.207,3942.026,3916.861,13116418700.0
2025-03-27,sh000300,3932.412,3911.384,3952.985,3903.652,12679373800.0
2025-03-28,sh000300,3915.166,3930.776,3934.234,3907.384,12635621400.0
2025-03-31,sh000300,3887.306,3905.982,3928.448,3872.403,16679852300.0
2025-04-01,sh000300,3887.684,3892.779,3905.262,3882.405,14038027400.0
2025-04-02,sh000300,3884.386,3884.418,3900.495,3877.16,11304317500.0
2025-04-03,sh000300,3861.503,3843.418,3883.703,3843.418,14259978900.0
2025-04-07,sh000300,3589.441,3675.202,3707.777,3514.117,31257858600.0
2025-04-08,sh000300,3650.759,3597.986,3650.759,3583.875,28019731200.0
2025-04-09,sh000300,3686.794,3606.104,3686.794,3587.337,26230570800.0
2025-04-10,sh000300,3735.115,3749.126,3756.139,3708.819,22725222700.0
2025-04-11,sh000300,3750.517,3730.315,3762.365,3708.462,16875969100.0
2025-04-14,sh000300,3759.142,3772.041,3776.634,3754.033,16446240300.0
2025-04-15,sh000300,3761.235,3756.479,3764.486,3737.85,13400604000.0
2025-04-16,sh000300,3772.82,3757.876,3775.166,3721.603,15635900600.0
2025-04-17,sh000300,3772.222,3755.086,3779.125,3749.504,12237100200.0
2025-04-18,sh000300,3772.523,3760.043,3782.044,3754.407,10294850900.0
2025-04-21,sh000300,3784.881,3768.142,3790.178,3763.138,12135573000.0
2025-04-22,sh000300,3783.952,3780.112,3799.23,3778.079,12568825700.0
2025-04-23,sh000300,3786.882,3803.43,3807.954,3780.518,13198687000.0
2025-04-24,sh000300,3784.357,3787.459,3807.26,3775.207,11716456000.0
2025-04-25,sh000300,3786.994,3792.084,3801.577,3780.777,12459113300.0
2025-04-28,sh000300,3781.619,3786.387,3792.008,3772.803,12514509100.0
2025-04-29,sh000300,3775.077,3776.003,3785.316,3768.031,11151469400.0
2025-04-30,sh000300,3770.571,3775.831,3787.564,3768.757,14368165800.0
2025-05-06,sh000300,3808.542,3794.376,3809.094,3782.777,15852045900.0
2025-05-07,sh000300,3831.627,3861.577,3863.678,3814.987,16117229900.0
2025-05-08,sh000300,3852.896,3820.548,3867.331,3816.264,12495983300.0
2025-05-09,sh000300,3846.157,3848.619,3853.663,3836.535,11938952600.0
2025-05-12,sh000300,3890.61,3866.531,3890.734,3859.035,15333246000.0
2025-05-13,sh000300,3896.258,3915.592,3915.592,3890.686,14732029900.0
2025-05-14,sh000300,3943.211,3894.839,3960.523,3890.65,17203377900.0
2025-05-15,sh000300,3907.199,3934.027,3936.465,3904.907,13808174900.0
2025-05-16,sh000300,3889.085,3898.666,3903.853,3874.862,11840534500.0
2025-05-19,sh000300,3877.145,3882.568,3885.589,3866.57,9864341400.0
2025-05-20,sh000300,3898.171,3883.102,3911.474,3881.744,10488523400.0
2025-05-21,sh000300,3916.381,3899.437,3928.634,3899.437,10979134300.0
2025-05-22,sh000300,3913.865,3912.601,3923.02,3903.09,10759705200.0
2025-05-23,sh000300,3882.274,3910.374,3931.551,3882.274,12027741900.0
2025-05-26,sh000300,3860.107,3875.789,3884.537,3849.038,10960120700.0
2025-05-27,sh000300,3839.397,3857.627,3865.429,3834.846,9857242500.0
2025-05-28,sh000300,3836.237,3843.075,3849.736,3833.958,8903102600.0
2025-05-29,sh000300,3858.7,3838.009,3869.791,3831.458,10847188600.0
2025-05-30,sh000300,3840.232,3850.493,3858.613,3829.254,11167222800.0
2025-06-03,sh000300,3852.013,3833.458,3863.295,3832.72,13140309000.0
2025-06-04,sh000300,3868.743,3855.488,3875.857,3855.488,11680387300.0
2025-06-05,sh000300,3877.556,3872.637,3883.135,3861.272,12287818400.0
2025-06-06,sh000300,3873.984,3878.103,3889.456,3869.387,11098797100.0
2025-06-09,sh000300,3885.246,3877.798,3894.652,3871.992,13630629300.0
2025-06-10,sh000300,3865.465,3887.551,3897.457,3850.466,14556385900.0
2025-06-11,sh000300,3894.625,3870.672,3911.611,3870.672,14241477200.0
2025-06-12,sh000300,3892.199,3885.52,3900.041,3870.384,13399869700.0
2025-06-13,sh000300,3864.182,3881.492,3889.16,3853.819,17253953600.0
2025-06-16,sh000300,3873.795,3853.619,3876.17,3853.619,13734183500.0
2025-06-17,sh000300,3870.379,3875.177,3880.416,3860.409,12234252600.0
2025-06-18,sh000300,3874.971,3871.65,3881.346,3854.658,12752862100.0
2025-06-19,sh000300,3843.091,3870.049,3872.943,3834.951,13028065800.0
2025-06-20,sh000300,3846.644,3839.783,3856.48,3839.783,11815102000.0
2025-06-23,sh000300,3857.902,3831.17,3867.59,3827.083,13380089200.0
2025-06-24,sh000300,3904.034,3862.388,3914.158,3862.388,16365618800.0
2025-06-25,sh000300,3960.066,3907.068,3963.037,3902.177,18721367100.0
2025-06-26,sh000300,3946.02,3953.16,3964.482,3945.259,16531626300.0
2025-06-27,sh000300,3921.758,3949.788,3969.263,3918.204,19455791300.0
2025-06-30,sh000300,3936.079,3920.315,3940.361,3911.604,14517023600.0
2025-07-01,sh000300,3942.762,3935.908,3946.245,3924.722,12895936200.0
2025-07-02,sh000300,3943.685,3943.323,3952.138,3929.696,14706306200.0
2025-07-03,sh000300,3968.068,3949.4,3971.616,3945.138,14100400600.0
2025-07-04,sh000300,3982.203,3967.464,4013.848,3958.376,15719713300.0
2025-07-07,sh000300,3965.175,3977.288,3979.748,3956.566,13113527300.0
2025-07-08,sh000300,3998.453,3965.426,4002.269,3965.426,15640289500.0
2025-07-09,sh000300,3991.401,3997.504,4016.743,3987.427,17329379600.0
2025-07-10,sh000300,4010.024,3993.42,4032.983,3992.524,20977890400.0
2025-07-11,sh000300,4014.807,4011.465,4065.942,4010.105,26205277300.0
2025-07-14,sh000300,4017.668,4021.214,4034.92,4017.668,20791717500.0
2025-07-15,sh000300,4019.064,4023.99,4042.657,3994.263,19104293100.0
2025-07-16,sh000300,4007.202,4019.393,4027.857,3993.921,15102730800.0
2025-07-17,sh000300,4034.491,4005.067,4034.594,4005.067,16124904100.0
2025-07-18,sh000300,4058.549,4039.871,4064.638,4039.318,18621106300.0
2025-07-21,sh000300,4085.607,4069.769,4086.117,4063.443,22326847600.0
2025-07-22,sh000300,4118.958,4087.335,4119.202,4068.338,25759698500.0
2025-07-23,sh000300,4119.769,4129.148,4155.678,4113.909,30050615400.0
2025-07-24,sh000300,4149.037,4116.831,4152.427,4111.885,31963239200.0
2025-07-25,sh000300,4127.163,4145.32,4150.499,4117.801,27359496300.0
2025-07-28,sh000300,4135.824,4128.199,4146.12,4112.968,22275981500.0
2025-07-29,sh000300,4152.025,4132.683,4153.331,4117.577,23080788000.0
2025-07-30,sh000300,4151.238,4148.941,4185.206,4127.43,24985304800.0
2025-07-31,sh000300,4075.591,4141.561,4141.824,4063.666,26708740600.0
2025-08-01,sh000300,4054.929,4069.925,4085.354,4040.462,19622182600.0
2025-08-04,sh000300,4070.702,4037.938,4070.702,4037.938,16227590200.0
2025-08-05,sh000300,4103.45,4080.388,4106.297,4075.584,17885199900.0
2025-08-06,sh000300,4113.485,4100.428,4116.709,4098.354,17667615500.0
2025-08-07,sh000300,4114.666,4120.282,4129.738,4094.821,19864190200.0
2025-08-08,sh000300,4104.967,4109.273,4122.21,4097.416,17317120100.0
2025-08-11,sh000300,4122.511,4110.294,4134.246,4103.605,19044371600.0
2025-08-12,sh000300,4143.825,4123.576,4153.295,4121.224,17728782300.0
2025-08-13,sh000300,4176.578,4150.504,4186.748,4147.199,21393499900.0
2025-08-14,sh000300,4173.313,4179.965,4220.311,4165.938,22110359500.0
2025-08-15,sh000300,4202.353,4162.421,4214.729,4157.495,26132756600.0
2025-08-18,sh000300,4239.413,4218.247,4272.96,4203.419,30147910200.0
2025-08-19,sh000300,4223.374,4241.765,4264.23,4215.208,25081877100.0
2025-08-20,sh000300,4271.396,4208.401,4272.146,4190.556,24648177300.0
2025-08-21,sh000300,4288.071,4284.371,4308.447,4273.652,25903001400.0
2025-08-22,sh000300,4377.998,4287.363,4378.388,4287.363,29043489700.0
2025-08-25,sh000300,4469.222,4416.292,4472.653,4404.776,35809000600.0
2025-08-26,sh000300,4452.591,4453.353,4476.803,4435.528,27062139500.0
2025-08-27,sh000300,4386.127,4458.84,4494.913,4386.127,33313389800.0
2025-08-28,sh000300,4463.782,4378.035,4464.803,4364.171,29683453600.0
2025-08-29,sh000300,4496.759,4455.803,4516.84,4452.363,35193894700.0
2025-09-01,sh000300,4523.711,4516.879,4528.134,4487.53,32036670800.0
2025-09-02,sh000300,4490.453,4521.983,4548.894,4454.417,30393256600.0
2025-09-03,sh000300,4459.83,4501.339,4510.73,4427.518,25432021700.0
2025-09-04,sh000300,4365.209,4461.25,4465.497,4327.507,30793460900.0
2025-09-05,sh000300,4460.325,4365.608,4466.56,4350.297,24962565700.0
2025-09-08,sh000300,4467.573,4467.169,4482.763,4438.07,26763838200.0
2025-09-09,sh000300,4436.258,4448.739,4472.093,4412.691,22137546000.0
2025-09-10,sh000300,4445.365,4438.3,4466.633,4414.594,20359764600.0
2025-09-11,sh000300,4548.035,4438.839,4548.035,4427.924,25326405100.0
2025-09-12,sh000300,4521.998,4544.591,4564.667,4517.79,26644200300.0
2025-09-15,sh000300,4533.056,4534.887,4566.905,4522.496,23188567800.0
2025-09-16,sh000300,4523.337,4539.922,4552.419,4494.788,24926920600.0
2025-09-17,sh000300,4551.023,4517.286,4556.03,4503.796,23571647200.0
2025-09-18,sh000300,4498.109,4546.032,4573.833,4454.989,30985982600.0
2025-09-19,sh000300,4501.92,4499.091,4533.092,4491.844,22504400000.0
2025-09-22,sh000300,4522.608,4512.025,4523.87,4487.13,19645995600.0
2025-09-23,sh000300,4519.778,4536.757,4560.732,4459.728,25282706200.0
2025-09-24,sh000300,4566.071,4495.266,4567.495,4494.113,22048260800.0
2025-09-25,sh000300,4593.488,4563.983,4613.949,4558.842,22982333300.0
2025-09-26,sh000300,4550.049,4576.914,4597.847,4550.049,20848211400.0
2025-09-29,sh000300,4620.053,4555.034,4647.569,4541.425,27435887700.0
2025-09-30,sh000300,4640.694,4629.899,4647.503,4616.224,24798035900.0
2025-10-09,sh000300,4709.482,4662.113,4726.345,4651.99,34767869600.0
2025-10-10,sh000300,4616.834,4679.498,4692.586,4600.965,31902089900.0
2025-10-13,sh000300,4593.979,4490.866,4601.807,4490.866,31501035400.0
2025-10-14,sh000300,4539.064,4634.054,4641.449,4520.926,37295403000.0
2025-10-15,sh000300,4606.288,4544.243,4608.824,4526.834,28477185500.0
2025-10-16,sh000300,4618.422,4588.921,4645.096,4586.28,24823551800.0
2025-10-17,sh000300,4514.235,4610.697,4618.562,4509.329,25690561700.0
2025-10-20,sh000300,4538.22,4558.242,4570.438,4520.502,21842040500.0
2025-10-21,sh000300,4607.872,4556.122,4615.463,4547.928,21571117500.0
2025-10-22,sh000300,4592.57,4576.028,4603.488,4567.236,18533396000.0
2025-10-23,sh000300,4606.345,4578.702,4611.341,4541.694,20046391700.0
2025-10-24,sh000300,4660.684,4622.787,4660.684,4622.787,20881448300.0
2025-10-27,sh000300,4716.019,4699.382,4720.429,4687.688,26220067400.0
2025-10-28,sh000300,4691.973,4697.728,4734.322,4679.229,22090664500.0
2025-10-29,sh000300,4747.838,4701.036,4747.838,4697.268,24621132400.0
2025-10-30,sh000300,4709.911,4735.981,4761.834,4706.452,27328911800.0
2025-10-31,sh000300,4640.668,4702.495,4706.14,4640.668,28146474000.0
2025-11-03,sh000300,4653.403,4636.732,4653.403,4595.734,23986980900.0
2025-11-04,sh000300,4618.699,4649.348,4665.323,4595.066,23322403200.0
2025-11-05,sh000300,4627.257,4562.112,4642.61,4558.765,20304587100.0
2025-11-06,sh000300,4693.403,4642.011,4698.094,4642.011,22424100800.0
2025-11-07,sh000300,4678.794,4673.762,4701.374,4666.041,21249737700.0
2025-11-10,sh000300,4695.051,4688.124,4695.179,4654.21,23602676400.0
2025-11-11,sh000300,4652.166,4706.337,4707.128,4648.49,18663885800.0
2025-11-12,sh000300,4645.908,4643.559,4669.607,4620.99,20946059200.0
2025-11-13,sh000300,4702.074,4643.786,4703.49,4643.786,20736747400.0
2025-11-14,sh000300,4628.14,4663.318,4684.258,4628.024,19209267600.0
2025-11-17,sh000300,4598.053,4616.806,4624.898,4580.261,18895546600.0
2025-11-18,sh000300,4568.193,4584.79,4606.617,4552.804,17771318500.0
2025-11-19,sh000300,4588.292,4568.037,4607.863,4568.037,17292497400.0
2025-11-20,sh000300,4564.948,4619.54,4620.653,4560.181,19456259300.0
2025-11-21,sh000300,4453.608,4513.386,4527.044,4453.182,22285101300.0
2025-11-24,sh000300,4448.048,4473.156,4478.808,4421.812,18583372900.0
2025-11-25,sh000300,4490.405,4475.836,4510.773,4467.353,16957192900.0
2025-11-26,sh000300,4517.626,4490.202,4538.136,4485.698,15620036800.0
2025-11-27,sh000300,4515.403,4520.014,4559.218,4509.864,15031177200.0
2025-11-28,sh000300,4526.662,4511.497,4531.722,4492.426,14290209600.0
2025-12-01,sh000300,4576.486,4539.188,4576.965,4531.292,20038231700.0
2025-12-02,sh000300,4554.335,4571.91,4575.495,4539.431,14849313200.0
2025-12-03,sh000300,4531.049,4554.589,4569.821,4523.502,16976279000.0
2025-12-04,sh000300,4546.566,4533.6,4557.423,4514.188,14719811000.0
2025-12-05,sh000300,4584.537,4547.906,4593.828,4535.02,19679996800.0
2025-12-08,sh000300,4621.755,4593.14,4640.626,4592.741,19962099000.0
2025-12-09,sh000300,4598.223,4611.379,4628.705,4584.254,18416034400.0
2025-12-10,sh000300,4591.827,4586.254,4598.537,4549.08,16911110600.0
2025-12-11,sh000300,4552.185,4597.19,4610.279,4547.137,16841940500.0
2025-12-12,sh000300,4580.95,4558.738,4583.675,4530.784,21282652000.0
2025-12-15,sh000300,4552.06,4550.003,4595.046,4548.438,16758996700.0
2025-12-16,sh000300,4497.555,4542.423,4553.081,4484.27,16516520100.0
2025-12-17,sh000300,4579.875,4499.773,4594.656,4498.93,17842483000.0
2025-12-18,sh000300,4552.793,4553.979,4571.968,4544.142,15168132800.0
2025-12-19,sh000300,4568.178,4561.373,4591.093,4546.847,15487622000.0
2025-12-22,sh000300,4611.624,4587.668,4615.872,4587.668,16525285600.0
2025-12-23,sh000300,4620.734,4616.026,4644.535,4607.799,16925641200.0
2025-12-24,sh000300,4634.059,4623.683,4639.428,4602.144,15371124100.0
2025-12-25,sh000300,4642.536,4629.32,4651.154,4621.921,13943418600.0
2025-12-26,sh000300,4657.24,4639.79,4676.131,4635.105,17539656500.0
2025-12-29,sh000300,4639.372,4658.265,4672.035,4629.057,20039713300.0
2025-12-30,sh000300,4651.282,4617.316,4664.331,4616.632,18037497400.0
2025-12-31,sh000300,4629.94,4656.48,4667.047,4622.099,17076022400.0
2026-01-05,sh000300,4717.746,4661.616,4721.638,4661.616,23414483900.0
2026-01-06,sh000300,4790.694,4719.209,4790.694,4718.01,29697068600.0
2026-01-07,sh000300,4776.666,4796.934,4802.603,4751.071,25909556400.0
2026-01-08,sh000300,4737.654,4761.011,4765.486,4717.009,23880495700.0
2026-01-09,sh000300,4758.922,4725.957,4771.428,4719.134,25468803800.0
2026-01-12,sh000300,4789.916,4769.65,4795.933,4737.57,29483316500.0
2026-01-13,sh000300,4761.032,4798.049,4836.955,4745.515,30144949700.0
2026-01-14,sh000300,4741.931,4767.696,4818.101,4720.246,36495102300.0
2026-01-15,sh000300,4751.429,4721.797,4769.548,4720.937,25400363600.0
2026-01-16,sh000300,4731.873,4778.43,4792.551,4715.365,32527892900.0
2026-01-19,sh000300,4734.456,4720.195,4761.632,4715.087,26761249200.0
2026-01-20,sh000300,4718.878,4736.91,4748.23,4684.968,28271957900.0
2026-01-21,sh000300,4723.069,4714.554,4758.279,4714.237,26635333200.0
2026-01-22,sh000300,4723.709,4741.755,4757.764,4700.448,27419993200.0
2026-01-23,sh000300,4702.497,4729.585,4734.794,4684.617,31463544500.0
2026-01-26,sh000300,4706.964,4715.375,4754.178,4693.158,36300448100.0
2026-01-27,sh000300,4705.692,4705.174,4736.986,4675.641,30147569700.0
2026-01-28,sh000300,4717.991,4725.601,4739.626,4697.906,38225560200.0
2026-01-29,sh000300,4753.87,4733.088,4770.96,4696.054,41551305500.0
2026-01-30,sh000300,4706.34,4723.081,4738.871,4645.471,31978653100.0
2026-02-02,sh000300,4605.98,4674.276,4716.607,4601.76,30477350000.0
2026-02-03,sh000300,4660.107,4648.357,4662.126,4578.209,26554940500.0
2026-02-04,sh000300,4698.683,4647.967,4701.477,4641.842,26488103200.0
2026-02-05,sh000300,4670.419,4664.748,4687.021,4639.43,23785635100.0
2026-02-06,sh000300,4643.596,4622.975,4678.262,4606.638,20271647700.0
2026-02-09,sh000300,4719.056,4693.672,4719.964,4679.904,20725193800.0
2026-02-10,sh000300,4724.296,4718.255,4732.087,4713.868,18700095800.0
2026-02-11,sh000300,4713.819,4715.67,4723.704,4703.687,17339168100.0
2026-02-12,sh000300,4719.578,4720.009,4726.043,4707.736,19784143900.0
2026-02-13,sh000300,4660.406,4693.411,4703.633,4658.404,18916775600.0
2026-02-24,sh000300,4707.544,4727.296,4727.373,4698.349,21848889000.0
2026-02-25,sh000300,4735.886,4713.575,4766.559,4713.344,28426835400.0
2026-02-26,sh000300,4726.874,4741.39,4742.148,4706.694,23484764400.0
2026-02-27,sh000300,4710.647,4698.3,4721.014,4692.891,26142086500.0
2026-03-02,sh000300,4728.669,4681.014,4735.406,4667.275,34926075200.0
2026-03-03,sh000300,4655.896,4737.316,4744.599,4651.405,37062427200.0
2026-03-04,sh000300,4602.625,4609.192,4639.42,4575.825,30303566600.0
2026-03-05,sh000300,4647.692,4651.942,4671.527,4630.302,25931782500.0
2026-03-06,sh000300,4660.439,4621.494,4671.713,4612.794,23852792600.0
2026-03-09,sh000300,4615.455,4600.254,4625.981,4548.969,32278761700.0
2026-03-10,sh000300,4674.756,4648.785,4677.596,4648.785,26390374800.0
2026-03-11,sh000300,4704.496,4681.032,4711.867,4674.709,27017544300.0
2026-03-12,sh000300,4687.56,4700.721,4704.379,4654.315,30298681600.0
2026-03-13,sh000300,4669.14,4669.062,4707.419,4659.498,31077200900.0
2026-03-16,sh000300,4671.559,4669.224,4673.693,4621.812,29621507000.0
2026-03-17,sh000300,4637.439,4685.57,4720.861,4637.368,26302191300.0
2026-03-18,sh000300,4658.332,4648.752,4662.294,4604.516,23469070500.0
2026-03-19,sh000300,4583.251,4611.44,4634.547,4570.392,25413044900.0
2026-03-20,sh000300,4567.018,4602.821,4628.712,4563.069,25787370300.0
2026-03-23,sh000300,4417.997,4499.1,4514.718,4397.566,32808194500.0
2026-03-24,sh000300,4474.722,4458.907,4474.825,4394.294,25553251700.0
2026-03-25,sh000300,4537.466,4506.625,4542.181,4502.027,26263927900.0
2026-03-26,sh000300,4477.534,4525.329,4541.05,4468.957,21373678800.0
2026-03-27,sh000300,4502.57,4431.503,4519.89,4431.421,19240038800.0
2026-03-30,sh000300,4491.95,4461.737,4496.411,4447.137,20929309200.0
2026-03-31,sh000300,4450.049,4491.921,4523.175,4450.049,22454158500.0
2026-04-01,sh000300,4526.067,4517.272,4532.109,4492.054,21648319600.0
2026-04-02,sh000300,4478.914,4514.442,4519.693,4459.61,19099216100.0
2026-04-03,sh000300,4440.789,4492.846,4494.457,4437.595,16832170500.0
2026-04-07,sh000300,4440.616,4445.861,4458.926,4420.694,16263878700.0
2026-04-08,sh000300,4595.556,4517.34,4595.556,4513.771,25333921300.0
2026-04-09,sh000300,4566.224,4562.67,4579.197,4552.424,18493978300.0
2026-04-10,sh000300,4636.566,4594.947,4655.099,4590.109,20867860500.0
2026-04-13,sh000300,4646.155,4615.133,4653.398,4615.133,19671227700.0
2026-04-14,sh000300,4701.284,4676.124,4701.284,4654.853,20470033200.0
2026-04-15,sh000300,4685.246,4726.638,4731.273,4672.556,20168850000.0
2026-04-16,sh000300,4736.608,4694.431,4739.221,4689.414,19205760000.0
2026-04-17,sh000300,4728.672,4728.995,4738.324,4714.467,18291533600.0
2026-04-20,sh000300,4757.442,4727.166,4763.043,4720.685,22163349400.0
2026-04-21,sh000300,4767.997,4750.515,4776.826,4722.007,20561405800.0
2026-04-22,sh000300,4799.627,4751.279,4801.447,4750.35,20448183000.0
2026-04-23,sh000300,4786.327,4816.027,4823.47,4759.86,23286573600.0
2026-04-24,sh000300,4769.369,4771.735,4786.444,4735.606,19379831400.0
2026-04-27,sh000300,4770.947,4776.335,4795.168,4762.644,19279655000.0
2026-04-28,sh000300,4758.208,4757.077,4778.189,4743.436,21672423300.0
2021-03-09,sh000001,3359.292,3415.339,3429.15,3328.312,40765253900.0
2021-03-10,sh000001,3357.737,3389.839,3397.025,3354.823,29974916600.0
2021-03-11,sh000001,3436.831,3369.902,3436.831,3369.902,32211204400.0
2021-03-12,sh000001,3453.078,3447.203,3454.506,3417.239,35802703500.0
2021-03-15,sh000001,3419.946,3441.882,3457.489,3392.509,36781329300.0
2021-03-16,sh000001,3446.733,3424.652,3448.883,3406.175,31666874700.0
2021-03-17,sh000001,3445.551,3435.732,3454.056,3410.282,28005981800.0
2021-03-18,sh000001,3463.068,3449.641,3478.145,3449.377,28440389100.0
2021-03-19,sh000001,3404.663,3423.873,3439.524,3389.293,30916171600.0
2021-03-22,sh000001,3443.439,3406.123,3443.66,3404.234,31255908400.0
2021-03-23,sh000001,3411.509,3445.341,3445.416,3390.048,32638940900.0
2021-03-24,sh000001,3367.061,3394.128,3415.295,3362.185,31739869700.0
2021-03-25,sh000001,3363.592,3355.071,3382.226,3344.97,27067609700.0
2021-03-26,sh000001,3418.327,3373.317,3423.223,3373.317,27461498700.0
2021-03-29,sh000001,3435.296,3429.632,3449.834,3409.887,28482424300.0
2021-03-30,sh000001,3456.677,3432.529,3457.635,3423.315,28542308100.0
2021-03-31,sh000001,3441.912,3452.208,3452.208,3420.832,28304926100.0
2021-04-01,sh000001,3466.332,3444.81,3470.031,3438.826,27524429500.0
2021-04-02,sh000001,3484.392,3472.628,3487.586,3462.832,26265487300.0
2021-04-06,sh000001,3482.967,3491.634,3493.281,3471.761,23474667100.0
2021-04-07,sh000001,3479.626,3483.421,3483.421,3453.195,29578697800.0
2021-04-08,sh000001,3482.555,3467.487,3495.909,3459.325,33175532900.0
2021-04-09,sh000001,3450.677,3475.443,3475.447,3442.139,28008519600.0
2021-04-12,sh000001,3412.948,3445.97,3456.158,3403.901,30957723900.0
2021-04-13,sh000001,3396.47,3411.293,3425.395,3387.902,27062605400.0
2021-04-14,sh000001,3416.721,3397.021,3420.028,3392.975,23324232700.0
2021-04-15,sh000001,3398.988,3409.614,3409.614,3373.094,23400505400.0
2021-04-16,sh000001,3426.618,3407.188,3432.629,3394.134,25857967200.0
2021-04-19,sh000001,3477.549,3427.548,3479.01,3414.356,30273581900.0
2021-04-20,sh000001,3472.943,3467.148,3494.298,3463.464,28530008200.0
2021-04-21,sh000001,3472.93,3456.299,3481.251,3450.111,25377785900.0
2021-04-22,sh000001,3465.114,3482.833,3485.359,3456.316,25111451000.0
2021-04-23,sh000001,3474.166,3462.086,3482.359,3456.333,24936043300.0
2021-04-26,sh000001,3441.166,3484.107,3497.121,3438.572,27697077100.0
2021-04-27,sh000001,3442.611,3440.091,3443.854,3417.265,25303239300.0
2021-04-28,sh000001,3457.068,3432.161,3457.068,3423.325,24738112000.0
2021-04-29,sh000001,3474.901,3458.082,3478.228,3447.588,27663138700.0
2021-04-30,sh000001,3446.856,3468.302,3469.087,3426.902,31266035400.0
2021-05-06,sh000001,3441.283,3446.074,3471.24,3426.849,31042419200.0
2021-05-07,sh000001,3418.874,3446.407,3457.892,3416.776,35378538900.0
2021-05-10,sh000001,3427.991,3423.59,3429.736,3401.935,37417088400.0
2021-05-11,sh000001,3441.845,3406.598,3448.096,3384.697,35093411200.0
2021-05-12,sh000001,3462.751,3429.754,3466.371,3428.394,31144454700.0
2021-05-13,sh000001,3429.536,3432.138,3448.017,3418.385,31932532700.0
2021-05-14,sh000001,3490.376,3436.092,3490.644,3422.565,33698230900.0
2021-05-17,sh000001,3517.616,3490.409,3530.506,3490.144,32213596900.0
2021-05-18,sh000001,3529.014,3520.649,3529.014,3510.862,27130855800.0
2021-05-19,sh000001,3510.965,3521.11,3521.11,3503.815,27832111700.0
2021-05-20,sh000001,3506.944,3500.877,3517.74,3486.066,32600933300.0
2021-05-21,sh000001,3486.557,3510.835,3518.377,3479.674,28382628500.0
2021-05-24,sh000001,3497.282,3486.271,3498.304,3469.875,28950924200.0
2021-05-25,sh000001,3581.342,3502.539,3584.577,3502.443,34124112700.0
2021-05-26,sh000001,3593.357,3586.839,3603.488,3585.37,34198028800.0
2021-05-27,sh000001,3608.851,3585.734,3626.358,3579.26,30955148600.0
2021-05-28,sh000001,3600.784,3610.767,3622.18,3582.358,34920883000.0
2021-05-31,sh000001,3615.477,3600.07,3615.657,3580.652,33152377000.0
2021-06-01,sh000001,3624.714,3608.598,3626.074,3581.912,35281141300.0
2021-06-02,sh000001,3597.138,3626.328,3629.29,3584.596,34855842000.0
2021-06-03,sh000001,3584.212,3595.422,3618.507,3584.205,35423303100.0
2021-06-04,sh000001,3591.845,3565.472,3618.8,3561.891,33089303800.0
2021-06-07,sh000001,3599.541,3597.141,3600.376,3581.899,30371867700.0
2021-06-08,sh000001,3580.106,3598.753,3621.523,3563.25,30449147000.0
2021-06-09,sh000001,3591.397,3576.802,3598.708,3572.636,29832329600.0
2021-06-10,sh000001,3610.859,3587.528,3624.343,3584.133,31817480800.0
2021-06-11,sh000001,3589.748,3614.113,3614.404,3587.149,36055497000.0
2021-06-15,sh000001,3556.559,3587.466,3592.947,3547.187,34916856600.0
2021-06-16,sh000001,3518.329,3556.714,3561.092,3513.559,31259730600.0
2021-06-17,sh000001,3525.604,3508.317,3534.198,3507.354,27722991800.0
2021-06-18,sh000001,3525.097,3520.497,3535.622,3503.183,29670858500.0
2021-06-21,sh000001,3529.183,3515.501,3540.296,3504.008,28089827700.0
2021-06-22,sh000001,3557.412,3539.788,3560.195,3536.812,30753639900.0
2021-06-23,sh000001,3566.22,3559.399,3577.466,3549.848,31070951800.0
2021-06-24,sh000001,3566.654,3568.576,3570.487,3548.816,33544075400.0
2021-06-25,sh000001,3607.562,3567.377,3614.298,3564.52,34608783200.0
2021-06-28,sh000001,3606.372,3612.247,3614.357,3594.217,32127497400.0
2021-06-29,sh000001,3573.178,3601.677,3601.827,3570.525,30607117800.0
2021-06-30,sh000001,3591.197,3572.624,3594.119,3569.501,26816281800.0
2021-07-01,sh000001,3588.782,3600.546,3607.705,3573.937,29188319200.0
2021-07-02,sh000001,3518.76,3569.892,3569.892,3514.339,29194554800.0
2021-07-05,sh000001,3534.322,3516.923,3534.322,3510.578,28809483700.0
2021-07-06,sh000001,3530.259,3533.13,3538.347,3496.928,31407021100.0
2021-07-07,sh000001,3553.716,3508.59,3557.879,3504.472,31883918900.0
2021-07-08,sh000001,3525.504,3557.218,3558.677,3521.058,35087785700.0
2021-07-09,sh000001,3524.088,3512.233,3529.31,3485.054,34988431700.0
2021-07-12,sh000001,3547.836,3545.198,3565.032,3527.393,40363955800.0
2021-07-13,sh000001,3566.523,3547.59,3567.481,3542.815,36241671100.0
2021-07-14,sh000001,3528.501,3560.828,3560.828,3525.494,37222172200.0
2021-07-15,sh000001,3564.59,3519.063,3565.935,3514.258,36325916400.0
2021-07-16,sh000001,3539.304,3559.526,3565.999,3537.729,36601477900.0
2021-07-19,sh000001,3539.123,3530.493,3544.879,3506.342,33676094600.0
2021-07-20,sh000001,3536.791,3515.072,3538.636,3509.192,29378059400.0
2021-07-21,sh000001,3562.661,3543.053,3569.09,3543.053,33897874800.0
2021-07-22,sh000001,3574.734,3563.661,3576.473,3558.293,38106705400.0
2021-07-23,sh000001,3550.396,3571.715,3571.854,3541.51,44642124600.0
2021-07-26,sh000001,3467.441,3538.014,3538.014,3424.742,44288220300.0
2021-07-27,sh000001,3381.183,3467.447,3483.874,3380.276,46907544300.0
2021-07-28,sh000001,3361.59,3355.819,3385.536,3312.721,39582541900.0
2021-07-29,sh000001,3411.724,3403.838,3416.607,3382.571,34456942800.0
2021-07-30,sh000001,3397.357,3398.196,3404.881,3370.451,38144095600.0
2021-08-02,sh000001,3464.285,3385.69,3464.291,3367.643,43292787100.0
2021-08-03,sh000001,3447.991,3446.784,3470.657,3435.462,40069808100.0
2021-08-04,sh000001,3477.219,3442.937,3477.597,3440.784,34874421800.0
2021-08-05,sh000001,3466.549,3461.719,3486.157,3449.389,34843692200.0
2021-08-06,sh000001,3458.228,3465.484,3466.39,3436.932,33682440000.0
2021-08-09,sh000001,3494.635,3441.75,3502.841,3438.703,34991009400.0
2021-08-10,sh000001,3529.931,3488.664,3529.931,3477.064,34511299200.0
2021-08-11,sh000001,3532.621,3527.109,3544.094,3524.044,38378355400.0
2021-08-12,sh000001,3524.737,3522.724,3538.396,3513.446,38107459300.0
2021-08-13,sh000001,3516.299,3514.467,3540.08,3500.8,37818728200.0
2021-08-16,sh000001,3517.345,3514.345,3537.85,3510.898,39109972100.0
2021-08-17,sh000001,3446.976,3512.109,3531.725,3438.123,42288580400.0
2021-08-18,sh000001,3485.286,3442.347,3487.436,3437.691,38920375600.0
2021-08-19,sh000001,3465.555,3475.298,3480.46,3446.015,38238303100.0
2021-08-20,sh000001,3427.334,3442.506,3453.153,3394.972,39113691800.0
2021-08-23,sh000001,3477.132,3436.796,3481.254,3436.671,38472744000.0
2021-08-24,sh000001,3514.471,3482.266,3522.697,3481.141,43023646300.0
2021-08-25,sh000001,3540.384,3517.915,3540.395,3510.066,45004701900.0
2021-08-26,sh000001,3501.664,3537.314,3537.316,3499.453,50290314700.0
2021-08-27,sh000001,3522.157,3494.418,3530.193,3493.375,45534590600.0
2021-08-30,sh000001,3528.151,3535.073,3539.494,3512.993,51278571600.0
2021-08-31,sh000001,3543.94,3519.025,3543.94,3496.389,52420505600.0
2021-09-01,sh000001,3567.101,3543.866,3582.324,3514.674,66727630500.0
2021-09-02,sh000001,3597.043,3559.903,3597.366,3557.677,57268403900.0
2021-09-03,sh000001,3581.734,3602.742,3613.948,3569.399,61453235300.0
2021-09-06,sh000001,3621.859,3580.141,3626.287,3580.141,52171327600.0
2021-09-07,sh000001,3676.587,3621.71,3681.925,3615.144,54772187500.0
2021-09-08,sh000001,3675.187,3673.402,3695.32,3661.0,58643619300.0
2021-09-09,sh000001,3693.13,3666.825,3693.45,3662.163,60481033000.0
2021-09-10,sh000001,3703.11,3691.186,3722.873,3681.642,63520043300.0
2021-09-13,sh000001,3715.372,3699.253,3716.832,3692.816,55748401900.0
2021-09-14,sh000001,3662.602,3709.634,3723.845,3655.634,56495238600.0
2021-09-15,sh000001,3656.223,3651.158,3677.527,3638.323,47497000100.0
2021-09-16,sh000001,3607.092,3664.841,3677.92,3606.728,54674147400.0
2021-09-17,sh000001,3613.966,3595.272,3620.958,3569.271,51685021000.0
2021-09-22,sh000001,3628.49,3563.207,3629.454,3560.503,47229605300.0
2021-09-23,sh000001,3642.22,3651.266,3670.954,3632.282,53499548600.0
2021-09-24,sh000001,3613.067,3637.868,3651.429,3607.792,50730477200.0
2021-09-27,sh000001,3582.831,3625.96,3640.808,3559.915,51080279500.0
2021-09-28,sh000001,3602.218,3577.886,3610.917,3568.819,44416880700.0
2021-09-29,sh000001,3536.294,3573.518,3573.518,3518.048,45251115100.0
2021-09-30,sh000001,3568.167,3541.928,3572.426,3541.928,39562962600.0
2021-10-08,sh000001,3592.167,3609.087,3612.554,3571.734,40716114800.0
2021-10-11,sh000001,3591.709,3600.357,3614.699,3586.749,39436115900.0
2021-10-12,sh000001,3546.936,3581.297,3583.639,3515.141,40539374800.0
2021-10-13,sh000001,3561.762,3543.492,3569.133,3515.648,32505066700.0
2021-10-14,sh000001,3558.28,3555.109,3569.686,3547.182,29496919600.0
2021-10-15,sh000001,3572.366,3551.987,3578.766,3542.693,32029298400.0
2021-10-18,sh000001,3568.138,3571.048,3571.048,3539.478,34095061600.0
2021-10-19,sh000001,3593.153,3562.296,3596.788,3560.622,33419765200.0
2021-10-20,sh000001,3587.001,3583.236,3596.05,3574.296,34424500800.0
2021-10-21,sh000001,3594.783,3590.05,3610.96,3576.355,35231086700.0
2021-10-22,sh000001,3582.604,3594.746,3607.578,3578.76,35315720300.0
2021-10-25,sh000001,3609.863,3574.263,3611.091,3564.206,32119681600.0
2021-10-26,sh000001,3597.638,3612.833,3625.016,3589.706,33727829100.0
2021-10-27,sh000001,3562.305,3589.857,3589.857,3553.128,35062094000.0
2021-10-28,sh000001,3518.417,3548.702,3552.042,3509.487,37817166600.0
2021-10-29,sh000001,3547.336,3519.328,3547.336,3502.801,35880937700.0
2021-11-01,sh000001,3544.48,3530.396,3556.59,3519.29,38225132500.0
2021-11-02,sh000001,3505.628,3543.383,3559.048,3477.664,41756317300.0
2021-11-03,sh000001,3498.537,3501.105,3512.609,3480.488,30660766900.0
2021-11-04,sh000001,3526.866,3505.894,3527.952,3503.006,31944082900.0
2021-11-05,sh000001,3491.568,3520.207,3525.872,3491.457,35453356500.0
2021-11-08,sh000001,3498.631,3491.971,3507.274,3484.24,29818372200.0
2021-11-09,sh000001,3507.002,3507.108,3514.951,3489.043,28731598900.0
2021-11-10,sh000001,3492.462,3498.945,3498.945,3448.438,30703070800.0
2021-11-11,sh000001,3532.786,3486.451,3534.199,3482.829,32208795700.0
2021-11-12,sh000001,3539.1,3534.151,3543.648,3527.39,30868335400.0
2021-11-15,sh000001,3533.303,3542.903,3550.444,3521.292,31301761200.0
2021-11-16,sh000001,3521.787,3530.458,3549.765,3517.807,31039990900.0
2021-11-17,sh000001,3537.366,3518.565,3537.513,3513.523,27673567100.0
2021-11-18,sh000001,3520.711,3531.492,3537.976,3513.114,31242692700.0
2021-11-19,sh000001,3560.373,3519.276,3561.913,3517.651,31798997600.0
2021-11-22,sh000001,3582.08,3562.763,3585.188,3562.751,33000938500.0
2021-11-23,sh000001,3589.089,3580.506,3598.375,3577.361,36001159300.0
2021-11-24,sh000001,3592.703,3590.019,3602.735,3575.288,33677524600.0
2021-11-25,sh000001,3584.179,3593.388,3597.148,3579.533,30645151800.0
2021-11-26,sh000001,3564.089,3576.114,3576.114,3554.88,30100006600.0
2021-11-29,sh000001,3562.697,3528.672,3563.677,3526.355,33361833100.0
2021-11-30,sh000001,3563.887,3570.747,3582.115,3546.362,34918793800.0
2021-12-01,sh000001,3576.885,3561.886,3576.885,3558.691,32987351700.0
2021-12-02,sh000001,3573.836,3573.247,3586.867,3567.137,35404152400.0
2021-12-03,sh000001,3607.432,3576.45,3608.47,3573.214,37755104800.0
2021-12-06,sh000001,3589.306,3615.236,3626.126,3586.805,41867674300.0
2021-12-07,sh000001,3595.088,3611.217,3614.223,3572.569,40384259400.0
2021-12-08,sh000001,3637.568,3602.824,3637.715,3591.986,36103665700.0
2021-12-09,sh000001,3673.041,3641.158,3688.397,3638.702,43191815700.0
2021-12-10,sh000001,3666.348,3654.368,3667.855,3651.353,41998880100.0
2021-12-13,sh000001,3681.082,3686.937,3708.942,3678.058,42409200900.0
2021-12-14,sh000001,3661.525,3669.807,3671.678,3654.656,36217193400.0
2021-12-15,sh000001,3647.63,3655.049,3668.402,3645.243,37747766700.0
2021-12-16,sh000001,3675.016,3648.927,3675.016,3644.665,38132950700.0
2021-12-17,sh000001,3632.364,3670.258,3673.654,3631.661,40848783700.0
2021-12-20,sh000001,3593.602,3620.037,3643.954,3589.36,42385141000.0
2021-12-21,sh000001,3625.125,3591.452,3627.088,3591.452,40818434800.0
2021-12-22,sh000001,3622.618,3632.676,3635.899,3616.548,39482517700.0
2021-12-23,sh000001,3643.339,3625.47,3643.546,3618.048,38292573400.0
2021-12-24,sh000001,3618.054,3645.395,3648.956,3612.067,39034762500.0
2021-12-27,sh000001,3615.974,3613.047,3632.188,3601.935,32923529300.0
2021-12-28,sh000001,3630.112,3619.642,3631.077,3607.364,31620224200.0
2021-12-29,sh000001,3597.0,3630.916,3630.916,3596.323,30513176600.0
2021-12-30,sh000001,3619.189,3596.492,3628.918,3595.496,30783929100.0
2021-12-31,sh000001,3639.775,3626.242,3642.843,3624.942,32968193200.0
2022-01-04,sh000001,3632.329,3649.151,3651.892,3610.092,40502776900.0
2022-01-05,sh000001,3595.176,3628.263,3628.263,3583.467,42390202800.0
2022-01-06,sh000001,3586.079,3581.218,3594.489,3559.88,37154054300.0
2022-01-07,sh000001,3579.543,3588.985,3607.232,3577.098,43630696100.0
2022-01-10,sh000001,3593.519,3572.743,3593.519,3555.126,35622261000.0
2022-01-11,sh000001,3567.441,3589.904,3602.145,3562.754,35976186300.0
2022-01-12,sh000001,3597.432,3578.163,3599.499,3572.097,34313295600.0
2022-01-13,sh000001,3555.259,3601.027,3601.073,3555.158,36936836500.0
2022-01-14,sh000001,3521.256,3544.065,3548.42,3519.322,37693702400.0
2022-01-17,sh000001,3541.666,3522.085,3546.085,3519.426,31288673300.0
2022-01-18,sh000001,3569.914,3541.89,3579.313,3531.33,37714643500.0
2022-01-19,sh000001,3558.18,3567.631,3578.735,3541.662,33323526900.0
2022-01-20,sh000001,3555.063,3556.226,3576.259,3540.555,37950984600.0
2022-01-21,sh000001,3522.568,3546.75,3547.0,3514.885,32653488000.0
2022-01-24,sh000001,3524.105,3508.244,3531.608,3500.139,28026834200.0
2022-01-25,sh000001,3433.061,3509.285,3519.833,3433.061,32735381300.0
2022-01-26,sh000001,3455.668,3442.692,3462.123,3417.759,27512282800.0
2022-01-27,sh000001,3394.247,3456.102,3456.363,3392.015,28060653400.0
2022-01-28,sh000001,3361.44,3407.593,3417.045,3356.556,29085525700.0
2022-02-07,sh000001,3429.581,3407.762,3434.026,3407.762,32048521100.0
2022-02-08,sh000001,3452.629,3428.542,3453.186,3390.458,36609386500.0
2022-02-09,sh000001,3479.946,3450.818,3484.739,3444.085,35024993600.0
2022-02-10,sh000001,3485.907,3481.91,3488.855,3464.217,35566626700.0
2022-02-11,sh000001,3462.948,3472.276,3500.147,3459.33,36135609000.0
2022-02-14,sh000001,3428.882,3451.847,3457.265,3415.446,31527444800.0
2022-02-15,sh000001,3446.089,3428.045,3447.492,3421.64,27555932200.0
2022-02-16,sh000001,3465.831,3457.073,3475.058,3453.801,27499391300.0
2022-02-17,sh000001,3468.035,3464.209,3480.972,3454.277,29726268200.0
2022-02-18,sh000001,3490.757,3451.632,3490.757,3447.027,29514996300.0
2022-02-21,sh000001,3490.612,3488.406,3492.199,3471.686,30154174000.0
2022-02-22,sh000001,3457.146,3473.287,3473.393,3437.672,32627948400.0
2022-02-23,sh000001,3489.147,3458.514,3490.763,3458.18,32560489500.0
2022-02-24,sh000001,3429.956,3474.369,3486.977,3400.214,48835490100.0
2022-02-25,sh000001,3451.406,3445.336,3480.176,3440.934,37754255600.0
2022-02-28,sh000001,3462.306,3450.316,3462.306,3425.516,34583838800.0
2022-03-01,sh000001,3488.835,3471.365,3491.132,3465.715,32600166200.0
2022-03-02,sh000001,3484.192,3478.293,3486.621,3467.0,32936768400.0
2022-03-03,sh000001,3481.113,3495.928,3500.287,3473.338,41259428900.0
2022-03-04,sh000001,3447.649,3459.985,3474.882,3437.696,39352658100.0
2022-03-07,sh000001,3372.855,3438.56,3438.56,3360.739,39358899900.0
2022-03-08,sh000001,3293.53,3372.555,3383.633,3287.341,41592676600.0
2022-03-09,sh000001,3256.388,3303.706,3321.481,3147.677,46628556900.0
2022-03-10,sh000001,3296.092,3312.179,3326.583,3291.235,37833637600.0
2022-03-11,sh000001,3309.747,3259.323,3315.66,3217.419,38406712700.0
2022-03-14,sh000001,3223.533,3271.89,3297.797,3223.533,33796868700.0
2022-03-15,sh000001,3063.965,3192.364,3196.916,3063.965,46503716400.0
2022-03-16,sh000001,3170.71,3107.669,3177.788,3023.305,44466718900.0
2022-03-17,sh000001,3215.045,3215.011,3260.167,3202.934,42081345800.0
2022-03-18,sh000001,3251.072,3207.152,3260.783,3197.358,37303561100.0
2022-03-21,sh000001,3253.686,3255.615,3267.498,3223.389,35422848800.0
2022-03-22,sh000001,3259.862,3249.543,3279.113,3239.532,36119615800.0
2022-03-23,sh000001,3271.033,3264.792,3279.887,3251.982,34987537000.0
2022-03-24,sh000001,3250.264,3256.057,3266.887,3236.659,32900665400.0
2022-03-25,sh000001,3212.24,3247.157,3257.106,3211.645,34002000600.0
2022-03-28,sh000001,3214.503,3185.167,3230.215,3159.835,34499487300.0
2022-03-29,sh000001,3203.939,3216.012,3229.177,3196.455,31627364900.0
2022-03-30,sh000001,3266.596,3217.592,3266.596,3216.302,36675367700.0
2022-03-31,sh000001,3252.203,3256.137,3272.04,3246.063,39843993400.0
2022-04-01,sh000001,3282.717,3234.668,3287.229,3226.297,37821046000.0
2022-04-06,sh000001,3283.426,3269.427,3288.108,3255.689,42964277900.0
2022-04-07,sh000001,3236.695,3267.81,3290.256,3236.479,40262666000.0
2022-04-08,sh000001,3251.85,3239.877,3257.094,3208.352,41382679900.0
2022-04-11,sh000001,3167.126,3239.855,3239.855,3156.507,42416018500.0
2022-04-12,sh000001,3213.33,3165.12,3214.536,3140.9,41832192300.0
2022-04-13,sh000001,3186.824,3199.797,3225.467,3183.533,39115692500.0
2022-04-14,sh000001,3225.641,3203.634,3240.001,3200.235,37124234400.0
2022-04-15,sh000001,3211.245,3210.7,3229.866,3200.133,40784208200.0
2022-04-18,sh000001,3195.524,3185.943,3204.027,3166.978,34736512300.0
2022-04-19,sh000001,3194.029,3192.092,3207.828,3174.714,33994410400.0
2022-04-20,sh000001,3151.05,3189.891,3191.832,3142.049,36204703700.0
2022-04-21,sh000001,3079.808,3138.428,3160.899,3069.681,39193469400.0
2022-04-22,sh000001,3086.919,3058.404,3105.655,3049.356,34200056300.0
2022-04-25,sh000001,2928.512,3034.267,3043.816,2928.51,43360610800.0
2022-04-26,sh000001,2886.426,2930.453,2957.68,2878.256,40161515400.0
2022-04-27,sh000001,2958.282,2866.816,2959.178,2863.65,42306019100.0
2022-04-28,sh000001,2975.485,2945.811,2991.51,2936.794,37537177500.0
2022-04-29,sh000001,3047.062,2986.061,3048.494,2968.334,42393279400.0
2022-05-05,sh000001,3067.759,3044.849,3082.23,3042.116,38307287500.0
2022-05-06,sh000001,3001.561,3011.319,3030.693,2992.715,34326421800.0
2022-05-09,sh000001,3004.141,2990.199,3015.943,2983.612,29206155600.0
2022-05-10,sh000001,3035.844,2965.776,3043.779,2957.397,37066098000.0
2022-05-11,sh000001,3058.703,3035.389,3100.9,3034.675,42399191200.0
2022-05-12,sh000001,3054.994,3044.8,3072.157,3032.945,34444047700.0
2022-05-13,sh000001,3084.285,3068.033,3086.096,3059.253,33173785200.0
2022-05-16,sh000001,3073.749,3100.55,3102.577,3063.398,33810849200.0
2022-05-17,sh000001,3093.697,3076.498,3093.697,3057.641,33035653700.0
2022-05-18,sh000001,3085.977,3095.886,3105.842,3071.305,31503792300.0
2022-05-19,sh000001,3096.965,3046.71,3096.965,3042.674,33660074900.0
2022-05-20,sh000001,3146.567,3107.094,3146.567,3107.094,37233663600.0
2022-05-23,sh000001,3146.857,3150.49,3150.509,3127.899,35337632500.0
2022-05-24,sh000001,3070.927,3149.059,3153.13,3070.927,41631215800.0
2022-05-25,sh000001,3107.464,3070.17,3107.628,3069.946,34225922700.0
2022-05-26,sh000001,3123.108,3111.482,3133.277,3079.481,37030551800.0
2022-05-27,sh000001,3130.239,3135.032,3151.047,3112.544,35946386600.0
2022-05-30,sh000001,3149.061,3141.956,3150.892,3123.15,34936228500.0
2022-05-31,sh000001,3186.427,3149.944,3188.603,3142.004,37452326500.0
2022-06-01,sh000001,3182.157,3179.695,3190.609,3160.04,36566443200.0
2022-06-02,sh000001,3195.458,3170.306,3197.282,3163.756,36177063200.0
2022-06-06,sh000001,3236.372,3196.955,3237.071,3181.647,42202783500.0
2022-06-07,sh000001,3241.764,3235.416,3253.093,3222.635,40220322000.0
2022-06-08,sh000001,3263.793,3245.017,3266.63,3216.015,43418327000.0
2022-06-09,sh000001,3238.954,3259.49,3270.557,3223.475,42272837200.0
2022-06-10,sh000001,3284.834,3214.185,3286.62,3210.808,43986573000.0
2022-06-13,sh000001,3255.551,3256.275,3272.991,3229.309,43857831200.0
2022-06-14,sh000001,3288.907,3224.214,3289.134,3195.819,45038818700.0
2022-06-15,sh000001,3305.407,3289.104,3358.545,3288.851,55058413100.0
2022-06-16,sh000001,3285.385,3306.835,3319.689,3277.531,43322086800.0
2022-06-17,sh000001,3316.786,3265.512,3323.28,3262.894,39530070000.0
2022-06-20,sh000001,3315.43,3315.783,3333.903,3292.928,41346041000.0
2022-06-21,sh000001,3306.719,3313.787,3329.39,3279.827,39445689100.0
2022-06-22,sh000001,3267.202,3309.118,3311.021,3266.543,37552978200.0
2022-06-23,sh000001,3320.149,3269.055,3320.149,3262.294,40061421100.0
2022-06-24,sh000001,3349.747,3324.736,3356.715,3322.95,39081973400.0
2022-06-27,sh000001,3379.185,3364.003,3393.309,3364.003,41411773800.0
2022-06-28,sh000001,3409.21,3377.679,3412.102,3358.867,41205651600.0
2022-06-29,sh000001,3361.518,3399.678,3414.647,3358.468,44057355900.0
2022-06-30,sh000001,3398.616,3358.934,3417.009,3358.934,38124317800.0
2022-07-01,sh000001,3387.637,3400.262,3404.052,3378.362,35048929900.0
2022-07-04,sh000001,3405.427,3381.819,3405.619,3364.095,35773791900.0
2022-07-05,sh000001,3404.025,3411.13,3424.837,3372.062,41169967200.0
2022-07-06,sh000001,3355.35,3391.027,3391.027,3333.097,38463004700.0
2022-07-07,sh000001,3364.398,3353.128,3375.86,3332.309,33440020200.0
2022-07-08,sh000001,3356.078,3380.369,3386.315,3354.121,32292107200.0
2022-07-11,sh000001,3313.584,3341.102,3341.102,3297.005,34266919300.0
2022-07-12,sh000001,3281.467,3307.221,3319.251,3277.079,33460053900.0
2022-07-13,sh000001,3284.292,3279.603,3297.019,3266.481,33184566900.0
2022-07-14,sh000001,3281.744,3277.455,3299.251,3261.493,35592643200.0
2022-07-15,sh000001,3228.061,3261.383,3288.92,3228.061,38015637100.0
2022-07-18,sh000001,3278.103,3235.088,3278.472,3226.232,34834602200.0
2022-07-19,sh000001,3279.431,3278.722,3283.93,3256.015,31565191800.0
2022-07-20,sh000001,3304.724,3291.551,3308.347,3287.744,30151512300.0
2022-07-21,sh000001,3272.001,3297.661,3300.535,3272.001,33235870700.0
2022-07-22,sh000001,3269.974,3276.197,3293.644,3246.731,30069006600.0
2022-07-25,sh000001,3250.388,3269.707,3273.184,3243.031,27124574400.0
2022-07-26,sh000001,3277.436,3254.185,3282.413,3246.044,25946867600.0
2022-07-27,sh000001,3275.755,3271.783,3282.574,3265.727,24913148500.0
2022-07-28,sh000001,3282.576,3287.502,3305.706,3277.108,28805505600.0
2022-07-29,sh000001,3253.238,3282.811,3294.805,3246.368,30733104700.0
2022-08-01,sh000001,3259.959,3246.616,3264.304,3225.553,29220480500.0
2022-08-02,sh000001,3186.266,3231.262,3231.262,3155.187,39417616800.0
2022-08-03,sh000001,3163.674,3188.891,3217.55,3159.457,32488567300.0
2022-08-04,sh000001,3189.039,3179.428,3190.999,3155.704,26089894300.0
2022-08-05,sh000001,3227.027,3195.227,3228.886,3184.455,27468372900.0
2022-08-08,sh000001,3236.934,3218.851,3237.969,3214.083,25426805000.0
2022-08-09,sh000001,3247.432,3235.735,3248.772,3227.539,25960546700.0
2022-08-10,sh000001,3230.02,3242.362,3253.166,3217.807,25758359200.0
2022-08-11,sh000001,3281.665,3243.472,3281.665,3237.904,30060537600.0
2022-08-12,sh000001,3276.888,3275.77,3288.223,3272.841,29993292800.0
2022-08-15,sh000001,3276.087,3268.365,3286.891,3261.815,28710677300.0
2022-08-16,sh000001,3277.885,3278.676,3295.023,3271.57,30359227400.0
2022-08-17,sh000001,3292.526,3282.101,3295.998,3263.348,32612475900.0
2022-08-18,sh000001,3277.544,3286.367,3289.142,3270.558,30169477800.0
2022-08-19,sh000001,3258.078,3275.623,3286.491,3258.064,33353547100.0
2022-08-22,sh000001,3277.794,3249.705,3278.166,3247.187,31453786900.0
2022-08-23,sh000001,3276.223,3274.427,3284.596,3262.633,31656635600.0
2022-08-24,sh000001,3215.203,3279.172,3281.875,3212.386,36614057700.0
2022-08-25,sh000001,3246.248,3223.465,3248.351,3199.124,33619616500.0
2022-08-26,sh000001,3236.223,3250.628,3266.274,3232.277,30992755400.0
2022-08-29,sh000001,3240.728,3203.102,3240.728,3198.996,29701509700.0
2022-08-30,sh000001,3227.22,3240.184,3243.746,3212.635,29431891400.0
2022-08-31,sh000001,3202.138,3216.526,3232.016,3184.394,34440882900.0
2022-09-01,sh000001,3184.98,3196.537,3214.558,3181.626,27466054100.0
2022-09-02,sh000001,3186.478,3189.644,3198.281,3173.793,25045691100.0
2022-09-05,sh000001,3199.912,3183.946,3199.912,3172.039,28067563300.0
2022-09-06,sh000001,3243.447,3207.933,3244.635,3203.816,31886968900.0
2022-09-07,sh000001,3246.294,3232.137,3253.767,3227.823,30101446600.0
2022-09-08,sh000001,3235.586,3245.557,3253.701,3233.801,28168035800.0
2022-09-09,sh000001,3262.054,3241.181,3266.197,3236.508,28382766500.0
2022-09-13,sh000001,3263.797,3272.049,3278.166,3259.664,27618982300.0
2022-09-14,sh000001,3237.542,3224.678,3250.802,3221.961,25519336500.0
2022-09-15,sh000001,3199.919,3248.972,3254.179,3174.39,32520612100.0
2022-09-16,sh000001,3126.398,3189.827,3191.827,3126.397,31647589300.0
2022-09-19,sh000001,3115.602,3122.755,3135.557,3101.221,24911366200.0
2022-09-20,sh000001,3122.406,3127.836,3140.025,3114.037,21994253400.0
2022-09-21,sh000001,3117.177,3116.007,3129.825,3091.297,23297249600.0
2022-09-22,sh000001,3108.91,3098.768,3125.68,3092.819,22114068900.0
2022-09-23,sh000001,3088.37,3106.806,3124.658,3072.241,24305771900.0
2022-09-26,sh000001,3051.226,3067.569,3102.654,3048.514,26269862800.0
2022-09-27,sh000001,3093.862,3056.392,3094.039,3048.365,23273530300.0
2022-09-28,sh000001,3045.067,3089.098,3089.098,3044.864,23009865000.0
2022-09-29,sh000001,3041.205,3067.473,3076.762,3026.079,23003041600.0
2022-09-30,sh000001,3024.391,3042.166,3054.613,3021.931,20411533600.0
2022-10-10,sh000001,2974.145,3026.935,3029.448,2968.281,24340482800.0
2022-10-11,sh000001,2979.793,2978.062,2986.912,2953.495,20863595000.0
2022-10-12,sh000001,3025.506,2976.717,3025.506,2934.092,24801355700.0
2022-10-13,sh000001,3016.356,3008.302,3036.249,3004.496,24968328100.0
2022-10-14,sh000001,3071.987,3035.034,3084.272,3035.034,27730406100.0
2022-10-17,sh000001,3084.942,3060.518,3087.194,3052.715,26260861800.0
2022-10-18,sh000001,3080.957,3094.927,3099.918,3074.216,24563475700.0
2022-10-19,sh000001,3044.378,3073.262,3081.39,3044.378,23089531000.0
2022-10-20,sh000001,3035.05,3029.303,3070.265,3013.693,24473614500.0
2022-10-21,sh000001,3038.929,3038.036,3055.416,3026.96,24525412200.0
2022-10-24,sh000001,2977.555,3034.746,3064.421,2965.168,29808535600.0
2022-10-25,sh000001,2976.283,2969.156,3001.715,2944.261,25555416000.0
2022-10-26,sh000001,2999.504,2977.564,3028.348,2977.564,26868949200.0
2022-10-27,sh000001,2982.903,3005.037,3017.263,2981.689,26560825400.0
2022-10-28,sh000001,2915.926,2967.022,2974.236,2908.983,29253130800.0
2022-10-31,sh000001,2893.483,2893.196,2926.015,2885.089,30199420300.0
2022-11-01,sh000001,2969.2,2899.499,2969.2,2896.757,31980957800.0
2022-11-02,sh000001,3003.37,2960.647,3019.049,2954.948,32507824800.0
2022-11-03,sh000001,2997.806,2981.204,3003.721,2977.716,25934856700.0
2022-11-04,sh000001,3070.796,2996.997,3081.59,2996.997,32980674000.0
2022-11-07,sh000001,3077.817,3062.859,3088.193,3054.457,32056709700.0
2022-11-08,sh000001,3064.493,3077.306,3078.276,3047.462,25652200700.0
2022-11-09,sh000001,3048.168,3064.463,3073.918,3046.188,23563732400.0
2022-11-10,sh000001,3036.132,3031.692,3047.98,3022.851,27037179800.0
2022-11-11,sh000001,3087.293,3099.65,3117.742,3070.301,40960453400.0
2022-11-14,sh000001,3083.401,3100.867,3121.406,3075.215,36178821600.0
2022-11-15,sh000001,3134.078,3081.135,3135.59,3074.498,33147057700.0
2022-11-16,sh000001,3119.98,3133.65,3145.753,3115.345,30342984400.0
2022-11-17,sh000001,3115.435,3110.965,3115.435,3087.174,28702840700.0
2022-11-18,sh000001,3097.243,3116.729,3126.711,3096.886,29995427600.0
2022-11-21,sh000001,3085.044,3078.057,3085.243,3056.17,25604554900.0
2022-11-22,sh000001,3088.943,3084.233,3118.12,3076.321,32756592700.0
2022-11-23,sh000001,3096.907,3084.74,3108.244,3075.324,32615544900.0
2022-11-24,sh000001,3089.31,3104.096,3113.239,3084.855,26748292800.0
2022-11-25,sh000001,3101.693,3085.461,3111.421,3077.967,31143197900.0
2022-11-28,sh000001,3078.549,3055.29,3080.184,3034.705,30581128400.0
2022-11-29,sh000001,3149.748,3096.113,3152.003,3096.113,39144974800.0
2022-11-30,sh000001,3151.335,3141.399,3158.573,3137.369,37271832100.0
2022-12-01,sh000001,3165.471,3187.99,3198.409,3164.535,38701305600.0
2022-12-02,sh000001,3156.144,3160.579,3170.898,3149.841,30781248400.0
2022-12-05,sh000001,3211.814,3181.916,3213.44,3177.064,44739843700.0
2022-12-06,sh000001,3212.533,3200.275,3224.822,3195.079,37359029600.0
2022-12-07,sh000001,3199.619,3204.935,3226.082,3188.671,35411307800.0
2022-12-08,sh000001,3197.35,3196.016,3206.715,3187.257,32096929400.0
2022-12-09,sh000001,3206.95,3197.118,3212.106,3182.907,37334320900.0
2022-12-12,sh000001,3179.042,3195.868,3196.725,3176.575,33338179200.0
2022-12-13,sh000001,3176.326,3179.435,3187.204,3171.483,28582120000.0
2022-12-14,sh000001,3176.525,3178.554,3189.835,3168.593,26562356900.0
2022-12-15,sh000001,3168.648,3177.2,3179.1,3158.452,24302333300.0
2022-12-16,sh000001,3167.858,3156.135,3175.353,3151.609,25977179500.0
2022-12-19,sh000001,3107.115,3165.309,3170.255,3096.098,27851354100.0
2022-12-20,sh000001,3073.766,3098.953,3100.748,3061.51,21883676600.0
2022-12-21,sh000001,3068.411,3078.331,3085.795,3060.554,18906792000.0
2022-12-22,sh000001,3054.431,3085.8,3096.245,3044.599,22363953700.0
2022-12-23,sh000001,3045.866,3038.842,3061.867,3031.536,19202030500.0
2022-12-26,sh000001,3065.563,3048.196,3071.836,3047.349,20650389300.0
2022-12-27,sh000001,3095.568,3077.747,3098.078,3074.313,22221832200.0
2022-12-28,sh000001,3087.4,3088.617,3098.65,3079.434,22455415100.0
2022-12-29,sh000001,3073.702,3076.726,3086.005,3064.459,21557067600.0
2022-12-30,sh000001,3089.258,3084.523,3096.314,3082.196,21754534400.0
2023-01-03,sh000001,3116.512,3087.513,3119.856,3073.054,28137036200.0
2023-01-04,sh000001,3123.516,3117.571,3129.094,3109.451,27331362600.0
2023-01-05,sh000001,3155.216,3132.761,3159.427,3130.23,25700301800.0
2023-01-06,sh000001,3157.637,3155.075,3170.742,3151.841,25738025500.0
2023-01-09,sh000001,3176.085,3169.374,3183.583,3165.428,25811521800.0
2023-01-10,sh000001,3169.507,3178.022,3178.157,3165.145,23298417500.0
2023-01-11,sh000001,3161.838,3172.376,3184.757,3160.89,23774286900.0
2023-01-12,sh000001,3163.451,3167.273,3171.591,3153.404,21667130500.0
2023-01-13,sh000001,3195.306,3170.355,3195.307,3167.51,22022689700.0
2023-01-16,sh000001,3227.592,3198.519,3251.374,3197.319,30674954900.0
2023-01-17,sh000001,3224.245,3229.435,3231.265,3211.757,22659223000.0
2023-01-18,sh000001,3224.406,3227.595,3234.817,3220.37,21210973000.0
2023-01-19,sh000001,3240.279,3221.518,3240.279,3210.383,22646503000.0
2023-01-20,sh000001,3264.814,3247.203,3267.058,3247.203,27321918200.0
2023-01-30,sh000001,3269.318,3308.869,3310.49,3266.758,35332582900.0
2023-01-31,sh000001,3255.669,3266.144,3277.252,3252.015,30016295700.0
2023-02-01,sh000001,3284.921,3262.196,3284.922,3245.411,33950941000.0
2023-02-02,sh000001,3285.671,3291.783,3295.764,3272.414,33341313300.0
2023-02-03,sh000001,3263.406,3275.658,3275.658,3235.353,29334281400.0
2023-02-06,sh000001,3238.698,3244.701,3250.351,3226.211,26705310700.0
2023-02-07,sh000001,3248.094,3245.23,3250.033,3233.833,25094645000.0
2023-02-08,sh000001,3232.106,3251.501,3257.114,3230.439,23453048100.0
2023-02-09,sh000001,3270.383,3227.728,3270.383,3225.772,25475452900.0
2023-02-10,sh000001,3260.673,3266.437,3269.994,3247.23,26062692600.0
2023-02-13,sh000001,3284.16,3256.988,3285.091,3252.633,29721318800.0
2023-02-14,sh000001,3293.283,3288.974,3293.734,3279.189,27097416800.0
2023-02-15,sh000001,3280.492,3294.015,3296.2,3274.551,26993912300.0
2023-02-16,sh000001,3249.03,3281.735,3308.828,3231.342,38086354500.0
2023-02-17,sh000001,3224.024,3244.733,3262.473,3223.258,27845123700.0
2023-02-20,sh000001,3290.338,3230.473,3291.039,3225.843,32500773300.0
2023-02-21,sh000001,3306.524,3291.631,3308.791,3282.436,32440944900.0
2023-02-22,sh000001,3291.148,3292.049,3307.034,3286.721,25540398500.0
2023-02-23,sh000001,3287.477,3293.522,3307.439,3275.362,26232430400.0
2023-02-24,sh000001,3267.16,3287.255,3288.392,3253.975,23420630600.0
2023-02-27,sh000001,3258.034,3257.0,3276.579,3251.721,24285534400.0
2023-02-28,sh000001,3279.605,3265.742,3280.415,3246.145,25162503200.0
2023-03-01,sh000001,3312.348,3279.136,3315.16,3272.035,31839870400.0
2023-03-02,sh000001,3310.654,3308.011,3320.744,3306.455,32852001600.0
2023-03-03,sh000001,3328.393,3314.773,3330.605,3302.623,34399691900.0
2023-03-06,sh000001,3322.026,3332.024,3333.062,3308.726,34053044600.0
2023-03-07,sh000001,3285.099,3320.211,3342.859,3284.41,38995795600.0
2023-03-08,sh000001,3283.248,3271.88,3283.248,3263.693,26044354700.0
2023-03-09,sh000001,3276.094,3285.943,3289.06,3260.0,26402185900.0
2023-03-10,sh000001,3230.077,3255.512,3262.147,3229.496,28113541000.0
2023-03-13,sh000001,3268.696,3228.124,3268.696,3228.124,29492808700.0
2023-03-14,sh000001,3245.312,3261.922,3262.003,3216.993,31990603300.0
2023-03-15,sh000001,3263.315,3261.028,3273.123,3256.857,30516879800.0
2023-03-16,sh000001,3226.891,3244.47,3257.433,3224.722,32738963200.0
2023-03-17,sh000001,3250.546,3245.26,3279.923,3240.157,34300102200.0
2023-03-20,sh000001,3234.91,3253.93,3267.993,3231.646,39251739100.0
2023-03-21,sh000001,3255.651,3240.839,3256.0,3237.893,30181077900.0
2023-03-22,sh000001,3265.748,3263.413,3279.394,3255.739,29084046200.0
2023-03-23,sh000001,3286.649,3258.779,3286.649,3252.992,30611839300.0
2023-03-24,sh000001,3265.654,3282.739,3282.739,3260.844,32451333700.0
2023-03-27,sh000001,3251.397,3261.824,3261.824,3229.704,33786120600.0
2023-03-28,sh000001,3245.376,3256.602,3264.098,3241.737,29568266000.0
2023-03-29,sh000001,3240.057,3253.621,3254.556,3229.585,29690050800.0
2023-03-30,sh000001,3261.249,3243.068,3263.738,3220.985,29989829500.0
2023-03-31,sh000001,3272.86,3263.406,3278.423,3260.04,28361374600.0
2023-04-03,sh000001,3296.396,3277.34,3299.732,3276.416,35767677500.0
2023-04-04,sh000001,3312.558,3297.183,3312.562,3290.993,38587161700.0
2023-04-06,sh000001,3312.628,3302.751,3314.526,3296.055,32715542400.0
2023-04-07,sh000001,3327.646,3312.481,3328.846,3308.061,28303224700.0
2023-04-10,sh000001,3315.358,3331.505,3332.715,3309.917,34081984500.0
2023-04-11,sh000001,3313.571,3317.077,3317.448,3298.25,32056605500.0
2023-04-12,sh000001,3327.182,3316.862,3330.708,3315.399,34302531500.0
2023-04-13,sh000001,3318.364,3321.273,3334.47,3309.252,34786210600.0
2023-04-14,sh000001,3338.153,3326.37,3340.076,3316.81,33829927500.0
2023-04-17,sh000001,3385.61,3337.061,3385.61,3336.388,40280992600.0
2023-04-18,sh000001,3393.331,3379.227,3396.175,3375.78,34839948600.0
2023-04-19,sh000001,3370.128,3391.355,3394.959,3364.642,34612344300.0
2023-04-20,sh000001,3367.031,3367.053,3371.368,3344.016,35035496500.0
2023-04-21,sh000001,3301.258,3363.999,3367.609,3301.258,38739509800.0
2023-04-24,sh000001,3275.413,3300.813,3303.091,3264.935,35425562600.0
2023-04-25,sh000001,3264.872,3276.403,3288.569,3229.446,38089572900.0
2023-04-26,sh000001,3264.101,3255.217,3277.98,3239.989,35791784200.0
2023-04-27,sh000001,3285.884,3256.228,3299.301,3253.112,34159053400.0
2023-04-28,sh000001,3323.275,3283.122,3324.881,3283.122,40155478500.0
2023-05-04,sh000001,3350.459,3306.483,3352.746,3302.028,48336491600.0
2023-05-05,sh000001,3334.503,3350.654,3364.142,3321.187,43650449400.0
2023-05-08,sh000001,3395.004,3340.99,3400.177,3340.99,53410365900.0
2023-05-09,sh000001,3357.671,3402.394,3418.953,3356.118,57301330900.0
2023-05-10,sh000001,3319.151,3347.702,3349.721,3305.251,45173973100.0
2023-05-11,sh000001,3309.551,3323.658,3333.25,3307.289,35425827100.0
2023-05-12,sh000001,3272.362,3304.458,3319.131,3271.431,34731498300.0
2023-05-15,sh000001,3310.737,3269.878,3310.737,3235.868,38804588700.0
2023-05-16,sh000001,3290.987,3310.161,3317.901,3282.492,32247941000.0
2023-05-17,sh000001,3284.232,3281.966,3298.519,3269.894,28574405000.0
2023-05-18,sh000001,3297.32,3288.411,3313.862,3284.168,30996747200.0
2023-05-19,sh000001,3283.542,3288.891,3302.342,3268.224,28540406400.0
2023-05-22,sh000001,3296.47,3278.596,3308.533,3276.54,27388999800.0
2023-05-23,sh000001,3246.238,3294.788,3298.226,3246.238,27527908300.0
2023-05-24,sh000001,3204.749,3237.705,3237.705,3204.381,28872025700.0
2023-05-25,sh000001,3201.261,3197.364,3207.021,3168.572,28358892500.0
2023-05-26,sh000001,3212.504,3198.883,3220.774,3179.822,26170047900.0
2023-05-29,sh000001,3221.448,3219.755,3230.971,3208.955,29738948700.0
2023-05-30,sh000001,3224.213,3214.673,3230.632,3186.626,30353246000.0
2023-05-31,sh000001,3204.564,3214.655,3216.36,3190.274,29457333800.0
2023-06-01,sh000001,3204.635,3196.155,3225.093,3189.517,31233075900.0
2023-06-02,sh000001,3230.069,3212.449,3233.992,3211.737,29466709800.0
2023-06-05,sh000001,3232.441,3231.811,3244.18,3221.625,27806020300.0
2023-06-06,sh000001,3195.34,3228.407,3247.349,3189.269,30828587200.0
2023-06-07,sh000001,3197.759,3197.468,3210.33,3188.005,25806340000.0
2023-06-08,sh000001,3213.586,3194.835,3225.526,3180.535,29353074100.0
2023-06-09,sh000001,3231.406,3213.033,3231.406,3206.103,31415550100.0
2023-06-12,sh000001,3228.834,3225.305,3239.437,3210.714,31378444400.0
2023-06-13,sh000001,3233.673,3223.896,3235.085,3215.499,28062845400.0
2023-06-14,sh000001,3228.989,3238.119,3248.461,3226.774,30353726000.0
2023-06-15,sh000001,3252.975,3230.451,3252.975,3229.145,31325575200.0
2023-06-16,sh000001,3273.334,3256.299,3276.552,3255.499,32628184600.0
2023-06-19,sh000001,3255.806,3271.164,3271.164,3251.779,32775304700.0
2023-06-20,sh000001,3240.365,3252.544,3252.844,3237.786,29826059600.0
2023-06-21,sh000001,3197.901,3230.114,3236.363,3197.901,29437737200.0
2023-06-26,sh000001,3150.619,3177.229,3181.076,3144.248,30812981100.0
2023-06-27,sh000001,3189.443,3153.313,3194.409,3148.266,28760432700.0
2023-06-28,sh000001,3189.376,3183.487,3192.659,3157.123,27623194800.0
2023-06-29,sh000001,3182.381,3185.424,3196.503,3179.525,25034007400.0
2023-06-30,sh000001,3202.062,3178.924,3212.993,3177.991,26537987300.0
2023-07-03,sh000001,3243.975,3209.162,3246.861,3209.162,31237139500.0
2023-07-04,sh000001,3245.349,3241.231,3246.958,3233.99,27924872100.0
2023-07-05,sh000001,3222.947,3240.049,3241.835,3218.602,26401642600.0
2023-07-06,sh000001,3205.575,3215.863,3229.48,3199.716,24611903200.0
2023-07-07,sh000001,3196.609,3197.472,3212.047,3189.211,25568846900.0
2023-07-10,sh000001,3203.696,3208.735,3216.535,3192.658,23656036700.0
2023-07-11,sh000001,3221.367,3211.122,3221.68,3200.385,22760046700.0
2023-07-12,sh000001,3196.134,3220.376,3224.331,3193.437,27142338600.0
2023-07-13,sh000001,3236.48,3202.699,3238.468,3202.699,27662050800.0
2023-07-14,sh000001,3237.701,3240.97,3248.385,3233.999,27332749400.0
2023-07-17,sh000001,3209.63,3219.016,3219.016,3195.886,25020837600.0
2023-07-18,sh000001,3197.82,3206.786,3210.248,3190.005,23503025900.0
2023-07-19,sh000001,3198.836,3195.009,3204.361,3181.561,21735586000.0
2023-07-20,sh000001,3169.522,3201.911,3209.055,3165.674,23893289100.0
2023-07-21,sh000001,3167.745,3163.421,3185.636,3157.334,22533136300.0
2023-07-24,sh000001,3164.161,3157.469,3178.734,3151.125,21659521100.0
2023-07-25,sh000001,3231.521,3201.458,3231.749,3201.458,34861771400.0
2023-07-26,sh000001,3223.028,3228.087,3229.892,3212.88,31720605100.0
2023-07-27,sh000001,3216.671,3225.476,3245.603,3210.47,32711886700.0
2023-07-28,sh000001,3275.926,3206.741,3280.278,3200.994,41106843400.0
2023-07-31,sh000001,3291.04,3287.209,3322.129,3281.013,45903099400.0
2023-08-01,sh000001,3290.949,3288.76,3305.34,3279.566,45989083300.0
2023-08-02,sh000001,3261.69,3281.858,3290.82,3252.304,40534149900.0
2023-08-03,sh000001,3280.463,3254.565,3280.864,3247.272,38469131700.0
2023-08-04,sh000001,3288.084,3296.094,3315.049,3281.734,47092769700.0
2023-08-07,sh000001,3268.831,3276.776,3276.776,3258.537,36034148400.0
2023-08-08,sh000001,3260.62,3260.722,3274.519,3246.675,31652073300.0
2023-08-09,sh000001,3244.487,3251.152,3257.082,3240.289,27121853800.0
2023-08-10,sh000001,3254.56,3242.206,3257.03,3234.116,28741214200.0
2023-08-11,sh000001,3189.248,3254.475,3254.475,3189.248,33013775000.0
2023-08-14,sh000001,3178.427,3159.714,3180.507,3141.655,29984032700.0
2023-08-15,sh000001,3176.176,3180.558,3186.234,3147.346,27325192200.0
2023-08-16,sh000001,3150.128,3164.702,3176.626,3149.723,28172829200.0
2023-08-17,sh000001,3163.739,3137.351,3167.446,3123.25,29469258600.0
2023-08-18,sh000001,3131.953,3165.1,3179.116,3131.953,29439035200.0
2023-08-21,sh000001,3092.978,3125.99,3134.957,3092.978,26575342300.0
2023-08-22,sh000001,3120.334,3103.781,3126.784,3074.531,30931633500.0
2023-08-23,sh000001,3078.402,3116.266,3116.377,3077.606,27224412400.0
2023-08-24,sh000001,3082.244,3085.911,3106.182,3072.951,30002463700.0
2023-08-25,sh000001,3064.075,3068.615,3085.047,3053.037,29334768600.0
2023-08-28,sh000001,3098.636,3219.043,3219.043,3089.119,48560776400.0
2023-08-29,sh000001,3135.887,3091.938,3145.761,3090.438,39887578000.0
2023-08-30,sh000001,3137.138,3144.407,3153.689,3126.902,34751186700.0
2023-08-31,sh000001,3119.876,3134.553,3139.98,3113.946,31344824200.0
2023-09-01,sh000001,3133.247,3126.023,3143.846,3123.19,29231099200.0
2023-09-04,sh000001,3177.06,3145.944,3177.06,3143.379,36639114000.0
2023-09-05,sh000001,3154.369,3169.738,3169.738,3150.075,29406184900.0
2023-09-06,sh000001,3158.077,3147.136,3162.155,3136.9,26700223000.0
2023-09-07,sh000001,3122.352,3152.203,3152.266,3120.823,26926473300.0
2023-09-08,sh000001,3116.719,3114.23,3126.041,3104.674,22812506400.0
2023-09-11,sh000001,3142.779,3119.61,3155.103,3113.816,29044291700.0
2023-09-12,sh000001,3137.059,3140.341,3147.514,3134.318,23467205100.0
2023-09-13,sh000001,3123.067,3137.772,3143.758,3106.969,24970103800.0
2023-09-14,sh000001,3126.551,3124.848,3135.025,3111.859,26399013800.0
2023-09-15,sh000001,3117.743,3133.588,3141.964,3107.448,29202636500.0
2023-09-18,sh000001,3125.932,3110.44,3128.701,3098.496,25944425700.0
2023-09-19,sh000001,3124.957,3123.986,3131.13,3113.525,25365276100.0
2023-09-20,sh000001,3108.568,3118.667,3122.128,3108.158,22812446200.0
2023-09-21,sh000001,3084.701,3103.175,3113.494,3084.701,22865910000.0
2023-09-22,sh000001,3132.432,3084.757,3132.558,3078.801,28597835100.0
2023-09-25,sh000001,3115.607,3131.208,3131.208,3112.151,25807188500.0
2023-09-26,sh000001,3102.273,3114.021,3120.289,3102.273,22264431300.0
2023-09-27,sh000001,3107.316,3104.04,3125.447,3103.844,24049583000.0
2023-09-28,sh000001,3110.475,3117.755,3121.835,3105.94,23632998100.0
2023-10-09,sh000001,3096.922,3100.0,3103.36,3072.642,26442220500.0
2023-10-10,sh000001,3075.236,3104.365,3109.982,3073.186,25532737900.0
2023-10-11,sh000001,3078.956,3085.699,3095.659,3071.936,25991869200.0
2023-10-12,sh000001,3107.901,3101.705,3109.99,3092.177,27482799800.0
2023-10-13,sh000001,3088.099,3091.997,3094.915,3080.548,25508523500.0
2023-10-16,sh000001,3073.813,3091.065,3091.126,3063.686,26388236300.0
2023-10-17,sh000001,3083.496,3076.428,3084.073,3064.89,25901958800.0
2023-10-18,sh000001,3058.71,3076.58,3076.58,3057.059,26864715500.0
2023-10-19,sh000001,3005.393,3043.196,3043.196,3004.775,30403891000.0
2023-10-20,sh000001,2983.059,2995.358,3006.275,2977.173,26711359400.0
2023-10-23,sh000001,2939.291,2969.786,2973.661,2923.511,27890412800.0
2023-10-24,sh000001,2962.244,2944.311,2964.761,2929.088,31098538900.0
2023-10-25,sh000001,2974.114,2986.407,2993.295,2972.418,33239200400.0
2023-10-26,sh000001,2988.299,2960.104,2990.328,2956.006,29181451100.0
2023-10-27,sh000001,3017.784,2978.403,3029.21,2974.88,32180371700.0
2023-10-30,sh000001,3021.553,3009.61,3028.264,3002.348,36060423800.0
2023-10-31,sh000001,3018.771,3019.646,3023.001,3006.609,31985996700.0
2023-11-01,sh000001,3023.077,3038.182,3038.33,3013.933,28011044500.0
2023-11-02,sh000001,3009.406,3028.665,3038.642,3009.121,26879458100.0
2023-11-03,sh000001,3030.798,3012.465,3040.981,3012.465,26848634700.0
2023-11-06,sh000001,3058.411,3047.13,3058.989,3037.694,37294963000.0
2023-11-07,sh000001,3057.27,3052.92,3064.577,3042.469,32685345500.0
2023-11-08,sh000001,3052.373,3051.153,3062.991,3037.289,33567783400.0
2023-11-09,sh000001,3053.279,3047.653,3063.467,3045.834,31562176400.0
2023-11-10,sh000001,3038.97,3043.559,3044.001,3027.088,28554649700.0
2023-11-13,sh000001,3046.533,3044.032,3048.621,3028.168,29043058800.0
2023-11-14,sh000001,3056.07,3046.817,3059.529,3044.426,29484473300.0
2023-11-15,sh000001,3072.835,3077.029,3080.128,3064.346,30425010700.0
2023-11-16,sh000001,3050.926,3066.855,3071.452,3050.926,27107946000.0
2023-11-17,sh000001,3054.366,3043.617,3055.856,3033.747,26760639300.0
2023-11-20,sh000001,3068.319,3056.927,3072.513,3043.515,28755699800.0
2023-11-21,sh000001,3067.933,3074.828,3089.774,3063.345,33073310200.0
2023-11-22,sh000001,3043.611,3060.498,3067.963,3043.611,28905649000.0
2023-11-23,sh000001,3061.856,3041.678,3062.867,3034.297,27659205900.0
2023-11-24,sh000001,3040.972,3060.331,3060.331,3037.201,28778841300.0
2023-11-27,sh000001,3031.7,3038.186,3038.358,3015.008,31051786800.0
2023-11-28,sh000001,3038.555,3028.598,3039.695,3020.231,26892074600.0
2023-11-29,sh000001,3021.687,3038.464,3038.977,3017.661,27795644800.0
2023-11-30,sh000001,3029.673,3021.103,3030.909,3013.768,28294535700.0
2023-12-01,sh000001,3031.636,3027.353,3035.76,3010.233,28608970000.0
2023-12-04,sh000001,3022.914,3033.298,3038.979,3022.348,28816205300.0
2023-12-05,sh000001,2972.296,3017.01,3017.01,2972.296,29394327800.0
2023-12-06,sh000001,2968.933,2966.948,2985.314,2959.603,29410418700.0
2023-12-07,sh000001,2966.206,2965.652,2976.015,2949.144,29624368700.0
2023-12-08,sh000001,2969.559,2965.39,2980.834,2962.327,36913870500.0
2023-12-11,sh000001,2991.439,2956.291,2995.67,2930.422,36021634400.0
2023-12-12,sh000001,3003.438,2986.328,3003.746,2980.446,28763876200.0
2023-12-13,sh000001,2968.761,2997.336,2997.336,2968.761,28275409800.0
2023-12-14,sh000001,2958.986,2979.699,2986.177,2958.066,27145765000.0
2023-12-15,sh000001,2942.557,2966.302,2976.309,2940.027,28932764200.0
2023-12-18,sh000001,2930.804,2936.575,2951.148,2924.325,29308699900.0
2023-12-19,sh000001,2932.391,2928.763,2940.501,2914.125,26592698000.0
2023-12-20,sh000001,2902.11,2932.119,2937.101,2902.04,26556245400.0
2023-12-21,sh000001,2918.715,2892.02,2924.256,2882.02,28254182700.0
2023-12-22,sh000001,2914.775,2919.288,2935.7,2906.509,29662836700.0
2023-12-25,sh000001,2918.813,2909.875,2920.632,2903.987,22981417800.0
2023-12-26,sh000001,2898.879,2917.971,2917.971,2892.837,22814085500.0
2023-12-27,sh000001,2914.614,2900.149,2917.956,2890.165,24790088200.0
2023-12-28,sh000001,2954.704,2913.11,2961.648,2909.389,33921311600.0
2023-12-29,sh000001,2974.935,2950.837,2975.032,2950.017,29067268700.0
2024-01-02,sh000001,2962.276,2972.775,2976.268,2962.276,30414179300.0
2024-01-03,sh000001,2967.247,2957.112,2971.283,2953.29,28545594500.0
2024-01-04,sh000001,2954.349,2965.509,2966.683,2936.635,26498092400.0
2024-01-05,sh000001,2929.183,2949.822,2967.968,2916.721,30104023900.0
2024-01-08,sh000001,2887.538,2923.457,2924.456,2887.538,27027505500.0
2024-01-09,sh000001,2893.251,2887.11,2900.727,2878.412,26295597500.0
2024-01-10,sh000001,2877.702,2886.981,2903.162,2870.416,24404652600.0
2024-01-11,sh000001,2886.65,2873.798,2896.179,2867.722,26705076400.0
2024-01-12,sh000001,2881.977,2880.04,2904.174,2878.875,26160293100.0
2024-01-15,sh000001,2886.291,2872.556,2904.464,2869.224,24461123600.0
2024-01-16,sh000001,2893.989,2881.56,2896.683,2861.13,28628671400.0
2024-01-17,sh000001,2833.615,2887.292,2887.489,2833.615,26125130800.0
2024-01-18,sh000001,2845.784,2822.667,2849.256,2760.978,39039685500.0
2024-01-19,sh000001,2832.279,2836.975,2849.876,2822.843,26666438800.0
2024-01-22,sh000001,2756.34,2826.503,2828.32,2735.372,35016575800.0
2024-01-23,sh000001,2770.976,2746.892,2784.841,2724.157,30874941700.0
2024-01-24,sh000001,2820.772,2782.142,2823.695,2743.397,36907060000.0
2024-01-25,sh000001,2906.109,2823.826,2906.794,2821.709,44200904500.0
2024-01-26,sh000001,2910.223,2897.915,2924.307,2890.482,42110908400.0
2024-01-29,sh000001,2883.356,2910.607,2923.899,2883.333,41058131100.0
2024-01-30,sh000001,2830.527,2866.28,2881.347,2829.25,33566122600.0
2024-01-31,sh000001,2788.548,2815.504,2834.011,2782.587,37710396500.0
2024-02-01,sh000001,2770.74,2773.424,2805.015,2752.782,35288918500.0
2024-02-02,sh000001,2730.152,2773.295,2791.676,2666.334,42623019900.0
2024-02-05,sh000001,2702.185,2716.081,2739.738,2635.09,47899029200.0
2024-02-06,sh000001,2789.486,2680.485,2802.931,2669.673,50284931300.0
2024-02-07,sh000001,2829.696,2791.515,2829.696,2770.529,54711743900.0
2024-02-08,sh000001,2865.903,2832.486,2867.474,2827.902,53110889300.0
2024-02-19,sh000001,2910.544,2886.587,2910.544,2867.71,45896770400.0
2024-02-20,sh000001,2922.73,2902.877,2927.308,2887.474,35013873500.0
2024-02-21,sh000001,2950.956,2906.024,2994.615,2898.05,44424546300.0
2024-02-22,sh000001,2988.358,2945.447,2988.358,2944.499,35413253600.0
2024-02-23,sh000001,3004.881,2992.912,3009.136,2979.973,38008327000.0
2024-02-26,sh000001,2977.022,3002.118,3009.479,2967.057,40902655800.0
2024-02-27,sh000001,3015.481,2966.417,3015.481,2961.148,37298468700.0
2024-02-28,sh000001,2957.852,3016.256,3031.488,2957.852,54410909300.0
2024-02-29,sh000001,3015.171,2943.624,3015.171,2943.624,40969637400.0
2024-03-01,sh000001,3027.02,3013.823,3032.232,3003.763,37913218400.0
2024-03-04,sh000001,3039.306,3026.607,3040.345,3007.683,38776000200.0
2024-03-05,sh000001,3047.793,3027.103,3052.541,3022.178,38350995500.0
2024-03-06,sh000001,3039.931,3041.752,3060.563,3034.354,34098273900.0
2024-03-07,sh000001,3027.401,3040.211,3063.692,3023.118,37715439100.0
2024-03-08,sh000001,3046.019,3026.165,3049.194,3016.903,31920439200.0
2024-03-11,sh000001,3068.455,3042.619,3068.455,3035.445,36160882100.0
2024-03-12,sh000001,3055.935,3068.182,3075.131,3044.857,41574391400.0
2024-03-13,sh000001,3043.835,3053.341,3061.951,3031.899,36504745300.0
2024-03-14,sh000001,3038.234,3042.413,3059.998,3020.637,36407229000.0
2024-03-15,sh000001,3054.636,3031.523,3056.447,3023.215,36026846300.0
2024-03-18,sh000001,3084.926,3057.209,3085.312,3055.922,40665350800.0
2024-03-19,sh000001,3062.756,3077.981,3090.046,3062.628,38412368000.0
2024-03-20,sh000001,3079.686,3058.648,3081.755,3056.645,34918772900.0
2024-03-21,sh000001,3077.113,3084.412,3090.051,3069.272,36687796800.0
2024-03-22,sh000001,3048.034,3070.548,3073.206,3027.762,39474048600.0
2024-03-25,sh000001,3026.306,3040.501,3065.261,3026.306,38748538900.0
2024-03-26,sh000001,3031.481,3026.922,3036.494,3006.26,34592878700.0
2024-03-27,sh000001,2993.139,3026.814,3030.45,2993.139,34319801000.0
2024-03-28,sh000001,3010.664,2988.59,3033.367,2984.12,35320002600.0
2024-03-29,sh000001,3041.167,3008.376,3041.298,3008.167,33482278500.0
2024-04-01,sh000001,3077.379,3049.021,3078.488,3049.021,37539364000.0
2024-04-02,sh000001,3074.959,3076.875,3085.537,3063.981,36730426200.0
2024-04-03,sh000001,3069.296,3074.893,3079.02,3057.397,36321138000.0
2024-04-08,sh000001,3047.053,3057.326,3077.351,3045.469,40293674000.0
2024-04-09,sh000001,3048.537,3044.614,3051.585,3033.209,33348996500.0
2024-04-10,sh000001,3027.335,3045.961,3049.607,3013.59,34899172100.0
2024-04-11,sh000001,3034.246,3013.573,3050.337,3009.897,34089439200.0
2024-04-12,sh000001,3019.474,3035.577,3043.56,3014.83,33422977100.0
2024-04-15,sh000001,3057.378,3013.672,3066.941,2995.542,46123924400.0
2024-04-16,sh000001,3007.068,3043.551,3052.435,3005.34,44807047300.0
2024-04-17,sh000001,3071.381,3008.061,3071.381,3002.056,41335836800.0
2024-04-18,sh000001,3074.225,3060.031,3102.553,3057.761,41632134900.0
2024-04-19,sh000001,3065.261,3060.299,3080.323,3055.058,37554385500.0
2024-04-22,sh000001,3044.595,3059.065,3078.423,3042.542,35721639900.0
2024-04-23,sh000001,3021.978,3038.612,3044.944,3016.517,32559512800.0
2024-04-24,sh000001,3044.822,3029.403,3045.64,3019.124,30526409300.0
2024-04-25,sh000001,3052.9,3037.927,3060.264,3034.65,29228014800.0
2024-04-26,sh000001,3088.636,3054.979,3092.43,3054.979,43938256300.0
2024-04-29,sh000001,3113.043,3086.682,3119.686,3080.586,50692544500.0
2024-04-30,sh000001,3104.825,3110.159,3123.288,3104.294,44021321300.0
2024-05-06,sh000001,3140.72,3132.512,3142.382,3126.769,45065689900.0
2024-05-07,sh000001,3147.738,3139.664,3151.219,3133.69,37910256400.0
2024-05-08,sh000001,3128.48,3141.487,3144.986,3126.173,33400032000.0
2024-05-09,sh000001,3154.32,3128.164,3158.465,3128.164,36088146200.0
2024-05-10,sh000001,3154.547,3158.589,3163.144,3137.152,38428749500.0
2024-05-13,sh000001,3148.021,3139.475,3157.366,3126.17,39703056500.0
2024-05-14,sh000001,3145.774,3148.849,3155.807,3137.609,34352619400.0
2024-05-15,sh000001,3119.902,3141.252,3142.973,3117.929,32102796200.0
2024-05-16,sh000001,3122.401,3127.184,3137.878,3116.163,36741736100.0
2024-05-17,sh000001,3154.026,3121.713,3154.026,3116.784,38391524400.0
2024-05-20,sh000001,3171.145,3156.148,3174.266,3155.99,42686728000.0
2024-05-21,sh000001,3157.966,3164.683,3165.224,3148.342,33578357200.0
2024-05-22,sh000001,3158.54,3157.189,3166.919,3152.457,35409808200.0
2024-05-23,sh000001,3116.387,3149.875,3150.628,3110.277,35394372700.0
2024-05-24,sh000001,3088.871,3110.753,3130.425,3087.794,30653227900.0
2024-05-27,sh000001,3124.043,3094.14,3125.506,3091.989,31939676500.0
2024-05-28,sh000001,3109.572,3122.388,3130.31,3106.365,31006697400.0
2024-05-29,sh000001,3111.018,3108.027,3128.137,3100.98,28997034600.0
2024-05-30,sh000001,3091.678,3103.708,3121.218,3085.384,30238076200.0
2024-05-31,sh000001,3086.813,3094.759,3107.604,3086.813,27607281600.0
2024-06-03,sh000001,3078.489,3085.981,3097.204,3061.277,35756336200.0
2024-06-04,sh000001,3091.199,3071.32,3095.322,3063.588,30928759800.0
2024-06-05,sh000001,3065.403,3086.051,3092.346,3064.736,29054234400.0
2024-06-06,sh000001,3048.794,3069.439,3077.673,3040.83,36986710400.0
2024-06-07,sh000001,3051.279,3053.915,3065.025,3031.044,31634248400.0
2024-06-11,sh000001,3028.045,3042.134,3043.2,3013.861,31048194200.0
2024-06-12,sh000001,3037.468,3025.296,3042.042,3021.309,27945210600.0
2024-06-13,sh000001,3028.919,3038.086,3040.402,3022.822,29786246300.0
2024-06-14,sh000001,3032.633,3020.959,3037.905,3011.577,34874675300.0
2024-06-17,sh000001,3015.891,3017.717,3026.624,3012.045,29576344800.0
2024-06-18,sh000001,3030.246,3015.071,3031.976,3012.523,27362599900.0
2024-06-19,sh000001,3018.049,3029.099,3030.226,3015.326,26129624800.0
2024-06-20,sh000001,3005.437,3015.722,3028.514,3001.768,29551590700.0
2024-06-21,sh000001,2998.138,2998.241,3011.914,2985.929,25500125100.0
2024-06-24,sh000001,2963.099,2982.826,2990.643,2960.127,29865388400.0
2024-06-25,sh000001,2949.996,2962.765,2971.653,2935.538,27320993800.0
2024-06-26,sh000001,2972.525,2943.447,2976.669,2933.33,28238840900.0
2024-06-27,sh000001,2945.852,2962.696,2963.064,2944.898,27054851900.0
2024-06-28,sh000001,2967.403,2940.303,2985.468,2939.984,31520143200.0
2024-07-01,sh000001,2994.73,2965.245,2996.409,2961.856,29778223500.0
2024-07-02,sh000001,2997.011,2992.856,3004.987,2989.47,28136468300.0
2024-07-03,sh000001,2982.376,2995.664,2998.537,2978.069,24628464200.0
2024-07-04,sh000001,2957.567,2984.83,2995.57,2955.29,27426878900.0
2024-07-05,sh000001,2949.933,2954.372,2957.107,2920.205,27232455600.0
2024-07-08,sh000001,2922.45,2939.837,2947.61,2917.232,27753342400.0
2024-07-09,sh000001,2959.372,2919.573,2963.782,2904.039,31506203100.0
2024-07-10,sh000001,2939.364,2949.026,2958.859,2935.33,30154945600.0
2024-07-11,sh000001,2970.387,2957.25,2971.361,2947.403,32837242400.0
2024-07-12,sh000001,2971.295,2965.612,2977.142,2963.303,30371301400.0
2024-07-15,sh000001,2974.011,2963.847,2977.313,2959.129,26899259700.0
2024-07-16,sh000001,2976.304,2963.9,2977.361,2959.666,26078363000.0
2024-07-17,sh000001,2962.855,2970.808,2972.795,2957.948,28230799100.0
2024-07-18,sh000001,2977.133,2951.143,2978.092,2937.905,27802266500.0
2024-07-19,sh000001,2982.309,2963.514,2986.243,2955.12,28093241300.0
2024-07-22,sh000001,2964.216,2978.193,2978.601,2946.561,27874955900.0
2024-07-23,sh000001,2915.369,2960.5,2960.5,2915.368,29629599400.0
2024-07-24,sh000001,2901.952,2909.152,2922.03,2894.289,30611885300.0
2024-07-25,sh000001,2886.742,2891.892,2897.767,2872.85,27463950000.0
2024-07-26,sh000001,2890.897,2885.995,2899.116,2875.396,27838753600.0
2024-07-29,sh000001,2891.845,2889.473,2898.951,2878.583,25689972700.0
2024-07-30,sh000001,2879.3,2885.215,2885.215,2865.149,26247883700.0
2024-07-31,sh000001,2938.749,2877.541,2940.593,2876.301,41272341700.0
2024-08-01,sh000001,2932.387,2940.12,2947.877,2928.826,34662113700.0
2024-08-02,sh000001,2905.338,2913.02,2931.259,2902.72,31220503900.0
2024-08-05,sh000001,2860.698,2889.363,2919.025,2860.698,35554057200.0
2024-08-06,sh000001,2867.284,2878.651,2888.201,2845.335,29730080300.0
2024-08-07,sh000001,2869.834,2864.01,2886.942,2857.725,26309715000.0
2024-08-08,sh000001,2869.901,2864.758,2886.399,2850.875,28912863200.0
2024-08-09,sh000001,2862.194,2879.873,2887.849,2862.194,28425391600.0
2024-08-12,sh000001,2858.205,2858.895,2869.269,2851.295,24424137100.0
2024-08-13,sh000001,2867.946,2860.41,2867.946,2845.31,23167460100.0
2024-08-14,sh000001,2850.654,2866.243,2866.243,2850.401,21788517000.0
2024-08-15,sh000001,2877.358,2844.201,2889.087,2839.388,27190000000.0
2024-08-16,sh000001,2879.43,2877.94,2888.675,2873.06,26365344100.0
2024-08-19,sh000001,2893.674,2877.954,2905.155,2877.771,26168773000.0
2024-08-20,sh000001,2866.661,2895.551,2896.519,2855.329,26365800200.0
2024-08-21,sh000001,2856.584,2858.939,2863.891,2848.151,22920002700.0
2024-08-22,sh000001,2848.772,2856.2,2861.607,2845.502,24539941500.0
2024-08-23,sh000001,2854.368,2844.77,2860.733,2839.337,22669256500.0
2024-08-26,sh000001,2855.52,2855.474,2860.655,2844.383,22735152300.0
2024-08-27,sh000001,2848.731,2850.877,2853.78,2843.158,23069300600.0
2024-08-28,sh000001,2837.429,2844.327,2852.562,2830.962,22873062300.0
2024-08-29,sh000001,2823.106,2829.451,2831.431,2815.383,27751053400.0
2024-08-30,sh000001,2842.214,2819.65,2867.965,2817.014,39751697500.0
2024-09-02,sh000001,2811.035,2832.35,2839.278,2810.374,34071419300.0
2024-09-03,sh000001,2802.979,2809.173,2814.903,2794.911,27573613900.0
2024-09-04,sh000001,2784.278,2786.505,2800.607,2781.935,25745350000.0
2024-09-05,sh000001,2788.314,2785.264,2796.019,2777.471,24204094800.0
2024-09-06,sh000001,2765.807,2791.765,2804.093,2765.639,25364537500.0
2024-09-09,sh000001,2736.488,2754.724,2756.556,2726.967,26146884700.0
2024-09-10,sh000001,2744.192,2737.881,2750.118,2718.627,26215901500.0
2024-09-11,sh000001,2721.795,2732.731,2732.731,2710.621,24226490000.0
2024-09-12,sh000001,2717.123,2722.138,2734.683,2716.555,24008431500.0
2024-09-13,sh000001,2704.09,2718.986,2728.78,2703.369,25127003800.0
2024-09-18,sh000001,2717.281,2705.345,2724.114,2689.695,24781713200.0
2024-09-19,sh000001,2736.022,2723.205,2747.74,2697.776,31520838900.0
2024-09-20,sh000001,2736.814,2734.228,2741.155,2717.945,28564462700.0
2024-09-23,sh000001,2748.918,2735.39,2760.48,2731.357,25764215400.0
2024-09-24,sh000001,2863.126,2770.754,2863.152,2761.372,47761954500.0
2024-09-25,sh000001,2896.306,2901.419,2952.451,2889.048,56825981600.0
2024-09-26,sh000001,3000.953,2893.745,3000.953,2889.014,57631926100.0
2024-09-27,sh000001,3087.529,3049.103,3087.529,3017.445,49228716300.0
2024-09-30,sh000001,3336.497,3194.722,3358.588,3153.697,110233791700.0
2024-10-08,sh000001,3489.775,3674.405,3674.405,3372.187,131346019500.0
2024-10-09,sh000001,3258.858,3427.22,3437.157,3249.159,99275725600.0
2024-10-10,sh000001,3301.926,3277.692,3379.805,3228.125,83450025700.0
2024-10-11,sh000001,3217.738,3287.873,3297.752,3187.988,60602743300.0
2024-10-14,sh000001,3284.323,3241.428,3294.62,3203.901,63146685900.0
2024-10-15,sh000001,3201.292,3265.746,3285.215,3201.292,56605455800.0
2024-10-16,sh000001,3202.948,3169.169,3236.848,3167.736,51581399700.0
2024-10-17,sh000001,3169.384,3220.733,3241.568,3169.384,52861177200.0
2024-10-18,sh000001,3261.563,3165.975,3313.978,3152.821,69301462300.0
2024-10-21,sh000001,3268.11,3276.06,3300.664,3239.097,66815029900.0
2024-10-22,sh000001,3285.867,3263.822,3294.961,3255.138,57491378100.0
2024-10-23,sh000001,3302.803,3285.247,3331.082,3277.066,65044412800.0
2024-10-24,sh000001,3280.263,3287.824,3292.945,3266.882,51982707400.0
2024-10-25,sh000001,3299.7,3280.762,3319.357,3276.13,59565170700.0
2024-10-28,sh000001,3322.198,3300.463,3322.198,3279.715,67237313100.0
2024-10-29,sh000001,3286.407,3328.089,3340.458,3284.211,72532615400.0
2024-10-30,sh000001,3266.238,3273.642,3291.68,3244.806,66901809000.0
2024-10-31,sh000001,3279.824,3267.975,3295.742,3252.39,78464909400.0
2024-11-01,sh000001,3272.014,3275.577,3305.318,3258.735,85205532000.0
2024-11-04,sh000001,3310.207,3275.679,3310.207,3263.842,66507745400.0
2024-11-05,sh000001,3386.987,3306.81,3386.987,3302.047,82112490200.0
2024-11-06,sh000001,3383.806,3395.222,3420.999,3367.081,89585593000.0
2024-11-07,sh000001,3470.661,3359.985,3470.661,3356.258,95955668000.0
2024-11-08,sh000001,3452.297,3502.133,3509.818,3443.193,96403456200.0
2024-11-11,sh000001,3470.066,3432.367,3471.122,3416.727,81802543600.0
2024-11-12,sh000001,3421.97,3469.891,3489.424,3402.042,81792652400.0
2024-11-13,sh000001,3439.278,3406.916,3442.298,3404.525,67366234800.0
2024-11-14,sh000001,3379.839,3429.505,3441.775,3376.153,63155669000.0
2024-11-15,sh000001,3330.726,3369.809,3391.32,3330.726,63028558300.0
2024-11-18,sh000001,3323.849,3344.69,3386.903,3309.008,74395069200.0
2024-11-19,sh000001,3346.01,3324.883,3346.758,3284.133,62502415100.0
2024-11-20,sh000001,3367.989,3337.678,3375.248,3333.002,56615428900.0
2024-11-21,sh000001,3370.404,3362.944,3378.518,3348.855,53033183000.0
2024-11-22,sh000001,3267.192,3368.043,3372.003,3267.192,63068779000.0
2024-11-25,sh000001,3263.76,3274.884,3285.456,3232.918,53889739000.0
2024-11-26,sh000001,3259.757,3256.858,3285.328,3252.866,47221930400.0
2024-11-27,sh000001,3309.779,3250.591,3309.881,3227.355,51120230300.0
2024-11-28,sh000001,3295.698,3308.28,3319.256,3290.364,51195304700.0
2024-11-29,sh000001,3326.456,3295.21,3357.501,3293.69,58022710200.0
2024-12-02,sh000001,3363.982,3328.482,3369.303,3323.009,66847776200.0
2024-12-03,sh000001,3378.806,3366.285,3386.618,3348.374,66303013900.0
2024-12-04,sh000001,3364.65,3376.572,3388.024,3352.943,62102886200.0
2024-12-05,sh000001,3368.855,3353.057,3377.055,3353.057,54388574600.0
2024-12-06,sh000001,3404.076,3370.941,3418.261,3364.206,69818657200.0
2024-12-09,sh000001,3402.534,3402.629,3426.645,3385.959,69490520500.0
2024-12-10,sh000001,3422.661,3490.289,3494.867,3417.765,79466803400.0
2024-12-11,sh000001,3432.49,3416.087,3437.81,3416.087,68154461000.0
2024-12-12,sh000001,3461.5,3432.279,3464.116,3425.976,70009668900.0
2024-12-13,sh000001,3391.878,3442.926,3442.926,3390.754,77746414400.0
2024-12-16,sh000001,3386.331,3390.083,3401.926,3376.536,62557899600.0
2024-12-17,sh000001,3361.485,3381.814,3396.207,3357.769,56894150500.0
2024-12-18,sh000001,3382.208,3371.296,3396.46,3371.296,51252497900.0
2024-12-19,sh000001,3370.033,3355.904,3377.532,3346.469,51390906300.0
2024-12-20,sh000001,3368.069,3364.481,3390.618,3362.819,49096462100.0
2024-12-23,sh000001,3351.257,3367.904,3384.992,3348.277,55674724800.0
2024-12-24,sh000001,3393.528,3353.535,3394.904,3352.947,47199267300.0
2024-12-25,sh000001,3393.35,3395.107,3406.213,3374.011,47131559200.0
2024-12-26,sh000001,3398.077,3389.338,3401.095,3380.255,42217727100.0
2024-12-27,sh000001,3400.142,3397.294,3418.952,3388.322,50048813000.0
2024-12-30,sh000001,3407.326,3395.396,3412.841,3394.965,45526238300.0
2024-12-31,sh000001,3351.763,3406.965,3413.455,3351.763,50273106200.0
2025-01-02,sh000001,3262.561,3347.939,3351.722,3242.087,56137519900.0
2025-01-03,sh000001,3211.43,3267.077,3273.566,3205.776,51759201400.0
2025-01-06,sh000001,3206.923,3209.783,3219.488,3185.463,43097840300.0
2025-01-07,sh000001,3229.644,3203.307,3230.853,3190.461,40966052900.0
2025-01-08,sh000001,3230.168,3218.858,3246.291,3175.725,47286439000.0
2025-01-09,sh000001,3211.393,3220.721,3228.973,3205.91,38294355700.0
2025-01-10,sh000001,3168.524,3211.707,3220.107,3168.524,40366334800.0
2025-01-13,sh000001,3160.755,3148.826,3172.7,3140.978,37274202300.0
2025-01-14,sh000001,3240.94,3165.161,3245.22,3159.432,46921270400.0
2025-01-15,sh000001,3227.117,3234.715,3245.904,3222.236,40472319900.0
2025-01-16,sh000001,3236.032,3239.026,3265.282,3217.097,43065553900.0
2025-01-17,sh000001,3241.821,3226.762,3256.507,3219.773,38359926000.0
2025-01-20,sh000001,3244.378,3256.149,3268.263,3238.121,40333794800.0
2025-01-21,sh000001,3242.623,3256.833,3258.61,3229.069,38458371800.0
2025-01-22,sh000001,3213.624,3235.493,3235.501,3203.38,36481751800.0
2025-01-23,sh000001,3230.164,3237.599,3273.52,3229.572,45824680300.0
2025-01-24,sh000001,3252.626,3222.877,3260.011,3221.712,39865303300.0
2025-01-27,sh000001,3250.601,3256.614,3274.392,3250.601,38746764200.0
2025-02-05,sh000001,3229.488,3270.16,3271.022,3220.279,40638818100.0
2025-02-06,sh000001,3270.659,3226.575,3271.427,3225.846,46084273000.0
2025-02-07,sh000001,3303.667,3269.227,3324.428,3262.509,60055845100.0
2025-02-10,sh000001,3322.17,3308.04,3325.356,3299.243,54658974900.0
2025-02-11,sh000001,3318.057,3323.669,3324.173,3304.444,51194354100.0
2025-02-12,sh000001,3346.385,3312.257,3346.385,3310.39,51343782800.0
2025-02-13,sh000001,3332.483,3343.235,3359.181,3332.483,56863116100.0
2025-02-14,sh000001,3346.724,3328.483,3349.084,3322.529,53233296500.0
2025-02-17,sh000001,3355.83,3355.417,3357.121,3333.195,58954656900.0
2025-02-18,sh000001,3324.491,3348.983,3366.012,3314.301,56267924000.0
2025-02-19,sh000001,3351.539,3320.78,3352.087,3320.581,50291296500.0
2025-02-20,sh000001,3350.783,3347.589,3355.557,3338.034,50435711400.0
2025-02-21,sh000001,3379.113,3356.695,3381.058,3339.026,60819020600.0
2025-02-24,sh000001,3373.028,3374.081,3384.811,3355.869,59818820300.0
2025-02-25,sh000001,3346.04,3345.653,3369.558,3337.845,52757856200.0
2025-02-26,sh000001,3380.214,3351.209,3380.214,3351.209,55399203100.0
2025-02-27,sh000001,3388.062,3378.449,3388.781,3353.571,57581502000.0
2025-02-28,sh000001,3320.897,3374.664,3383.191,3318.716,56831950400.0
2025-03-03,sh000001,3316.925,3328.396,3349.017,3304.593,50241786200.0
2025-03-04,sh000001,3324.21,3300.498,3327.824,3297.53,42999611100.0
2025-03-05,sh000001,3341.965,3324.696,3342.714,3314.148,46095269600.0
2025-03-06,sh000001,3381.098,3353.57,3387.054,3348.684,53999270900.0
2025-03-07,sh000001,3372.546,3373.181,3390.944,3363.929,51766355100.0
2025-03-10,sh000001,3366.163,3373.259,3375.798,3347.186,45038083200.0
2025-03-11,sh000001,3379.828,3335.439,3379.829,3334.831,44846832300.0
2025-03-12,sh000001,3371.924,3385.685,3392.409,3370.22,50219510000.0
2025-03-13,sh000001,3358.729,3371.095,3377.118,3341.118,51901347900.0
2025-03-14,sh000001,3419.562,3361.686,3421.233,3360.606,58266338800.0
2025-03-17,sh000001,3426.129,3430.809,3436.352,3422.462,51568513800.0
2025-03-18,sh000001,3429.759,3434.565,3437.065,3423.301,45491606300.0
2025-03-19,sh000001,3426.429,3424.173,3439.046,3414.593,44031629900.0
2025-03-20,sh000001,3408.948,3425.216,3427.045,3404.662,45163068200.0
2025-03-21,sh000001,3364.831,3401.759,3414.709,3355.84,52086263000.0
2025-03-24,sh000001,3370.028,3364.834,3373.694,3340.238,51331026000.0
2025-03-25,sh000001,3369.976,3370.001,3379.988,3361.046,45635739300.0
2025-03-26,sh000001,3368.697,3365.666,3382.342,3365.666,42853377000.0
2025-03-27,sh000001,3373.749,3362.712,3394.035,3351.174,41477631400.0
2025-03-28,sh000001,3351.307,3372.039,3375.053,3346.081,41228428900.0
2025-03-31,sh000001,3335.746,3343.344,3361.742,3317.738,47257197800.0
2025-04-01,sh000001,3348.435,3340.712,3357.622,3338.779,42258867000.0
2025-04-02,sh000001,3350.127,3344.171,3361.134,3343.116,35012736400.0
2025-04-03,sh000001,3342.008,3319.606,3358.426,3319.606,40051782700.0
2025-04-07,sh000001,3096.576,3193.102,3217.782,3040.693,66219958400.0
2025-04-08,sh000001,3145.549,3094.262,3145.549,3085.123,66224238700.0
2025-04-09,sh000001,3186.81,3110.01,3186.81,3070.078,68479717400.0
2025-04-10,sh000001,3223.638,3227.836,3239.941,3201.571,59120827300.0
2025-04-11,sh000001,3238.227,3219.505,3249.854,3211.35,47553180400.0
2025-04-14,sh000001,3262.808,3251.978,3272.72,3244.733,47137322000.0
2025-04-15,sh000001,3267.662,3260.685,3268.985,3246.337,39666289500.0
2025-04-16,sh000001,3276.004,3267.665,3276.005,3233.791,42953485400.0
2025-04-17,sh000001,3280.341,3261.718,3285.915,3258.145,38201269800.0
2025-04-18,sh000001,3276.73,3270.353,3283.09,3262.392,35883619300.0
2025-04-21,sh000001,3291.434,3273.138,3298.64,3270.013,37930758800.0
2025-04-22,sh000001,3299.757,3289.166,3311.153,3288.332,40316761500.0
2025-04-23,sh000001,3296.355,3308.151,3312.192,3293.063,41163321200.0
2025-04-24,sh000001,3297.288,3295.149,3313.509,3286.236,39284474900.0
2025-04-25,sh000001,3295.06,3300.392,3305.262,3288.755,41104319200.0
2025-04-28,sh000001,3288.415,3292.056,3296.932,3279.877,41066586300.0
2025-04-29,sh000001,3286.655,3281.445,3294.982,3277.627,38896167200.0
2025-04-30,sh000001,3279.031,3284.081,3292.2,3277.55,43579433500.0
2025-05-06,sh000001,3316.114,3295.25,3316.448,3286.989,47436961700.0
2025-05-07,sh000001,3342.665,3354.974,3356.688,3324.809,51115960600.0
2025-05-08,sh000001,3351.996,3331.205,3359.731,3327.902,42837776600.0
2025-05-09,sh000001,3341.999,3350.405,3351.22,3335.127,39890919100.0
2025-05-12,sh000001,3369.245,3352.97,3372.472,3344.269,41823991000.0
2025-05-13,sh000001,3374.871,3386.234,3386.234,3370.252,42624070000.0
2025-05-14,sh000001,3403.948,3374.235,3417.314,3368.078,46493444100.0
2025-05-15,sh000001,3380.821,3398.427,3402.866,3378.021,42410091600.0
2025-05-16,sh000001,3367.462,3374.706,3380.29,3356.661,39540103000.0
2025-05-19,sh000001,3367.583,3365.882,3373.599,3356.648,40307480500.0
2025-05-20,sh000001,3380.478,3371.689,3387.804,3369.963,40554453400.0
2025-05-21,sh000001,3387.574,3380.209,3394.754,3380.209,41249616500.0
2025-05-22,sh000001,3380.189,3381.865,3390.593,3376.233,39421720600.0
2025-05-23,sh000001,3348.372,3376.869,3389.469,3348.372,40022700400.0
2025-05-26,sh000001,3346.839,3346.561,3362.307,3336.355,34756210100.0
2025-05-27,sh000001,3340.687,3346.503,3351.572,3332.49,34407115700.0
2025-05-28,sh000001,3339.932,3341.852,3348.234,3336.727,34155544300.0
2025-05-29,sh000001,3363.446,3340.401,3368.633,3337.415,39323380600.0
2025-05-30,sh000001,3347.487,3358.809,3361.275,3341.648,38560217000.0
2025-06-03,sh000001,3361.976,3340.067,3366.997,3340.067,39806077200.0
2025-06-04,sh000001,3376.203,3363.391,3379.64,3363.391,38649464300.0
2025-06-05,sh000001,3384.099,3378.217,3387.765,3371.146,40625209300.0
2025-06-06,sh000001,3385.358,3384.295,3391.451,3379.764,38012288600.0
2025-06-09,sh000001,3399.772,3388.778,3402.05,3383.074,42734794700.0
2025-06-10,sh000001,3384.816,3402.013,3406.452,3365.667,48161856800.0
2025-06-11,sh000001,3402.316,3385.457,3413.513,3385.457,42409031300.0
2025-06-12,sh000001,3402.658,3397.972,3408.205,3388.866,40949061000.0
2025-06-13,sh000001,3376.996,3397.484,3401.553,3370.592,51006522100.0
2025-06-16,sh000001,3388.729,3369.366,3389.756,3368.876,40538327800.0
2025-06-17,sh000001,3387.405,3388.18,3393.313,3376.42,39001244700.0
2025-06-18,sh000001,3388.809,3386.136,3391.709,3369.986,37868489100.0
2025-06-19,sh000001,3362.108,3384.293,3386.919,3353.936,41532765500.0
2025-06-20,sh000001,3359.895,3358.913,3370.798,3357.706,35022366200.0
2025-06-23,sh000001,3381.582,3349.46,3389.452,3347.651,38456139700.0
2025-06-24,sh000001,3420.566,3380.08,3423.784,3380.08,46096380000.0
2025-06-25,sh000001,3455.974,3419.091,3459.009,3417.411,50938406400.0
2025-06-26,sh000001,3448.453,3451.719,3462.752,3446.186,49654107700.0
2025-06-27,sh000001,3424.227,3450.686,3462.627,3421.04,52312943200.0
2025-06-30,sh000001,3444.426,3423.474,3447.46,3420.112,45734804900.0
2025-07-01,sh000001,3457.747,3445.846,3459.587,3441.038,44435673900.0
2025-07-02,sh000001,3454.792,3458.171,3461.328,3447.956,49811677600.0
2025-07-03,sh000001,3461.151,3456.152,3463.62,3446.974,43854346500.0
2025-07-04,sh000001,3472.319,3459.592,3497.225,3455.494,50019521000.0
2025-07-07,sh000001,3473.127,3467.985,3474.801,3462.792,43663134000.0
2025-07-08,sh000001,3497.475,3474.632,3499.886,3474.632,49348477300.0
2025-07-09,sh000001,3493.05,3498.724,3512.669,3491.201,52392008800.0
2025-07-10,sh000001,3509.682,3491.497,3526.59,3491.497,56415980500.0
2025-07-11,sh000001,3510.177,3511.366,3555.218,3506.799,66418524900.0
2025-07-14,sh000001,3519.65,3513.252,3532.118,3513.252,57208470500.0
2025-07-15,sh000001,3504.999,3519.805,3527.038,3483.38,57207472600.0
2025-07-16,sh000001,3503.777,3502.899,3511.806,3489.137,47087857800.0
2025-07-17,sh000001,3516.826,3500.372,3517.285,3499.186,47221105600.0
2025-07-18,sh000001,3534.483,3519.475,3536.014,3518.231,49348408800.0
2025-07-21,sh000001,3559.791,3542.816,3560.629,3542.568,63364973600.0
2025-07-22,sh000001,3581.861,3561.632,3584.719,3547.252,71615523000.0
2025-07-23,sh000001,3582.298,3588.878,3613.022,3577.594,76767238800.0
2025-07-24,sh000001,3605.727,3578.912,3608.728,3577.113,77326583500.0
2025-07-25,sh000001,3593.655,3604.451,3610.029,3586.22,69718954900.0
2025-07-28,sh000001,3597.937,3594.231,3606.274,3582.149,59418787700.0
2025-07-29,sh000001,3609.711,3595.81,3611.353,3585.944,61064205800.0
2025-07-30,sh000001,3615.717,3608.354,3636.166,3593.734,63722191600.0
2025-07-31,sh000001,3573.208,3604.696,3606.374,3562.607,65450934900.0
2025-08-01,sh000001,3559.952,3568.261,3581.746,3550.043,50956308000.0
2025-08-04,sh000001,3583.309,3547.163,3583.309,3547.163,45857361800.0
2025-08-05,sh000001,3617.598,3588.808,3617.598,3586.969,49979778000.0
2025-08-06,sh000001,3633.995,3615.808,3634.314,3613.989,51246727300.0
2025-08-07,sh000001,3639.667,3637.781,3645.117,3622.522,53550120200.0
2025-08-08,sh000001,3635.128,3634.855,3645.367,3625.451,52640757200.0
2025-08-11,sh000001,3647.547,3637.053,3656.852,3629.627,55139334800.0
2025-08-12,sh000001,3665.918,3647.963,3669.038,3647.963,53662373900.0
2025-08-13,sh000001,3683.465,3668.658,3688.628,3666.547,61352888400.0
2025-08-14,sh000001,3666.443,3685.522,3704.772,3662.57,64782958700.0
2025-08-15,sh000001,3696.771,3659.815,3702.255,3658.376,67852170300.0
2025-08-18,sh000001,3728.027,3712.495,3745.939,3702.38,77601666900.0
2025-08-19,sh000001,3727.288,3728.485,3746.669,3718.147,69609975000.0
2025-08-20,sh000001,3766.21,3716.685,3767.43,3704.991,67983642600.0
2025-08-21,sh000001,3771.099,3770.676,3787.981,3757.992,69155295900.0
2025-08-22,sh000001,3825.759,3772.277,3825.759,3772.277,69813627700.0
2025-08-25,sh000001,3883.562,3848.163,3883.562,3839.972,88547480200.0
2025-08-26,sh000001,3868.382,3871.471,3888.599,3859.758,73456530500.0
2025-08-27,sh000001,3800.35,3869.612,3887.198,3800.35,85863349900.0
2025-08-28,sh000001,3843.597,3796.711,3845.087,3761.422,78835194700.0
2025-08-29,sh000001,3857.927,3842.823,3867.606,3839.206,73946236600.0
2025-09-01,sh000001,3875.53,3869.746,3879.045,3853.658,74770953600.0
2025-09-02,sh000001,3858.133,3877.086,3885.315,3828.678,76261883300.0
2025-09-03,sh000001,3813.557,3865.286,3868.388,3794.884,64566851000.0
2025-09-04,sh000001,3765.876,3807.757,3808.396,3732.84,71022793300.0
2025-09-05,sh000001,3812.514,3761.88,3817.159,3745.309,62622338000.0
2025-09-08,sh000001,3826.841,3811.669,3833.143,3803.603,66006689800.0
2025-09-09,sh000001,3807.292,3816.657,3834.671,3791.724,60023938000.0
2025-09-10,sh000001,3812.221,3806.584,3826.996,3794.057,53453982500.0
2025-09-11,sh000001,3875.309,3806.056,3875.309,3796.435,61701293000.0
2025-09-12,sh000001,3870.598,3875.507,3892.738,3866.539,70064178400.0
2025-09-15,sh000001,3860.504,3876.097,3879.737,3855.973,64479394400.0
2025-09-16,sh000001,3861.865,3865.98,3876.69,3838.648,67343972300.0
2025-09-17,sh000001,3876.341,3854.073,3882.669,3848.946,66343471300.0
2025-09-18,sh000001,3831.656,3876.059,3899.959,3800.995,87602738900.0
2025-09-19,sh000001,3820.089,3830.444,3843.17,3811.903,68229261300.0
2025-09-22,sh000001,3828.576,3822.01,3831.74,3806.202,56832568600.0
2025-09-23,sh000001,3821.833,3830.138,3838.606,3774.528,70190286800.0
2025-09-24,sh000001,3853.642,3804.483,3854.923,3804.328,60205667000.0
2025-09-25,sh000001,3853.302,3852.431,3866.106,3840.459,58995053100.0
2025-09-26,sh000001,3828.106,3839.855,3856.606,3828.106,55127533500.0
2025-09-29,sh000001,3862.532,3828.166,3881.002,3809.535,60846639900.0
2025-09-30,sh000001,3882.777,3869.705,3887.57,3866.281,56973463100.0
2025-10-09,sh000001,3933.972,3898.307,3936.576,3885.744,72521850100.0
2025-10-10,sh000001,3897.028,3915.475,3933.005,3886.305,71891767300.0
2025-10-13,sh000001,3889.502,3800.106,3895.83,3800.106,70950610100.0
2025-10-14,sh000001,3865.229,3910.783,3918.436,3851.121,80083963100.0
2025-10-15,sh000001,3912.21,3867.536,3912.291,3857.667,64501295500.0
2025-10-16,sh000001,3916.228,3900.683,3931.05,3899.167,59545149100.0
2025-10-17,sh000001,3839.755,3912.04,3921.065,3835.365,61756301800.0
2025-10-20,sh000001,3863.893,3865.552,3877.722,3850.367,54926171200.0
2025-10-21,sh000001,3916.332,3870.749,3919.318,3868.145,59941571300.0
2025-10-22,sh000001,3913.758,3896.074,3918.592,3893.325,54311734400.0
2025-10-23,sh000001,3922.41,3904.159,3926.217,3877.529,56518926400.0
2025-10-24,sh000001,3950.312,3929.115,3950.312,3928.96,56785844300.0
2025-10-27,sh000001,3996.945,3969.22,3999.067,3963.102,63758954500.0
2025-10-28,sh000001,3988.224,3986.891,4010.728,3976.833,57735768400.0
2025-10-29,sh000001,4016.331,3990.266,4016.331,3986.941,61291746600.0
2025-10-30,sh000001,3986.901,4007.821,4025.705,3984.828,66848560900.0
2025-10-31,sh000001,3954.79,3985.064,3986.743,3951.731,67561540600.0
2025-11-03,sh000001,3976.521,3954.078,3977.305,3937.022,64124594500.0
2025-11-04,sh000001,3960.186,3973.458,3985.882,3938.52,61549379200.0
2025-11-05,sh000001,3969.248,3922.584,3979.754,3922.584,61499161800.0
2025-11-06,sh000001,4007.76,3973.349,4008.799,3973.349,62736754700.0
2025-11-07,sh000001,3997.556,3994.317,4012.005,3993.691,59650703400.0
2025-11-10,sh000001,4018.597,4001.794,4018.696,3990.836,63404999300.0
2025-11-11,sh000001,4002.758,4023.877,4024.939,3991.516,58199492100.0
2025-11-12,sh000001,4000.14,3996.565,4020.378,3980.676,58619322800.0
2025-11-13,sh000001,4029.501,3996.514,4030.398,3994.771,61303106100.0
2025-11-14,sh000001,3990.492,4007.126,4034.079,3990.307,62201711800.0
2025-11-17,sh000001,3972.035,3988.556,3992.404,3958.948,59201795000.0
2025-11-18,sh000001,3939.813,3962.444,3966.885,3926.589,59441104600.0
2025-11-19,sh000001,3946.742,3937.92,3960.052,3930.075,53114960100.0
2025-11-20,sh000001,3931.051,3960.699,3967.971,3927.512,53474954000.0
2025-11-21,sh000001,3834.891,3896.665,3912.006,3834.749,63164625100.0
2025-11-24,sh000001,3836.766,3848.657,3854.331,3816.576,50460171600.0
2025-11-25,sh000001,3870.023,3850.571,3882.03,3845.138,47872761100.0
2025-11-26,sh000001,3864.184,3867.429,3879.923,3861.177,45758975500.0
2025-11-27,sh000001,3875.259,3867.197,3895.589,3864.131,44402194700.0
2025-11-28,sh000001,3888.596,3870.944,3888.889,3856.25,44993197300.0
2025-12-01,sh000001,3914.006,3894.213,3914.464,3890.949,53755413300.0
2025-12-02,sh000001,3897.712,3908.456,3908.769,3888.328,45558449400.0
2025-12-03,sh000001,3878.0,3894.156,3901.696,3869.953,48561727000.0
2025-12-04,sh000001,3875.793,3879.742,3888.86,3859.049,44504029000.0
2025-12-05,sh000001,3902.808,3873.121,3907.782,3863.314,50036876800.0
2025-12-08,sh000001,3924.078,3909.226,3936.311,3904.738,54734978900.0
2025-12-09,sh000001,3909.522,3916.509,3923.899,3902.128,52453825600.0
2025-12-10,sh000001,3900.496,3901.128,3906.116,3876.475,49733150400.0
2025-12-11,sh000001,3873.318,3903.895,3904.963,3862.821,52565860000.0
2025-12-12,sh000001,3889.346,3869.413,3891.807,3850.597,57394713000.0
2025-12-15,sh000001,3867.921,3865.402,3896.977,3863.63,50092279000.0
2025-12-16,sh000001,3824.812,3861.515,3862.427,3815.844,51249482700.0
2025-12-17,sh000001,3870.278,3822.509,3881.752,3817.996,51231369200.0
2025-12-18,sh000001,3876.371,3857.257,3888.285,3856.423,46117262500.0
2025-12-19,sh000001,3890.448,3878.227,3902.671,3871.777,51351189300.0
2025-12-22,sh000001,3917.364,3900.535,3920.012,3900.515,52293899200.0
2025-12-23,sh000001,3919.979,3919.106,3937.127,3910.745,52115695200.0
2025-12-24,sh000001,3940.947,3920.347,3947.041,3912.311,47489644700.0
2025-12-25,sh000001,3959.621,3937.72,3964.073,3936.078,46931309300.0
2025-12-26,sh000001,3963.679,3957.833,3977.706,3945.524,55548959200.0
2025-12-29,sh000001,3965.28,3964.651,3983.979,3956.946,56368719700.0
2025-12-30,sh000001,3965.116,3947.871,3979.99,3947.419,52593258800.0
2025-12-31,sh000001,3968.84,3968.726,3977.536,3955.487,49075149000.0
2026-01-05,sh000001,4023.417,3986.972,4025.263,3983.576,59695045500.0
2026-01-06,sh000001,4083.667,4026.016,4083.667,4025.088,70247227000.0
2026-01-07,sh000001,4085.772,4083.843,4098.777,4069.436,68338435200.0
2026-01-08,sh000001,4082.979,4077.715,4093.872,4067.122,66613133700.0
2026-01-09,sh000001,4120.426,4086.762,4121.723,4083.616,72983798500.0
2026-01-12,sh000001,4165.287,4134.893,4168.357,4119.879,83945608900.0
2026-01-13,sh000001,4138.759,4169.704,4179.702,4126.234,86838271700.0
2026-01-14,sh000001,4126.093,4138.645,4190.866,4103.621,95255128900.0
2026-01-15,sh000001,4112.601,4106.224,4133.073,4096.85,68025079100.0
2026-01-16,sh000001,4101.913,4127.063,4140.225,4091.811,76358846500.0
2026-01-19,sh000001,4114.0,4090.719,4126.518,4090.057,68890587000.0
2026-01-20,sh000001,4113.649,4116.366,4128.93,4080.294,73436249600.0
2026-01-21,sh000001,4116.94,4103.529,4135.959,4103.529,66698950700.0
2026-01-22,sh000001,4122.576,4126.072,4140.838,4109.923,70969540900.0
2026-01-23,sh000001,4136.164,4130.108,4143.75,4120.204,78211545400.0
2026-01-26,sh000001,4132.605,4144.778,4160.985,4124.7,88743973100.0
2026-01-27,sh000001,4139.904,4125.216,4158.802,4101.83,75499086900.0
2026-01-28,sh000001,4151.238,4150.215,4170.147,4138.019,82302674800.0
2026-01-29,sh000001,4157.985,4155.919,4170.214,4138.299,90590837100.0
2026-01-30,sh000001,4117.948,4131.993,4152.85,4064.777,80434274600.0
2026-02-02,sh000001,4015.746,4079.708,4103.407,4013.656,73295369800.0
2026-02-03,sh000001,4067.738,4043.906,4069.418,4002.782,63768424900.0
2026-02-04,sh000001,4102.202,4064.677,4104.621,4062.683,67425424400.0
2026-02-05,sh000001,4075.917,4075.025,4088.904,4048.939,59672223600.0
2026-02-06,sh000001,4065.583,4040.299,4095.03,4029.973,55670980100.0
2026-02-09,sh000001,4123.09,4103.54,4123.159,4093.056,57263258200.0
2026-02-10,sh000001,4128.373,4127.766,4134.338,4117.564,52462096900.0
2026-02-11,sh000001,4131.985,4124.428,4142.561,4122.428,50068527800.0
2026-02-12,sh000001,4134.018,4136.99,4140.593,4124.131,52937011600.0
2026-02-13,sh000001,4082.073,4115.924,4123.844,4079.77,50079947200.0
2026-02-24,sh000001,4117.409,4129.134,4131.55,4105.937,56632224900.0
2026-02-25,sh000001,4147.231,4123.781,4167.844,4122.699,72478721400.0
2026-02-26,sh000001,4146.631,4151.068,4152.193,4127.153,65170282600.0
2026-02-27,sh000001,4162.882,4128.897,4166.234,4128.36,68204764600.0
2026-03-02,sh000001,4182.591,4151.801,4188.77,4131.368,86157921800.0
2026-03-03,sh000001,4122.676,4189.408,4197.228,4116.011,92113917000.0
2026-03-04,sh000001,4082.474,4087.632,4106.04,4055.413,76516953100.0
2026-03-05,sh000001,4108.567,4109.777,4125.617,4090.621,68974653500.0
2026-03-06,sh000001,4124.194,4085.895,4129.465,4085.895,64676576000.0
2026-03-09,sh000001,4096.602,4098.699,4106.534,4052.545,79780355600.0
2026-03-10,sh000001,4123.138,4098.587,4123.958,4098.587,67492219400.0
2026-03-11,sh000001,4133.433,4123.666,4135.839,4112.8,70772716900.0
2026-03-12,sh000001,4129.103,4133.2,4141.649,4103.164,78615118200.0
2026-03-13,sh000001,4095.449,4117.574,4134.079,4086.847,79205476400.0
2026-03-16,sh000001,4084.786,4092.249,4096.133,4048.087,73222709800.0
2026-03-17,sh000001,4049.907,4086.295,4108.4,4049.58,67877122400.0
2026-03-18,sh000001,4062.984,4053.305,4065.373,4023.03,62387310200.0
2026-03-19,sh000001,4006.552,4028.542,4042.022,3994.165,66725542200.0
2026-03-20,sh000001,3957.053,4004.573,4022.703,3955.711,66679838700.0
2026-03-23,sh000001,3813.283,3904.951,3906.622,3794.684,80473885000.0
2026-03-24,sh000001,3881.28,3849.631,3881.424,3807.994,68062203900.0
2026-03-25,sh000001,3931.838,3892.269,3933.061,3891.816,68834362600.0
2026-03-26,sh000001,3889.084,3924.962,3937.104,3880.573,61597398100.0
2026-03-27,sh000001,3913.724,3852.094,3924.108,3852.094,56134296300.0
2026-03-30,sh000001,3923.287,3884.277,3924.289,3872.776,59558947900.0
2026-03-31,sh000001,3891.861,3924.067,3948.811,3891.861,60670498300.0
2026-04-01,sh000001,3948.552,3939.566,3955.943,3929.921,56461159800.0
2026-04-02,sh000001,3919.285,3940.799,3952.576,3900.116,54421283500.0
2026-04-03,sh000001,3880.097,3927.592,3929.529,3871.3,49269908200.0
2026-04-07,sh000001,3890.165,3884.151,3902.607,3875.684,47361507600.0
2026-04-08,sh000001,3994.998,3930.251,3994.998,3926.249,64413535200.0
2026-04-09,sh000001,3966.171,3967.63,3979.127,3955.246,54156980100.0
2026-04-10,sh000001,3986.225,3985.464,4011.024,3979.814,54641554100.0
2026-04-13,sh000001,3988.558,3971.199,3991.262,3966.198,54578176800.0
2026-04-14,sh000001,4026.626,4006.727,4026.626,3992.407,57025900300.0
2026-04-15,sh000001,4027.21,4039.471,4050.621,4020.904,56945858900.0
2026-04-16,sh000001,4055.547,4030.138,4057.831,4028.909,54587696700.0
2026-04-17,sh000001,4051.425,4043.381,4058.604,4038.429,54879140600.0
2026-04-20,sh000001,4082.127,4053.375,4083.19,4051.685,58984137900.0
2026-04-21,sh000001,4085.077,4075.845,4086.637,4062.133,57668945000.0
2026-04-22,sh000001,4106.258,4074.813,4106.844,4074.68,58246634600.0
2026-04-23,sh000001,4093.25,4110.788,4114.844,4070.46,67116609200.0
2026-04-24,sh000001,4079.9,4081.033,4092.613,4061.145,60503179800.0
2026-04-27,sh000001,4086.344,4074.811,4092.831,4071.08,58995086700.0
2026-04-28,sh000001,4078.637,4076.143,4090.201,4062.872,60050749800.0
2026-04-29,sh000001,4107.514,4061.822,4112.152,4061.822,61422145100.0
2026-04-30,sh000001,4112.159,4107.297,4118.755,4100.966,65691272800.0
2026-05-06,sh000001,4160.174,4135.451,4166.147,4129.911,70117748000.0
2026-05-07,sh000001,4180.092,4168.447,4180.21,4163.137,68557424900.0
2026-05-08,sh000001,4179.952,4163.854,4183.063,4154.246,69701909400.0
2026-05-11,sh000001,4225.021,4201.347,4229.58,4186.082,76273628700.0
2026-05-12,sh000001,4214.489,4229.283,4230.184,4199.344,71898400200.0
2026-05-13,sh000001,4242.572,4192.315,4245.068,4192.315,70501873900.0
2026-05-14,sh000001,4177.918,4256.157,4258.863,4177.918,76423500400.0
2026-05-15,sh000001,4135.389,4174.175,4191.807,4114.086,73316235700.0
2026-05-18,sh000001,4131.528,4120.14,4145.661,4108.604,62723313700.0
2026-05-19,sh000001,4169.538,4122.961,4170.289,4107.994,61761106700.0
2026-05-20,sh000001,4162.185,4152.698,4169.847,4139.974,62415203500.0
2026-05-21,sh000001,4077.277,4174.377,4199.527,4074.217,72721870100.0
2026-05-22,sh000001,4112.9,4096.172,4120.088,4067.747,58945964400.0
2026-05-25,sh000001,4152.569,4126.338,4153.879,4119.8,61593086100.0
2026-05-26,sh000001,4145.373,4137.32,4150.289,4104.459,65477775600.0
2026-05-27,sh000001,4093.727,4138.805,4153.561,4077.616,66046739900.0
2026-05-28,sh000001,4098.636,4080.304,4110.782,4055.828,62117995000.0
2026-05-29,sh000001,4068.569,4110.521,4112.955,4055.886,73159771000.0
2026-06-01,sh000001,4057.74,4067.158,4093.041,4045.69,67602580600.0
2026-06-02,sh000001,4075.102,4061.463,4089.575,4032.583,64224465600.0
2026-06-03,sh000001,4083.974,4068.341,4107.046,4059.907,66845258300.0
2026-06-04,sh000001,4057.781,4053.67,4080.718,4043.433,62119477400.0
2026-06-05,sh000001,4027.736,4044.829,4078.932,4015.063,66291857700.0
2026-06-08,sh000001,3959.338,3938.709,4007.493,3927.853,65929355500.0
2026-06-09,sh000001,4010.031,3977.539,4010.872,3955.908,57657009000.0
2026-06-10,sh000001,3993.226,3985.124,4006.313,3963.442,59869473900.0
2026-06-11,sh000001,3987.015,3979.706,3997.478,3958.437,56854524400.0
2026-06-12,sh000001,4031.513,4017.865,4060.271,4008.177,74313109200.0
2026-06-15,sh000001,4096.472,4053.582,4097.166,4051.065,67890781100.0
2026-06-16,sh000001,4091.892,4094.212,4103.926,4077.87,61566829600.0
2026-06-17,sh000001,4108.076,4074.291,4109.958,4073.732,60807741300.0
2026-06-18,sh000001,4090.481,4094.23,4117.451,4080.294,65811606800.0
2026-06-22,sh000001,4163.097,4093.955,4164.418,4070.172,74369935500.0
2026-06-23,sh000001,4106.252,4153.593,4175.348,4085.591,70900391300.0
2026-06-24,sh000001,4110.813,4090.1,4117.285,4075.492,64452751800.0
2026-06-25,sh000001,4120.281,4103.482,4133.098,4093.009,67045991700.0
2026-06-26,sh000001,4027.265,4098.686,4099.78,4007.859,66010866600.0
2026-06-29,sh000001,4073.902,4026.686,4075.334,3992.552,65919993600.0
2026-06-30,sh000001,4094.397,4058.17,4097.415,4052.17,59841220300.0
2026-07-01,sh000001,4112.445,4090.76,4143.314,4087.535,67233179100.0
2026-07-02,sh000001,4028.904,4054.086,4093.678,4019.215,65623361200.0
2026-07-03,sh000001,4043.643,4031.335,4073.88,4027.255,60200973800.0
2026-07-06,sh000001,4041.238,4059.194,4060.069,4005.414,59036490300.0
2026-07-07,sh000001,3990.235,4019.494,4028.514,3971.713,51445309100.0
2026-07-08,sh000001,3970.88,3996.807,4016.026,3967.913,49622937400.0
2026-07-09,sh000001,4036.588,3977.547,4040.539,3938.878,55306398000.0
2026-07-10,sh000001,3996.162,4031.537,4074.828,3995.807,62745006500.0
2026-07-13,sh000001,3913.794,3966.023,3983.054,3900.668,59090735600.0
2026-07-14,sh000001,3967.126,3909.274,3967.126,3869.304,57998205200.0
2026-07-15,sh000001,3955.578,3963.727,3981.672,3943.695,57620949200.0
2026-07-16,sh000001,3882.413,3912.381,3940.451,3867.601,53528187300.0
2026-07-17,sh000001,3764.155,3865.317,3869.215,3745.174,65045098400.0
2026-07-20,sh000001,3796.281,3791.662,3831.659,3741.11,70923406900.0
2026-07-21,sh000001,3864.367,3812.162,3864.6,3743.36,73502192500.0
2026-07-22,sh000001,3867.034,3839.665,3884.435,3839.665,61425521500.0
2026-07-23,sh000001,3876.777,3868.087,3878.832,3851.706,56212260100.0
2026-07-24,sh000001,3814.198,3853.632,3861.04,3808.636,50820390500.0
2026-07-27,sh000001,3858.245,3808.903,3858.31,3793.449,50487945400.0
2026-07-28,sh000001,3813.315,3823.133,3844.012,3797.373,49482912600.0
2026-07-29,sh000001,3828.469,3823.293,3845.766,3782.481,57122639100.0
2026-07-30,sh000001,3804.693,3812.111,3839.341,3767.503,59229892300.0
2026-07-31,sh000001,3832.262,3833.536,3847.093,3822.374,59752942700.0
2026-08-03,sh000001,3809.663,3812.613,3827.636,3797.643,52451696000.0
2026-08-04,sh000001,3822.285,3816.37,3831.94,3799.524,54032492200.0
